{
  "id" : -1,
  "method" : "public/get-book",
  "code" : 0,
  "result" : {
    "depth" : 50,
    "data" : [ {
      "bids" : [ [ "0.24335", "761.3", "1" ], [ "0.24326", "984.9", "1" ], [ "0.24321", "3650.0", "1" ], [ "0.24320", "2273.2", "1" ], [ "0.24308", "4140.0", "1" ], [ "0.24301", "2777.1", "1" ], [ "0.24297", "3192.2", "1" ], [ "0.24290", "7927.4", "1" ], [ "0.24276", "3829.5", "1" ], [ "0.24259", "3560.3", "1" ], [ "0.24255", "3829.5", "1" ], [ "0.24244", "2252.1", "1" ], [ "0.24212", "4766.4", "1" ], [ "0.24211", "7877.2", "1" ], [ "0.24207", "4618.5", "1" ], [ "0.24206", "7936.6", "1" ], [ "0.24193", "25.8", "1" ], [ "0.24168", "12566.3", "1" ], [ "0.24132", "19.1", "1" ], [ "0.24130", "23160.0", "1" ], [ "0.24093", "10.7", "1" ], [ "0.24092", "23160.0", "1" ], [ "0.24091", "21.8", "1" ], [ "0.24085", "144.8", "1" ], [ "0.24076", "15.6", "1" ], [ "0.24056", "7972.7", "1" ], [ "0.24037", "21.5", "1" ], [ "0.23930", "26.1", "1" ], [ "0.23928", "7963.8", "1" ], [ "0.23888", "5.1", "1" ], [ "0.23827", "21.7", "1" ], [ "0.23805", "19.3", "1" ], [ "0.23794", "22.1", "1" ], [ "0.23755", "32.8", "1" ], [ "0.23669", "26.4", "1" ], [ "0.23503", "9.3", "1" ], [ "0.23496", "22.3", "1" ], [ "0.23485", "74.6", "1" ], [ "0.23480", "110.3", "2" ], [ "0.23408", "90.6", "1" ], [ "0.23407", "26.7", "1" ], [ "0.23341", "12.0", "1" ], [ "0.23153", "19.9", "1" ], [ "0.23144", "27.0", "1" ], [ "0.23136", "33.7", "1" ], [ "0.23000", "5.3", "1" ], [ "0.22883", "27.3", "1" ], [ "0.22620", "27.6", "1" ], [ "0.22515", "34.7", "1" ], [ "0.22359", "27.9", "1" ] ],
      "asks" : [ [ "0.24362", "767.9", "1" ], [ "0.24366", "1116.4", "1" ], [ "0.24379", "1647.7", "1" ], [ "0.24381", "2163.1", "1" ], [ "0.24395", "4208.7", "1" ], [ "0.24399", "2777.1", "1" ], [ "0.24400", "7332.9", "1" ], [ "0.24402", "2222.0", "1" ], [ "0.24421", "3560.3", "1" ], [ "0.24423", "2222.0", "1" ], [ "0.24434", "2289.6", "1" ], [ "0.24443", "3502.9", "1" ], [ "0.24444", "2222.0", "1" ], [ "0.24464", "4741.7", "1" ], [ "0.24472", "7704.4", "2" ], [ "0.24508", "119.2", "1" ], [ "0.24509", "403.8", "1" ], [ "0.24510", "7704.4", "2" ], [ "0.24530", "7685.0", "1" ], [ "0.24548", "17819.2", "2" ], [ "0.24586", "22896.9", "2" ], [ "0.24655", "7832.8", "1" ], [ "0.24656", "21.2", "1" ], [ "0.24687", "21.4", "1" ], [ "0.24717", "25.5", "1" ], [ "0.24784", "18.8", "1" ], [ "0.24790", "7957.1", "1" ], [ "0.24846", "48.6", "1" ], [ "0.24873", "15.4", "1" ], [ "0.24884", "142.2", "1" ], [ "0.24890", "10.5", "1" ], [ "0.24932", "20.8", "1" ], [ "0.24979", "25.2", "1" ], [ "0.24985", "21.2", "1" ], [ "0.24995", "31.9", "1" ], [ "0.25109", "18.6", "1" ], [ "0.25208", "20.6", "1" ], [ "0.25241", "25.0", "1" ], [ "0.25273", "15.0", "1" ], [ "0.25278", "114.6", "1" ], [ "0.25282", "140.0", "1" ], [ "0.25284", "20.9", "1" ], [ "0.25290", "10.3", "1" ], [ "0.25435", "18.2", "1" ], [ "0.25484", "20.5", "1" ], [ "0.25506", "24.7", "1" ], [ "0.25581", "20.8", "1" ], [ "0.25615", "31.1", "1" ], [ "0.25663", "4.8", "1" ], [ "0.25669", "11.4", "1" ] ],
      "t" : 1756459956018
    } ],
    "instrument_name" : "1INCH_USD"
  }
}