{
  "id" : -1,
  "method" : "public/get-book",
  "code" : 0,
  "result" : {
    "depth" : 50,
    "data" : [ {
      "bids" : [ [ "0.24318", "3319.0", "1" ], [ "0.24317", "982.6", "1" ], [ "0.24313", "2215.6", "1" ], [ "0.24304", "4174.5", "1" ], [ "0.24301", "2777.1", "1" ], [ "0.24297", "2384.9", "1" ], [ "0.24287", "4111.0", "1" ], [ "0.24286", "7707.6", "1" ], [ "0.24280", "1000.0", "1" ], [ "0.24276", "3311.6", "1" ], [ "0.24259", "3560.3", "1" ], [ "0.24256", "1969.6", "1" ], [ "0.24255", "3311.6", "1" ], [ "0.24229", "3784.1", "2" ], [ "0.24228", "1907.2", "1" ], [ "0.24192", "5032.6", "1" ], [ "0.24156", "8794.8", "1" ], [ "0.24120", "12614.3", "1" ], [ "0.24085", "80.1", "1" ], [ "0.24084", "19346.7", "1" ], [ "0.24048", "19346.7", "1" ], [ "0.24018", "48.9", "1" ], [ "0.23922", "37.8", "1" ], [ "0.23572", "38.4", "1" ], [ "0.22850", "219.2", "1" ], [ "0.19520", "494.9", "1" ], [ "0.19190", "2226.6", "1" ], [ "0.18685", "7620.9", "1" ], [ "0.18180", "12439.8", "1" ], [ "0.17675", "24327.5", "1" ], [ "0.17170", "81874.9", "1" ] ],
      "asks" : [ [ "0.24360", "466.9", "1" ], [ "0.24361", "970.0", "1" ], [ "0.24373", "2095.5", "1" ], [ "0.24377", "2192.8", "1" ], [ "0.24391", "4423.3", "1" ], [ "0.24392", "2777.1", "1" ], [ "0.24401", "4894.1", "2" ], [ "0.24402", "2777.1", "1" ], [ "0.24403", "7457.6", "1" ], [ "0.24414", "3560.3", "1" ], [ "0.24417", "2571.6", "1" ], [ "0.24423", "2377.8", "1" ], [ "0.24444", "4247.1", "2" ], [ "0.24480", "4940.7", "2" ], [ "0.24516", "8632.5", "3" ], [ "0.24552", "8632.5", "2" ], [ "0.24588", "15596.2", "2" ], [ "0.24623", "37.2", "1" ], [ "0.24624", "12560.2", "1" ], [ "0.24657", "48.2", "1" ], [ "0.24930", "62.8", "1" ], [ "0.24934", "47.6", "1" ], [ "0.24973", "36.6", "1" ], [ "0.25211", "47.0", "1" ], [ "0.25323", "36.1", "1" ], [ "0.25482", "81.8", "1" ], [ "0.25487", "46.5", "1" ], [ "0.25673", "35.6", "1" ], [ "0.25764", "46.0", "1" ], [ "0.25782", "80.9", "1" ], [ "0.26023", "35.1", "1" ], [ "0.26041", "45.5", "1" ], [ "0.26318", "45.0", "1" ], [ "0.26373", "34.7", "1" ], [ "0.26595", "44.6", "1" ], [ "0.26727", "34.2", "1" ], [ "0.26873", "44.1", "1" ], [ "0.27150", "45.0", "1" ], [ "0.27427", "45.0", "1" ], [ "0.27704", "45.0", "1" ], [ "0.27981", "45.0", "1" ], [ "0.28000", "577.1", "1" ], [ "0.28257", "45.0", "1" ], [ "0.28534", "45.0", "1" ], [ "0.28814", "45.0", "1" ], [ "0.28900", "66.5", "1" ], [ "0.29292", "494.9", "1" ], [ "0.29795", "1905.5", "1" ], [ "0.30300", "4870.4", "2" ], [ "0.30626", "5.8", "1" ] ],
      "t" : 1756459960363
    } ],
    "instrument_name" : "1INCH_USDT"
  }
}