{
  "id" : -1,
  "method" : "public/get-book",
  "code" : 0,
  "result" : {
    "depth" : 50,
    "data" : [ {
      "bids" : [ [ "0.24328", "1", "1" ], [ "0.24327", "1", "1" ], [ "0.24322", "488", "1" ], [ "0.24320", "616", "1" ], [ "0.24318", "508", "1" ], [ "0.24315", "1438", "2" ], [ "0.24309", "489", "1" ], [ "0.24297", "11279", "2" ], [ "0.24275", "489", "1" ], [ "0.24272", "489", "1" ], [ "0.24260", "489", "1" ], [ "0.24254", "510", "1" ], [ "0.24249", "3937", "1" ], [ "0.24243", "505", "1" ], [ "0.24242", "4376", "1" ], [ "0.24234", "487", "1" ], [ "0.24228", "510", "1" ], [ "0.24209", "512", "1" ], [ "0.24203", "512", "1" ], [ "0.24196", "7232", "2" ], [ "0.24194", "506", "1" ], [ "0.24188", "494", "1" ], [ "0.24186", "2764", "1" ], [ "0.24183", "495", "1" ], [ "0.24180", "2935", "2" ], [ "0.24174", "507", "1" ], [ "0.24171", "507", "1" ], [ "0.24156", "506", "1" ], [ "0.24154", "3569", "1" ], [ "0.24153", "498", "1" ], [ "0.24150", "11705", "3" ], [ "0.24128", "3620", "1" ], [ "0.24126", "502", "1" ], [ "0.24117", "495", "1" ], [ "0.24104", "15670", "4" ], [ "0.24102", "4132", "3" ], [ "0.24076", "3354", "1" ], [ "0.24063", "495", "1" ], [ "0.24058", "18972", "1" ], [ "0.24048", "495", "1" ], [ "0.23940", "9943", "1" ], [ "0.23814", "9943", "1" ], [ "0.19520", "1974", "1" ], [ "0.19076", "1778", "1" ], [ "0.18574", "6082", "1" ], [ "0.18522", "9943", "1" ], [ "0.18396", "9943", "1" ], [ "0.18072", "9620", "1" ], [ "0.17570", "13708", "1" ], [ "0.17068", "17885", "1" ] ],
      "asks" : [ [ "0.24335", "1", "1" ], [ "0.24343", "100", "1" ], [ "0.24344", "489", "1" ], [ "0.24348", "1", "1" ], [ "0.24355", "510", "2" ], [ "0.24356", "503", "1" ], [ "0.24367", "5117", "1" ], [ "0.24368", "488", "1" ], [ "0.24370", "615", "1" ], [ "0.24371", "489", "1" ], [ "0.24375", "1435", "2" ], [ "0.24382", "489", "1" ], [ "0.24388", "489", "1" ], [ "0.24398", "6162", "1" ], [ "0.24399", "511", "1" ], [ "0.24402", "511", "1" ], [ "0.24408", "491", "1" ], [ "0.24412", "503", "1" ], [ "0.24418", "511", "1" ], [ "0.24422", "505", "1" ], [ "0.24436", "505", "1" ], [ "0.24442", "487", "1" ], [ "0.24448", "508", "1" ], [ "0.24452", "498", "1" ], [ "0.24458", "503", "1" ], [ "0.24460", "2764", "1" ], [ "0.24464", "492", "1" ], [ "0.24466", "2508", "1" ], [ "0.24467", "496", "1" ], [ "0.24483", "3937", "1" ], [ "0.24485", "507", "1" ], [ "0.24492", "3155", "1" ], [ "0.24494", "511", "1" ], [ "0.24514", "493", "1" ], [ "0.24518", "7370", "2" ], [ "0.24520", "508", "1" ], [ "0.24526", "490", "1" ], [ "0.24535", "507", "1" ], [ "0.24544", "3691", "2" ], [ "0.24556", "502", "1" ], [ "0.24564", "7954", "2" ], [ "0.24570", "13415", "3" ], [ "0.24604", "505", "1" ], [ "0.24610", "12047", "2" ], [ "0.24656", "16015", "2" ], [ "0.24696", "9943", "1" ], [ "0.24702", "20426", "2" ], [ "0.24737", "488", "1" ], [ "0.24822", "9943", "1" ], [ "0.29292", "1974", "1" ] ],
      "t" : 1756459964039
    } ],
    "instrument_name" : "1INCHUSD-PERP"
  }
}