{
  "id" : -1,
  "method" : "public/get-book",
  "code" : 0,
  "result" : {
    "depth" : 50,
    "data" : [ {
      "bids" : [ [ "0.0052812", "51680", "1" ], [ "0.0052811", "60310", "1" ], [ "0.0052810", "111960", "2" ], [ "0.0052664", "39380", "1" ], [ "0.0052663", "131280", "1" ], [ "0.0052599", "140410", "1" ], [ "0.0052588", "1180", "1" ], [ "0.0052503", "168380", "1" ], [ "0.0052333", "22860", "1" ], [ "0.0052332", "171830", "1" ], [ "0.0052200", "123930", "1" ], [ "0.0052065", "172900", "1" ], [ "0.0051852", "294040", "1" ], [ "0.0051785", "8360", "1" ], [ "0.0051784", "7250", "1" ], [ "0.0051623", "54880", "1" ], [ "0.0051534", "650", "1" ], [ "0.0051505", "14750", "2" ], [ "0.0051504", "716850", "1" ], [ "0.0051156", "716850", "1" ], [ "0.0051152", "1220", "1" ], [ "0.0050973", "620", "1" ], [ "0.0050809", "7490", "1" ], [ "0.0050808", "1134640", "1" ], [ "0.0050461", "7540", "1" ], [ "0.0050460", "1134640", "1" ], [ "0.0050419", "630", "1" ], [ "0.0050080", "4500", "1" ], [ "0.0050000", "4000", "1" ], [ "0.0049870", "630", "1" ], [ "0.0049718", "1250", "1" ], [ "0.0049327", "640", "1" ], [ "0.0048791", "650", "1" ], [ "0.0048752", "7700", "1" ], [ "0.0048282", "1290", "1" ], [ "0.0048260", "650", "1" ], [ "0.0047735", "660", "1" ], [ "0.0047215", "670", "1" ], [ "0.0046848", "1330", "1" ], [ "0.0046702", "680", "1" ], [ "0.0046194", "680", "1" ], [ "0.0045720", "8200", "1" ], [ "0.0045685", "510", "1" ], [ "0.0045412", "1370", "1" ], [ "0.0045182", "700", "1" ], [ "0.0044684", "690", "1" ], [ "0.0044251", "5100", "1" ], [ "0.0044192", "700", "1" ], [ "0.0043978", "1420", "1" ], [ "0.0043705", "720", "1" ] ],
      "asks" : [ [ "0.0053704", "86650", "1" ], [ "0.0053705", "9010", "1" ], [ "0.0053707", "10710", "1" ], [ "0.0053787", "42600", "1" ], [ "0.0053790", "131280", "1" ], [ "0.0053933", "7640", "1" ], [ "0.0053934", "124940", "1" ], [ "0.0053949", "168380", "1" ], [ "0.0054200", "4530", "1" ], [ "0.0054201", "126890", "1" ], [ "0.0054288", "83200", "1" ], [ "0.0054468", "156650", "1" ], [ "0.0054636", "270250", "2" ], [ "0.0054984", "474680", "3" ], [ "0.0055332", "855580", "4" ], [ "0.0055458", "1150", "1" ], [ "0.0055680", "855580", "3" ], [ "0.0056027", "11140", "1" ], [ "0.0056028", "1046080", "1" ], [ "0.0056375", "19200", "2" ], [ "0.0056723", "11000", "1" ], [ "0.0056893", "1120", "1" ], [ "0.0057242", "8030", "1" ], [ "0.0057848", "6850", "1" ], [ "0.0057920", "7780", "1" ], [ "0.0058124", "640", "1" ], [ "0.0058327", "1180", "1" ], [ "0.0058764", "560", "1" ], [ "0.0059410", "570", "1" ], [ "0.0059430", "10000", "1" ], [ "0.0059763", "1180", "1" ], [ "0.0060064", "560", "1" ], [ "0.0060339", "53890", "1" ], [ "0.0060725", "550", "1" ], [ "0.0060880", "6490", "1" ], [ "0.0061197", "1180", "1" ], [ "0.0061393", "500", "1" ], [ "0.0061735", "4080", "1" ], [ "0.0062068", "510", "1" ], [ "0.0062633", "1180", "1" ], [ "0.0062751", "500", "1" ], [ "0.0063441", "500", "1" ], [ "0.0063912", "6100", "1" ], [ "0.0063925", "25150", "1" ], [ "0.0064067", "1180", "1" ], [ "0.0064080", "87690", "1" ], [ "0.0064139", "490", "1" ], [ "0.0064844", "490", "1" ], [ "0.0064934", "170", "1" ], [ "0.0065148", "234740", "2" ] ],
      "t" : 1756459971227
    } ],
    "instrument_name" : "A2Z_USD"
  }
}