{
  "id" : -1,
  "method" : "public/get-book",
  "code" : 0,
  "result" : {
    "depth" : 50,
    "data" : [ {
      "bids" : [ [ "0.49122", "2.4", "1" ], [ "0.48614", "1100.1", "2" ], [ "0.48613", "1376.5", "1" ], [ "0.48466", "1764.7", "1" ], [ "0.48450", "1676.9", "1" ], [ "0.48195", "1799.0", "1" ], [ "0.48140", "970.8", "1" ], [ "0.47941", "100.9", "1" ], [ "0.47940", "1799.0", "1" ], [ "0.47920", "5.0", "1" ], [ "0.47808", "3310.7", "2" ], [ "0.47476", "3310.7", "1" ], [ "0.47340", "4.8", "1" ], [ "0.47144", "9642.9", "2" ], [ "0.47052", "17.6", "1" ], [ "0.47051", "11.2", "1" ], [ "0.47050", "0.1", "1" ], [ "0.46881", "2.2", "1" ], [ "0.46812", "7444.3", "1" ], [ "0.46780", "4.5", "1" ], [ "0.46770", "12.7", "2" ], [ "0.46730", "4.6", "1" ], [ "0.46580", "4.9", "1" ], [ "0.46480", "11793.7", "1" ], [ "0.46390", "5.8", "1" ], [ "0.46210", "10.9", "2" ], [ "0.46200", "7.1", "1" ], [ "0.46120", "4.7", "1" ], [ "0.46070", "5.3", "1" ], [ "0.45930", "5.0", "1" ], [ "0.45830", "7.7", "1" ], [ "0.45660", "4.6", "1" ], [ "0.45650", "5.9", "1" ], [ "0.45520", "4.8", "1" ], [ "0.45380", "5.4", "1" ], [ "0.45370", "6.4", "1" ], [ "0.45330", "7.2", "1" ], [ "0.45290", "4.8", "1" ], [ "0.45190", "5.8", "1" ], [ "0.45110", "4.6", "1" ], [ "0.45000", "40.0", "1" ], [ "0.44930", "4.7", "1" ], [ "0.44920", "5.5", "1" ], [ "0.44910", "7.8", "1" ], [ "0.44700", "5.1", "1" ], [ "0.44660", "4.7", "1" ], [ "0.44570", "4.6", "1" ], [ "0.44560", "6.5", "1" ], [ "0.44460", "7.4", "1" ], [ "0.44420", "5.9", "1" ] ],
      "asks" : [ [ "0.49123", "2.4", "1" ], [ "0.49621", "1079.6", "2" ], [ "0.49622", "1376.5", "1" ], [ "0.49725", "1568.3", "1" ], [ "0.49769", "1764.7", "1" ], [ "0.49800", "896.0", "1" ], [ "0.49980", "1226.3", "1" ], [ "0.50132", "3029.5", "2" ], [ "0.50235", "1535.1", "1" ], [ "0.50464", "5131.3", "2" ], [ "0.50796", "6989.3", "1" ], [ "0.51128", "9272.6", "1" ], [ "0.51460", "11066.1", "1" ], [ "0.51604", "4.7", "1" ], [ "0.51790", "4.7", "1" ], [ "0.52231", "4.7", "1" ], [ "0.52479", "5.1", "1" ], [ "0.52870", "4.5", "1" ], [ "0.53168", "4.7", "1" ], [ "0.53508", "4.4", "1" ], [ "0.53868", "4.7", "1" ], [ "0.54054", "4.8", "1" ], [ "0.54157", "4.4", "1" ], [ "0.54579", "4.6", "1" ], [ "0.54817", "4.6", "1" ], [ "0.54820", "5.2", "1" ], [ "0.55290", "4.7", "1" ], [ "0.55477", "4.5", "1" ], [ "0.55598", "5.1", "1" ], [ "0.56023", "5.0", "1" ], [ "0.56157", "4.4", "1" ], [ "0.56387", "5.0", "1" ], [ "0.56756", "4.8", "1" ], [ "0.56838", "4.5", "1" ], [ "0.57072", "21.5", "1" ], [ "0.57188", "5.0", "1" ], [ "0.57511", "4.5", "1" ], [ "0.57530", "4.2", "1" ], [ "0.57640", "5.1", "1" ], [ "0.58000", "4.9", "1" ], [ "0.58222", "4.2", "1" ], [ "0.58266", "4.6", "1" ], [ "0.58526", "5.4", "1" ], [ "0.58824", "5.1", "1" ], [ "0.58935", "4.3", "1" ], [ "0.59032", "4.5", "1" ], [ "0.59052", "162.6", "1" ], [ "0.59102", "475.9", "1" ], [ "0.59413", "5.3", "1" ], [ "0.59647", "4.4", "1" ] ],
      "t" : 1756459967525
    } ],
    "instrument_name" : "A_USD"
  }
}