{
  "id" : -1,
  "method" : "public/get-book",
  "code" : 0,
  "result" : {
    "depth" : 50,
    "data" : [ {
      "bids" : [ [ "0.02903", "21734", "1" ], [ "0.02898", "17884", "1" ], [ "0.02894", "27819", "1" ], [ "0.02883", "20482", "1" ], [ "0.02877", "22558", "1" ], [ "0.02856", "17884", "1" ], [ "0.02852", "54352", "1" ], [ "0.02821", "88446", "2" ], [ "0.02790", "124700", "2" ], [ "0.02759", "157340", "2" ], [ "0.02728", "157340", "2" ], [ "0.02500", "400", "1" ], [ "0.02360", "3944", "1" ], [ "0.02340", "21988", "1" ], [ "0.02275", "62262", "2" ], [ "0.02210", "62262", "1" ], [ "0.02145", "199026", "2" ], [ "0.02080", "761773", "2" ] ],
      "asks" : [ [ "0.02990", "6270", "1" ], [ "0.02991", "1894", "1" ], [ "0.02992", "3422", "1" ], [ "0.02998", "21734", "1" ], [ "0.03003", "20663", "1" ], [ "0.03017", "27819", "1" ], [ "0.03024", "21262", "1" ], [ "0.03036", "356", "1" ], [ "0.03038", "13314", "1" ], [ "0.03045", "28865", "1" ], [ "0.03069", "49116", "2" ], [ "0.03100", "49116", "1" ], [ "0.03131", "109831", "1" ], [ "0.03162", "142696", "1" ], [ "0.03193", "173830", "1" ], [ "0.03553", "3944", "1" ], [ "0.03575", "14810", "1" ], [ "0.03640", "36944", "2" ], [ "0.03705", "62350", "3" ], [ "0.03750", "3333", "1" ], [ "0.03770", "147332", "4" ], [ "0.03835", "435461", "5" ], [ "0.04012", "5051", "1" ], [ "0.04090", "133", "1" ], [ "0.04120", "3557", "1" ], [ "0.04200", "964", "1" ], [ "0.04204", "552", "1" ], [ "0.04291", "1270", "1" ], [ "0.04500", "11072", "1" ], [ "0.04798", "474", "1" ], [ "0.04900", "4265", "1" ], [ "0.05353", "51", "1" ], [ "0.05392", "415", "1" ], [ "0.05634", "48", "1" ], [ "0.05800", "350", "1" ], [ "0.05881", "66", "1" ], [ "0.05886", "138", "1" ], [ "0.05913", "46", "1" ], [ "0.05985", "370", "1" ], [ "0.06194", "43", "1" ], [ "0.06474", "41", "1" ], [ "0.06579", "333", "1" ], [ "0.06802", "56", "1" ], [ "0.06804", "116", "1" ], [ "0.07173", "303", "1" ], [ "0.07724", "124", "2" ], [ "0.07767", "277", "1" ], [ "0.08000", "25287", "1" ], [ "0.08361", "256", "1" ], [ "0.08643", "88", "1" ] ],
      "t" : 1756459984678
    } ],
    "instrument_name" : "ACA_USD"
  }
}