{
  "id" : -1,
  "method" : "public/get-book",
  "code" : 0,
  "result" : {
    "depth" : 50,
    "data" : [ {
      "bids" : [ [ "0.019642", "31080", "1" ], [ "0.019641", "50910", "1" ], [ "0.019633", "5570", "1" ], [ "0.019621", "20580", "1" ], [ "0.019584", "51050", "1" ], [ "0.019583", "34120", "1" ], [ "0.019572", "33390", "2" ], [ "0.019564", "4160", "1" ], [ "0.019551", "41250", "1" ], [ "0.019544", "43700", "1" ], [ "0.019531", "10190", "1" ], [ "0.019530", "78000", "2" ], [ "0.019521", "51220", "1" ], [ "0.019499", "110470", "1" ], [ "0.019468", "255530", "2" ], [ "0.019437", "341980", "1" ], [ "0.019406", "341980", "1" ], [ "0.018595", "870", "1" ], [ "0.015760", "6100", "1" ], [ "0.015656", "34420", "1" ], [ "0.015244", "92490", "2" ], [ "0.014832", "159600", "2" ], [ "0.014420", "370090", "2" ], [ "0.014008", "1219680", "2" ] ],
      "asks" : [ [ "0.019713", "6340", "1" ], [ "0.019716", "31080", "1" ], [ "0.019717", "50710", "1" ], [ "0.019725", "18800", "1" ], [ "0.019736", "34120", "1" ], [ "0.019739", "17310", "1" ], [ "0.019740", "41660", "2" ], [ "0.019745", "43700", "1" ], [ "0.019747", "34400", "1" ], [ "0.019761", "36610", "1" ], [ "0.019778", "107860", "2" ], [ "0.019782", "36920", "1" ], [ "0.019788", "50530", "1" ], [ "0.019809", "187510", "3" ], [ "0.019840", "187510", "2" ], [ "0.019871", "259970", "1" ], [ "0.019908", "50220", "1" ], [ "0.021253", "720", "1" ], [ "0.023652", "6100", "1" ], [ "0.023896", "17620", "1" ], [ "0.024000", "5500", "1" ], [ "0.024308", "56120", "2" ], [ "0.024720", "101410", "4" ], [ "0.025132", "250160", "4" ], [ "0.025544", "711440", "5" ], [ "0.029100", "1770", "1" ], [ "0.029499", "380", "1" ], [ "0.034999", "300", "1" ], [ "0.040499", "250", "1" ], [ "0.045000", "20360", "2" ], [ "0.045997", "210", "1" ], [ "0.051497", "190", "1" ], [ "0.054000", "56010", "1" ], [ "0.055000", "390", "1" ], [ "0.056995", "160", "1" ], [ "0.062495", "230", "1" ], [ "0.068000", "240", "1" ], [ "0.078000", "9980", "1" ], [ "0.094000", "290", "1" ], [ "0.160000", "1510", "1" ] ],
      "t" : 1756459991387
    } ],
    "instrument_name" : "ACH_USDT"
  }
}