{
  "id" : -1,
  "method" : "public/get-book",
  "code" : 0,
  "result" : {
    "depth" : 50,
    "data" : [ {
      "bids" : [ [ "0.019673", "60", "1" ], [ "0.019625", "10960", "1" ], [ "0.019624", "50950", "1" ], [ "0.019622", "20920", "1" ], [ "0.019575", "2410", "1" ], [ "0.019574", "109940", "1" ], [ "0.019573", "5290", "1" ], [ "0.019572", "52260", "2" ], [ "0.019571", "19230", "1" ], [ "0.019570", "15590", "2" ], [ "0.019564", "1430", "1" ], [ "0.019563", "34120", "1" ], [ "0.019551", "28260", "1" ], [ "0.019543", "43700", "1" ], [ "0.019531", "14360", "1" ], [ "0.019530", "73420", "2" ], [ "0.019509", "39570", "1" ], [ "0.019502", "51270", "1" ], [ "0.019499", "113190", "1" ], [ "0.019468", "33850", "1" ], [ "0.019437", "342700", "1" ], [ "0.019406", "342700", "1" ], [ "0.018588", "1530", "1" ], [ "0.018587", "1970", "2" ], [ "0.016000", "93500", "1" ], [ "0.015761", "6090", "1" ], [ "0.015694", "25710", "1" ], [ "0.015281", "91650", "2" ], [ "0.014868", "155480", "2" ], [ "0.014700", "195900", "2" ], [ "0.014455", "489890", "2" ], [ "0.014042", "1314390", "2" ], [ "0.010966", "328280", "2" ], [ "0.008626", "83460", "2" ] ],
      "asks" : [ [ "0.019683", "60", "1" ], [ "0.019714", "1380", "1" ], [ "0.019716", "92390", "2" ], [ "0.019717", "50710", "1" ], [ "0.019731", "1220", "1" ], [ "0.019732", "34120", "1" ], [ "0.019740", "28550", "1" ], [ "0.019751", "43700", "1" ], [ "0.019761", "28550", "1" ], [ "0.019778", "39510", "1" ], [ "0.019782", "35590", "1" ], [ "0.019794", "50520", "1" ], [ "0.019809", "105780", "2" ], [ "0.019840", "180640", "2" ], [ "0.019871", "180640", "1" ], [ "0.019883", "50290", "1" ], [ "0.019902", "337760", "1" ], [ "0.020588", "740", "1" ], [ "0.021149", "720", "1" ], [ "0.021150", "12570", "1" ], [ "0.021182", "610", "1" ], [ "0.021259", "1080", "1" ], [ "0.021518", "870", "1" ], [ "0.022000", "400", "1" ], [ "0.023332", "370", "1" ], [ "0.023657", "6090", "1" ], [ "0.023954", "21700", "1" ], [ "0.024367", "56060", "2" ], [ "0.024514", "1380", "1" ], [ "0.024780", "102980", "3" ], [ "0.024940", "1350", "1" ], [ "0.025000", "13930", "1" ], [ "0.025193", "224170", "4" ], [ "0.025364", "1320", "1" ], [ "0.025606", "695730", "1" ], [ "0.025790", "1310", "1" ], [ "0.026214", "1290", "1" ], [ "0.026640", "1270", "1" ], [ "0.026665", "320", "1" ], [ "0.027064", "1240", "1" ], [ "0.027490", "1230", "1" ], [ "0.027914", "1210", "1" ], [ "0.028340", "1190", "1" ], [ "0.028764", "1160", "1" ], [ "0.029190", "1150", "1" ], [ "0.029400", "400", "1" ], [ "0.029600", "400", "1" ], [ "0.029614", "1130", "1" ], [ "0.029999", "280", "1" ], [ "0.030000", "620", "1" ] ],
      "t" : 1756459988550
    } ],
    "instrument_name" : "ACH_USD"
  }
}