{
  "id" : -1,
  "method" : "public/get-book",
  "code" : 0,
  "result" : {
    "depth" : 50,
    "data" : [ {
      "bids" : [ [ "0.019662", "100", "1" ], [ "0.019660", "100", "1" ], [ "0.019640", "10100", "1" ], [ "0.019607", "14100", "1" ], [ "0.019606", "35000", "1" ], [ "0.019604", "2500", "1" ], [ "0.019601", "6600", "2" ], [ "0.019600", "2500", "1" ], [ "0.019597", "14200", "1" ], [ "0.019596", "2500", "1" ], [ "0.019592", "2500", "1" ], [ "0.019590", "47500", "1" ], [ "0.019584", "33700", "1" ], [ "0.019574", "48200", "1" ], [ "0.019572", "29900", "1" ], [ "0.019551", "36400", "2" ], [ "0.019536", "50000", "1" ], [ "0.019530", "43900", "3" ], [ "0.019509", "37200", "3" ], [ "0.019492", "94300", "2" ], [ "0.019488", "53100", "2" ], [ "0.019448", "141700", "3" ], [ "0.019404", "183300", "4" ], [ "0.019360", "236500", "2" ], [ "0.019261", "121300", "1" ], [ "0.019158", "121300", "1" ], [ "0.017867", "88500", "1" ], [ "0.015760", "24100", "1" ], [ "0.015580", "22400", "1" ], [ "0.015170", "73000", "1" ], [ "0.015141", "121300", "1" ], [ "0.015038", "121300", "1" ], [ "0.014760", "119900", "1" ], [ "0.014350", "168400", "1" ], [ "0.013940", "220300", "1" ], [ "0.013530", "260500", "1" ] ],
      "asks" : [ [ "0.019663", "100", "1" ], [ "0.019672", "100", "1" ], [ "0.019684", "5000", "1" ], [ "0.019700", "10100", "1" ], [ "0.019727", "14600", "1" ], [ "0.019740", "2500", "1" ], [ "0.019744", "2500", "1" ], [ "0.019748", "2500", "1" ], [ "0.019756", "2500", "1" ], [ "0.019760", "33700", "1" ], [ "0.019761", "34100", "1" ], [ "0.019769", "35100", "1" ], [ "0.019782", "35000", "2" ], [ "0.019801", "48200", "1" ], [ "0.019803", "44800", "2" ], [ "0.019824", "44600", "1" ], [ "0.019844", "57500", "1" ], [ "0.019845", "49500", "2" ], [ "0.019888", "97900", "1" ], [ "0.019932", "139000", "1" ], [ "0.019976", "198200", "1" ], [ "0.020020", "231400", "1" ], [ "0.021648", "88500", "1" ], [ "0.023652", "24100", "1" ], [ "0.023780", "27900", "1" ], [ "0.024190", "73500", "2" ], [ "0.024600", "116600", "3" ], [ "0.024617", "121300", "1" ], [ "0.024720", "121300", "1" ], [ "0.025010", "168200", "4" ], [ "0.025420", "218800", "4" ], [ "0.025441", "121300", "1" ], [ "0.025544", "121300", "1" ], [ "0.025830", "262900", "4" ] ],
      "t" : 1756459995084
    } ],
    "instrument_name" : "ACHUSD-PERP"
  }
}