{
  "id" : -1,
  "method" : "public/get-book",
  "code" : 0,
  "result" : {
    "depth" : 50,
    "data" : [ {
      "bids" : [ [ "0.0010354", "70400", "1" ], [ "0.0010351", "635800", "1" ], [ "0.0010341", "814300", "1" ], [ "0.0010324", "121100", "1" ], [ "0.0010323", "1055400", "2" ], [ "0.0010286", "2195800", "2" ], [ "0.0010249", "3171300", "2" ], [ "0.0010212", "3485200", "1" ], [ "0.0010175", "4373500", "1" ], [ "0.0010138", "5454700", "1" ], [ "0.0010080", "613800", "1" ], [ "0.0010073", "16500", "1" ], [ "0.0010000", "16000", "2" ], [ "0.0009913", "9200", "1" ], [ "0.0009864", "289600", "1" ], [ "0.0009108", "313600", "1" ], [ "0.0009024", "10100", "1" ], [ "0.0009000", "20000", "1" ], [ "0.0008800", "100000", "1" ], [ "0.0008292", "113400", "1" ], [ "0.0008140", "681100", "1" ], [ "0.0007920", "1756000", "1" ], [ "0.0007700", "2855100", "1" ], [ "0.0007480", "2855100", "1" ], [ "0.0007260", "10164900", "1" ] ],
      "asks" : [ [ "0.0010462", "226800", "1" ], [ "0.0010463", "73500", "1" ], [ "0.0010487", "108400", "1" ], [ "0.0010488", "985400", "2" ], [ "0.0010492", "814300", "1" ], [ "0.0010507", "780600", "2" ], [ "0.0010508", "1115300", "2" ], [ "0.0010545", "2060200", "2" ], [ "0.0010582", "3280300", "2" ], [ "0.0010619", "3267500", "1" ], [ "0.0010656", "4355900", "1" ], [ "0.0010693", "5253700", "1" ], [ "0.0011376", "269000", "1" ], [ "0.0011510", "15300", "1" ], [ "0.0011689", "8300", "1" ], [ "0.0012133", "251100", "1" ], [ "0.0012229", "14400", "1" ], [ "0.0012512", "113400", "1" ], [ "0.0012540", "302000", "1" ], [ "0.0012577", "8100", "1" ], [ "0.0012760", "1093300", "2" ], [ "0.0012888", "235400", "1" ], [ "0.0012949", "14900", "1" ], [ "0.0012980", "1839200", "3" ], [ "0.0013200", "1839200", "3" ], [ "0.0013420", "5678000", "4" ], [ "0.0013465", "8100", "1" ], [ "0.0013497", "16300", "1" ], [ "0.0013645", "236100", "1" ], [ "0.0013668", "14900", "1" ], [ "0.0014355", "8100", "1" ], [ "0.0014388", "14900", "1" ], [ "0.0014403", "236100", "1" ], [ "0.0020202", "55500", "1" ], [ "0.0023000", "8800", "1" ], [ "0.0025000", "20000", "1" ], [ "0.0026108", "400", "1" ], [ "0.0030000", "16700", "1" ], [ "0.0035500", "25300", "1" ], [ "0.0040500", "400", "1" ], [ "0.0042500", "500", "1" ], [ "0.0045000", "3300", "2" ], [ "0.0046000", "43200", "1" ], [ "0.0050000", "3200", "1" ], [ "0.0075000", "3200", "1" ], [ "0.0100000", "3200", "1" ], [ "0.0150000", "18500", "1" ], [ "0.0180000", "3100", "2" ] ],
      "t" : 1756459995841
    } ],
    "instrument_name" : "ACS_USD"
  }
}