{
  "id" : -1,
  "method" : "public/get-book",
  "code" : 0,
  "result" : {
    "depth" : 50,
    "data" : [ {
      "bids" : [ [ "0.03941", "5540", "2" ], [ "0.03940", "17496", "1" ], [ "0.03927", "28636", "2" ], [ "0.03920", "22394", "1" ], [ "0.03907", "10961", "1" ], [ "0.03906", "36008", "2" ], [ "0.03885", "19159", "1" ], [ "0.03875", "40253", "1" ], [ "0.03844", "67210", "2" ], [ "0.03813", "96884", "3" ], [ "0.03784", "139", "1" ], [ "0.03783", "219", "1" ], [ "0.03782", "125634", "3" ], [ "0.03751", "125634", "2" ], [ "0.03500", "800", "1" ], [ "0.03192", "3183", "1" ], [ "0.03159", "15052", "1" ], [ "0.03078", "51670", "2" ], [ "0.02997", "51670", "1" ], [ "0.02916", "136042", "2" ], [ "0.02835", "328274", "2" ] ],
      "asks" : [ [ "0.04026", "252", "1" ], [ "0.04027", "1104", "1" ], [ "0.04028", "9893", "1" ], [ "0.04029", "13386", "1" ], [ "0.04030", "1990", "1" ], [ "0.04032", "17496", "1" ], [ "0.04052", "22394", "1" ], [ "0.04053", "19857", "1" ], [ "0.04061", "12573", "1" ], [ "0.04074", "20962", "1" ], [ "0.04092", "36627", "2" ], [ "0.04095", "18597", "1" ], [ "0.04123", "64530", "3" ], [ "0.04154", "88300", "2" ], [ "0.04185", "113931", "2" ], [ "0.04216", "139808", "2" ], [ "0.04801", "3183", "1" ], [ "0.04860", "9774", "1" ], [ "0.04941", "30291", "2" ], [ "0.05022", "51677", "3" ], [ "0.05103", "51677", "3" ], [ "0.05184", "194068", "1" ], [ "0.06000", "200", "1" ], [ "0.06738", "548", "1" ], [ "0.07000", "200", "1" ], [ "0.07850", "255", "1" ], [ "0.08000", "200", "1" ], [ "0.08100", "499", "1" ], [ "0.08800", "150", "1" ], [ "0.09000", "8887", "4" ], [ "0.09012", "200", "1" ], [ "0.10000", "900", "2" ], [ "0.10498", "241", "1" ], [ "0.10826", "10", "1" ], [ "0.13000", "400", "1" ], [ "0.14000", "9755", "2" ], [ "0.15000", "800", "2" ], [ "0.17000", "400", "1" ], [ "0.19000", "400", "1" ], [ "0.22000", "500", "1" ], [ "0.24000", "500", "1" ], [ "0.27000", "500", "1" ], [ "0.28430", "237", "1" ], [ "0.30000", "865", "2" ], [ "0.33000", "308", "1" ], [ "0.34443", "67", "1" ], [ "0.35000", "2118", "2" ], [ "0.39700", "229", "1" ], [ "0.40000", "113", "1" ], [ "0.49000", "630", "1" ] ],
      "t" : 1756459920258
    } ],
    "instrument_name" : "ACT_USD"
  }
}