{
  "id" : -1,
  "method" : "public/get-book",
  "code" : 0,
  "result" : {
    "depth" : 50,
    "data" : [ {
      "bids" : [ [ "0.03991", "10", "1" ], [ "0.03990", "10", "1" ], [ "0.03987", "5010", "1" ], [ "0.03985", "1250", "1" ], [ "0.03984", "1250", "1" ], [ "0.03983", "1250", "1" ], [ "0.03981", "1250", "1" ], [ "0.03971", "3140", "1" ], [ "0.03970", "3140", "1" ], [ "0.03969", "19630", "2" ], [ "0.03968", "3150", "1" ], [ "0.03966", "40110", "2" ], [ "0.03962", "3780", "1" ], [ "0.03960", "19450", "2" ], [ "0.03958", "3780", "1" ], [ "0.03956", "3790", "1" ], [ "0.03954", "3790", "1" ], [ "0.03952", "43630", "4" ], [ "0.03944", "18950", "1" ], [ "0.03936", "28990", "2" ], [ "0.03928", "21790", "1" ], [ "0.03920", "21110", "2" ], [ "0.03904", "27650", "3" ], [ "0.03888", "36680", "1" ], [ "0.03885", "60080", "1" ], [ "0.03872", "46910", "1" ], [ "0.03864", "60080", "1" ], [ "0.03618", "14260", "1" ], [ "0.03192", "11850", "1" ], [ "0.03108", "4130", "1" ], [ "0.03024", "73320", "2" ], [ "0.03003", "60080", "1" ], [ "0.02940", "21000", "1" ], [ "0.02856", "29950", "1" ], [ "0.02772", "39230", "1" ], [ "0.02688", "48300", "1" ] ],
      "asks" : [ [ "0.03992", "2510", "2" ], [ "0.03995", "10", "1" ], [ "0.03996", "1250", "1" ], [ "0.03997", "1250", "1" ], [ "0.03998", "1250", "1" ], [ "0.03999", "1250", "1" ], [ "0.04002", "4990", "1" ], [ "0.04011", "26630", "2" ], [ "0.04012", "3110", "1" ], [ "0.04013", "3110", "1" ], [ "0.04014", "3110", "1" ], [ "0.04016", "16590", "1" ], [ "0.04020", "3730", "1" ], [ "0.04022", "3720", "1" ], [ "0.04024", "20900", "2" ], [ "0.04026", "3720", "1" ], [ "0.04028", "3720", "1" ], [ "0.04030", "27420", "2" ], [ "0.04032", "24800", "2" ], [ "0.04040", "18940", "2" ], [ "0.04048", "42550", "4" ], [ "0.04056", "24630", "2" ], [ "0.04064", "29910", "3" ], [ "0.04080", "40310", "3" ], [ "0.04096", "47170", "3" ], [ "0.04394", "14260", "1" ], [ "0.04800", "11850", "1" ], [ "0.04872", "64740", "2" ], [ "0.04956", "12940", "2" ], [ "0.05040", "81770", "4" ], [ "0.05124", "30720", "4" ], [ "0.05208", "100100", "5" ], [ "0.05229", "60080", "1" ], [ "0.05292", "48350", "1" ] ],
      "t" : 1756460004904
    } ],
    "instrument_name" : "ACTUSD-PERP"
  }
}