{
  "id" : -1,
  "method" : "public/get-book",
  "code" : 0,
  "result" : {
    "depth" : 50,
    "data" : [ {
      "bids" : [ [ "0.15502", "885", "1" ], [ "0.15501", "4270", "1" ], [ "0.15488", "3953", "1" ], [ "0.15484", "14500", "1" ], [ "0.15482", "5475", "1" ], [ "0.15466", "4378", "1" ], [ "0.15456", "4972", "1" ], [ "0.15444", "5674", "1" ], [ "0.15424", "19222", "1" ], [ "0.15407", "26100", "1" ], [ "0.15392", "29599", "1" ], [ "0.15360", "41861", "1" ], [ "0.15283", "40600", "1" ], [ "0.14128", "12985", "1" ], [ "0.14000", "100", "1" ], [ "0.12453", "768", "1" ], [ "0.12173", "3783", "1" ], [ "0.11844", "12409", "1" ], [ "0.11515", "19668", "1" ], [ "0.11186", "35881", "1" ], [ "0.10857", "125877", "1" ] ],
      "asks" : [ [ "0.15580", "5845", "2" ], [ "0.15581", "3611", "2" ], [ "0.15594", "4270", "1" ], [ "0.15598", "3873", "1" ], [ "0.15613", "19975", "2" ], [ "0.15616", "5978", "1" ], [ "0.15620", "4509", "1" ], [ "0.15642", "5776", "1" ], [ "0.15647", "268", "1" ], [ "0.15648", "17665", "1" ], [ "0.15660", "26100", "1" ], [ "0.15680", "28965", "1" ], [ "0.15712", "42408", "1" ], [ "0.15784", "40600", "1" ], [ "0.17078", "12985", "1" ], [ "0.18717", "768", "1" ], [ "0.18753", "2706", "1" ], [ "0.19082", "7967", "2" ], [ "0.19411", "7967", "2" ], [ "0.19740", "23842", "3" ], [ "0.20069", "69770", "4" ], [ "0.32000", "64", "1" ], [ "0.42000", "75", "1" ], [ "0.65000", "60", "1" ], [ "0.80000", "36", "1" ], [ "0.81000", "125", "1" ], [ "0.83876", "1", "1" ], [ "0.87356", "330", "1" ], [ "0.87444", "330", "1" ], [ "0.87515", "330", "1" ], [ "0.87595", "330", "1" ], [ "0.87670", "330", "1" ], [ "0.87747", "330", "1" ], [ "0.87817", "330", "1" ], [ "0.87891", "330", "1" ], [ "0.87974", "330", "1" ], [ "0.88048", "330", "1" ], [ "0.88127", "330", "1" ], [ "0.88203", "330", "1" ], [ "0.90000", "24", "1" ], [ "1.00000", "160", "2" ], [ "1.10000", "25", "1" ], [ "1.20000", "26", "1" ], [ "1.20917", "1", "1" ], [ "1.27800", "300", "1" ], [ "1.28000", "119", "1" ], [ "1.29998", "30", "1" ], [ "1.43405", "74", "1" ], [ "1.60000", "12", "1" ], [ "1.68900", "900", "1" ] ],
      "t" : 1756460008762
    } ],
    "instrument_name" : "ACX_USD"
  }
}