{
  "id" : -1,
  "method" : "public/get-book",
  "code" : 0,
  "result" : {
    "depth" : 50,
    "data" : [ {
      "bids" : [ [ "0.70260", "50.1", "1" ], [ "0.70214", "1.4", "1" ], [ "0.70149", "603.3", "1" ], [ "0.70124", "113.4", "1" ], [ "0.70095", "1097.0", "1" ], [ "0.69925", "1280.1", "1" ], [ "0.69919", "326.6", "1" ], [ "0.69887", "14.2", "1" ], [ "0.69853", "185.0", "1" ], [ "0.69734", "461.1", "1" ], [ "0.69616", "196.6", "1" ], [ "0.69615", "778.6", "1" ], [ "0.69586", "568.7", "1" ], [ "0.69508", "4.8", "1" ], [ "0.69496", "1119.0", "1" ], [ "0.69486", "4.8", "1" ], [ "0.69484", "1365.7", "1" ], [ "0.69483", "26927.5", "1" ], [ "0.69482", "14.3", "1" ], [ "0.69402", "123326.3", "1" ], [ "0.69378", "343.7", "1" ], [ "0.69377", "1464.4", "1" ], [ "0.69258", "1770.6", "1" ], [ "0.69057", "14.3", "1" ], [ "0.68743", "2909.3", "1" ], [ "0.68227", "14.5", "1" ], [ "0.68215", "14.6", "1" ], [ "0.68204", "503.3", "1" ], [ "0.67558", "505.8", "1" ], [ "0.67398", "14.7", "1" ], [ "0.66950", "513.4", "1" ], [ "0.66947", "14.9", "1" ], [ "0.66568", "14.9", "1" ], [ "0.66033", "23.3", "1" ], [ "0.66030", "21.9", "1" ], [ "0.66000", "26.0", "1" ], [ "0.65970", "21.9", "1" ], [ "0.65832", "519.7", "1" ], [ "0.65737", "15.1", "1" ], [ "0.65678", "15.2", "1" ], [ "0.65000", "769.2", "1" ], [ "0.64907", "15.2", "1" ], [ "0.64410", "15.5", "1" ], [ "0.64078", "15.4", "1" ], [ "0.63248", "15.6", "1" ], [ "0.63143", "15.8", "1" ], [ "0.63010", "31.7", "1" ], [ "0.62417", "15.9", "1" ], [ "0.61875", "16.1", "1" ], [ "0.61587", "16.1", "1" ] ],
      "asks" : [ [ "0.70261", "1.4", "1" ], [ "0.70269", "439.9", "1" ], [ "0.70301", "2.4", "1" ], [ "0.70309", "6.9", "1" ], [ "0.70327", "12.2", "1" ], [ "0.70328", "4411.8", "1" ], [ "0.70329", "1097.2", "1" ], [ "0.70362", "600.5", "1" ], [ "0.70398", "1884.7", "1" ], [ "0.70485", "1279.7", "1" ], [ "0.70487", "23.3", "1" ], [ "0.70500", "20.4", "1" ], [ "0.70530", "28.5", "1" ], [ "0.70560", "25.1", "1" ], [ "0.70581", "326.6", "1" ], [ "0.70686", "130.1", "1" ], [ "0.70805", "457.1", "2" ], [ "0.70924", "799.0", "2" ], [ "0.70975", "4.8", "1" ], [ "0.70989", "4.8", "1" ], [ "0.71042", "1323.5", "2" ], [ "0.71043", "799.0", "1" ], [ "0.71060", "1352.3", "1" ], [ "0.71132", "123326.3", "1" ], [ "0.71162", "1087.0", "1" ], [ "0.71281", "1399.9", "1" ], [ "0.71548", "14.0", "1" ], [ "0.72018", "14.0", "1" ], [ "0.72389", "13.7", "1" ], [ "0.73287", "13.8", "1" ], [ "0.74555", "13.6", "1" ], [ "0.74846", "512.0", "1" ], [ "0.75822", "13.3", "1" ], [ "0.77090", "13.1", "1" ], [ "0.78359", "12.9", "1" ], [ "0.79627", "12.6", "1" ], [ "0.80000", "11213.9", "1" ], [ "0.80894", "12.5", "1" ], [ "0.82162", "12.7", "1" ], [ "0.82250", "564.6", "1" ], [ "0.82325", "206.6", "1" ], [ "0.83430", "12.7", "1" ], [ "0.84480", "169.4", "1" ], [ "0.84711", "12.7", "1" ], [ "0.85000", "186.8", "1" ], [ "0.85898", "557.9", "1" ], [ "0.87379", "1698.0", "2" ], [ "0.88800", "81.2", "1" ], [ "0.88860", "1698.0", "2" ], [ "0.90000", "1005.0", "2" ] ],
      "t" : 1756460015980
    } ],
    "instrument_name" : "ADA_EUR"
  }
}