{
  "id" : -1,
  "method" : "public/get-book",
  "code" : 0,
  "result" : {
    "depth" : 50,
    "data" : [ {
      "bids" : [ [ "0.000007469", "1.4", "1" ], [ "0.000007466", "52646.2", "1" ], [ "0.000007464", "300.0", "1" ], [ "0.000007462", "614.2", "1" ], [ "0.000007461", "18614.3", "2" ], [ "0.000007441", "163.3", "1" ], [ "0.000007440", "1058.5", "2" ], [ "0.000007428", "1358.4", "1" ], [ "0.000007422", "79.3", "2" ], [ "0.000007418", "280.4", "1" ], [ "0.000007417", "494.8", "2" ], [ "0.000007416", "1358.4", "1" ], [ "0.000007413", "314.5", "2" ], [ "0.000007411", "181783.2", "1" ], [ "0.000007406", "4.8", "1" ], [ "0.000007404", "4.8", "1" ], [ "0.000007392", "479.9", "1" ], [ "0.000007383", "308448.6", "2" ], [ "0.000007371", "792.7", "1" ], [ "0.000007350", "1135.9", "1" ], [ "0.000007329", "1460.6", "1" ], [ "0.000007318", "11.9", "1" ], [ "0.000007311", "201981.4", "1" ], [ "0.000007308", "1802.5", "1" ], [ "0.000007300", "300.0", "1" ], [ "0.000007289", "73.1", "1" ], [ "0.000007284", "134.6", "1" ], [ "0.000007264", "7.6", "1" ], [ "0.000007257", "183.7", "1" ], [ "0.000007200", "250.0", "1" ], [ "0.000007196", "236.7", "2" ], [ "0.000007184", "136.5", "1" ], [ "0.000007157", "74.5", "1" ], [ "0.000007106", "7.8", "1" ], [ "0.000007100", "250.0", "1" ], [ "0.000007099", "187.8", "1" ], [ "0.000007085", "138.4", "1" ], [ "0.000007074", "12.3", "1" ], [ "0.000007026", "75.9", "1" ], [ "0.000007000", "500.0", "1" ], [ "0.000006987", "140.4", "1" ], [ "0.000006951", "12.5", "1" ], [ "0.000006948", "8.0", "1" ], [ "0.000006943", "192.0", "1" ], [ "0.000006909", "9.4", "1" ], [ "0.000006887", "142.4", "1" ], [ "0.000006829", "12.7", "1" ], [ "0.000006790", "8.2", "1" ], [ "0.000006788", "144.5", "1" ], [ "0.000006785", "196.5", "1" ] ],
      "asks" : [ [ "0.000007471", "1.4", "1" ], [ "0.000007479", "29.8", "1" ], [ "0.000007480", "5541.7", "1" ], [ "0.000007481", "2.4", "1" ], [ "0.000007484", "18264.1", "1" ], [ "0.000007486", "300.0", "1" ], [ "0.000007489", "300.0", "1" ], [ "0.000007497", "620.7", "1" ], [ "0.000007503", "163.3", "1" ], [ "0.000007511", "2265.8", "1" ], [ "0.000007512", "1159.2", "2" ], [ "0.000007523", "865.5", "1" ], [ "0.000007524", "1159.2", "1" ], [ "0.000007526", "326.6", "1" ], [ "0.000007536", "1134.4", "1" ], [ "0.000007539", "116.4", "1" ], [ "0.000007543", "4.8", "1" ], [ "0.000007546", "4.8", "1" ], [ "0.000007560", "475.7", "2" ], [ "0.000007563", "181783.2", "1" ], [ "0.000007564", "308315.8", "1" ], [ "0.000007580", "130.8", "1" ], [ "0.000007581", "803.0", "2" ], [ "0.000007602", "803.0", "1" ], [ "0.000007614", "201981.4", "1" ], [ "0.000007623", "1113.0", "1" ], [ "0.000007644", "1430.5", "1" ], [ "0.000007679", "129.2", "1" ], [ "0.000007686", "70.6", "1" ], [ "0.000007727", "175.7", "1" ], [ "0.000007738", "7.3", "1" ], [ "0.000007778", "127.4", "1" ], [ "0.000007791", "7.0", "1" ], [ "0.000007818", "69.3", "1" ], [ "0.000007840", "50.0", "1" ], [ "0.000007877", "125.8", "1" ], [ "0.000007884", "172.1", "1" ], [ "0.000007897", "7.2", "1" ], [ "0.000007950", "68.2", "1" ], [ "0.000007977", "124.2", "1" ], [ "0.000008000", "49.8", "1" ], [ "0.000008050", "563.3", "1" ], [ "0.000008056", "168.6", "1" ], [ "0.000008059", "7.0", "1" ], [ "0.000008076", "122.6", "1" ], [ "0.000008081", "67.0", "1" ], [ "0.000008175", "121.5", "1" ], [ "0.000008200", "479.2", "1" ], [ "0.000008213", "15.7", "1" ], [ "0.000008274", "121.5", "1" ] ],
      "t" : 1756460012611
    } ],
    "instrument_name" : "ADA_BTC"
  }
}