{
  "id" : -1,
  "method" : "public/get-book",
  "code" : 0,
  "result" : {
    "depth" : 50,
    "data" : [ {
      "bids" : [ [ "0.82005", "506.2", "1" ], [ "0.82004", "72.5", "1" ], [ "0.82003", "339.5", "1" ], [ "0.82002", "1131.7", "1" ], [ "0.81996", "1091.6", "1" ], [ "0.81995", "2012.4", "3" ], [ "0.81993", "3026.0", "1" ], [ "0.81985", "506.2", "1" ], [ "0.81984", "60.9", "1" ], [ "0.81982", "274.3", "1" ], [ "0.81976", "80.7", "1" ], [ "0.81975", "506.2", "1" ], [ "0.81968", "1565.6", "1" ], [ "0.81967", "6608.0", "1" ], [ "0.81964", "506.2", "1" ], [ "0.81955", "506.2", "1" ], [ "0.81951", "5068.9", "1" ], [ "0.81950", "7262.3", "1" ], [ "0.81949", "3026.0", "1" ], [ "0.81948", "6608.0", "1" ], [ "0.81946", "506.2", "1" ], [ "0.81942", "408.6", "1" ], [ "0.81940", "1565.6", "1" ], [ "0.81938", "335.1", "1" ], [ "0.81937", "1116.9", "2" ], [ "0.81930", "2183.3", "1" ], [ "0.81929", "6608.0", "1" ], [ "0.81928", "669.5", "2" ], [ "0.81927", "287.2", "1" ], [ "0.81926", "957.3", "1" ], [ "0.81922", "546.2", "1" ], [ "0.81921", "1820.5", "2" ], [ "0.81920", "2330.6", "1" ], [ "0.81919", "7262.3", "1" ], [ "0.81918", "506.2", "1" ], [ "0.81915", "4569.8", "2" ], [ "0.81914", "3026.0", "1" ], [ "0.81913", "2266.3", "1" ], [ "0.81912", "92859.5", "1" ], [ "0.81911", "6608.0", "1" ], [ "0.81910", "7898.7", "1" ], [ "0.81909", "506.2", "1" ], [ "0.81903", "18314.3", "1" ], [ "0.81900", "1743.7", "2" ], [ "0.81898", "243.9", "1" ], [ "0.81895", "121.9", "1" ], [ "0.81894", "1565.6", "1" ], [ "0.81891", "506.2", "1" ], [ "0.81888", "78.5", "1" ], [ "0.81885", "7262.3", "1" ] ],
      "asks" : [ [ "0.82006", "1.4", "1" ], [ "0.82014", "80.8", "1" ], [ "0.82023", "12.3", "1" ], [ "0.82024", "506.2", "1" ], [ "0.82032", "540.0", "2" ], [ "0.82033", "506.2", "1" ], [ "0.82034", "2.4", "1" ], [ "0.82036", "1131.7", "1" ], [ "0.82045", "506.2", "1" ], [ "0.82053", "331.4", "1" ], [ "0.82054", "508.6", "2" ], [ "0.82055", "473.4", "1" ], [ "0.82061", "621.5", "1" ], [ "0.82062", "1565.6", "1" ], [ "0.82064", "506.2", "1" ], [ "0.82066", "1982.4", "1" ], [ "0.82067", "6608.0", "1" ], [ "0.82069", "300.0", "1" ], [ "0.82070", "163.3", "1" ], [ "0.82073", "365.5", "1" ], [ "0.82074", "1218.3", "1" ], [ "0.82076", "2370.3", "1" ], [ "0.82077", "7901.1", "1" ], [ "0.82081", "506.2", "1" ], [ "0.82082", "20553.2", "2" ], [ "0.82083", "1967.2", "1" ], [ "0.82084", "6608.0", "1" ], [ "0.82085", "469.7", "1" ], [ "0.82086", "1565.6", "1" ], [ "0.82088", "1475.4", "1" ], [ "0.82089", "4411.8", "1" ], [ "0.82090", "506.2", "1" ], [ "0.82099", "2109.0", "1" ], [ "0.82103", "243.8", "1" ], [ "0.82104", "506.2", "1" ], [ "0.82107", "3026.0", "1" ], [ "0.82108", "866.2", "1" ], [ "0.82109", "24876.5", "2" ], [ "0.82110", "1565.6", "1" ], [ "0.82113", "506.2", "1" ], [ "0.82119", "1217.6", "1" ], [ "0.82126", "506.2", "1" ], [ "0.82130", "14524.6", "2" ], [ "0.82131", "6608.0", "1" ], [ "0.82133", "1565.6", "1" ], [ "0.82134", "1126.0", "1" ], [ "0.82141", "7315.3", "1" ], [ "0.82142", "506.2", "1" ], [ "0.82145", "3026.0", "1" ], [ "0.82148", "6608.0", "1" ] ],
      "t" : 1756460023279
    } ],
    "instrument_name" : "ADA_USDT"
  }
}