{
  "id" : -1,
  "method" : "public/get-book",
  "code" : 0,
  "result" : {
    "depth" : 50,
    "data" : [ {
      "bids" : [ [ "0.82013", "44.4", "1" ], [ "0.82012", "152.4", "1" ], [ "0.82005", "45.7", "1" ], [ "0.82004", "4599.7", "2" ], [ "0.82003", "11628.2", "3" ], [ "0.82002", "5616.4", "1" ], [ "0.82000", "1414.6", "1" ], [ "0.81993", "609.8", "1" ], [ "0.81992", "379.6", "1" ], [ "0.81989", "184.4", "1" ], [ "0.81988", "3200.2", "1" ], [ "0.81987", "7262.0", "1" ], [ "0.81986", "3025.8", "1" ], [ "0.81983", "379.6", "1" ], [ "0.81982", "2178.6", "1" ], [ "0.81981", "7262.0", "1" ], [ "0.81980", "3374.6", "1" ], [ "0.81979", "11248.6", "2" ], [ "0.81971", "801.4", "2" ], [ "0.81965", "914.8", "1" ], [ "0.81964", "3049.4", "1" ], [ "0.81958", "1012.3", "2" ], [ "0.81957", "2109.0", "1" ], [ "0.81954", "2653.9", "1" ], [ "0.81953", "10217.9", "2" ], [ "0.81952", "2934.6", "1" ], [ "0.81951", "2448.0", "1" ], [ "0.81950", "3025.8", "1" ], [ "0.81949", "7792.0", "3" ], [ "0.81945", "601.0", "1" ], [ "0.81941", "243.8", "1" ], [ "0.81940", "379.6", "1" ], [ "0.81939", "914.9", "1" ], [ "0.81938", "3049.5", "1" ], [ "0.81936", "163.3", "1" ], [ "0.81932", "32259.8", "2" ], [ "0.81931", "1764.6", "2" ], [ "0.81929", "127715.8", "1" ], [ "0.81928", "619.4", "1" ], [ "0.81926", "986.0", "2" ], [ "0.81925", "10021.2", "2" ], [ "0.81922", "2448.0", "1" ], [ "0.81921", "7262.0", "1" ], [ "0.81919", "7262.0", "1" ], [ "0.81917", "379.6", "1" ], [ "0.81916", "3025.8", "1" ], [ "0.81911", "18314.3", "1" ], [ "0.81908", "379.6", "1" ], [ "0.81907", "8800.6", "1" ], [ "0.81905", "7899.1", "1" ] ],
      "asks" : [ [ "0.82026", "379.6", "1" ], [ "0.82033", "424.4", "1" ], [ "0.82034", "1414.6", "1" ], [ "0.82041", "379.6", "1" ], [ "0.82042", "45.7", "1" ], [ "0.82047", "2.4", "1" ], [ "0.82055", "152.3", "1" ], [ "0.82060", "614.9", "1" ], [ "0.82062", "552.5", "1" ], [ "0.82063", "1841.8", "2" ], [ "0.82072", "4035.9", "2" ], [ "0.82073", "8800.6", "1" ], [ "0.82074", "2605.4", "2" ], [ "0.82081", "803.9", "2" ], [ "0.82082", "2448.0", "1" ], [ "0.82086", "800.0", "1" ], [ "0.82087", "1448.3", "1" ], [ "0.82088", "1218.2", "1" ], [ "0.82089", "2769.1", "1" ], [ "0.82091", "8800.6", "1" ], [ "0.82092", "7901.1", "1" ], [ "0.82096", "379.6", "1" ], [ "0.82105", "11779.7", "1" ], [ "0.82106", "2448.0", "1" ], [ "0.82107", "7425.3", "2" ], [ "0.82108", "9341.0", "2" ], [ "0.82119", "379.6", "1" ], [ "0.82124", "3025.8", "1" ], [ "0.82125", "25530.5", "2" ], [ "0.82126", "8800.6", "1" ], [ "0.82127", "2448.0", "1" ], [ "0.82130", "7147.8", "1" ], [ "0.82132", "1217.5", "1" ], [ "0.82133", "379.6", "1" ], [ "0.82134", "540.4", "1" ], [ "0.82136", "615.9", "1" ], [ "0.82142", "379.6", "1" ], [ "0.82149", "118740.0", "2" ], [ "0.82151", "8800.6", "1" ], [ "0.82153", "6.0", "1" ], [ "0.82154", "379.6", "1" ], [ "0.82160", "34351.4", "2" ], [ "0.82164", "9900.9", "2" ], [ "0.82170", "2827.6", "2" ], [ "0.82171", "3025.8", "1" ], [ "0.82173", "7262.0", "1" ], [ "0.82174", "8800.6", "1" ], [ "0.82187", "26.7", "1" ], [ "0.82188", "379.6", "1" ], [ "0.82191", "18510.6", "3" ] ],
      "t" : 1756460020069
    } ],
    "instrument_name" : "ADA_USD"
  }
}