{
  "id" : -1,
  "method" : "public/get-book",
  "code" : 0,
  "result" : {
    "depth" : 50,
    "data" : [ {
      "bids" : [ [ "0.82017", "1", "1" ], [ "0.82007", "45", "1" ], [ "0.82002", "100", "1" ], [ "0.82001", "548", "1" ], [ "0.82000", "1", "1" ], [ "0.81994", "100", "1" ], [ "0.81993", "345", "1" ], [ "0.81989", "755", "1" ], [ "0.81988", "2515", "1" ], [ "0.81980", "1745", "1" ], [ "0.81979", "2449", "1" ], [ "0.81978", "3025", "1" ], [ "0.81977", "343", "1" ], [ "0.81972", "4754", "1" ], [ "0.81968", "609", "1" ], [ "0.81964", "268", "1" ], [ "0.81961", "347", "1" ], [ "0.81955", "2161", "1" ], [ "0.81954", "2449", "1" ], [ "0.81952", "4754", "1" ], [ "0.81945", "1086", "2" ], [ "0.81944", "23592", "2" ], [ "0.81943", "70211", "1" ], [ "0.81940", "908", "1" ], [ "0.81939", "3025", "1" ], [ "0.81936", "347", "1" ], [ "0.81935", "2161", "1" ], [ "0.81934", "4754", "1" ], [ "0.81933", "2449", "1" ], [ "0.81926", "2201", "1" ], [ "0.81925", "7333", "1" ], [ "0.81924", "3", "1" ], [ "0.81921", "346", "1" ], [ "0.81916", "735", "1" ], [ "0.81912", "2449", "1" ], [ "0.81907", "1531", "1" ], [ "0.81906", "4997", "2" ], [ "0.81905", "350", "1" ], [ "0.81903", "121", "1" ], [ "0.81901", "908", "1" ], [ "0.81900", "3025", "1" ], [ "0.81893", "243", "1" ], [ "0.81892", "2266", "1" ], [ "0.81891", "2449", "1" ], [ "0.81890", "350", "1" ], [ "0.81889", "4754", "1" ], [ "0.81885", "600", "1" ], [ "0.81884", "2000", "1" ], [ "0.81881", "351", "1" ], [ "0.81873", "243", "1" ] ],
      "asks" : [ [ "0.82019", "1", "1" ], [ "0.82040", "1", "1" ], [ "0.82047", "100", "1" ], [ "0.82048", "45", "1" ], [ "0.82052", "609", "1" ], [ "0.82054", "3378", "2" ], [ "0.82055", "1220", "1" ], [ "0.82056", "5974", "2" ], [ "0.82058", "353", "1" ], [ "0.82062", "1462", "1" ], [ "0.82063", "2437", "1" ], [ "0.82064", "2437", "1" ], [ "0.82065", "1489", "1" ], [ "0.82066", "2515", "1" ], [ "0.82067", "2449", "1" ], [ "0.82068", "2780", "1" ], [ "0.82070", "7587", "1" ], [ "0.82071", "355", "1" ], [ "0.82075", "1426", "1" ], [ "0.82076", "4754", "1" ], [ "0.82078", "2985", "2" ], [ "0.82079", "8240", "1" ], [ "0.82080", "964", "2" ], [ "0.82084", "22504", "2" ], [ "0.82086", "70234", "1" ], [ "0.82088", "3760", "2" ], [ "0.82089", "2449", "1" ], [ "0.82097", "1532", "1" ], [ "0.82098", "4754", "1" ], [ "0.82099", "354", "1" ], [ "0.82105", "3", "1" ], [ "0.82106", "121", "1" ], [ "0.82110", "839", "1" ], [ "0.82111", "2797", "2" ], [ "0.82112", "12178", "1" ], [ "0.82115", "243", "1" ], [ "0.82117", "1426", "1" ], [ "0.82119", "4754", "1" ], [ "0.82125", "3025", "1" ], [ "0.82126", "351", "1" ], [ "0.82128", "12176", "1" ], [ "0.82135", "2800", "2" ], [ "0.82144", "348", "1" ], [ "0.82145", "4754", "1" ], [ "0.82158", "351", "1" ], [ "0.82161", "2000", "1" ], [ "0.82164", "486", "2" ], [ "0.82166", "4754", "1" ], [ "0.82167", "2800", "2" ], [ "0.82183", "355", "1" ] ],
      "t" : 1756460026860
    } ],
    "instrument_name" : "ADAUSD-PERP"
  }
}