{
  "id" : -1,
  "method" : "public/get-book",
  "code" : 0,
  "result" : {
    "depth" : 50,
    "data" : [ {
      "bids" : [ [ "0.10396", "8225", "1" ], [ "0.10395", "3326", "1" ], [ "0.10392", "1943", "1" ], [ "0.10391", "6478", "1" ], [ "0.10384", "530", "1" ], [ "0.10383", "2309", "1" ], [ "0.10382", "9685", "2" ], [ "0.10381", "8828", "2" ], [ "0.10380", "7908", "1" ], [ "0.10368", "3797", "1" ], [ "0.10365", "7490", "1" ], [ "0.10350", "18842", "3" ], [ "0.10332", "25194", "3" ], [ "0.10314", "25194", "3" ], [ "0.10296", "25194", "3" ], [ "0.10278", "39469", "1" ], [ "0.09862", "426", "1" ], [ "0.08339", "1161", "1" ], [ "0.08246", "6552", "1" ], [ "0.08029", "18794", "1" ], [ "0.08000", "13", "1" ], [ "0.07812", "29469", "1" ], [ "0.07595", "63066", "1" ], [ "0.07378", "185484", "1" ], [ "0.06100", "17", "1" ], [ "0.05200", "20", "1" ], [ "0.04600", "22", "1" ], [ "0.01470", "69", "1" ] ],
      "asks" : [ [ "0.10434", "7973", "1" ], [ "0.10437", "7303", "1" ], [ "0.10438", "4662", "1" ], [ "0.10450", "1943", "1" ], [ "0.10451", "6478", "1" ], [ "0.10454", "1976", "1" ], [ "0.10455", "6586", "1" ], [ "0.10456", "542", "1" ], [ "0.10457", "109", "1" ], [ "0.10460", "10666", "1" ], [ "0.10461", "4407", "1" ], [ "0.10463", "8303", "1" ], [ "0.10470", "6586", "1" ], [ "0.10476", "3711", "1" ], [ "0.10485", "6643", "1" ], [ "0.10494", "10315", "2" ], [ "0.10512", "10315", "1" ], [ "0.10530", "17132", "1" ], [ "0.10548", "25215", "1" ], [ "0.10563", "109", "1" ], [ "0.10566", "38939", "1" ], [ "0.10672", "183", "1" ], [ "0.10695", "109", "1" ], [ "0.10998", "98", "1" ], [ "0.11066", "165", "1" ], [ "0.11067", "179", "1" ], [ "0.11071", "5232", "1" ], [ "0.11380", "98", "1" ], [ "0.12519", "1161", "1" ], [ "0.12586", "4389", "1" ], [ "0.12803", "11582", "2" ], [ "0.12834", "577", "1" ], [ "0.13020", "11582", "2" ], [ "0.13237", "33074", "3" ], [ "0.13280", "902", "1" ], [ "0.13454", "108856", "3" ], [ "0.13797", "867", "1" ], [ "0.14000", "95673", "1" ], [ "0.14313", "834", "1" ], [ "0.14830", "804", "1" ], [ "0.15000", "79042", "1" ], [ "0.15348", "776", "1" ], [ "0.15865", "749", "1" ], [ "0.16381", "725", "1" ], [ "0.16899", "713", "1" ], [ "0.17422", "713", "1" ], [ "0.18000", "1800", "1" ], [ "0.20000", "6150", "1" ], [ "0.20489", "147", "1" ], [ "0.23000", "5", "1" ] ],
      "t" : 1756460030745
    } ],
    "instrument_name" : "AERGO_USD"
  }
}