{
  "id" : -1,
  "method" : "public/get-book",
  "code" : 0,
  "result" : {
    "depth" : 50,
    "data" : [ {
      "bids" : [ [ "0.10299", "1", "1" ], [ "0.10291", "1", "1" ], [ "0.10278", "486", "1" ], [ "0.10276", "486", "1" ], [ "0.10274", "486", "1" ], [ "0.10272", "486", "1" ], [ "0.10264", "14080", "1" ], [ "0.10255", "13460", "1" ], [ "0.10245", "1220", "1" ], [ "0.10242", "11800", "2" ], [ "0.10240", "8820", "1" ], [ "0.10239", "1220", "1" ], [ "0.10236", "1221", "1" ], [ "0.10225", "1466", "1" ], [ "0.10220", "1467", "1" ], [ "0.10217", "5545", "1" ], [ "0.10215", "1468", "1" ], [ "0.10210", "1469", "1" ], [ "0.10206", "2634", "1" ], [ "0.10205", "1469", "1" ], [ "0.10200", "1470", "1" ], [ "0.10198", "5545", "1" ], [ "0.10192", "1391", "1" ], [ "0.10179", "4807", "1" ], [ "0.10178", "1351", "1" ], [ "0.10164", "1670", "2" ], [ "0.10152", "7064", "2" ], [ "0.10150", "1945", "2" ], [ "0.10136", "2136", "2" ], [ "0.10125", "9298", "3" ], [ "0.10098", "11692", "4" ], [ "0.08261", "4481", "1" ], [ "0.08140", "896", "1" ], [ "0.07920", "2910", "1" ], [ "0.07700", "4933", "1" ], [ "0.07480", "6846", "1" ], [ "0.07260", "9046", "1" ], [ "0.07040", "11002", "1" ] ],
      "asks" : [ [ "0.10306", "1", "1" ], [ "0.10309", "1", "1" ], [ "0.10316", "969", "1" ], [ "0.10326", "484", "1" ], [ "0.10328", "484", "1" ], [ "0.10330", "484", "1" ], [ "0.10332", "483", "1" ], [ "0.10337", "8820", "1" ], [ "0.10341", "14080", "1" ], [ "0.10353", "13460", "1" ], [ "0.10361", "5545", "1" ], [ "0.10368", "1205", "1" ], [ "0.10371", "1205", "1" ], [ "0.10374", "2770", "2" ], [ "0.10377", "1204", "1" ], [ "0.10385", "5545", "1" ], [ "0.10388", "1903", "1" ], [ "0.10390", "1443", "1" ], [ "0.10395", "3664", "2" ], [ "0.10400", "1442", "1" ], [ "0.10402", "1778", "2" ], [ "0.10405", "1441", "1" ], [ "0.10410", "1440", "1" ], [ "0.10415", "1440", "1" ], [ "0.10416", "1766", "1" ], [ "0.10422", "4219", "2" ], [ "0.10430", "2291", "2" ], [ "0.10449", "7205", "2" ], [ "0.10476", "9042", "2" ], [ "0.10503", "11667", "2" ], [ "0.12400", "4481", "1" ], [ "0.12540", "938", "1" ], [ "0.12760", "3175", "2" ], [ "0.12980", "4937", "2" ], [ "0.13200", "7015", "2" ], [ "0.13420", "8999", "2" ], [ "0.13640", "10823", "1" ] ],
      "t" : 1756460056545
    } ],
    "instrument_name" : "AI16ZUSD-PERP"
  }
}