{
  "id" : -1,
  "method" : "public/get-book",
  "code" : 0,
  "result" : {
    "depth" : 50,
    "data" : [ {
      "bids" : [ [ "0.10301", "461.8", "1" ], [ "0.10300", "991.2", "1" ], [ "0.10297", "1987.3", "1" ], [ "0.10289", "194.0", "1" ], [ "0.10287", "2338.9", "1" ], [ "0.10286", "5588.7", "1" ], [ "0.10266", "6497.3", "1" ], [ "0.10263", "6986.8", "1" ], [ "0.10260", "9813.8", "1" ], [ "0.10250", "11983.6", "1" ], [ "0.10247", "8348.2", "1" ], [ "0.10240", "12783.0", "1" ], [ "0.10234", "2334.9", "1" ], [ "0.10225", "11789.4", "1" ], [ "0.10217", "6241.7", "2" ], [ "0.10214", "11789.3", "1" ], [ "0.10200", "10950.2", "3" ], [ "0.10183", "19228.2", "4" ], [ "0.10166", "15440.5", "1" ], [ "0.10150", "228.2", "1" ], [ "0.10149", "23474.9", "1" ], [ "0.10132", "12362.0", "1" ], [ "0.10116", "12362.0", "1" ], [ "0.08221", "1159.7", "1" ], [ "0.08170", "5112.5", "1" ], [ "0.07955", "17298.2", "1" ], [ "0.07740", "29621.0", "1" ], [ "0.07525", "29621.0", "1" ], [ "0.07310", "80297.1", "1" ] ],
      "asks" : [ [ "0.10310", "11.2", "1" ], [ "0.10316", "975.6", "1" ], [ "0.10318", "194.0", "1" ], [ "0.10320", "1965.3", "1" ], [ "0.10324", "2338.2", "1" ], [ "0.10329", "6497.3", "1" ], [ "0.10330", "6497.3", "1" ], [ "0.10336", "5588.7", "1" ], [ "0.10340", "16595.5", "2" ], [ "0.10350", "13782.4", "1" ], [ "0.10353", "9319.1", "2" ], [ "0.10370", "6402.3", "2" ], [ "0.10381", "11658.3", "1" ], [ "0.10387", "6402.3", "2" ], [ "0.10392", "11658.2", "1" ], [ "0.10404", "14577.3", "2" ], [ "0.10421", "19469.6", "2" ], [ "0.10438", "23507.7", "1" ], [ "0.10477", "12022.1", "1" ], [ "0.10493", "12022.1", "1" ], [ "0.11209", "0.1", "1" ], [ "0.11221", "0.1", "1" ], [ "0.11224", "13.2", "1" ], [ "0.11444", "12.9", "1" ], [ "0.11608", "73.3", "1" ], [ "0.11663", "12.6", "1" ], [ "0.11884", "12.3", "1" ], [ "0.11924", "71.3", "1" ], [ "0.12103", "12.1", "1" ], [ "0.12241", "69.5", "1" ], [ "0.12324", "12.0", "1" ], [ "0.12340", "1159.7", "1" ], [ "0.12399", "850.7", "1" ], [ "0.12470", "3440.4", "1" ], [ "0.12543", "11.8", "1" ], [ "0.12556", "67.6", "1" ], [ "0.12685", "10981.0", "2" ], [ "0.12764", "11.6", "1" ], [ "0.12873", "66.0", "1" ], [ "0.12900", "19191.9", "3" ], [ "0.12984", "11.4", "1" ], [ "0.13115", "19191.9", "3" ], [ "0.13189", "64.4", "1" ], [ "0.13203", "11.2", "1" ], [ "0.13330", "44213.8", "4" ], [ "0.13356", "17.6", "1" ], [ "0.13423", "11.3", "1" ], [ "0.13500", "449.8", "1" ], [ "0.13505", "66.7", "1" ], [ "0.13644", "11.3", "1" ] ],
      "t" : 1756460053075
    } ],
    "instrument_name" : "AI16Z_USD"
  }
}