{
  "id" : -1,
  "method" : "public/get-book",
  "code" : 0,
  "result" : {
    "depth" : 50,
    "data" : [ {
      "bids" : [ [ "0.10426", "143", "1" ], [ "0.10396", "6559", "1" ], [ "0.10369", "57", "1" ], [ "0.10368", "7187", "1" ], [ "0.10354", "8403", "1" ], [ "0.10317", "37568", "1" ], [ "0.10314", "7200", "1" ], [ "0.10290", "3244", "1" ], [ "0.10260", "8119", "1" ], [ "0.10220", "9226", "2" ], [ "0.10180", "5000", "1" ], [ "0.10150", "15664", "2" ], [ "0.10080", "21885", "1" ], [ "0.10010", "21885", "1" ], [ "0.10000", "10000", "1" ], [ "0.09940", "33495", "1" ], [ "0.09800", "5000", "1" ], [ "0.09000", "200", "1" ], [ "0.08432", "1208", "1" ], [ "0.08346", "7288", "1" ], [ "0.08132", "18666", "2" ], [ "0.07918", "18666", "1" ], [ "0.07704", "38795", "1" ], [ "0.07490", "108002", "2" ], [ "0.06707", "20", "1" ] ],
      "asks" : [ [ "0.10618", "6559", "1" ], [ "0.10637", "995", "1" ], [ "0.10638", "5297", "1" ], [ "0.10649", "8403", "1" ], [ "0.10692", "5865", "1" ], [ "0.10696", "37568", "1" ], [ "0.10710", "2697", "1" ], [ "0.10746", "8555", "1" ], [ "0.10780", "9070", "1" ], [ "0.10850", "14318", "1" ], [ "0.10920", "25865", "1" ], [ "0.10990", "32201", "1" ], [ "0.11060", "32201", "1" ], [ "0.12663", "1208", "1" ], [ "0.12840", "3894", "1" ], [ "0.13054", "11379", "2" ], [ "0.13268", "19361", "3" ], [ "0.13482", "19361", "3" ], [ "0.13696", "55943", "1" ], [ "0.15000", "1529", "2" ], [ "0.18000", "797", "1" ], [ "0.19000", "3275", "2" ], [ "0.20000", "1608", "2" ], [ "0.22000", "1515", "1" ], [ "0.22500", "289", "1" ], [ "0.25000", "226", "1" ], [ "0.26000", "200", "1" ], [ "0.27880", "11742", "1" ], [ "0.28000", "543", "1" ], [ "0.29084", "158", "1" ], [ "0.30000", "107", "1" ], [ "0.32000", "1332", "1" ], [ "0.33782", "121", "1" ], [ "0.34679", "93", "1" ], [ "0.37970", "106", "1" ], [ "0.38000", "100", "1" ], [ "0.38628", "83", "1" ], [ "0.41600", "1083", "1" ], [ "0.42159", "94", "1" ], [ "0.42576", "74", "1" ], [ "0.46349", "85", "1" ], [ "0.46523", "67", "1" ], [ "0.49245", "2133", "1" ], [ "0.50471", "61", "1" ], [ "0.50538", "77", "1" ], [ "0.53207", "70", "1" ], [ "0.54420", "56", "1" ], [ "0.54727", "70", "1" ], [ "0.54883", "68", "1" ], [ "0.55000", "10", "1" ] ],
      "t" : 1756460062653
    } ],
    "instrument_name" : "AIXBT_USD"
  }
}