{
  "id" : -1,
  "method" : "public/get-book",
  "code" : 0,
  "result" : {
    "depth" : 50,
    "data" : [ {
      "bids" : [ [ "0.10502", "1", "1" ], [ "0.10500", "1", "1" ], [ "0.10482", "477", "1" ], [ "0.10480", "477", "1" ], [ "0.10478", "477", "1" ], [ "0.10476", "477", "1" ], [ "0.10463", "6217", "1" ], [ "0.10456", "13520", "1" ], [ "0.10455", "6261", "1" ], [ "0.10446", "1196", "1" ], [ "0.10443", "1196", "1" ], [ "0.10440", "8236", "4" ], [ "0.10437", "1197", "1" ], [ "0.10425", "8087", "2" ], [ "0.10420", "1439", "1" ], [ "0.10415", "1440", "1" ], [ "0.10410", "10467", "2" ], [ "0.10405", "1441", "1" ], [ "0.10400", "1442", "1" ], [ "0.10395", "9738", "1" ], [ "0.10393", "8881", "1" ], [ "0.10382", "7879", "1" ], [ "0.10353", "16624", "2" ], [ "0.10324", "24978", "3" ], [ "0.10295", "36408", "4" ], [ "0.10266", "43563", "5" ], [ "0.09539", "859", "1" ], [ "0.08432", "4440", "1" ], [ "0.08214", "4349", "1" ], [ "0.07992", "14029", "1" ], [ "0.07770", "21452", "1" ], [ "0.07548", "30458", "1" ], [ "0.07326", "40326", "1" ], [ "0.07104", "48121", "1" ] ],
      "asks" : [ [ "0.10504", "1", "1" ], [ "0.10509", "1", "1" ], [ "0.10526", "475", "1" ], [ "0.10528", "474", "1" ], [ "0.10530", "474", "1" ], [ "0.10532", "474", "1" ], [ "0.10551", "13520", "1" ], [ "0.10552", "10237", "1" ], [ "0.10559", "6217", "1" ], [ "0.10560", "6485", "1" ], [ "0.10563", "1183", "1" ], [ "0.10566", "1183", "1" ], [ "0.10569", "1182", "1" ], [ "0.10572", "1182", "1" ], [ "0.10575", "5892", "1" ], [ "0.10585", "1417", "1" ], [ "0.10590", "7991", "3" ], [ "0.10595", "1415", "1" ], [ "0.10600", "1415", "1" ], [ "0.10605", "9771", "4" ], [ "0.10606", "8881", "1" ], [ "0.10610", "1413", "1" ], [ "0.10614", "7604", "1" ], [ "0.10620", "9229", "4" ], [ "0.10643", "19234", "2" ], [ "0.10672", "24909", "2" ], [ "0.10701", "36896", "2" ], [ "0.10730", "46031", "2" ], [ "0.11560", "859", "1" ], [ "0.12660", "4440", "1" ], [ "0.12876", "3855", "1" ], [ "0.13098", "12970", "2" ], [ "0.13320", "22830", "3" ], [ "0.13542", "31207", "4" ], [ "0.13764", "40546", "5" ], [ "0.13986", "49520", "1" ] ],
      "t" : 1756460071563
    } ],
    "instrument_name" : "AIXBTUSD-PERP"
  }
}