{
  "id" : -1,
  "method" : "public/get-book",
  "code" : 0,
  "result" : {
    "depth" : 50,
    "data" : [ {
      "bids" : [ [ "0.23564", "5", "1" ], [ "0.23560", "84", "1" ], [ "0.23557", "175", "1" ], [ "0.23549", "2686", "2" ], [ "0.23548", "9299", "3" ], [ "0.23547", "15275", "1" ], [ "0.23543", "573", "1" ], [ "0.23542", "6215", "1" ], [ "0.23541", "20716", "2" ], [ "0.23540", "753", "2" ], [ "0.23539", "2121", "1" ], [ "0.23534", "573", "1" ], [ "0.23532", "3353", "1" ], [ "0.23531", "11178", "2" ], [ "0.23525", "1665", "2" ], [ "0.23521", "1848", "2" ], [ "0.23520", "4249", "1" ], [ "0.23518", "573", "1" ], [ "0.23516", "1849", "1" ], [ "0.23515", "24209", "5" ], [ "0.23514", "272305", "2" ], [ "0.23513", "18325", "1" ], [ "0.23512", "573", "1" ], [ "0.23509", "2800", "1" ], [ "0.23504", "573", "1" ], [ "0.23502", "20716", "2" ], [ "0.23501", "573", "1" ], [ "0.23499", "6042", "1" ], [ "0.23498", "573", "1" ], [ "0.23491", "3586", "1" ], [ "0.23489", "573", "1" ], [ "0.23488", "4143", "1" ], [ "0.23486", "573", "1" ], [ "0.23479", "15419", "1" ], [ "0.23478", "6564", "1" ], [ "0.23474", "573", "1" ], [ "0.23472", "24420", "3" ], [ "0.23468", "573", "1" ], [ "0.23463", "4143", "1" ], [ "0.23462", "573", "1" ], [ "0.23457", "6564", "1" ], [ "0.23450", "573", "1" ], [ "0.23448", "20716", "2" ], [ "0.23438", "573", "1" ], [ "0.23436", "7351", "1" ], [ "0.23435", "573", "1" ], [ "0.23426", "4716", "2" ], [ "0.23424", "20716", "2" ], [ "0.23423", "573", "1" ], [ "0.23411", "335203", "1" ] ],
      "asks" : [ [ "0.23565", "5", "1" ], [ "0.23581", "573", "1" ], [ "0.23582", "1243", "1" ], [ "0.23583", "4143", "1" ], [ "0.23584", "1116", "2" ], [ "0.23585", "3121", "2" ], [ "0.23586", "1245", "1" ], [ "0.23588", "573", "1" ], [ "0.23591", "2422", "2" ], [ "0.23592", "67040", "1" ], [ "0.23594", "15849", "2" ], [ "0.23599", "573", "1" ], [ "0.23602", "10358", "1" ], [ "0.23603", "10931", "2" ], [ "0.23609", "573", "1" ], [ "0.23611", "6943", "2" ], [ "0.23612", "2121", "1" ], [ "0.23619", "573", "1" ], [ "0.23621", "1978", "1" ], [ "0.23622", "18896", "2" ], [ "0.23623", "10605", "1" ], [ "0.23625", "4848", "2" ], [ "0.23626", "10358", "1" ], [ "0.23628", "10931", "2" ], [ "0.23638", "573", "1" ], [ "0.23639", "3586", "1" ], [ "0.23640", "4143", "1" ], [ "0.23644", "573", "1" ], [ "0.23646", "4275", "1" ], [ "0.23647", "573", "1" ], [ "0.23652", "23976", "4" ], [ "0.23661", "573", "1" ], [ "0.23662", "14545", "1" ], [ "0.23664", "573", "1" ], [ "0.23667", "5978", "1" ], [ "0.23670", "573", "1" ], [ "0.23671", "364", "1" ], [ "0.23672", "4143", "1" ], [ "0.23673", "573", "1" ], [ "0.23687", "573", "1" ], [ "0.23688", "17307", "3" ], [ "0.23689", "10358", "1" ], [ "0.23696", "573", "1" ], [ "0.23698", "4143", "1" ], [ "0.23715", "573", "1" ], [ "0.23717", "10358", "1" ], [ "0.23718", "10931", "2" ], [ "0.23721", "573", "1" ], [ "0.23724", "7522", "2" ], [ "0.23726", "339346", "2" ] ],
      "t" : 1756460096519
    } ],
    "instrument_name" : "ALGO_USDT"
  }
}