{
  "id" : -1,
  "method" : "public/get-book",
  "code" : 0,
  "result" : {
    "depth" : 50,
    "data" : [ {
      "bids" : [ [ "0.000002144", "1433", "2" ], [ "0.000002141", "85", "1" ], [ "0.000002140", "12823", "1" ], [ "0.000002139", "360", "1" ], [ "0.000002138", "2800", "1" ], [ "0.000002137", "15222", "1" ], [ "0.000002136", "3586", "1" ], [ "0.000002135", "6752", "2" ], [ "0.000002131", "381", "1" ], [ "0.000002130", "4248", "1" ], [ "0.000002129", "100", "1" ], [ "0.000002128", "6446", "1" ], [ "0.000002125", "4804", "1" ], [ "0.000002121", "11097", "1" ], [ "0.000002114", "15367", "1" ], [ "0.000002107", "19774", "1" ], [ "0.000002100", "23820", "2" ], [ "0.000002088", "39", "1" ], [ "0.000002000", "250", "1" ], [ "0.000001999", "106", "1" ], [ "0.000001982", "41", "1" ], [ "0.000001950", "500", "1" ], [ "0.000001900", "500", "1" ], [ "0.000001876", "43", "1" ], [ "0.000001850", "500", "1" ], [ "0.000001800", "5000", "1" ], [ "0.000001771", "46", "1" ], [ "0.000001720", "498", "1" ], [ "0.000001710", "2685", "1" ], [ "0.000001665", "7769", "1" ], [ "0.000001664", "49", "1" ], [ "0.000001620", "12499", "1" ], [ "0.000001575", "29078", "1" ], [ "0.000001559", "52", "1" ], [ "0.000001530", "83327", "1" ], [ "0.000001500", "7", "1" ] ],
      "asks" : [ [ "0.000002152", "13970", "2" ], [ "0.000002156", "15762", "1" ], [ "0.000002157", "1266", "1" ], [ "0.000002158", "2800", "1" ], [ "0.000002160", "3682", "1" ], [ "0.000002161", "3586", "1" ], [ "0.000002163", "1860", "1" ], [ "0.000002165", "4950", "1" ], [ "0.000002170", "11655", "2" ], [ "0.000002176", "356", "1" ], [ "0.000002177", "10598", "1" ], [ "0.000002182", "29", "1" ], [ "0.000002184", "15049", "1" ], [ "0.000002191", "18443", "1" ], [ "0.000002194", "353", "1" ], [ "0.000002198", "22664", "2" ], [ "0.000002212", "350", "1" ], [ "0.000002229", "347", "1" ], [ "0.000002247", "345", "1" ], [ "0.000002265", "342", "1" ], [ "0.000002284", "342", "1" ], [ "0.000002301", "37", "1" ], [ "0.000002302", "342", "1" ], [ "0.000002319", "342", "1" ], [ "0.000002342", "342", "1" ], [ "0.000002389", "94", "1" ], [ "0.000002406", "35", "1" ], [ "0.000002512", "34", "1" ], [ "0.000002520", "89", "1" ], [ "0.000002555", "397", "1" ], [ "0.000002576", "395", "1" ], [ "0.000002582", "498", "1" ], [ "0.000002598", "390", "1" ], [ "0.000002610", "1943", "1" ], [ "0.000002618", "34", "1" ], [ "0.000002620", "377", "1" ], [ "0.000002643", "374", "1" ], [ "0.000002650", "84", "1" ], [ "0.000002655", "4792", "2" ], [ "0.000002665", "371", "1" ], [ "0.000002688", "368", "1" ], [ "0.000002700", "4792", "2" ], [ "0.000002711", "365", "1" ], [ "0.000002725", "34", "1" ], [ "0.000002734", "362", "1" ], [ "0.000002745", "18433", "3" ], [ "0.000002757", "359", "1" ], [ "0.000002780", "436", "2" ], [ "0.000002790", "49080", "3" ], [ "0.000002804", "353", "1" ] ],
      "t" : 1756460082397
    } ],
    "instrument_name" : "ALGO_BTC"
  }
}