{
  "id" : -1,
  "method" : "public/get-book",
  "code" : 0,
  "result" : {
    "depth" : 50,
    "data" : [ {
      "bids" : [ [ "0.23562", "200", "1" ], [ "0.23561", "2822", "1" ], [ "0.23560", "2", "2" ], [ "0.23556", "1019", "1" ], [ "0.23555", "849", "1" ], [ "0.23552", "1019", "1" ], [ "0.23541", "9460", "1" ], [ "0.23540", "31534", "2" ], [ "0.23538", "8", "1" ], [ "0.23523", "2123", "1" ], [ "0.23522", "1014", "1" ], [ "0.23515", "212", "1" ], [ "0.23510", "1227", "2" ], [ "0.23505", "212", "1" ], [ "0.23501", "1015", "1" ], [ "0.23500", "212", "1" ], [ "0.23495", "977", "1" ], [ "0.23473", "45822", "1" ], [ "0.23471", "983", "1" ], [ "0.23450", "1015", "1" ], [ "0.23444", "1024", "1" ], [ "0.23436", "9958", "1" ], [ "0.23435", "979", "1" ], [ "0.23432", "979", "1" ], [ "0.23429", "979", "1" ], [ "0.23423", "1014", "1" ], [ "0.23422", "3968", "1" ], [ "0.23420", "977", "1" ], [ "0.23404", "51926", "1" ], [ "0.23402", "1001", "1" ], [ "0.23381", "1015", "1" ], [ "0.23375", "4631", "1" ], [ "0.23345", "2779", "1" ], [ "0.23324", "2719", "1" ], [ "0.23320", "8540", "2" ], [ "0.23310", "9958", "1" ], [ "0.23297", "51928", "1" ], [ "0.23296", "2597", "1" ], [ "0.23268", "3239", "1" ], [ "0.23265", "11456", "2" ], [ "0.23240", "3882", "1" ], [ "0.23212", "3693", "1" ], [ "0.23210", "15851", "2" ], [ "0.23184", "9958", "1" ], [ "0.23155", "19466", "2" ], [ "0.23136", "51939", "1" ], [ "0.23000", "869", "1" ], [ "0.21407", "879", "1" ], [ "0.18880", "1984", "1" ], [ "0.18426", "1868", "1" ] ],
      "asks" : [ [ "0.23567", "1", "1" ], [ "0.23574", "200", "1" ], [ "0.23575", "983", "1" ], [ "0.23580", "1", "1" ], [ "0.23585", "200", "1" ], [ "0.23586", "987", "1" ], [ "0.23595", "200", "1" ], [ "0.23596", "1996", "2" ], [ "0.23597", "1214", "2" ], [ "0.23598", "8", "1" ], [ "0.23599", "200", "1" ], [ "0.23600", "1019", "2" ], [ "0.23603", "9805", "1" ], [ "0.23604", "30525", "1" ], [ "0.23605", "2970", "2" ], [ "0.23633", "987", "1" ], [ "0.23645", "211", "1" ], [ "0.23648", "987", "1" ], [ "0.23650", "211", "1" ], [ "0.23655", "211", "1" ], [ "0.23656", "45814", "1" ], [ "0.23657", "983", "1" ], [ "0.23660", "211", "1" ], [ "0.23665", "979", "1" ], [ "0.23669", "2779", "1" ], [ "0.23680", "1024", "1" ], [ "0.23686", "1024", "1" ], [ "0.23688", "2585", "1" ], [ "0.23689", "1014", "1" ], [ "0.23696", "1022", "1" ], [ "0.23702", "981", "1" ], [ "0.23705", "1010", "1" ], [ "0.23711", "4952", "2" ], [ "0.23716", "2791", "1" ], [ "0.23717", "1024", "1" ], [ "0.23720", "1012", "1" ], [ "0.23732", "51935", "1" ], [ "0.23737", "1001", "1" ], [ "0.23740", "995", "1" ], [ "0.23743", "1006", "1" ], [ "0.23744", "3314", "2" ], [ "0.23746", "984", "1" ], [ "0.23760", "3403", "1" ], [ "0.23769", "1021", "1" ], [ "0.23772", "4468", "4" ], [ "0.23781", "1000", "1" ], [ "0.23796", "981", "1" ], [ "0.23800", "3830", "4" ], [ "0.23815", "3403", "1" ], [ "0.23839", "51918", "1" ] ],
      "t" : 1756460099530
    } ],
    "instrument_name" : "ALGOUSD-PERP"
  }
}