{
  "id" : -1,
  "method" : "public/get-book",
  "code" : 0,
  "result" : {
    "depth" : 50,
    "data" : [ {
      "bids" : [ [ "0.23568", "5078", "1" ], [ "0.23563", "5", "1" ], [ "0.23561", "180", "1" ], [ "0.23560", "2083", "1" ], [ "0.23558", "1266", "1" ], [ "0.23556", "8249", "1" ], [ "0.23555", "27496", "1" ], [ "0.23553", "1242", "1" ], [ "0.23552", "4141", "1" ], [ "0.23551", "430", "1" ], [ "0.23550", "1056", "1" ], [ "0.23549", "20112", "1" ], [ "0.23548", "73251", "2" ], [ "0.23547", "20702", "2" ], [ "0.23546", "610", "2" ], [ "0.23544", "1274", "1" ], [ "0.23543", "4246", "1" ], [ "0.23542", "2120", "1" ], [ "0.23537", "430", "1" ], [ "0.23534", "3182", "1" ], [ "0.23533", "10605", "1" ], [ "0.23531", "430", "1" ], [ "0.23529", "11361", "2" ], [ "0.23528", "268162", "1" ], [ "0.23526", "3448", "2" ], [ "0.23524", "430", "1" ], [ "0.23521", "20702", "2" ], [ "0.23519", "31632", "2" ], [ "0.23515", "430", "1" ], [ "0.23510", "1000", "1" ], [ "0.23509", "3230", "2" ], [ "0.23506", "340510", "2" ], [ "0.23499", "430", "1" ], [ "0.23493", "20702", "2" ], [ "0.23492", "4141", "1" ], [ "0.23491", "3586", "1" ], [ "0.23487", "430", "1" ], [ "0.23484", "1818", "1" ], [ "0.23483", "6152", "1" ], [ "0.23481", "15849", "2" ], [ "0.23469", "430", "1" ], [ "0.23468", "4141", "1" ], [ "0.23467", "20702", "2" ], [ "0.23466", "430", "1" ], [ "0.23460", "6152", "1" ], [ "0.23448", "430", "1" ], [ "0.23446", "6174", "1" ], [ "0.23445", "430", "1" ], [ "0.23443", "20702", "2" ], [ "0.23427", "430", "1" ] ],
      "asks" : [ [ "0.23569", "5", "1" ], [ "0.23591", "1526", "1" ], [ "0.23592", "10995", "3" ], [ "0.23593", "25591", "4" ], [ "0.23594", "71181", "2" ], [ "0.23597", "430", "1" ], [ "0.23598", "27497", "1" ], [ "0.23609", "430", "1" ], [ "0.23610", "4212", "2" ], [ "0.23615", "430", "1" ], [ "0.23617", "20702", "2" ], [ "0.23618", "6941", "2" ], [ "0.23620", "430", "1" ], [ "0.23621", "5425", "1" ], [ "0.23623", "430", "1" ], [ "0.23626", "27490", "1" ], [ "0.23641", "430", "1" ], [ "0.23642", "20702", "2" ], [ "0.23643", "4141", "1" ], [ "0.23644", "5855", "2" ], [ "0.23646", "3586", "1" ], [ "0.23647", "430", "1" ], [ "0.23664", "14545", "1" ], [ "0.23665", "430", "1" ], [ "0.23666", "20702", "2" ], [ "0.23667", "8792", "2" ], [ "0.23668", "430", "1" ], [ "0.23674", "2367", "1" ], [ "0.23675", "430", "1" ], [ "0.23678", "4141", "1" ], [ "0.23681", "430", "1" ], [ "0.23683", "180", "1" ], [ "0.23693", "430", "1" ], [ "0.23695", "20702", "2" ], [ "0.23700", "430", "1" ], [ "0.23703", "4141", "1" ], [ "0.23707", "430", "1" ], [ "0.23708", "6", "1" ], [ "0.23712", "6156", "1" ], [ "0.23716", "430", "1" ], [ "0.23719", "20702", "2" ], [ "0.23728", "430", "1" ], [ "0.23731", "4141", "1" ], [ "0.23740", "430", "1" ], [ "0.23743", "21132", "3" ], [ "0.23749", "430", "1" ], [ "0.23750", "10798", "1" ], [ "0.23752", "430", "1" ], [ "0.23755", "4141", "1" ], [ "0.23766", "1056", "1" ] ],
      "t" : 1756460092675
    } ],
    "instrument_name" : "ALGO_USD"
  }
}