{
  "id" : -1,
  "method" : "public/get-book",
  "code" : 0,
  "result" : {
    "depth" : 50,
    "data" : [ {
      "bids" : [ [ "0.007343", "10150", "1" ], [ "0.007333", "3630", "1" ], [ "0.007310", "17000", "1" ], [ "0.007298", "17000", "1" ], [ "0.007289", "4890", "1" ], [ "0.007288", "35140", "1" ], [ "0.007287", "1420", "1" ], [ "0.007276", "33680", "1" ], [ "0.007261", "45220", "1" ], [ "0.007248", "43110", "1" ], [ "0.007245", "71010", "1" ], [ "0.007227", "98990", "1" ], [ "0.007204", "13080", "1" ], [ "0.007198", "1350", "1" ], [ "0.007173", "1420", "1" ], [ "0.007171", "107970", "1" ], [ "0.007166", "126750", "1" ], [ "0.007148", "105060", "1" ], [ "0.007145", "9990", "1" ], [ "0.007140", "67970", "1" ], [ "0.007101", "17840", "1" ], [ "0.007100", "136360", "2" ], [ "0.007059", "1420", "1" ], [ "0.007057", "3180", "1" ], [ "0.007056", "251480", "2" ], [ "0.007046", "44350", "1" ], [ "0.007029", "133090", "1" ], [ "0.007022", "1380", "1" ], [ "0.006976", "6140", "1" ], [ "0.006972", "397770", "2" ], [ "0.006945", "1420", "1" ], [ "0.006931", "10300", "1" ], [ "0.006926", "5630", "1" ], [ "0.006924", "3690", "2" ], [ "0.006889", "4450", "1" ], [ "0.006888", "731310", "2" ], [ "0.006846", "1420", "1" ], [ "0.006845", "3180", "1" ], [ "0.006844", "45660", "1" ], [ "0.006831", "1420", "1" ], [ "0.006823", "3400", "1" ], [ "0.006805", "25780", "2" ], [ "0.006804", "574990", "1" ], [ "0.006771", "3060", "1" ], [ "0.006721", "26470", "3" ], [ "0.006720", "870220", "1" ], [ "0.006719", "10630", "1" ], [ "0.006717", "1420", "1" ], [ "0.006708", "111950", "1" ], [ "0.006670", "1450", "1" ] ],
      "asks" : [ [ "0.007376", "18330", "1" ], [ "0.007377", "11270", "1" ], [ "0.007379", "11270", "1" ], [ "0.007416", "1460", "1" ], [ "0.007417", "31220", "1" ], [ "0.007430", "54410", "1" ], [ "0.007444", "65980", "1" ], [ "0.007461", "73340", "1" ], [ "0.007471", "76310", "1" ], [ "0.007484", "76310", "1" ], [ "0.007515", "1420", "1" ], [ "0.007527", "98990", "1" ], [ "0.007551", "1320", "1" ], [ "0.007571", "9700", "1" ], [ "0.007590", "126750", "1" ], [ "0.007597", "90370", "1" ], [ "0.007629", "1420", "1" ], [ "0.007644", "63310", "1" ], [ "0.007651", "41880", "1" ], [ "0.007654", "3150", "1" ], [ "0.007668", "106890", "1" ], [ "0.007727", "7190", "2" ], [ "0.007728", "207750", "2" ], [ "0.007739", "106890", "1" ], [ "0.007743", "1420", "1" ], [ "0.007791", "9640", "1" ], [ "0.007799", "12570", "1" ], [ "0.007802", "1750", "1" ], [ "0.007811", "5120", "1" ], [ "0.007812", "352550", "2" ], [ "0.007818", "5780", "1" ], [ "0.007857", "1420", "1" ], [ "0.007860", "40780", "1" ], [ "0.007896", "645350", "2" ], [ "0.007903", "1250", "1" ], [ "0.007936", "3020", "1" ], [ "0.007971", "1420", "1" ], [ "0.007979", "4110", "1" ], [ "0.007980", "499010", "2" ], [ "0.008000", "130720", "1" ], [ "0.008031", "98750", "1" ], [ "0.008064", "765490", "1" ], [ "0.008082", "1230", "1" ], [ "0.008085", "1420", "1" ], [ "0.008097", "12090", "1" ], [ "0.008147", "11870", "2" ], [ "0.008183", "4000", "1" ], [ "0.008199", "1420", "1" ], [ "0.008313", "1420", "1" ], [ "0.008315", "4000", "1" ] ],
      "t" : 1756460103174
    } ],
    "instrument_name" : "ALI_USD"
  }
}