{
  "id" : -1,
  "method" : "public/get-book",
  "code" : 0,
  "result" : {
    "depth" : 50,
    "data" : [ {
      "bids" : [ [ "0.03278", "37", "1" ], [ "0.03273", "7338", "2" ], [ "0.03270", "4115", "1" ], [ "0.03267", "4115", "1" ], [ "0.03264", "10201", "2" ], [ "0.03258", "2769", "1" ], [ "0.03253", "8748", "1" ], [ "0.03252", "9501", "2" ], [ "0.03246", "9501", "1" ], [ "0.03240", "14383", "1" ], [ "0.03234", "27183", "1" ], [ "0.03228", "33024", "1" ], [ "0.03220", "272178", "1" ], [ "0.03000", "500", "1" ], [ "0.02624", "3760", "1" ], [ "0.02613", "18196", "1" ], [ "0.02546", "56242", "2" ], [ "0.02479", "100138", "2" ], [ "0.02412", "100138", "1" ], [ "0.02345", "448798", "2" ], [ "0.02000", "50", "1" ], [ "0.01500", "70", "1" ] ],
      "asks" : [ [ "0.03280", "37", "1" ], [ "0.03284", "3538", "1" ], [ "0.03286", "784", "1" ], [ "0.03287", "4203", "1" ], [ "0.03288", "4189", "1" ], [ "0.03291", "5804", "1" ], [ "0.03293", "5383", "1" ], [ "0.03294", "8317", "2" ], [ "0.03300", "8899", "2" ], [ "0.03305", "1943", "1" ], [ "0.03306", "14904", "3" ], [ "0.03312", "20865", "2" ], [ "0.03318", "26272", "3" ], [ "0.03324", "32703", "1" ], [ "0.03340", "272178", "1" ], [ "0.03938", "3760", "1" ], [ "0.03953", "10264", "1" ], [ "0.04020", "36746", "2" ], [ "0.04087", "61504", "3" ], [ "0.04154", "61504", "3" ], [ "0.04221", "278336", "4" ], [ "0.04490", "10000", "1" ], [ "0.05000", "249", "1" ], [ "0.05900", "5236", "1" ], [ "0.06000", "7551", "1" ], [ "0.07000", "299", "1" ], [ "0.09740", "271", "1" ], [ "0.10626", "9", "1" ], [ "0.15000", "533", "1" ], [ "0.20000", "2910", "1" ], [ "0.20923", "126", "1" ], [ "0.23000", "105", "1" ], [ "0.25907", "162", "1" ], [ "0.33000", "1", "1" ], [ "0.35000", "626", "1" ], [ "0.40000", "1", "1" ], [ "0.67228", "1", "1" ], [ "0.70000", "1", "1" ], [ "0.80000", "100", "1" ], [ "0.93000", "456", "1" ], [ "1.77000", "1080", "1" ] ],
      "t" : 1756460114522
    } ],
    "instrument_name" : "ALT_USD"
  }
}