{
  "id" : -1,
  "method" : "public/get-book",
  "code" : 0,
  "result" : {
    "depth" : 50,
    "data" : [ {
      "bids" : [ [ "0.0034282", "29160", "1" ], [ "0.0034281", "12240", "1" ], [ "0.0034279", "149690", "1" ], [ "0.0034278", "290680", "1" ], [ "0.0034263", "486360", "1" ], [ "0.0034219", "286940", "1" ], [ "0.0034218", "68960", "1" ], [ "0.0034000", "18840", "1" ], [ "0.0033999", "143470", "1" ], [ "0.0032421", "39380", "1" ], [ "0.0032400", "36360", "1" ], [ "0.0032350", "36360", "1" ], [ "0.0032300", "47810", "1" ], [ "0.0031634", "50410", "1" ], [ "0.0031578", "14670", "1" ], [ "0.0031521", "46600", "2" ], [ "0.0031464", "46600", "2" ], [ "0.0031407", "103290", "3" ], [ "0.0031350", "103290", "3" ], [ "0.0031293", "103290", "2" ], [ "0.0030600", "49400", "2" ], [ "0.0028763", "2410", "1" ], [ "0.0028069", "1840", "1" ], [ "0.0027626", "35190", "1" ], [ "0.0027180", "670", "1" ], [ "0.0027018", "206240", "1" ], [ "0.0026307", "534620", "1" ], [ "0.0025874", "1390", "1" ], [ "0.0025596", "879840", "1" ], [ "0.0025000", "60000", "1" ], [ "0.0024885", "1706590", "1" ], [ "0.0024537", "1460", "1" ], [ "0.0024174", "4663660", "1" ], [ "0.0023202", "1550", "1" ], [ "0.0021865", "1640", "1" ], [ "0.0020530", "2840", "2" ], [ "0.0013864", "730", "1" ], [ "0.0013550", "1350", "1" ], [ "0.0006230", "2400", "1" ], [ "0.0003580", "2810", "1" ] ],
      "asks" : [ [ "0.0034544", "6470", "1" ], [ "0.0034546", "404710", "1" ], [ "0.0034663", "44200", "1" ], [ "0.0034683", "34450", "1" ], [ "0.0034684", "39380", "1" ], [ "0.0034700", "37670", "1" ], [ "0.0034741", "50410", "1" ], [ "0.0034750", "42380", "1" ], [ "0.0034770", "14060", "1" ], [ "0.0034800", "42380", "1" ], [ "0.0034827", "42670", "1" ], [ "0.0034884", "70200", "1" ], [ "0.0034941", "100560", "1" ], [ "0.0034998", "155550", "1" ], [ "0.0035055", "155550", "1" ], [ "0.0035135", "2940", "1" ], [ "0.0035455", "2920", "1" ], [ "0.0035777", "2890", "1" ], [ "0.0036097", "2880", "1" ], [ "0.0036418", "2840", "1" ], [ "0.0036740", "2810", "1" ], [ "0.0037060", "2790", "1" ], [ "0.0037274", "4530", "1" ], [ "0.0037336", "58720", "1" ], [ "0.0037382", "2760", "1" ], [ "0.0037666", "135930", "1" ], [ "0.0037702", "2740", "1" ], [ "0.0038032", "2720", "1" ], [ "0.0039499", "129310", "1" ], [ "0.0041121", "5350", "1" ], [ "0.0041332", "123310", "1" ], [ "0.0041481", "35190", "1" ], [ "0.0041949", "116560", "1" ], [ "0.0042386", "2250", "1" ], [ "0.0042660", "357550", "2" ], [ "0.0043165", "134870", "1" ], [ "0.0043371", "798130", "3" ], [ "0.0044082", "798130", "3" ], [ "0.0044793", "2906800", "1" ], [ "0.0044999", "134870", "1" ], [ "0.0046324", "2040", "1" ], [ "0.0049061", "1330", "1" ], [ "0.0050261", "1870", "1" ], [ "0.0052563", "5700", "2" ], [ "0.0053210", "1980", "1" ], [ "0.0053855", "1980", "1" ], [ "0.0054000", "237070", "1" ], [ "0.0054197", "1720", "1" ], [ "0.0054501", "1930", "1" ], [ "0.0055148", "1910", "1" ] ],
      "t" : 1756460118115
    } ],
    "instrument_name" : "AMP_USD"
  }
}