{
  "id" : -1,
  "method" : "public/get-book",
  "code" : 0,
  "result" : {
    "depth" : 50,
    "data" : [ {
      "bids" : [ [ "0.0034224", "11990", "1" ], [ "0.0034211", "9060", "1" ], [ "0.0033433", "10330", "1" ], [ "0.0033428", "163720", "1" ], [ "0.0033426", "57780", "1" ], [ "0.0033409", "103620", "1" ], [ "0.0033407", "24900", "1" ], [ "0.0033405", "138090", "1" ], [ "0.0033404", "23170", "1" ], [ "0.0032934", "750", "1" ], [ "0.0032858", "3990", "1" ], [ "0.0032422", "39380", "1" ], [ "0.0032400", "46390", "1" ], [ "0.0032350", "46390", "1" ], [ "0.0032300", "39250", "1" ], [ "0.0031635", "50410", "1" ], [ "0.0031590", "17370", "1" ], [ "0.0031536", "42130", "2" ], [ "0.0031482", "72020", "3" ], [ "0.0031428", "72020", "3" ], [ "0.0031374", "132320", "4" ], [ "0.0031320", "132320", "3" ], [ "0.0030720", "800", "1" ], [ "0.0029994", "970", "1" ], [ "0.0029615", "560", "1" ], [ "0.0027624", "35300", "1" ], [ "0.0027018", "188770", "1" ], [ "0.0026979", "4860", "1" ], [ "0.0026710", "920", "1" ], [ "0.0026462", "9060", "1" ], [ "0.0026307", "547450", "1" ], [ "0.0025596", "885510", "1" ], [ "0.0024885", "1397560", "1" ], [ "0.0024174", "5118490", "1" ] ],
      "asks" : [ [ "0.0034652", "36020", "1" ], [ "0.0034653", "37810", "1" ], [ "0.0034672", "39380", "1" ], [ "0.0034700", "36050", "1" ], [ "0.0034730", "50410", "1" ], [ "0.0034750", "40250", "1" ], [ "0.0034776", "17240", "1" ], [ "0.0034800", "40250", "1" ], [ "0.0034830", "44000", "1" ], [ "0.0034883", "57270", "1" ], [ "0.0034884", "103330", "1" ], [ "0.0034938", "103330", "1" ], [ "0.0034992", "156490", "1" ], [ "0.0035046", "156490", "1" ], [ "0.0037329", "120810", "1" ], [ "0.0037330", "32830", "1" ], [ "0.0041472", "35300", "1" ], [ "0.0041651", "820", "1" ], [ "0.0041949", "110450", "1" ], [ "0.0042660", "353540", "2" ], [ "0.0042754", "630", "1" ], [ "0.0043371", "353540", "2" ], [ "0.0043839", "9210", "1" ], [ "0.0044082", "904880", "3" ], [ "0.0044612", "3370", "1" ], [ "0.0044793", "2655360", "1" ], [ "0.0046765", "570", "1" ], [ "0.0047480", "700", "1" ], [ "0.0049931", "6260", "1" ], [ "0.0050296", "400", "1" ], [ "0.0050489", "2940", "1" ], [ "0.0050775", "510", "1" ], [ "0.0053309", "600", "1" ], [ "0.0054787", "480", "1" ], [ "0.0056366", "2580", "1" ], [ "0.0058798", "440", "1" ], [ "0.0059138", "540", "1" ], [ "0.0060638", "320", "1" ], [ "0.0061666", "4780", "1" ], [ "0.0062243", "2310", "1" ], [ "0.0062808", "410", "1" ], [ "0.0064967", "480", "1" ], [ "0.0065000", "8500", "1" ], [ "0.0066819", "380", "1" ], [ "0.0068122", "2090", "1" ], [ "0.0070000", "9120", "2" ], [ "0.0070797", "440", "1" ], [ "0.0070831", "350", "1" ], [ "0.0070978", "260", "1" ], [ "0.0073401", "3880", "1" ] ],
      "t" : 1756460122057
    } ],
    "instrument_name" : "AMP_USDT"
  }
}