{
  "id" : -1,
  "method" : "public/get-book",
  "code" : 0,
  "result" : {
    "depth" : 50,
    "data" : [ {
      "bids" : [ [ "0.015748", "4000", "1" ], [ "0.015742", "15268", "1" ], [ "0.015727", "15268", "1" ], [ "0.015706", "15268", "1" ], [ "0.015694", "63357", "1" ], [ "0.015689", "5000", "1" ], [ "0.015688", "15268", "1" ], [ "0.015595", "562", "1" ], [ "0.015594", "42987", "1" ], [ "0.015584", "63357", "1" ], [ "0.015582", "261", "1" ], [ "0.015580", "38391", "1" ], [ "0.015546", "55056", "1" ], [ "0.015515", "32557", "1" ], [ "0.015502", "260000", "1" ], [ "0.015498", "49668", "1" ], [ "0.015496", "63341", "1" ], [ "0.015416", "47242", "1" ], [ "0.015408", "99919", "2" ], [ "0.015377", "260000", "1" ], [ "0.015301", "99919", "2" ], [ "0.015195", "8312", "1" ], [ "0.015194", "220827", "2" ], [ "0.015087", "220827", "1" ], [ "0.014982", "354", "1" ], [ "0.014981", "556", "1" ], [ "0.014980", "220827", "1" ], [ "0.014909", "126", "1" ], [ "0.014153", "133", "1" ], [ "0.014000", "1500", "1" ], [ "0.013398", "141", "1" ], [ "0.012644", "149", "1" ], [ "0.012625", "7683", "1" ], [ "0.012426", "36759", "1" ], [ "0.012099", "121576", "1" ], [ "0.011772", "203924", "1" ], [ "0.011445", "427356", "1" ], [ "0.011118", "1271666", "1" ] ],
      "asks" : [ [ "0.015778", "10000", "1" ], [ "0.015780", "639", "1" ], [ "0.015781", "63357", "1" ], [ "0.015806", "15268", "1" ], [ "0.015830", "15268", "1" ], [ "0.015855", "15268", "1" ], [ "0.015880", "15268", "1" ], [ "0.015895", "15268", "1" ], [ "0.015896", "260258", "2" ], [ "0.015910", "15268", "1" ], [ "0.015934", "15268", "1" ], [ "0.015935", "42987", "1" ], [ "0.015942", "63357", "1" ], [ "0.015965", "15268", "1" ], [ "0.015982", "55056", "1" ], [ "0.015990", "36894", "1" ], [ "0.016022", "260000", "1" ], [ "0.016027", "63357", "1" ], [ "0.016050", "26380", "1" ], [ "0.016053", "255", "1" ], [ "0.016072", "52077", "1" ], [ "0.016154", "44427", "1" ], [ "0.016157", "92556", "1" ], [ "0.016209", "253", "1" ], [ "0.016264", "214611", "1" ], [ "0.016366", "250", "1" ], [ "0.016371", "265928", "1" ], [ "0.016418", "119", "1" ], [ "0.016478", "330796", "1" ], [ "0.016524", "249", "1" ], [ "0.016585", "330796", "1" ], [ "0.016681", "247", "1" ], [ "0.016837", "247", "1" ], [ "0.016994", "247", "1" ], [ "0.017139", "201", "1" ], [ "0.017152", "247", "1" ], [ "0.017173", "115", "1" ], [ "0.017309", "247", "1" ], [ "0.017465", "247", "1" ], [ "0.017622", "247", "1" ], [ "0.017780", "247", "1" ], [ "0.017832", "194", "1" ], [ "0.017929", "110", "1" ], [ "0.017937", "247", "1" ], [ "0.018093", "247", "1" ], [ "0.018250", "247", "1" ], [ "0.018408", "247", "1" ], [ "0.018524", "186", "1" ], [ "0.018565", "247", "1" ], [ "0.018683", "105", "1" ] ],
      "t" : 1756460125717
    } ],
    "instrument_name" : "ANIME_USD"
  }
}