{
  "id" : -1,
  "method" : "public/get-book",
  "code" : 0,
  "result" : {
    "depth" : 50,
    "data" : [ {
      "bids" : [ [ "0.015774", "10", "1" ], [ "0.015762", "10", "1" ], [ "0.015741", "3170", "1" ], [ "0.015738", "3170", "1" ], [ "0.015735", "3170", "1" ], [ "0.015732", "3170", "1" ], [ "0.015728", "6350", "1" ], [ "0.015722", "6010", "1" ], [ "0.015721", "42480", "1" ], [ "0.015708", "37550", "1" ], [ "0.015686", "38810", "1" ], [ "0.015685", "7960", "1" ], [ "0.015680", "7970", "1" ], [ "0.015675", "7970", "1" ], [ "0.015670", "7970", "1" ], [ "0.015664", "47770", "2" ], [ "0.015648", "9580", "1" ], [ "0.015642", "52170", "2" ], [ "0.015640", "9590", "1" ], [ "0.015632", "9590", "1" ], [ "0.015624", "9600", "1" ], [ "0.015620", "67650", "2" ], [ "0.015616", "11200", "2" ], [ "0.015608", "11210", "2" ], [ "0.015600", "1600", "1" ], [ "0.015592", "1600", "1" ], [ "0.015584", "1600", "1" ], [ "0.015576", "1600", "1" ], [ "0.015568", "1600", "1" ], [ "0.015560", "1600", "1" ], [ "0.015552", "1600", "1" ], [ "0.015544", "1600", "1" ], [ "0.015430", "60680", "1" ], [ "0.015394", "16750", "1" ], [ "0.015351", "31730", "2" ], [ "0.015308", "53790", "3" ], [ "0.015265", "65850", "3" ], [ "0.015222", "85930", "1" ], [ "0.012624", "30300", "1" ], [ "0.012426", "7530", "1" ], [ "0.012099", "22840", "1" ], [ "0.011772", "39950", "1" ], [ "0.011445", "55860", "1" ], [ "0.011118", "70070", "1" ], [ "0.010791", "85470", "1" ] ],
      "asks" : [ [ "0.015775", "10", "1" ], [ "0.015792", "15810", "3" ], [ "0.015795", "3160", "1" ], [ "0.015798", "3160", "1" ], [ "0.015801", "3160", "1" ], [ "0.015802", "10", "1" ], [ "0.015815", "6010", "1" ], [ "0.015816", "72960", "1" ], [ "0.015833", "68030", "1" ], [ "0.015841", "52670", "1" ], [ "0.015850", "7880", "1" ], [ "0.015855", "7880", "1" ], [ "0.015860", "7880", "1" ], [ "0.015865", "7870", "1" ], [ "0.015876", "60680", "1" ], [ "0.015880", "9440", "1" ], [ "0.015888", "9440", "1" ], [ "0.015896", "9430", "1" ], [ "0.015904", "9430", "1" ], [ "0.015910", "17940", "1" ], [ "0.015912", "10990", "2" ], [ "0.015920", "10990", "2" ], [ "0.015928", "1560", "1" ], [ "0.015936", "1560", "1" ], [ "0.015944", "1560", "1" ], [ "0.015952", "1560", "1" ], [ "0.015953", "33400", "2" ], [ "0.015960", "1560", "1" ], [ "0.015968", "1560", "1" ], [ "0.015976", "1560", "1" ], [ "0.015984", "1560", "1" ], [ "0.015996", "48600", "1" ], [ "0.016039", "66920", "1" ], [ "0.016082", "85150", "1" ], [ "0.018948", "30300", "1" ], [ "0.018966", "6480", "1" ], [ "0.019293", "24660", "2" ], [ "0.019620", "40880", "3" ], [ "0.019947", "54920", "4" ], [ "0.020274", "71710", "4" ], [ "0.020601", "85440", "4" ] ],
      "t" : 1756460128150
    } ],
    "instrument_name" : "ANIMEUSD-PERP"
  }
}