{
  "id" : -1,
  "method" : "public/get-book",
  "code" : 0,
  "result" : {
    "depth" : 50,
    "data" : [ {
      "bids" : [ [ "0.015103", "48720", "3" ], [ "0.015091", "18090", "2" ], [ "0.015090", "45120", "1" ], [ "0.015080", "57790", "1" ], [ "0.015078", "45050", "1" ], [ "0.015060", "17010", "1" ], [ "0.015057", "58270", "1" ], [ "0.015036", "58270", "1" ], [ "0.015030", "46370", "1" ], [ "0.015000", "80230", "1" ], [ "0.014970", "143980", "1" ], [ "0.014940", "181370", "1" ], [ "0.014910", "181370", "1" ], [ "0.012136", "8090", "1" ], [ "0.012129", "40840", "1" ], [ "0.011818", "124180", "2" ], [ "0.011507", "210210", "2" ], [ "0.011196", "210210", "1" ], [ "0.010885", "877450", "2" ], [ "0.010000", "1000", "1" ] ],
      "asks" : [ [ "0.015177", "7870", "1" ], [ "0.015178", "40130", "1" ], [ "0.015179", "42180", "2" ], [ "0.015182", "40210", "1" ], [ "0.015189", "5800", "1" ], [ "0.015190", "45120", "1" ], [ "0.015204", "42000", "1" ], [ "0.015220", "57790", "1" ], [ "0.015225", "42660", "2" ], [ "0.015240", "18670", "1" ], [ "0.015246", "49430", "1" ], [ "0.015270", "47610", "2" ], [ "0.015300", "80840", "2" ], [ "0.015330", "80840", "1" ], [ "0.015360", "109520", "1" ], [ "0.015390", "140880", "1" ], [ "0.017700", "910", "1" ], [ "0.018216", "8090", "1" ], [ "0.018349", "31140", "1" ], [ "0.018660", "78530", "3" ], [ "0.018971", "133400", "3" ], [ "0.019282", "133400", "3" ], [ "0.019593", "489330", "3" ], [ "0.030000", "1250", "1" ], [ "0.040000", "2620", "1" ], [ "0.048000", "32000", "1" ], [ "0.050000", "1200", "1" ], [ "0.059500", "150", "1" ], [ "0.066660", "6450", "1" ], [ "0.068150", "41800", "1" ], [ "0.068250", "10", "1" ], [ "0.068680", "2780", "1" ], [ "0.068723", "10", "1" ], [ "0.068750", "10", "1" ], [ "0.069415", "10", "1" ], [ "0.069500", "360", "1" ], [ "0.070000", "150", "1" ], [ "0.070415", "10", "1" ], [ "0.071590", "6230", "1" ], [ "0.075000", "100", "1" ], [ "0.080000", "1500", "3" ], [ "0.082200", "750", "1" ], [ "0.088000", "3210", "1" ], [ "0.099000", "2880", "1" ], [ "0.099687", "17230", "1" ], [ "0.100000", "26050", "7" ], [ "0.105000", "40600", "1" ], [ "0.106000", "750", "1" ], [ "0.110000", "83590", "1" ], [ "0.119900", "40600", "1" ] ],
      "t" : 1756460114038
    } ],
    "instrument_name" : "ANKR_USDT"
  }
}