{
  "id" : -1,
  "method" : "public/get-book",
  "code" : 0,
  "result" : {
    "depth" : 50,
    "data" : [ {
      "bids" : [ [ "0.015172", "1", "1" ], [ "0.015142", "1", "1" ], [ "0.015132", "13217", "1" ], [ "0.015099", "47475", "2" ], [ "0.015096", "3312", "1" ], [ "0.015093", "3312", "1" ], [ "0.015090", "3313", "1" ], [ "0.015088", "51101", "1" ], [ "0.015065", "51535", "1" ], [ "0.015042", "55298", "2" ], [ "0.015019", "50279", "1" ], [ "0.014996", "58469", "1" ], [ "0.014928", "26661", "1" ], [ "0.014817", "63091", "1" ], [ "0.014784", "56075", "1" ], [ "0.014740", "124002", "2" ], [ "0.014696", "169400", "3" ], [ "0.014652", "238714", "4" ], [ "0.014608", "296158", "4" ], [ "0.012136", "31546", "1" ], [ "0.011894", "27346", "1" ], [ "0.011581", "69544", "1" ], [ "0.011268", "120904", "1" ], [ "0.010955", "173737", "1" ], [ "0.010642", "224128", "1" ], [ "0.010329", "274423", "1" ] ],
      "asks" : [ [ "0.015173", "13182", "2" ], [ "0.015188", "1", "1" ], [ "0.015192", "3291", "1" ], [ "0.015194", "26661", "1" ], [ "0.015195", "26522", "2" ], [ "0.015196", "44164", "1" ], [ "0.015198", "3289", "1" ], [ "0.015201", "3289", "1" ], [ "0.015203", "37015", "1" ], [ "0.015213", "60983", "1" ], [ "0.015226", "42104", "2" ], [ "0.015249", "59230", "2" ], [ "0.015269", "63091", "1" ], [ "0.015272", "59302", "3" ], [ "0.015295", "68340", "3" ], [ "0.015312", "64368", "1" ], [ "0.015356", "118835", "2" ], [ "0.015400", "178019", "1" ], [ "0.015444", "229137", "1" ], [ "0.015488", "287031", "1" ], [ "0.018216", "31546", "1" ], [ "0.018467", "25100", "1" ], [ "0.018780", "75602", "2" ], [ "0.019093", "124548", "3" ], [ "0.019406", "174686", "3" ], [ "0.019719", "225821", "3" ], [ "0.020032", "272485", "1" ] ],
      "t" : 1756460138324
    } ],
    "instrument_name" : "ANKRUSD-PERP"
  }
}