{
  "id" : -1,
  "method" : "public/get-book",
  "code" : 0,
  "result" : {
    "depth" : 50,
    "data" : [ {
      "bids" : [ [ "0.015131", "8780", "1" ], [ "0.015123", "29300", "1" ], [ "0.015121", "29750", "1" ], [ "0.015093", "126610", "1" ], [ "0.015092", "8460", "1" ], [ "0.015090", "45120", "1" ], [ "0.015081", "40610", "1" ], [ "0.015080", "57790", "1" ], [ "0.015078", "50770", "1" ], [ "0.015072", "18810", "1" ], [ "0.015058", "72590", "1" ], [ "0.015057", "55880", "1" ], [ "0.015040", "46490", "1" ], [ "0.015036", "55880", "1" ], [ "0.015008", "82110", "1" ], [ "0.014976", "117090", "1" ], [ "0.014944", "146610", "1" ], [ "0.014912", "181290", "1" ], [ "0.014375", "1280", "1" ], [ "0.014374", "1990", "1" ], [ "0.014054", "200", "1" ], [ "0.013000", "1920", "1" ], [ "0.012500", "2000", "1" ], [ "0.012137", "8050", "1" ], [ "0.012129", "43320", "1" ], [ "0.011818", "122150", "2" ], [ "0.011507", "215650", "2" ], [ "0.011196", "215650", "1" ], [ "0.010885", "938180", "2" ] ],
      "asks" : [ [ "0.015161", "15310", "1" ], [ "0.015162", "91840", "1" ], [ "0.015194", "45120", "1" ], [ "0.015202", "5850", "1" ], [ "0.015203", "67410", "1" ], [ "0.015204", "45120", "1" ], [ "0.015219", "47830", "1" ], [ "0.015224", "57790", "1" ], [ "0.015225", "45120", "1" ], [ "0.015231", "38690", "1" ], [ "0.015232", "17030", "1" ], [ "0.015246", "38920", "1" ], [ "0.015264", "48820", "2" ], [ "0.015296", "48820", "1" ], [ "0.015328", "81160", "1" ], [ "0.015360", "111450", "1" ], [ "0.015392", "145180", "1" ], [ "0.015739", "1830", "1" ], [ "0.015741", "690", "1" ], [ "0.015997", "750", "1" ], [ "0.016178", "690", "1" ], [ "0.016498", "690", "1" ], [ "0.016768", "1170", "1" ], [ "0.017074", "690", "1" ], [ "0.017997", "4520", "1" ], [ "0.018220", "8050", "1" ], [ "0.018349", "30340", "1" ], [ "0.018660", "80430", "2" ], [ "0.018971", "80430", "2" ], [ "0.019282", "184930", "3" ], [ "0.019500", "2300", "1" ], [ "0.019593", "547930", "3" ], [ "0.021678", "200", "1" ], [ "0.022700", "43910", "1" ], [ "0.023900", "1000", "1" ], [ "0.028087", "210", "1" ], [ "0.033564", "170", "1" ], [ "0.037000", "200", "1" ], [ "0.039043", "140", "1" ], [ "0.041700", "1880", "1" ], [ "0.044520", "120", "1" ], [ "0.045000", "63600", "1" ], [ "0.047739", "2260", "1" ], [ "0.050000", "11210", "4" ], [ "0.051000", "400", "1" ], [ "0.053105", "3120", "1" ], [ "0.058000", "1000", "1" ], [ "0.058960", "340", "1" ], [ "0.060000", "7440", "1" ], [ "0.060700", "400", "1" ] ],
      "t" : 1756460132496
    } ],
    "instrument_name" : "ANKR_USD"
  }
}