{
  "id" : -1,
  "method" : "public/get-book",
  "code" : 0,
  "result" : {
    "depth" : 50,
    "data" : [ {
      "bids" : [ [ "0.01735", "38347", "1" ], [ "0.01732", "38347", "1" ], [ "0.01731", "49083", "1" ], [ "0.01728", "53898", "2" ], [ "0.01724", "45623", "1" ], [ "0.01722", "30442", "2" ], [ "0.01716", "30442", "2" ], [ "0.01710", "68386", "2" ], [ "0.01704", "88428", "2" ], [ "0.01699", "2141", "1" ], [ "0.01698", "107334", "1" ], [ "0.01658", "22062", "1" ], [ "0.01500", "1000", "1" ], [ "0.01391", "6895", "1" ], [ "0.01369", "42610", "1" ], [ "0.01332", "113232", "2" ], [ "0.01295", "148835", "1" ], [ "0.01258", "148835", "1" ], [ "0.01221", "421886", "2" ] ],
      "asks" : [ [ "0.01751", "38347", "1" ], [ "0.01752", "44168", "1" ], [ "0.01754", "49083", "1" ], [ "0.01756", "42993", "1" ], [ "0.01758", "11206", "1" ], [ "0.01760", "51703", "1" ], [ "0.01764", "27720", "2" ], [ "0.01770", "47393", "2" ], [ "0.01776", "82795", "2" ], [ "0.01782", "66398", "1" ], [ "0.01788", "103543", "1" ], [ "0.02090", "6895", "1" ], [ "0.02109", "25765", "1" ], [ "0.02146", "67833", "2" ], [ "0.02183", "67833", "2" ], [ "0.02220", "67833", "2" ], [ "0.02257", "241380", "1" ], [ "0.02312", "1903", "1" ], [ "0.02350", "761", "1" ], [ "0.03530", "149257", "2" ], [ "0.03610", "499", "1" ], [ "0.04074", "470", "1" ], [ "0.04100", "499", "1" ], [ "0.04820", "833", "1" ], [ "0.06250", "454", "1" ], [ "0.07000", "581", "1" ], [ "0.07525", "2000", "1" ], [ "0.07680", "4500", "1" ], [ "0.08500", "291", "1" ], [ "0.30520", "84", "1" ], [ "0.30866", "4", "1" ], [ "0.32700", "56", "1" ], [ "0.44000", "729", "1" ], [ "0.50000", "90", "1" ] ],
      "t" : 1756460186359
    } ],
    "instrument_name" : "ARC_USD"
  }
}