{
  "id" : -1,
  "method" : "public/get-book",
  "code" : 0,
  "result" : {
    "depth" : 50,
    "data" : [ {
      "bids" : [ [ "0.0053720", "130443", "1" ], [ "0.0053705", "1551", "1" ], [ "0.0053690", "127708", "1" ], [ "0.0053633", "166933", "1" ], [ "0.0053622", "32227", "1" ], [ "0.0053620", "144093", "1" ], [ "0.0053550", "160377", "1" ], [ "0.0053541", "91148", "1" ], [ "0.0053461", "3154", "1" ], [ "0.0053460", "148318", "1" ], [ "0.0053379", "215671", "1" ], [ "0.0053298", "272958", "1" ], [ "0.0053247", "3042", "1" ], [ "0.0053217", "339452", "1" ], [ "0.0053154", "3063", "1" ], [ "0.0052945", "3054", "1" ], [ "0.0043036", "22835", "1" ], [ "0.0042960", "114476", "1" ], [ "0.0041886", "340966", "1" ], [ "0.0040812", "574846", "2" ], [ "0.0039738", "340966", "1" ], [ "0.0038664", "1132133", "2" ] ],
      "asks" : [ [ "0.0053953", "1596", "1" ], [ "0.0054047", "130443", "1" ], [ "0.0054110", "152023", "1" ], [ "0.0054133", "166933", "1" ], [ "0.0054165", "3087", "1" ], [ "0.0054180", "167319", "1" ], [ "0.0054189", "27998", "1" ], [ "0.0054250", "161152", "1" ], [ "0.0054269", "11526", "1" ], [ "0.0054270", "86787", "1" ], [ "0.0054301", "3172", "1" ], [ "0.0054351", "145990", "1" ], [ "0.0054432", "211284", "1" ], [ "0.0054513", "276557", "1" ], [ "0.0054594", "329654", "1" ], [ "0.0054764", "3108", "1" ], [ "0.0054983", "3118", "1" ], [ "0.0056600", "1682", "1" ], [ "0.0060800", "3617", "1" ], [ "0.0064765", "22835", "1" ], [ "0.0065514", "84123", "1" ], [ "0.0066588", "236630", "2" ], [ "0.0067662", "236630", "1" ], [ "0.0068736", "193437", "1" ], [ "0.0069810", "624084", "2" ], [ "0.0115700", "19060", "1" ], [ "0.0140000", "1470", "1" ], [ "0.0200000", "52575", "2" ], [ "0.0201500", "1000", "1" ] ],
      "t" : 1756459950204
    } ],
    "instrument_name" : "ARCH_USD"
  }
}