{
  "id" : -1,
  "method" : "public/get-book",
  "code" : 0,
  "result" : {
    "depth" : 50,
    "data" : [ {
      "bids" : [ [ "0.01744", "20", "2" ], [ "0.01742", "5800", "2" ], [ "0.01741", "2870", "1" ], [ "0.01740", "2870", "1" ], [ "0.01739", "2870", "1" ], [ "0.01738", "2860", "1" ], [ "0.01735", "7200", "1" ], [ "0.01734", "7200", "1" ], [ "0.01733", "42010", "2" ], [ "0.01732", "7210", "1" ], [ "0.01730", "8670", "1" ], [ "0.01729", "8670", "1" ], [ "0.01728", "8680", "1" ], [ "0.01727", "8680", "1" ], [ "0.01726", "8690", "1" ], [ "0.01725", "8690", "1" ] ],
      "asks" : [ [ "0.01745", "10", "1" ], [ "0.01746", "10", "1" ], [ "0.01752", "2850", "1" ], [ "0.01753", "2850", "1" ], [ "0.01754", "93400", "3" ], [ "0.01755", "8510", "2" ], [ "0.01758", "43350", "2" ], [ "0.01759", "7100", "1" ], [ "0.01760", "7100", "1" ], [ "0.01761", "7090", "1" ], [ "0.01762", "8510", "1" ], [ "0.01763", "8500", "1" ], [ "0.01764", "8500", "1" ], [ "0.01765", "8490", "1" ], [ "0.01766", "8490", "1" ], [ "0.01767", "8480", "1" ] ],
      "t" : 1756460196896
    } ],
    "instrument_name" : "ARCUSD-PERP"
  }
}