{
  "id" : -1,
  "method" : "public/get-book",
  "code" : 0,
  "result" : {
    "depth" : 50,
    "data" : [ {
      "bids" : [ [ "0.43570", "1532.0", "1" ], [ "0.43552", "1563.4", "1" ], [ "0.43520", "1563.4", "1" ], [ "0.43488", "1477.1", "1" ], [ "0.43473", "1961.0", "1" ], [ "0.43470", "1131.8", "1" ], [ "0.43401", "2954.6", "2" ], [ "0.43332", "5191.1", "3" ], [ "0.43263", "5191.1", "2" ], [ "0.43194", "9383.9", "2" ], [ "0.43125", "9383.9", "1" ], [ "0.42922", "66.5", "1" ], [ "0.41875", "34.5", "1" ], [ "0.40854", "649.2", "1" ], [ "0.40853", "69.9", "1" ], [ "0.39856", "71.6", "1" ], [ "0.38884", "73.4", "1" ], [ "0.37935", "75.3", "1" ], [ "0.37009", "77.1", "1" ], [ "0.36107", "79.1", "1" ], [ "0.35226", "81.0", "1" ], [ "0.34843", "273.1", "1" ], [ "0.34770", "1545.4", "1" ], [ "0.34366", "83.1", "1" ], [ "0.33855", "4114.1", "2" ], [ "0.33528", "85.2", "1" ], [ "0.32940", "4114.1", "1" ], [ "0.32710", "87.3", "1" ], [ "0.32025", "18645.9", "2" ], [ "0.31912", "89.5", "1" ], [ "0.31133", "91.7", "1" ], [ "0.31110", "46396.4", "2" ], [ "0.30373", "94.0", "1" ], [ "0.29632", "96.4", "1" ], [ "0.28909", "98.8", "1" ], [ "0.28204", "101.2", "1" ], [ "0.27516", "103.8", "1" ], [ "0.26845", "106.4", "1" ], [ "0.26190", "109.0", "1" ], [ "0.25551", "111.8", "1" ], [ "0.24927", "114.5", "1" ], [ "0.24319", "117.4", "1" ], [ "0.23726", "120.4", "1" ], [ "0.23147", "123.4", "1" ], [ "0.22582", "126.4", "1" ], [ "0.22031", "129.6", "1" ], [ "0.21494", "132.9", "1" ], [ "0.20969", "136.2", "1" ], [ "0.20458", "139.6", "1" ], [ "0.19959", "143.1", "1" ] ],
      "asks" : [ [ "0.43702", "38.0", "1" ], [ "0.43703", "1532.0", "1" ], [ "0.43712", "1230.3", "1" ], [ "0.43744", "1772.1", "1" ], [ "0.43776", "1991.5", "1" ], [ "0.43780", "1961.0", "1" ], [ "0.43815", "1083.7", "1" ], [ "0.43884", "3083.9", "1" ], [ "0.43953", "7168.2", "1" ], [ "0.44022", "9330.2", "1" ], [ "0.44091", "11602.7", "1" ], [ "0.44160", "11602.7", "1" ], [ "0.45534", "64.8", "1" ], [ "0.46673", "33.4", "1" ], [ "0.47840", "2.4", "1" ], [ "0.49037", "60.0", "1" ], [ "0.50263", "58.7", "1" ], [ "0.51520", "57.2", "1" ], [ "0.52331", "273.1", "1" ], [ "0.52808", "55.7", "1" ], [ "0.53070", "1059.0", "1" ], [ "0.53985", "2513.5", "2" ], [ "0.54129", "54.5", "1" ], [ "0.54900", "4581.1", "3" ], [ "0.55483", "53.1", "1" ], [ "0.55815", "9313.8", "4" ], [ "0.56730", "26615.0", "1" ], [ "0.56871", "51.7", "1" ], [ "0.58293", "50.6", "1" ], [ "0.59750", "3.3", "1" ], [ "0.60000", "39.9", "1" ], [ "0.61245", "48.1", "1" ], [ "0.62776", "46.9", "1" ], [ "0.64346", "45.7", "1" ], [ "0.65956", "44.7", "1" ], [ "0.67605", "43.7", "1" ], [ "0.69296", "42.5", "1" ], [ "0.71028", "41.5", "1" ], [ "0.72312", "30.9", "1" ], [ "0.72500", "9.0", "1" ], [ "0.74120", "39.5", "1" ], [ "0.75000", "500.0", "1" ], [ "0.75975", "38.5", "1" ], [ "0.77875", "37.6", "1" ], [ "0.79822", "36.7", "1" ], [ "0.80000", "40.0", "1" ], [ "0.81818", "35.8", "1" ], [ "0.82000", "70.7", "1" ], [ "0.82500", "144.8", "1" ], [ "0.83865", "35.0", "1" ] ],
      "t" : 1756460200531
    } ],
    "instrument_name" : "ARK_USD"
  }
}