{
  "id" : -1,
  "method" : "public/get-book",
  "code" : 0,
  "result" : {
    "depth" : 50,
    "data" : [ {
      "bids" : [ [ "0.43584", "10", "1" ], [ "0.43579", "10", "1" ], [ "0.43533", "220", "1" ], [ "0.43443", "110", "1" ], [ "0.43435", "230", "1" ], [ "0.43434", "110", "1" ], [ "0.43432", "1670", "1" ], [ "0.43425", "110", "1" ], [ "0.43416", "110", "1" ], [ "0.43408", "1600", "1" ], [ "0.43361", "2820", "1" ], [ "0.43354", "1150", "1" ], [ "0.43289", "490", "1" ], [ "0.43216", "380", "1" ], [ "0.43143", "480", "2" ], [ "0.43070", "590", "2" ], [ "0.42997", "530", "2" ], [ "0.40000", "300", "1" ], [ "0.34840", "1090", "1" ], [ "0.34428", "510", "1" ], [ "0.33522", "1310", "1" ], [ "0.32616", "2100", "1" ], [ "0.31710", "2990", "1" ], [ "0.30804", "3940", "1" ], [ "0.29898", "4730", "1" ] ],
      "asks" : [ [ "0.43596", "10", "1" ], [ "0.43612", "10", "1" ], [ "0.43740", "110", "1" ], [ "0.43748", "10", "1" ], [ "0.43749", "110", "1" ], [ "0.43752", "1670", "1" ], [ "0.43758", "110", "1" ], [ "0.43776", "110", "1" ], [ "0.43795", "1150", "1" ], [ "0.43800", "340", "1" ], [ "0.43843", "1830", "1" ], [ "0.43873", "470", "1" ], [ "0.43896", "1150", "1" ], [ "0.43946", "1360", "3" ], [ "0.44019", "470", "2" ], [ "0.44092", "2470", "4" ], [ "0.44238", "3180", "2" ], [ "0.44384", "4090", "2" ], [ "0.44530", "5170", "2" ], [ "0.52320", "1090", "1" ], [ "0.52548", "350", "1" ], [ "0.53454", "1370", "2" ], [ "0.54360", "2100", "3" ], [ "0.55266", "3060", "4" ], [ "0.56172", "3890", "4" ], [ "0.57078", "4800", "4" ] ],
      "t" : 1756460211086
    } ],
    "instrument_name" : "ARKUSD-PERP"
  }
}