{
  "id" : -1,
  "method" : "public/get-book",
  "code" : 0,
  "result" : {
    "depth" : 50,
    "data" : [ {
      "bids" : [ [ "0.022153", "10", "1" ], [ "0.022140", "9030", "1" ], [ "0.022132", "10", "1" ], [ "0.022080", "2260", "1" ], [ "0.022076", "2260", "1" ], [ "0.022072", "2260", "1" ], [ "0.022068", "2260", "1" ], [ "0.022034", "30490", "2" ], [ "0.022011", "26840", "1" ], [ "0.021988", "29080", "1" ], [ "0.021965", "34370", "1" ], [ "0.021942", "40650", "1" ], [ "0.021919", "47150", "1" ], [ "0.021638", "43550", "1" ], [ "0.021620", "48940", "1" ], [ "0.021574", "93080", "2" ], [ "0.021528", "133350", "3" ], [ "0.021482", "168140", "4" ], [ "0.021436", "211720", "2" ], [ "0.017728", "21780", "1" ], [ "0.017366", "21170", "1" ], [ "0.016909", "67970", "1" ], [ "0.016452", "112490", "1" ], [ "0.015995", "154430", "1" ], [ "0.015538", "197880", "1" ], [ "0.015081", "240520", "1" ] ],
      "asks" : [ [ "0.022160", "10", "1" ], [ "0.022161", "10", "1" ], [ "0.022212", "9000", "1" ], [ "0.022224", "2240", "1" ], [ "0.022228", "2240", "1" ], [ "0.022232", "2240", "1" ], [ "0.022236", "2240", "1" ], [ "0.022271", "23800", "1" ], [ "0.022296", "43550", "1" ], [ "0.022302", "30490", "1" ], [ "0.022310", "63330", "2" ], [ "0.022333", "27990", "2" ], [ "0.022356", "126960", "5" ], [ "0.022379", "37840", "1" ], [ "0.022402", "166750", "3" ], [ "0.022448", "166400", "2" ], [ "0.022494", "214900", "2" ], [ "0.026604", "21780", "1" ], [ "0.026963", "20890", "1" ], [ "0.027420", "65930", "2" ], [ "0.027877", "109270", "3" ], [ "0.028334", "152170", "3" ], [ "0.028791", "193890", "3" ], [ "0.029248", "242660", "1" ] ],
      "t" : 1756460218270
    } ],
    "instrument_name" : "ARPAUSD-PERP"
  }
}