{
  "id" : -1,
  "method" : "public/get-book",
  "code" : 0,
  "result" : {
    "depth" : 50,
    "data" : [ {
      "bids" : [ [ "0.021772", "680", "1" ], [ "0.021228", "4710", "1" ], [ "0.021227", "21790", "1" ], [ "0.021223", "1060", "1" ], [ "0.021221", "19420", "1" ], [ "0.020672", "28990", "1" ], [ "0.020658", "26180", "1" ], [ "0.020636", "30130", "1" ], [ "0.020614", "37210", "1" ], [ "0.020342", "20660", "1" ], [ "0.020277", "17940", "1" ], [ "0.019972", "37050", "1" ], [ "0.019943", "16910", "1" ], [ "0.019906", "42450", "1" ], [ "0.019869", "71120", "1" ], [ "0.019832", "102580", "1" ], [ "0.019795", "131300", "1" ], [ "0.019758", "161060", "1" ], [ "0.017729", "5230", "1" ], [ "0.017568", "24400", "1" ], [ "0.017081", "6050", "1" ], [ "0.017080", "83610", "1" ], [ "0.016592", "132940", "1" ], [ "0.016104", "315540", "1" ], [ "0.015616", "969230", "1" ], [ "0.001930", "520", "1" ] ],
      "asks" : [ [ "0.022335", "860", "1" ], [ "0.022474", "270", "1" ], [ "0.022546", "5420", "1" ], [ "0.022547", "28990", "1" ], [ "0.022550", "23820", "1" ], [ "0.022554", "37050", "1" ], [ "0.022570", "13910", "1" ], [ "0.022572", "33000", "1" ], [ "0.022594", "37070", "1" ], [ "0.022607", "41870", "1" ], [ "0.022644", "68540", "1" ], [ "0.022681", "98790", "1" ], [ "0.022718", "129350", "1" ], [ "0.022755", "158470", "1" ], [ "0.026610", "5230", "1" ], [ "0.026839", "10630", "1" ], [ "0.026840", "14900", "1" ], [ "0.027328", "53570", "2" ], [ "0.027816", "53570", "2" ], [ "0.028304", "191200", "3" ], [ "0.028792", "426320", "4" ], [ "0.047115", "30", "1" ], [ "0.056969", "27050", "1" ], [ "0.060000", "20", "1" ], [ "0.063890", "51660", "1" ], [ "0.071152", "20", "1" ], [ "0.090000", "30", "1" ], [ "0.097000", "70", "1" ], [ "0.106999", "80", "1" ], [ "0.107999", "80", "1" ], [ "0.108999", "80", "1" ], [ "0.109999", "80", "1" ], [ "0.110000", "7800", "2" ], [ "0.110999", "80", "1" ], [ "0.111999", "80", "1" ], [ "0.112999", "80", "1" ], [ "0.113999", "80", "1" ], [ "0.114999", "80", "1" ], [ "0.115000", "10", "1" ], [ "0.115227", "10", "1" ], [ "0.115999", "80", "1" ], [ "0.116999", "80", "1" ], [ "0.117999", "80", "1" ], [ "0.118999", "80", "1" ], [ "0.119999", "80", "1" ], [ "0.120000", "10", "1" ], [ "0.120999", "80", "1" ], [ "0.121999", "80", "1" ], [ "0.122999", "80", "1" ], [ "0.123999", "80", "1" ] ],
      "t" : 1756460214153
    } ],
    "instrument_name" : "ARPA_USD"
  }
}