{
  "id" : -1,
  "method" : "public/get-book",
  "code" : 0,
  "result" : {
    "depth" : 50,
    "data" : [ {
      "bids" : [ [ "0.02398", "9982", "1" ], [ "0.02396", "68454", "1" ], [ "0.02395", "28835", "1" ], [ "0.02394", "28835", "1" ], [ "0.02393", "36954", "1" ], [ "0.02392", "13774", "1" ], [ "0.02391", "36940", "1" ], [ "0.02388", "81847", "3" ], [ "0.02384", "76574", "3" ], [ "0.02380", "135551", "4" ], [ "0.02377", "20921", "1" ], [ "0.02376", "135551", "1" ], [ "0.02363", "21556", "1" ], [ "0.02344", "21044", "1" ], [ "0.01920", "5150", "1" ], [ "0.01911", "29187", "1" ], [ "0.01862", "81698", "2" ], [ "0.01813", "107535", "1" ], [ "0.01764", "107535", "1" ], [ "0.01715", "393938", "2" ] ],
      "asks" : [ [ "0.02402", "3120", "2" ], [ "0.02403", "61113", "2" ], [ "0.02404", "56462", "1" ], [ "0.02406", "28835", "1" ], [ "0.02408", "3035", "1" ], [ "0.02409", "65789", "2" ], [ "0.02412", "46313", "2" ], [ "0.02415", "33615", "1" ], [ "0.02416", "42126", "2" ], [ "0.02420", "75383", "2" ], [ "0.02424", "75383", "1" ], [ "0.02428", "151294", "3" ], [ "0.02448", "17594", "2" ], [ "0.02468", "16964", "2" ], [ "0.02882", "5150", "1" ], [ "0.02891", "15641", "1" ], [ "0.02940", "49541", "2" ], [ "0.02989", "85380", "4" ], [ "0.03038", "49541", "2" ], [ "0.03087", "227718", "3" ], [ "0.03654", "29", "1" ], [ "0.04271", "4197", "1" ], [ "0.05100", "500", "1" ], [ "0.05500", "500", "1" ], [ "0.06900", "160", "1" ], [ "0.09500", "112", "1" ], [ "0.09671", "10", "1" ], [ "0.10000", "10000", "1" ], [ "0.12250", "10", "1" ], [ "0.13000", "7878", "1" ], [ "0.15000", "10150", "2" ], [ "0.17000", "5000", "1" ], [ "0.20000", "6265", "3" ], [ "0.22800", "22775", "1" ], [ "0.27001", "5000", "1" ], [ "0.30000", "150", "1" ], [ "0.50000", "9", "1" ], [ "0.80000", "15", "1" ], [ "0.90000", "600", "1" ] ],
      "t" : 1756460208732
    } ],
    "instrument_name" : "ASTR_USD"
  }
}