{
  "id" : -1,
  "method" : "public/get-book",
  "code" : 0,
  "result" : {
    "depth" : 50,
    "data" : [ {
      "bids" : [ [ "0.02398", "9821", "1" ], [ "0.02397", "459", "1" ], [ "0.02396", "39002", "1" ], [ "0.02395", "28835", "1" ], [ "0.02394", "28835", "1" ], [ "0.02393", "36954", "1" ], [ "0.02392", "13565", "1" ], [ "0.02391", "33726", "1" ], [ "0.02389", "3447", "1" ], [ "0.02388", "81101", "3" ], [ "0.02384", "47375", "2" ], [ "0.02380", "106747", "3" ], [ "0.02377", "21932", "1" ], [ "0.02376", "132752", "1" ], [ "0.02363", "20994", "1" ], [ "0.02344", "21751", "1" ], [ "0.01920", "5150", "1" ], [ "0.01911", "31862", "1" ], [ "0.01862", "78539", "2" ], [ "0.01813", "134942", "2" ], [ "0.01764", "135975", "1" ], [ "0.01715", "398847", "2" ] ],
      "asks" : [ [ "0.02402", "2471", "1" ], [ "0.02403", "9527", "1" ], [ "0.02405", "39002", "1" ], [ "0.02406", "28835", "1" ], [ "0.02408", "36954", "1" ], [ "0.02409", "28835", "1" ], [ "0.02412", "49695", "2" ], [ "0.02415", "36503", "1" ], [ "0.02416", "44212", "2" ], [ "0.02420", "44212", "1" ], [ "0.02424", "71858", "1" ], [ "0.02428", "147710", "2" ], [ "0.02448", "17516", "1" ], [ "0.02468", "17627", "1" ], [ "0.02882", "5150", "1" ], [ "0.02891", "19722", "1" ], [ "0.02940", "47285", "2" ], [ "0.02989", "85745", "3" ], [ "0.03038", "85745", "3" ], [ "0.03087", "217003", "4" ], [ "0.15000", "132", "1" ], [ "0.18340", "1145", "1" ], [ "0.19700", "99", "1" ], [ "0.39700", "74", "1" ] ],
      "t" : 1756460224740
    } ],
    "instrument_name" : "ASTR_USDT"
  }
}