{
  "id" : -1,
  "method" : "public/get-book",
  "code" : 0,
  "result" : {
    "depth" : 50,
    "data" : [ {
      "bids" : [ [ "0.02402", "10", "1" ], [ "0.02401", "10", "1" ], [ "0.02398", "8340", "1" ], [ "0.02395", "11910", "1" ], [ "0.02394", "33040", "1" ], [ "0.02393", "27660", "1" ], [ "0.02391", "29130", "1" ], [ "0.02390", "2090", "1" ], [ "0.02389", "2090", "1" ], [ "0.02388", "33620", "3" ], [ "0.02387", "2090", "1" ], [ "0.02385", "34750", "2" ], [ "0.02383", "39510", "1" ], [ "0.02382", "79290", "5" ], [ "0.02379", "36480", "1" ], [ "0.02376", "73730", "3" ], [ "0.02370", "115540", "4" ], [ "0.02364", "153780", "5" ], [ "0.02358", "195860", "5" ], [ "0.01920", "19760", "1" ], [ "0.01887", "22390", "1" ], [ "0.01836", "62760", "1" ], [ "0.01785", "101230", "1" ], [ "0.01734", "139070", "1" ], [ "0.01683", "180030", "1" ], [ "0.01632", "218720", "1" ] ],
      "asks" : [ [ "0.02403", "10", "1" ], [ "0.02404", "10", "1" ], [ "0.02406", "8310", "1" ], [ "0.02408", "47010", "3" ], [ "0.02409", "2070", "1" ], [ "0.02410", "2070", "1" ], [ "0.02411", "29730", "2" ], [ "0.02412", "30090", "2" ], [ "0.02413", "39510", "1" ], [ "0.02415", "33600", "3" ], [ "0.02418", "70140", "4" ], [ "0.02421", "37670", "4" ], [ "0.02424", "112570", "3" ], [ "0.02430", "126070", "2" ], [ "0.02436", "153440", "2" ], [ "0.02442", "193350", "2" ], [ "0.02882", "19760", "1" ], [ "0.02907", "18210", "1" ], [ "0.02958", "61510", "2" ], [ "0.03009", "95020", "3" ], [ "0.03060", "137780", "4" ], [ "0.03111", "174060", "4" ], [ "0.03162", "214830", "4" ] ],
      "t" : 1756460233471
    } ],
    "instrument_name" : "ASTRUSD-PERP"
  }
}