{
  "id" : -1,
  "method" : "public/get-book",
  "code" : 0,
  "result" : {
    "depth" : 50,
    "data" : [ {
      "bids" : [ [ "0.031061", "3000", "1" ], [ "0.031049", "5999", "1" ], [ "0.031048", "4576", "1" ], [ "0.031047", "10000", "1" ], [ "0.031040", "13189", "1" ], [ "0.031007", "6597", "1" ], [ "0.030976", "4366", "1" ], [ "0.030960", "4999", "1" ], [ "0.030944", "10000", "1" ], [ "0.030925", "33721", "1" ], [ "0.030924", "4609", "1" ], [ "0.030922", "5590", "1" ], [ "0.030919", "7420", "1" ], [ "0.030898", "5879", "2" ], [ "0.030897", "36783", "3" ], [ "0.030889", "34300", "1" ], [ "0.030888", "8736", "2" ], [ "0.030870", "25666", "2" ], [ "0.030840", "260342", "1" ], [ "0.030836", "18977", "1" ], [ "0.030821", "42852", "2" ], [ "0.030799", "354082", "1" ], [ "0.030772", "42852", "1" ], [ "0.030769", "243482", "1" ], [ "0.030710", "3100", "1" ], [ "0.030676", "81077", "1" ], [ "0.030577", "101234", "1" ], [ "0.030555", "1021709", "1" ], [ "0.030548", "86944", "1" ], [ "0.030524", "9300", "1" ], [ "0.030515", "1021709", "1" ], [ "0.030429", "985", "1" ], [ "0.030026", "999", "1" ], [ "0.029610", "1013", "1" ], [ "0.029216", "1026", "1" ], [ "0.028812", "1041", "1" ], [ "0.028409", "1056", "1" ], [ "0.028004", "1071", "1" ], [ "0.027599", "1086", "1" ], [ "0.026000", "1036", "1" ], [ "0.024826", "3893", "1" ], [ "0.024396", "21039", "1" ], [ "0.024000", "31251", "1" ], [ "0.023754", "64391", "1" ], [ "0.023112", "64391", "1" ], [ "0.022470", "64391", "1" ], [ "0.021828", "166197", "1" ] ],
      "asks" : [ [ "0.031083", "7000", "1" ], [ "0.031091", "10000", "1" ], [ "0.031103", "13001", "1" ], [ "0.031104", "6282", "1" ], [ "0.031175", "4366", "1" ], [ "0.031176", "4231", "1" ], [ "0.031195", "10000", "1" ], [ "0.031210", "5590", "1" ], [ "0.031212", "4231", "1" ], [ "0.031213", "9668", "1" ], [ "0.031237", "970", "1" ], [ "0.031247", "2127", "1" ], [ "0.031248", "4231", "1" ], [ "0.031257", "7316", "1" ], [ "0.031258", "22849", "1" ], [ "0.031262", "26280", "2" ], [ "0.031273", "620", "1" ], [ "0.031293", "14971", "1" ], [ "0.031311", "44959", "3" ], [ "0.031313", "350084", "1" ], [ "0.031328", "256708", "1" ], [ "0.031360", "44959", "2" ], [ "0.031372", "242734", "1" ], [ "0.031396", "35006", "1" ], [ "0.031460", "3100", "1" ], [ "0.031509", "89360", "1" ], [ "0.031570", "990868", "1" ], [ "0.031611", "1082297", "2" ], [ "0.031642", "958", "1" ], [ "0.031646", "9300", "1" ], [ "0.032046", "947", "1" ], [ "0.032452", "934", "1" ], [ "0.032856", "922", "1" ], [ "0.033260", "911", "1" ], [ "0.033666", "900", "1" ], [ "0.034070", "890", "1" ], [ "0.034474", "879", "1" ], [ "0.034880", "869", "1" ], [ "0.035284", "859", "1" ], [ "0.035688", "848", "1" ], [ "0.036000", "25000", "1" ], [ "0.036094", "839", "1" ], [ "0.036498", "829", "1" ], [ "0.036600", "472", "1" ], [ "0.036902", "820", "1" ], [ "0.037199", "464", "1" ], [ "0.037268", "3893", "1" ], [ "0.037308", "810", "1" ], [ "0.037713", "803", "1" ], [ "0.037800", "458", "1" ] ],
      "t" : 1756460237371
    } ],
    "instrument_name" : "ATH_USD"
  }
}