{
  "id" : -1,
  "method" : "public/get-book",
  "code" : 0,
  "result" : {
    "depth" : 50,
    "data" : [ {
      "bids" : [ [ "0.00004156", "18.64", "1" ], [ "0.00004155", "145.77", "2" ], [ "0.00004152", "434.81", "1" ], [ "0.00004151", "3281.85", "1" ], [ "0.00004122", "1.74", "2" ], [ "0.00004116", "9.97", "1" ], [ "0.00004115", "3281.85", "1" ], [ "0.00004104", "30.74", "1" ], [ "0.00004094", "39.37", "1" ], [ "0.00004092", "28.77", "1" ], [ "0.00004091", "42.80", "1" ], [ "0.00004084", "4.22", "1" ], [ "0.00004082", "7.09", "1" ], [ "0.00004070", "39.51", "1" ], [ "0.00004059", "4375.80", "1" ], [ "0.00004056", "19.94", "1" ], [ "0.00004048", "38.45", "1" ], [ "0.00004044", "26.00", "1" ], [ "0.00004030", "34.66", "2" ], [ "0.00004021", "4.28", "1" ], [ "0.00004004", "47.97", "2" ], [ "0.00004000", "5.00", "1" ], [ "0.00003999", "40.00", "1" ], [ "0.00003978", "62.10", "2" ], [ "0.00003960", "4.35", "1" ], [ "0.00003952", "47.97", "1" ], [ "0.00003950", "5.00", "1" ], [ "0.00003898", "4.42", "1" ], [ "0.00003835", "4.49", "1" ], [ "0.00003800", "10.00", "2" ], [ "0.00003776", "100.00", "1" ], [ "0.00003774", "4.56", "1" ], [ "0.00003750", "5.00", "1" ], [ "0.00003711", "4.64", "1" ], [ "0.00003700", "5.00", "1" ], [ "0.00003650", "5.00", "1" ], [ "0.00003649", "4.72", "1" ], [ "0.00003625", "1.00", "1" ], [ "0.00003600", "1.00", "1" ], [ "0.00003580", "5.00", "1" ], [ "0.00003575", "1.00", "1" ], [ "0.00003550", "1.00", "1" ], [ "0.00003525", "1.00", "1" ], [ "0.00003500", "11.00", "2" ], [ "0.00003327", "27.40", "1" ], [ "0.00003280", "165.45", "1" ], [ "0.00003198", "417.01", "2" ], [ "0.00003116", "702.84", "2" ], [ "0.00003034", "168.08", "1" ], [ "0.00002952", "467.29", "1" ] ],
      "asks" : [ [ "0.00004163", "0.43", "1" ], [ "0.00004164", "5.90", "1" ], [ "0.00004165", "3281.85", "1" ], [ "0.00004168", "106.99", "1" ], [ "0.00004201", "3281.85", "1" ], [ "0.00004202", "0.87", "1" ], [ "0.00004203", "0.87", "1" ], [ "0.00004207", "4.14", "1" ], [ "0.00004220", "30.74", "1" ], [ "0.00004224", "31.52", "1" ], [ "0.00004231", "39.37", "1" ], [ "0.00004232", "4375.80", "1" ], [ "0.00004238", "6.79", "1" ], [ "0.00004244", "3.17", "1" ], [ "0.00004246", "37.07", "1" ], [ "0.00004248", "22.54", "1" ], [ "0.00004264", "19.71", "1" ], [ "0.00004268", "42.31", "1" ], [ "0.00004270", "4.08", "1" ], [ "0.00004288", "3.14", "1" ], [ "0.00004290", "31.15", "1" ], [ "0.00004313", "50.00", "1" ], [ "0.00004316", "45.36", "2" ], [ "0.00004331", "3.10", "1" ], [ "0.00004333", "4.24", "1" ], [ "0.00004342", "58.38", "2" ], [ "0.00004350", "54.00", "2" ], [ "0.00004368", "69.83", "2" ], [ "0.00004370", "44.91", "1" ], [ "0.00004376", "3.07", "1" ], [ "0.00004419", "3.04", "1" ], [ "0.00004430", "10.00", "1" ], [ "0.00004450", "20.00", "1" ], [ "0.00004463", "3.01", "1" ], [ "0.00004508", "2.98", "1" ], [ "0.00004551", "2.95", "1" ], [ "0.00004596", "2.92", "1" ], [ "0.00004640", "2.90", "1" ], [ "0.00004683", "2.87", "1" ], [ "0.00004717", "19.17", "1" ], [ "0.00004728", "2.84", "1" ], [ "0.00004771", "2.82", "1" ], [ "0.00004815", "2.79", "1" ], [ "0.00004860", "2.76", "1" ], [ "0.00004903", "2.74", "1" ], [ "0.00004917", "51.33", "1" ], [ "0.00004948", "2.71", "1" ], [ "0.00004979", "3.90", "1" ], [ "0.00004992", "30.09", "2" ], [ "0.00005001", "4.20", "1" ] ],
      "t" : 1756460239262
    } ],
    "instrument_name" : "ATOM_BTC"
  }
}