{
  "id" : -1,
  "method" : "public/get-book",
  "code" : 0,
  "result" : {
    "depth" : 50,
    "data" : [ {
      "bids" : [ [ "0.06228", "1990", "1" ], [ "0.06227", "10183", "1" ], [ "0.06211", "10800", "1" ], [ "0.06198", "14469", "1" ], [ "0.06197", "5617", "2" ], [ "0.06195", "9610", "1" ], [ "0.06192", "5721", "1" ], [ "0.06191", "13866", "1" ], [ "0.06174", "10667", "1" ], [ "0.06169", "6130", "1" ], [ "0.06153", "11329", "1" ], [ "0.06138", "17446", "1" ], [ "0.06107", "27944", "2" ], [ "0.06077", "316", "1" ], [ "0.06076", "40155", "2" ], [ "0.06059", "138", "1" ], [ "0.06045", "49408", "2" ], [ "0.06015", "213", "1" ], [ "0.06014", "61884", "2" ], [ "0.06008", "258", "1" ], [ "0.05518", "230", "1" ], [ "0.05000", "1919", "1" ], [ "0.04940", "8800", "1" ], [ "0.04810", "28400", "2" ], [ "0.04680", "51167", "2" ], [ "0.04550", "15468", "1" ], [ "0.04420", "57736", "1" ] ],
      "asks" : [ [ "0.06289", "1066", "1" ], [ "0.06290", "7364", "1" ], [ "0.06291", "16853", "1" ], [ "0.06292", "9137", "1" ], [ "0.06294", "20868", "1" ], [ "0.06295", "6811", "1" ], [ "0.06306", "10800", "1" ], [ "0.06321", "9021", "1" ], [ "0.06325", "13866", "1" ], [ "0.06342", "12432", "1" ], [ "0.06355", "4666", "1" ], [ "0.06363", "11156", "1" ], [ "0.06386", "16797", "1" ], [ "0.06417", "26918", "1" ], [ "0.06443", "163", "1" ], [ "0.06448", "37584", "2" ], [ "0.06478", "666", "2" ], [ "0.06479", "48665", "2" ], [ "0.06493", "328", "1" ], [ "0.06510", "37584", "1" ], [ "0.06551", "169", "1" ], [ "0.06571", "208", "1" ], [ "0.06609", "169", "1" ], [ "0.06687", "169", "1" ], [ "0.06712", "305", "1" ], [ "0.06713", "19192", "1" ], [ "0.06714", "1728", "1" ], [ "0.06835", "181", "1" ], [ "0.06930", "181", "1" ], [ "0.07331", "125", "1" ], [ "0.07380", "66", "1" ], [ "0.07501", "1012", "1" ], [ "0.07514", "1919", "1" ], [ "0.07540", "6073", "1" ], [ "0.07670", "19209", "2" ], [ "0.07800", "19209", "2" ], [ "0.07930", "10771", "2" ], [ "0.08000", "149", "1" ], [ "0.08060", "31624", "2" ], [ "0.09500", "5896", "1" ], [ "0.12000", "5073", "1" ], [ "0.13000", "1240", "1" ], [ "0.13500", "151", "1" ], [ "0.14110", "1681", "1" ], [ "0.16000", "5524", "2" ], [ "0.17000", "3100", "1" ], [ "0.17913", "5", "1" ], [ "0.18000", "4508", "1" ], [ "0.19500", "2700", "1" ], [ "0.20000", "282", "1" ] ],
      "t" : 1756460245105
    } ],
    "instrument_name" : "AUDIO_USD"
  }
}