{
  "id" : -1,
  "method" : "public/get-book",
  "code" : 0,
  "result" : {
    "depth" : 50,
    "data" : [ {
      "bids" : [ [ "0.06221", "6743", "1" ], [ "0.06220", "4869", "1" ], [ "0.06214", "1147", "1" ], [ "0.06211", "10800", "1" ], [ "0.06195", "10295", "1" ], [ "0.06191", "13866", "1" ], [ "0.06180", "4867", "1" ], [ "0.06174", "12532", "1" ], [ "0.06153", "14063", "1" ], [ "0.06150", "16806", "1" ], [ "0.06120", "28373", "1" ], [ "0.06090", "38561", "2" ], [ "0.06060", "50624", "3" ], [ "0.06030", "62249", "3" ], [ "0.06000", "4000", "1" ], [ "0.05000", "1956", "1" ], [ "0.04940", "11950", "1" ], [ "0.04810", "29616", "2" ], [ "0.04680", "49992", "2" ], [ "0.04550", "14953", "1" ], [ "0.04420", "56091", "1" ] ],
      "asks" : [ [ "0.06283", "1789", "1" ], [ "0.06284", "10481", "1" ], [ "0.06286", "20472", "2" ], [ "0.06304", "10800", "1" ], [ "0.06321", "12276", "1" ], [ "0.06323", "13866", "1" ], [ "0.06330", "5647", "1" ], [ "0.06342", "12819", "1" ], [ "0.06360", "15365", "1" ], [ "0.06363", "12702", "1" ], [ "0.06390", "25490", "1" ], [ "0.06420", "36325", "1" ], [ "0.06450", "48200", "2" ], [ "0.06479", "762", "3" ], [ "0.06480", "58496", "2" ], [ "0.06712", "10786", "1" ], [ "0.06713", "8550", "1" ], [ "0.06719", "4091", "1" ], [ "0.07259", "1508", "1" ], [ "0.07512", "1956", "1" ], [ "0.07540", "6333", "1" ], [ "0.07670", "18041", "2" ], [ "0.07800", "32810", "4" ], [ "0.07930", "6333", "1" ], [ "0.08060", "30328", "2" ], [ "0.13550", "230", "1" ], [ "0.14670", "161", "1" ], [ "0.16333", "399", "1" ], [ "0.21653", "72", "1" ], [ "0.22000", "100", "1" ], [ "0.23752", "65", "1" ], [ "0.25852", "59", "1" ], [ "0.27951", "54", "1" ], [ "0.29000", "6000", "1" ], [ "0.30052", "50", "1" ], [ "0.32151", "46", "1" ], [ "0.34253", "43", "1" ], [ "0.40000", "40", "1" ], [ "0.50000", "10", "1" ], [ "0.60800", "25", "1" ], [ "0.78000", "5013", "1" ], [ "0.83000", "42", "1" ], [ "1.19800", "12", "1" ], [ "1.30000", "53", "1" ], [ "2.00000", "23", "1" ] ],
      "t" : 1756460252718
    } ],
    "instrument_name" : "AUDIO_USDT"
  }
}