{
  "id" : -1,
  "method" : "public/get-book",
  "code" : 0,
  "result" : {
    "depth" : 50,
    "data" : [ {
      "bids" : [ [ "0.077791", "39", "1" ], [ "0.077790", "238", "1" ], [ "0.077714", "8884", "1" ], [ "0.077679", "7226", "1" ], [ "0.077616", "9916", "1" ], [ "0.077574", "11401", "1" ], [ "0.077553", "10535", "1" ], [ "0.077469", "7088", "1" ], [ "0.077350", "21348", "1" ], [ "0.077231", "35237", "1" ], [ "0.077112", "46750", "1" ], [ "0.076993", "61179", "1" ], [ "0.076926", "545", "1" ], [ "0.076874", "74205", "1" ], [ "0.076178", "484", "1" ], [ "0.076061", "782", "1" ], [ "0.075419", "5464", "1" ], [ "0.075197", "961", "1" ], [ "0.074333", "1171", "1" ], [ "0.073667", "1131", "1" ], [ "0.073584", "566", "1" ], [ "0.073568", "43", "1" ], [ "0.073560", "33", "1" ], [ "0.073468", "1353", "1" ], [ "0.072604", "1536", "1" ], [ "0.071740", "1650", "1" ], [ "0.071000", "3339", "1" ], [ "0.070875", "1807", "1" ], [ "0.070011", "1995", "1" ], [ "0.070000", "200", "1" ], [ "0.069081", "1206", "1" ], [ "0.069022", "603", "1" ], [ "0.069007", "45", "1" ], [ "0.069000", "2613", "2" ], [ "0.068500", "864", "1" ], [ "0.065000", "66", "2" ], [ "0.064493", "1292", "1" ], [ "0.064458", "646", "1" ], [ "0.064447", "49", "1" ], [ "0.064439", "38", "1" ], [ "0.062254", "1606", "1" ], [ "0.061542", "7644", "1" ], [ "0.059964", "23841", "2" ], [ "0.058386", "33523", "1" ], [ "0.056808", "33523", "1" ], [ "0.055230", "104959", "1" ] ],
      "asks" : [ [ "0.078493", "753", "1" ], [ "0.078571", "1133", "1" ], [ "0.078572", "235", "1" ], [ "0.079445", "534", "1" ], [ "0.080315", "3030", "1" ], [ "0.080316", "4460", "1" ], [ "0.080318", "767", "1" ], [ "0.081191", "968", "1" ], [ "0.081293", "8884", "1" ], [ "0.081333", "8613", "1" ], [ "0.081396", "10681", "1" ], [ "0.081459", "9564", "1" ], [ "0.082064", "1182", "1" ], [ "0.082679", "31", "1" ], [ "0.082691", "39", "1" ], [ "0.082711", "533", "1" ], [ "0.082841", "1064", "1" ], [ "0.082937", "1358", "1" ], [ "0.083810", "1512", "1" ], [ "0.084683", "1684", "1" ], [ "0.085556", "1843", "1" ], [ "0.086129", "11401", "1" ], [ "0.086156", "7965", "1" ], [ "0.086275", "19694", "1" ], [ "0.086394", "47266", "1" ], [ "0.086429", "1939", "1" ], [ "0.086513", "59125", "1" ], [ "0.086632", "74553", "1" ], [ "0.086751", "74553", "1" ], [ "0.087238", "30", "1" ], [ "0.087251", "39", "1" ], [ "0.087275", "519", "1" ], [ "0.087429", "1005", "1" ], [ "0.088141", "845", "1" ], [ "0.088584", "6040", "1" ], [ "0.091800", "30", "1" ], [ "0.091814", "39", "1" ], [ "0.091841", "519", "1" ], [ "0.092020", "1003", "1" ], [ "0.093679", "1606", "1" ], [ "0.094680", "5930", "1" ], [ "0.096258", "16745", "2" ], [ "0.097836", "16745", "2" ], [ "0.099414", "16745", "2" ], [ "0.100000", "15155", "1" ], [ "0.100992", "57925", "3" ], [ "0.102000", "15386", "1" ], [ "0.103500", "1599", "1" ], [ "0.106700", "18944", "1" ], [ "0.107532", "253", "1" ] ],
      "t" : 1756460257321
    } ],
    "instrument_name" : "AURORA_USD"
  }
}