{
  "id" : -1,
  "method" : "public/get-book",
  "code" : 0,
  "result" : {
    "depth" : 50,
    "data" : [ {
      "bids" : [ [ "0.49136", "1", "1" ], [ "0.49110", "1", "1" ], [ "0.49030", "101", "1" ], [ "0.49020", "101", "1" ], [ "0.49010", "102", "1" ], [ "0.49001", "1970", "1" ], [ "0.49000", "98", "1" ], [ "0.48994", "2698", "1" ], [ "0.48944", "2145", "1" ], [ "0.48870", "255", "1" ], [ "0.48868", "4292", "1" ], [ "0.48855", "255", "1" ], [ "0.48840", "255", "1" ], [ "0.48825", "256", "1" ], [ "0.48792", "5896", "2" ], [ "0.48750", "307", "1" ], [ "0.48725", "307", "1" ], [ "0.48716", "8171", "2" ], [ "0.48700", "308", "1" ], [ "0.48675", "308", "1" ], [ "0.48650", "308", "1" ], [ "0.48640", "9666", "1" ], [ "0.48625", "305", "1" ], [ "0.39296", "985", "1" ], [ "0.39116", "4926", "1" ], [ "0.38862", "4926", "1" ], [ "0.38380", "802", "1" ], [ "0.38354", "4926", "1" ], [ "0.38100", "4926", "1" ], [ "0.37370", "3057", "1" ], [ "0.36360", "4873", "1" ], [ "0.35350", "7004", "1" ], [ "0.34340", "9026", "1" ], [ "0.33330", "10989", "1" ] ],
      "asks" : [ [ "0.49235", "1379", "1" ], [ "0.49266", "1014", "1" ], [ "0.49270", "101", "1" ], [ "0.49280", "101", "1" ], [ "0.49290", "101", "1" ], [ "0.49307", "1956", "1" ], [ "0.49308", "1970", "1" ], [ "0.49309", "2698", "1" ], [ "0.49317", "1052", "1" ], [ "0.49320", "101", "1" ], [ "0.49324", "2211", "1" ], [ "0.49368", "1045", "1" ], [ "0.49400", "4251", "2" ], [ "0.49419", "1100", "2" ], [ "0.49440", "252", "1" ], [ "0.49455", "252", "1" ], [ "0.49470", "1667", "3" ], [ "0.49476", "6252", "3" ], [ "0.49500", "252", "1" ], [ "0.49550", "302", "1" ], [ "0.49552", "7638", "3" ], [ "0.49575", "302", "1" ], [ "0.49600", "302", "1" ], [ "0.49625", "302", "1" ], [ "0.49628", "9944", "3" ], [ "0.49650", "302", "1" ], [ "0.49700", "301", "1" ], [ "0.58956", "985", "1" ], [ "0.59182", "4926", "1" ], [ "0.59436", "4926", "1" ], [ "0.59590", "849", "1" ], [ "0.60600", "2940", "2" ], [ "0.61610", "4952", "3" ], [ "0.62620", "6807", "3" ], [ "0.62738", "4926", "1" ], [ "0.62992", "4926", "1" ], [ "0.63630", "8965", "3" ], [ "0.64640", "10737", "3" ] ],
      "t" : 1756460268514
    } ],
    "instrument_name" : "AUSD-PERP"
  }
}