{
  "id" : -1,
  "method" : "public/get-book",
  "code" : 0,
  "result" : {
    "depth" : 50,
    "data" : [ {
      "bids" : [ [ "0.00021561", "0.08", "1" ], [ "0.00021545", "634.57", "1" ], [ "0.00021541", "16.89", "1" ], [ "0.00021533", "3.60", "1" ], [ "0.00021391", "10.11", "1" ], [ "0.00021390", "6.38", "1" ], [ "0.00021388", "72.91", "1" ], [ "0.00021386", "0.17", "1" ], [ "0.00021384", "0.17", "1" ], [ "0.00021360", "59.75", "1" ], [ "0.00021359", "3665.09", "1" ], [ "0.00021355", "5.68", "1" ], [ "0.00021299", "11.36", "1" ], [ "0.00021297", "22.23", "1" ], [ "0.00021275", "9.39", "1" ], [ "0.00021204", "25.64", "1" ], [ "0.00021162", "6467.80", "1" ], [ "0.00021160", "26.13", "1" ], [ "0.00021111", "30.19", "1" ], [ "0.00021045", "42.48", "1" ], [ "0.00020930", "59.83", "2" ], [ "0.00020815", "77.68", "2" ], [ "0.00020700", "93.80", "2" ], [ "0.00020550", "700.00", "1" ], [ "0.00018250", "1.00", "1" ], [ "0.00018000", "1.00", "1" ], [ "0.00017750", "1.00", "1" ], [ "0.00017500", "1.00", "1" ], [ "0.00017273", "5.06", "1" ], [ "0.00017250", "1.00", "1" ], [ "0.00017199", "21.42", "1" ], [ "0.00017000", "5.00", "1" ], [ "0.00016758", "78.21", "1" ], [ "0.00016317", "131.26", "1" ], [ "0.00015876", "881.85", "1" ], [ "0.00015435", "2533.36", "1" ] ],
      "asks" : [ [ "0.00021608", "632.99", "1" ], [ "0.00021648", "16.60", "1" ], [ "0.00021789", "0.17", "1" ], [ "0.00021792", "3.60", "1" ], [ "0.00021796", "0.17", "1" ], [ "0.00021801", "11.42", "1" ], [ "0.00021813", "72.91", "1" ], [ "0.00021814", "3665.09", "1" ], [ "0.00021850", "5.68", "1" ], [ "0.00021855", "22.61", "1" ], [ "0.00021906", "11.36", "1" ], [ "0.00021948", "22.61", "1" ], [ "0.00021965", "6.80", "1" ], [ "0.00021966", "4702.57", "1" ], [ "0.00022041", "24.41", "1" ], [ "0.00022080", "25.38", "1" ], [ "0.00022195", "40.61", "1" ], [ "0.00022310", "57.41", "2" ], [ "0.00022425", "72.49", "2" ], [ "0.00022540", "90.00", "2" ], [ "0.00023233", "7.45", "1" ], [ "0.00023540", "2.03", "1" ], [ "0.00024811", "0.46", "1" ], [ "0.00025046", "0.45", "1" ], [ "0.00025284", "0.45", "1" ], [ "0.00025524", "0.41", "1" ], [ "0.00025767", "0.39", "1" ], [ "0.00025922", "5.06", "1" ], [ "0.00026012", "0.38", "1" ], [ "0.00026019", "19.09", "1" ], [ "0.00026259", "0.38", "1" ], [ "0.00026460", "48.88", "2" ], [ "0.00026508", "0.38", "1" ], [ "0.00026760", "0.36", "1" ], [ "0.00026901", "82.86", "3" ], [ "0.00027014", "0.36", "1" ], [ "0.00027271", "0.37", "1" ], [ "0.00027342", "475.19", "4" ], [ "0.00027530", "0.36", "1" ], [ "0.00027783", "1455.02", "4" ], [ "0.00027792", "0.36", "1" ], [ "0.00028000", "2.66", "1" ], [ "0.00028056", "0.36", "1" ], [ "0.00028322", "0.35", "1" ], [ "0.00028591", "0.35", "1" ], [ "0.00028863", "0.35", "1" ], [ "0.00029137", "0.34", "1" ], [ "0.00029414", "0.34", "1" ], [ "0.00029693", "0.34", "1" ], [ "0.00029976", "0.40", "1" ] ],
      "t" : 1756460272599
    } ],
    "instrument_name" : "AVAX_BTC"
  }
}