{
  "id" : -1,
  "method" : "public/get-book",
  "code" : 0,
  "result" : {
    "depth" : 50,
    "data" : [ {
      "bids" : [ [ "0.30114", "3.9", "1" ], [ "0.30070", "2238.7", "1" ], [ "0.30058", "2534.2", "1" ], [ "0.30051", "271.7", "2" ], [ "0.30041", "4328.0", "2" ], [ "0.30039", "2534.2", "1" ], [ "0.30020", "2534.2", "1" ], [ "0.29869", "2867.4", "1" ], [ "0.29862", "987.3", "1" ], [ "0.29737", "2237.6", "1" ], [ "0.29736", "3401.0", "2" ], [ "0.29610", "3401.0", "1" ], [ "0.29572", "98870.1", "1" ], [ "0.29484", "5466.6", "1" ], [ "0.29358", "7676.0", "2" ], [ "0.29232", "10290.3", "2" ], [ "0.27382", "3247.1", "1" ], [ "0.24040", "400.3", "1" ], [ "0.23788", "1664.7", "1" ], [ "0.23162", "6566.1", "1" ], [ "0.22536", "6566.1", "1" ], [ "0.21910", "6566.1", "1" ], [ "0.21284", "18483.6", "1" ] ],
      "asks" : [ [ "0.30116", "3.9", "1" ], [ "0.30186", "146.2", "1" ], [ "0.30187", "2238.7", "1" ], [ "0.30190", "2291.9", "1" ], [ "0.30191", "2878.0", "1" ], [ "0.30210", "2878.0", "1" ], [ "0.30229", "2878.0", "1" ], [ "0.30366", "181.7", "1" ], [ "0.30367", "271.7", "1" ], [ "0.30389", "2867.4", "1" ], [ "0.30492", "1018.8", "1" ], [ "0.30618", "3222.1", "1" ], [ "0.30658", "98870.1", "1" ], [ "0.30744", "5391.1", "1" ], [ "0.30870", "9908.1", "2" ], [ "0.30996", "11803.8", "2" ], [ "0.31122", "11803.8", "1" ], [ "0.32318", "1093.4", "1" ], [ "0.32451", "2228.2", "1" ], [ "0.33146", "976.1", "1" ], [ "0.36072", "400.3", "1" ], [ "0.36308", "1284.1", "1" ], [ "0.36934", "3860.5", "2" ], [ "0.37560", "6434.5", "4" ], [ "0.38186", "3641.7", "2" ], [ "0.38812", "10350.1", "3" ], [ "0.62400", "100.0", "1" ], [ "0.64900", "86.2", "1" ], [ "1.05000", "187.7", "1" ], [ "1.49700", "15.0", "1" ], [ "1.90000", "100.0", "1" ], [ "2.00000", "252.3", "1" ], [ "2.11000", "47.2", "1" ], [ "2.20000", "5.0", "1" ], [ "2.30000", "2.5", "1" ], [ "2.49000", "11.3", "1" ], [ "3.85000", "14.1", "1" ], [ "4.97000", "8.4", "1" ], [ "5.00000", "2.5", "1" ], [ "8.50000", "5.6", "1" ] ],
      "t" : 1756460289521
    } ],
    "instrument_name" : "AXL_USDT"
  }
}