{
  "id" : -1,
  "method" : "public/get-book",
  "code" : 0,
  "result" : {
    "depth" : 50,
    "data" : [ {
      "bids" : [ [ "0.30119", "3.9", "1" ], [ "0.30082", "275.6", "1" ], [ "0.30080", "2686.6", "1" ], [ "0.30070", "2238.7", "1" ], [ "0.30052", "2213.5", "1" ], [ "0.30031", "1155.8", "1" ], [ "0.30030", "2238.7", "1" ], [ "0.30008", "2213.5", "1" ], [ "0.29869", "2867.4", "1" ], [ "0.29862", "945.6", "1" ], [ "0.29737", "839.1", "1" ], [ "0.29736", "3257.3", "2" ], [ "0.29611", "2419.4", "1" ], [ "0.29610", "5800.3", "2" ], [ "0.29577", "98870.1", "1" ], [ "0.29484", "5800.3", "1" ], [ "0.29359", "64.8", "1" ], [ "0.29358", "8041.1", "2" ], [ "0.29232", "10099.7", "2" ], [ "0.29107", "65.3", "1" ], [ "0.29000", "598.6", "1" ], [ "0.24042", "398.5", "1" ], [ "0.23788", "1923.1", "1" ], [ "0.23162", "6570.8", "1" ], [ "0.22536", "6570.8", "1" ], [ "0.21910", "6570.8", "1" ], [ "0.21284", "17507.3", "1" ], [ "0.15000", "7.0", "1" ], [ "0.10000", "4.0", "1" ] ],
      "asks" : [ [ "0.30120", "3.9", "1" ], [ "0.30178", "2686.6", "1" ], [ "0.30195", "1690.2", "1" ], [ "0.30196", "2238.7", "1" ], [ "0.30205", "2484.6", "1" ], [ "0.30206", "2085.4", "1" ], [ "0.30228", "2942.8", "1" ], [ "0.30250", "2942.8", "1" ], [ "0.30398", "2867.4", "1" ], [ "0.30492", "1137.2", "1" ], [ "0.30618", "3021.4", "1" ], [ "0.30662", "98870.1", "1" ], [ "0.30744", "5327.2", "1" ], [ "0.30870", "9860.6", "2" ], [ "0.30996", "11916.2", "2" ], [ "0.31122", "11916.2", "1" ], [ "0.31386", "16.8", "1" ], [ "0.31886", "16.6", "1" ], [ "0.32318", "538.0", "1" ], [ "0.32385", "1563.5", "1" ], [ "0.32386", "16.4", "1" ], [ "0.32450", "3118.2", "1" ], [ "0.32886", "16.0", "1" ], [ "0.33332", "60.9", "1" ], [ "0.33387", "15.9", "1" ], [ "0.33887", "15.7", "1" ], [ "0.34387", "15.3", "1" ], [ "0.34887", "15.2", "1" ], [ "0.35387", "14.9", "1" ], [ "0.35887", "14.7", "1" ], [ "0.36080", "398.5", "1" ], [ "0.36308", "1451.6", "1" ], [ "0.36387", "14.5", "1" ], [ "0.36886", "14.4", "1" ], [ "0.36934", "4001.6", "2" ], [ "0.37386", "14.2", "1" ], [ "0.37560", "4001.6", "2" ], [ "0.37886", "14.2", "1" ], [ "0.38072", "6.0", "1" ], [ "0.38186", "4001.6", "2" ], [ "0.38386", "14.2", "1" ], [ "0.38812", "9892.8", "3" ], [ "0.38886", "14.2", "1" ], [ "0.39386", "14.2", "1" ], [ "0.39887", "14.2", "1" ], [ "0.39900", "563.9", "1" ], [ "0.40000", "818.4", "2" ], [ "0.40387", "14.2", "1" ], [ "0.40898", "14.2", "1" ], [ "0.48000", "492.7", "1" ] ],
      "t" : 1756460286549
    } ],
    "instrument_name" : "AXL_USD"
  }
}