{
  "id" : -1,
  "method" : "public/get-book",
  "code" : 0,
  "result" : {
    "depth" : 50,
    "data" : [ {
      "bids" : [ [ "0.30146", "1", "1" ], [ "0.30126", "1", "1" ], [ "0.29982", "166", "1" ], [ "0.29976", "166", "1" ], [ "0.29970", "166", "1" ], [ "0.29964", "166", "1" ], [ "0.27395", "3317", "1" ], [ "0.27394", "1735", "1" ] ],
      "asks" : [ [ "0.30147", "1", "1" ], [ "0.30166", "1", "1" ], [ "0.30216", "165", "1" ], [ "0.30222", "165", "1" ], [ "0.30228", "165", "1" ], [ "0.30234", "165", "1" ], [ "0.33167", "3014", "1" ], [ "0.33168", "1329", "1" ] ],
      "t" : 1756460293188
    } ],
    "instrument_name" : "AXLUSD-PERP"
  }
}