{
  "id" : -1,
  "method" : "public/get-book",
  "code" : 0,
  "result" : {
    "depth" : 50,
    "data" : [ {
      "bids" : [ [ "0.002822", "240160", "1" ], [ "0.002820", "241170", "1" ], [ "0.002814", "263870", "1" ], [ "0.002813", "307400", "1" ], [ "0.002808", "307120", "2" ], [ "0.002802", "130920", "1" ], [ "0.002796", "210810", "1" ], [ "0.002790", "378930", "1" ], [ "0.002784", "459910", "1" ], [ "0.002778", "459910", "1" ], [ "0.002719", "23160", "1" ], [ "0.002718", "22820", "1" ], [ "0.002717", "57050", "1" ], [ "0.002711", "4280", "1" ], [ "0.002262", "42510", "1" ], [ "0.002242", "184430", "1" ], [ "0.002183", "630760", "2" ], [ "0.002124", "1100050", "2" ], [ "0.002065", "630490", "1" ], [ "0.002006", "1698500", "2" ], [ "0.001882", "320000", "1" ] ],
      "asks" : [ [ "0.002842", "240160", "1" ], [ "0.002844", "217150", "1" ], [ "0.002845", "307400", "1" ], [ "0.002849", "17000", "1" ], [ "0.002850", "256310", "2" ], [ "0.002856", "359190", "3" ], [ "0.002862", "214290", "2" ], [ "0.002868", "292590", "1" ], [ "0.002874", "292590", "1" ], [ "0.002880", "459930", "1" ], [ "0.002896", "4310", "1" ], [ "0.002897", "10030", "2" ], [ "0.002971", "16810", "1" ], [ "0.002972", "6880", "1" ], [ "0.003042", "4080", "1" ], [ "0.003402", "42510", "1" ], [ "0.003422", "117270", "1" ], [ "0.003428", "35610", "1" ], [ "0.003481", "404310", "2" ], [ "0.003540", "685150", "3" ], [ "0.003599", "345220", "2" ], [ "0.003658", "913650", "3" ], [ "0.004192", "216830", "1" ], [ "0.005420", "111440", "1" ], [ "0.005780", "104730", "1" ], [ "0.006000", "320", "1" ], [ "0.008541", "120", "1" ], [ "0.010840", "111500", "1" ], [ "0.025000", "470", "1" ] ],
      "t" : 1756460271209
    } ],
    "instrument_name" : "B3_USD"
  }
}