{
  "id" : -1,
  "method" : "public/get-book",
  "code" : 0,
  "result" : {
    "depth" : 50,
    "data" : [ {
      "bids" : [ [ "0.002838", "200", "2" ], [ "0.002833", "35200", "1" ], [ "0.002832", "17600", "1" ], [ "0.002831", "17600", "1" ], [ "0.002830", "17600", "1" ], [ "0.002829", "17600", "1" ], [ "0.002825", "196000", "1" ], [ "0.002820", "325500", "1" ], [ "0.002819", "44300", "1" ], [ "0.002818", "44300", "1" ], [ "0.002817", "44300", "1" ], [ "0.002816", "253900", "2" ], [ "0.002813", "53300", "1" ], [ "0.002812", "53300", "1" ], [ "0.002811", "53300", "1" ], [ "0.002810", "53300", "1" ], [ "0.002809", "53300", "1" ], [ "0.002808", "132800", "2" ], [ "0.002802", "209600", "1" ], [ "0.002800", "202400", "3" ], [ "0.002796", "31400", "1" ], [ "0.002792", "274400", "4" ], [ "0.002788", "32300", "2" ], [ "0.002784", "360400", "4" ], [ "0.002776", "411600", "2" ], [ "0.002262", "167100", "1" ], [ "0.002220", "40900", "1" ], [ "0.002160", "117600", "2" ], [ "0.002100", "185200", "2" ], [ "0.002040", "254700", "2" ], [ "0.001980", "329100", "2" ], [ "0.001920", "411900", "2" ] ],
      "asks" : [ [ "0.002840", "100", "1" ], [ "0.002842", "209600", "1" ], [ "0.002843", "100", "1" ], [ "0.002844", "29500", "1" ], [ "0.002848", "30500", "1" ], [ "0.002849", "209600", "1" ], [ "0.002852", "26800", "1" ], [ "0.002856", "109200", "3" ], [ "0.002860", "37500", "2" ], [ "0.002864", "181400", "2" ], [ "0.002866", "34800", "1" ], [ "0.002868", "34800", "1" ], [ "0.002869", "17400", "1" ], [ "0.002870", "17400", "1" ], [ "0.002871", "17400", "1" ], [ "0.002872", "256600", "3" ], [ "0.002880", "321500", "2" ], [ "0.002882", "43300", "1" ], [ "0.002883", "43300", "1" ], [ "0.002884", "43300", "1" ], [ "0.002885", "43300", "1" ], [ "0.002887", "51900", "1" ], [ "0.002888", "461200", "2" ], [ "0.002889", "51900", "1" ], [ "0.002890", "51900", "1" ], [ "0.002891", "51800", "1" ], [ "0.002892", "51800", "1" ], [ "0.003399", "167100", "1" ], [ "0.003420", "32800", "1" ], [ "0.003480", "111700", "2" ], [ "0.003540", "184300", "3" ], [ "0.003600", "257000", "4" ], [ "0.003660", "332100", "5" ], [ "0.003720", "413100", "1" ] ],
      "t" : 1756460308502
    } ],
    "instrument_name" : "B3USD-PERP"
  }
}