{
  "id" : -1,
  "method" : "public/get-book",
  "code" : 0,
  "result" : {
    "depth" : 50,
    "data" : [ {
      "bids" : [ [ "0.000001385", "8350000", "1" ], [ "0.000001384", "18980000", "1" ], [ "0.000001383", "101760000", "1" ], [ "0.000001380", "155170000", "1" ], [ "0.000001377", "305290000", "1" ], [ "0.000001375", "133770000", "1" ], [ "0.000001370", "2268320000", "3" ], [ "0.000001368", "279240000", "1" ], [ "0.000001365", "133770000", "1" ], [ "0.000001360", "3756350000", "4" ], [ "0.000001357", "508820000", "1" ], [ "0.000001356", "839360000", "1" ], [ "0.000001355", "168740000", "1" ], [ "0.000001353", "11400000", "1" ], [ "0.000001350", "6613770000", "4" ], [ "0.000001345", "133280000", "1" ], [ "0.000001344", "1451440000", "1" ], [ "0.000001340", "503530000", "2" ], [ "0.000001335", "677560000", "2" ], [ "0.000001330", "503530000", "2" ], [ "0.000001325", "168740000", "1" ], [ "0.000001320", "1205000000", "3" ], [ "0.000001315", "168740000", "1" ], [ "0.000001310", "538990000", "2" ], [ "0.000001305", "759360000", "1" ], [ "0.000001300", "370250000", "1" ], [ "0.000001290", "1071720000", "2" ], [ "0.000001280", "370250000", "1" ], [ "0.000001275", "885290000", "1" ], [ "0.000001270", "370250000", "1" ], [ "0.000001260", "1071720000", "2" ], [ "0.000001250", "370250000", "1" ], [ "0.000001245", "701470000", "1" ], [ "0.000001240", "370250000", "1" ], [ "0.000001230", "1129610000", "2" ], [ "0.000001215", "701470000", "1" ], [ "0.000001200", "701470000", "1" ], [ "0.000001185", "701470000", "1" ], [ "0.000001170", "701470000", "1" ], [ "0.000001155", "701470000", "1" ], [ "0.000001140", "701470000", "1" ], [ "0.000001106", "58650000", "1" ], [ "0.000001085", "68640000", "1" ], [ "0.000001050", "216610000", "2" ], [ "0.000001031", "13530000", "1" ], [ "0.000001015", "389380000", "2" ], [ "0.000001000", "200000000", "1" ], [ "0.000000980", "9570170000", "2" ], [ "0.000000967", "118720000", "1" ], [ "0.000000945", "26146720000", "2" ] ],
      "asks" : [ [ "0.000001399", "109400000", "1" ], [ "0.000001400", "101760000", "1" ], [ "0.000001401", "293260000", "1" ], [ "0.000001404", "293260000", "1" ], [ "0.000001405", "1699370000", "2" ], [ "0.000001408", "320980000", "1" ], [ "0.000001410", "1995170000", "3" ], [ "0.000001415", "139000000", "1" ], [ "0.000001416", "874100000", "2" ], [ "0.000001420", "3759630000", "4" ], [ "0.000001424", "508820000", "1" ], [ "0.000001425", "809550000", "2" ], [ "0.000001428", "1491890000", "3" ], [ "0.000001430", "6037790000", "5" ], [ "0.000001435", "163760000", "1" ], [ "0.000001440", "1314480000", "3" ], [ "0.000001445", "148880000", "1" ], [ "0.000001450", "595610000", "2" ], [ "0.000001452", "11020000", "1" ], [ "0.000001455", "850040000", "2" ], [ "0.000001460", "589420000", "2" ], [ "0.000001465", "127920000", "1" ], [ "0.000001470", "1551450000", "3" ], [ "0.000001475", "127920000", "1" ], [ "0.000001480", "541300000", "1" ], [ "0.000001485", "680130000", "1" ], [ "0.000001490", "415820000", "1" ], [ "0.000001499", "10670000", "1" ], [ "0.000001500", "1088570000", "2" ], [ "0.000001510", "513550000", "1" ], [ "0.000001515", "680130000", "1" ], [ "0.000001520", "377930000", "1" ], [ "0.000001530", "1186940000", "2" ], [ "0.000001540", "500730000", "1" ], [ "0.000001545", "680130000", "1" ], [ "0.000001546", "10330000", "1" ], [ "0.000001550", "537280000", "1" ], [ "0.000001560", "1223490000", "2" ], [ "0.000001575", "680130000", "1" ], [ "0.000001590", "640370000", "1" ], [ "0.000001596", "10020000", "1" ], [ "0.000001605", "709720000", "1" ], [ "0.000001620", "680130000", "1" ], [ "0.000001635", "777140000", "1" ], [ "0.000001647", "9720000", "1" ], [ "0.000001671", "58650000", "1" ], [ "0.000001680", "43690000", "1" ], [ "0.000001700", "9410000", "1" ], [ "0.000001715", "151230000", "2" ], [ "0.000001750", "151230000", "2" ] ],
      "t" : 1756460337407
    } ],
    "instrument_name" : "BARA_USD"
  }
}