{
  "id" : -1,
  "method" : "public/get-book",
  "code" : 0,
  "result" : {
    "depth" : 50,
    "data" : [ {
      "bids" : [ [ "0.15040", "233", "1" ], [ "0.15039", "4598", "1" ], [ "0.15021", "15552", "2" ], [ "0.15020", "4547", "1" ], [ "0.15009", "5889", "1" ], [ "0.15004", "3043", "1" ], [ "0.15000", "4547", "1" ], [ "0.14980", "6119", "2" ], [ "0.14974", "1528", "2" ], [ "0.14973", "8028", "2" ], [ "0.14942", "8028", "1" ], [ "0.14911", "13264", "1" ], [ "0.14880", "18223", "1" ], [ "0.14850", "109", "1" ], [ "0.14849", "22986", "1" ], [ "0.14348", "111", "1" ], [ "0.14347", "299", "1" ], [ "0.12048", "831", "1" ], [ "0.11895", "4937", "1" ], [ "0.11590", "13583", "1" ], [ "0.11285", "29168", "1" ], [ "0.10980", "29168", "1" ], [ "0.10675", "110614", "1" ] ],
      "asks" : [ [ "0.15111", "600", "1" ], [ "0.15112", "1500", "1" ], [ "0.15149", "4598", "1" ], [ "0.15156", "376", "1" ], [ "0.15157", "1645", "1" ], [ "0.15158", "5889", "1" ], [ "0.15159", "2519", "1" ], [ "0.15160", "4006", "1" ], [ "0.15174", "3503", "1" ], [ "0.15180", "5762", "1" ], [ "0.15189", "2982", "1" ], [ "0.15190", "7959", "2" ], [ "0.15200", "5762", "1" ], [ "0.15221", "12242", "1" ], [ "0.15252", "17902", "1" ], [ "0.15283", "22346", "1" ], [ "0.15314", "27901", "1" ], [ "0.15363", "95", "1" ], [ "0.15977", "151", "1" ], [ "0.15980", "3990", "1" ], [ "0.16144", "149", "1" ], [ "0.16198", "7", "1" ], [ "0.18084", "831", "1" ], [ "0.18300", "2780", "1" ], [ "0.18605", "7924", "2" ], [ "0.18910", "7924", "2" ], [ "0.19215", "19528", "3" ], [ "0.19520", "57807", "1" ], [ "0.31798", "31", "1" ], [ "0.32680", "30", "1" ], [ "0.32898", "30", "1" ], [ "0.33680", "44", "1" ], [ "0.33898", "29", "1" ], [ "0.33980", "29", "1" ], [ "0.34680", "43", "1" ], [ "0.35898", "41", "1" ], [ "0.36898", "40", "1" ], [ "0.37980", "26", "1" ], [ "0.38797", "45", "1" ], [ "0.38980", "38", "1" ], [ "0.39797", "45", "1" ], [ "0.39800", "37", "1" ], [ "0.39864", "30", "1" ], [ "0.41680", "35", "1" ], [ "0.41751", "25", "1" ], [ "0.42748", "20", "1" ], [ "0.42797", "45", "1" ], [ "0.43000", "128", "1" ], [ "0.43251", "25", "1" ], [ "0.43680", "34", "1" ] ],
      "t" : 1756460343594
    } ],
    "instrument_name" : "BAT_USDT"
  }
}