{
  "id" : -1,
  "method" : "public/get-book",
  "code" : 0,
  "result" : {
    "depth" : 50,
    "data" : [ {
      "bids" : [ [ "0.15047", "1211", "1" ], [ "0.15044", "10581", "1" ], [ "0.15043", "6620", "1" ], [ "0.15039", "4598", "1" ], [ "0.15026", "5268", "1" ], [ "0.15010", "7283", "2" ], [ "0.15009", "5889", "1" ], [ "0.15004", "7987", "2" ], [ "0.14982", "4727", "1" ], [ "0.14973", "8156", "2" ], [ "0.14942", "8156", "1" ], [ "0.14911", "13169", "1" ], [ "0.14909", "257", "1" ], [ "0.14880", "17882", "1" ], [ "0.14849", "23587", "1" ], [ "0.14757", "260", "1" ], [ "0.14607", "263", "1" ], [ "0.14482", "865", "1" ], [ "0.14481", "89", "1" ], [ "0.14479", "119", "1" ], [ "0.14459", "281", "1" ], [ "0.14455", "266", "1" ], [ "0.12403", "9", "1" ], [ "0.12049", "821", "1" ], [ "0.11895", "5077", "1" ], [ "0.11590", "13346", "1" ], [ "0.11285", "21198", "1" ], [ "0.10980", "35349", "1" ], [ "0.10675", "100628", "1" ] ],
      "asks" : [ [ "0.15144", "781", "1" ], [ "0.15145", "4990", "1" ], [ "0.15152", "8017", "1" ], [ "0.15153", "4598", "1" ], [ "0.15158", "5235", "1" ], [ "0.15163", "5889", "1" ], [ "0.15180", "4667", "1" ], [ "0.15190", "2110", "1" ], [ "0.15202", "4667", "1" ], [ "0.15210", "255", "1" ], [ "0.15221", "7535", "1" ], [ "0.15252", "12328", "1" ], [ "0.15283", "23191", "1" ], [ "0.15314", "28211", "1" ], [ "0.15345", "28211", "1" ], [ "0.15362", "252", "1" ], [ "0.15512", "250", "1" ], [ "0.15664", "248", "1" ], [ "0.15813", "79", "1" ], [ "0.15815", "2942", "3" ], [ "0.15835", "125", "1" ], [ "0.15961", "78", "1" ], [ "0.15965", "243", "1" ], [ "0.16116", "141", "1" ], [ "0.16117", "240", "1" ], [ "0.16152", "77", "1" ], [ "0.16267", "238", "1" ], [ "0.16337", "125", "1" ], [ "0.16431", "245", "1" ], [ "0.17157", "514", "1" ], [ "0.18088", "821", "1" ], [ "0.18300", "2269", "1" ], [ "0.18600", "233", "1" ], [ "0.18605", "7611", "2" ], [ "0.18910", "13224", "3" ], [ "0.19215", "13224", "3" ], [ "0.19300", "553", "1" ], [ "0.19520", "58281", "1" ], [ "0.20000", "233", "2" ], [ "0.25000", "525", "2" ], [ "0.26122", "1841", "1" ], [ "0.27000", "123", "1" ], [ "0.27500", "40", "1" ], [ "0.29900", "3060", "1" ], [ "0.31500", "125", "1" ], [ "0.33000", "37395", "1" ], [ "0.34000", "525", "1" ], [ "0.34210", "1", "1" ], [ "0.35000", "2353", "1" ], [ "0.36487", "2", "1" ] ],
      "t" : 1756460340645
    } ],
    "instrument_name" : "BAT_USD"
  }
}