{
  "id" : -1,
  "method" : "public/get-book",
  "code" : 0,
  "result" : {
    "depth" : 50,
    "data" : [ {
      "bids" : [ [ "0.15078", "1", "1" ], [ "0.15070", "1", "1" ], [ "0.15031", "9957", "1" ], [ "0.15030", "1330", "1" ], [ "0.15010", "21476", "1" ], [ "0.14997", "333", "1" ], [ "0.14994", "333", "1" ], [ "0.14991", "333", "1" ], [ "0.14988", "333", "1" ], [ "0.14527", "6329", "1" ], [ "0.14520", "5608", "1" ], [ "0.14476", "12170", "2" ], [ "0.14432", "19605", "3" ], [ "0.14388", "26488", "4" ], [ "0.14344", "31567", "2" ], [ "0.14196", "16077", "1" ], [ "0.12048", "3165", "1" ], [ "0.11894", "2671", "1" ], [ "0.11581", "8984", "1" ], [ "0.11544", "16077", "1" ], [ "0.11466", "16077", "1" ], [ "0.11268", "15142", "1" ], [ "0.11232", "16077", "1" ], [ "0.10955", "21336", "1" ], [ "0.10642", "26928", "1" ], [ "0.10329", "33710", "1" ] ],
      "asks" : [ [ "0.15086", "1", "1" ], [ "0.15087", "1", "1" ], [ "0.15146", "4425", "1" ], [ "0.15147", "4430", "1" ], [ "0.15148", "1320", "1" ], [ "0.15156", "9957", "1" ], [ "0.15157", "4368", "1" ], [ "0.15180", "4114", "1" ], [ "0.15200", "6329", "1" ], [ "0.15203", "5122", "2" ], [ "0.15224", "5573", "1" ], [ "0.15226", "5975", "4" ], [ "0.15234", "328", "1" ], [ "0.15237", "328", "1" ], [ "0.15240", "328", "1" ], [ "0.15243", "328", "1" ], [ "0.15249", "6911", "3" ], [ "0.15268", "12092", "2" ], [ "0.15312", "18133", "2" ], [ "0.15356", "25735", "2" ], [ "0.15366", "16077", "1" ], [ "0.15400", "30424", "1" ], [ "0.15444", "16077", "1" ], [ "0.15522", "16077", "1" ], [ "0.18084", "3165", "1" ], [ "0.18154", "3527", "1" ], [ "0.18467", "8565", "2" ], [ "0.18780", "15035", "3" ], [ "0.19093", "21377", "4" ], [ "0.19110", "16077", "1" ], [ "0.19406", "27383", "5" ], [ "0.19719", "33341", "6" ] ],
      "t" : 1756460346407
    } ],
    "instrument_name" : "BATUSD-PERP"
  }
}