{
  "id" : -1,
  "method" : "public/get-book",
  "code" : 0,
  "result" : {
    "depth" : 50,
    "data" : [ {
      "bids" : [ [ "0.0048718", "1.011", "1" ], [ "0.0048717", "1.413", "1" ], [ "0.0048716", "0.230", "1" ], [ "0.0048715", "0.222", "2" ], [ "0.0048714", "28.068", "1" ], [ "0.0048665", "0.557", "1" ], [ "0.0048294", "271.549", "1" ], [ "0.0048244", "0.252", "1" ], [ "0.0048202", "0.200", "1" ], [ "0.0048117", "0.505", "1" ], [ "0.0048048", "0.434", "1" ], [ "0.0047988", "0.100", "1" ], [ "0.0047840", "0.372", "1" ], [ "0.0047807", "319.469", "1" ], [ "0.0047730", "0.362", "1" ], [ "0.0047632", "0.390", "1" ], [ "0.0047602", "0.202", "1" ], [ "0.0047472", "0.546", "1" ], [ "0.0047214", "0.786", "2" ], [ "0.0047001", "0.205", "1" ], [ "0.0047000", "0.009", "2" ], [ "0.0046956", "1.007", "2" ], [ "0.0046698", "1.244", "2" ], [ "0.0046500", "0.003", "1" ], [ "0.0046268", "0.025", "1" ], [ "0.0046000", "0.003", "1" ], [ "0.0045500", "0.046", "1" ], [ "0.0045000", "0.046", "1" ], [ "0.0044500", "0.004", "1" ], [ "0.0044000", "0.047", "1" ], [ "0.0043500", "0.006", "1" ], [ "0.0043000", "0.005", "1" ], [ "0.0042190", "0.022", "1" ], [ "0.0041500", "0.138", "1" ], [ "0.0041089", "0.462", "1" ], [ "0.0041000", "0.280", "1" ], [ "0.0040500", "0.568", "1" ], [ "0.0040096", "0.090", "1" ], [ "0.0040000", "1.149", "1" ], [ "0.0039500", "0.018", "1" ], [ "0.0039018", "0.226", "1" ], [ "0.0039000", "0.449", "1" ], [ "0.0038649", "1.376", "1" ], [ "0.0037658", "3.494", "1" ], [ "0.0036667", "3.734", "1" ], [ "0.0035676", "3.734", "1" ], [ "0.0035566", "0.009", "1" ], [ "0.0034685", "14.739", "1" ], [ "0.0033885", "3.817", "269" ], [ "0.0033305", "0.109", "1" ] ],
      "asks" : [ [ "0.0048848", "0.086", "1" ], [ "0.0048851", "0.781", "1" ], [ "0.0048853", "1.392", "1" ], [ "0.0048854", "0.230", "1" ], [ "0.0048856", "0.230", "1" ], [ "0.0048865", "0.568", "1" ], [ "0.0048881", "27.984", "1" ], [ "0.0049292", "1.309", "1" ], [ "0.0049293", "271.549", "1" ], [ "0.0049349", "0.252", "1" ], [ "0.0049401", "0.196", "1" ], [ "0.0049476", "0.505", "1" ], [ "0.0049504", "0.367", "1" ], [ "0.0049536", "0.093", "1" ], [ "0.0049712", "0.455", "1" ], [ "0.0049787", "92.076", "1" ], [ "0.0049794", "0.307", "1" ], [ "0.0049920", "0.362", "1" ], [ "0.0050000", "0.003", "1" ], [ "0.0050001", "0.195", "1" ], [ "0.0050052", "0.550", "1" ], [ "0.0050250", "0.498", "1" ], [ "0.0050310", "0.735", "2" ], [ "0.0050568", "0.970", "2" ], [ "0.0050600", "0.191", "1" ], [ "0.0050625", "0.697", "1" ], [ "0.0050740", "0.083", "1" ], [ "0.0050826", "1.175", "2" ], [ "0.0051202", "0.190", "1" ], [ "0.0052500", "0.003", "1" ], [ "0.0053181", "0.155", "1" ], [ "0.0053657", "0.154", "1" ], [ "0.0054137", "0.153", "1" ], [ "0.0054621", "0.150", "1" ], [ "0.0055000", "0.004", "1" ], [ "0.0055097", "0.021", "1" ], [ "0.0055110", "0.150", "1" ], [ "0.0055603", "0.149", "1" ], [ "0.0056100", "0.147", "1" ], [ "0.0056602", "0.146", "1" ], [ "0.0057109", "0.145", "1" ], [ "0.0057362", "0.084", "1" ], [ "0.0057500", "0.004", "1" ], [ "0.0057620", "0.143", "1" ], [ "0.0058135", "0.148", "1" ], [ "0.0058540", "0.226", "1" ], [ "0.0058655", "0.146", "1" ], [ "0.0059180", "0.145", "1" ], [ "0.0059460", "0.591", "1" ], [ "0.0059709", "0.144", "1" ] ],
      "t" : 1756460350641
    } ],
    "instrument_name" : "BCH_BTC"
  }
}