{
  "id" : -1,
  "method" : "public/get-book",
  "code" : 0,
  "result" : {
    "depth" : 50,
    "data" : [ {
      "bids" : [ [ "0.016027", "376", "1" ], [ "0.015908", "12572", "1" ], [ "0.015907", "2857", "1" ], [ "0.015877", "3761", "1" ], [ "0.015811", "2742", "1" ], [ "0.015810", "18823", "1" ], [ "0.015727", "45473", "1" ], [ "0.015594", "48575", "1" ], [ "0.015470", "33623", "1" ], [ "0.015456", "61120", "1" ], [ "0.015395", "58356", "1" ], [ "0.015318", "61120", "1" ], [ "0.015290", "26544", "1" ], [ "0.015151", "87401", "1" ], [ "0.015012", "133677", "1" ], [ "0.014873", "188522", "1" ], [ "0.014827", "3065", "1" ], [ "0.014734", "248309", "1" ], [ "0.014595", "302066", "1" ], [ "0.014359", "3165", "1" ], [ "0.014300", "234603", "1" ], [ "0.013586", "3345", "1" ], [ "0.013500", "14814", "1" ], [ "0.012812", "3547", "1" ], [ "0.012793", "8128", "1" ], [ "0.012628", "43796", "1" ], [ "0.012320", "129235", "1" ], [ "0.012038", "3775", "1" ], [ "0.012012", "211641", "1" ], [ "0.012000", "17666", "2" ], [ "0.011704", "528379", "1" ], [ "0.011396", "1470125", "1" ], [ "0.011263", "4035", "1" ] ],
      "asks" : [ [ "0.016059", "376", "1" ], [ "0.016170", "12506", "1" ], [ "0.016175", "3761", "1" ], [ "0.016305", "45473", "1" ], [ "0.016308", "18813", "1" ], [ "0.016422", "46621", "1" ], [ "0.016560", "55035", "1" ], [ "0.016607", "58356", "1" ], [ "0.016680", "25365", "1" ], [ "0.016698", "55035", "1" ], [ "0.016819", "77033", "1" ], [ "0.016958", "125424", "1" ], [ "0.017097", "182809", "1" ], [ "0.017236", "233482", "1" ], [ "0.017375", "282582", "1" ], [ "0.017455", "2724", "1" ], [ "0.018229", "2604", "1" ], [ "0.019009", "2493", "1" ], [ "0.019312", "8128", "1" ], [ "0.019404", "27737", "1" ], [ "0.019712", "78506", "2" ], [ "0.019782", "2391", "1" ], [ "0.020020", "131761", "3" ], [ "0.020328", "263798", "4" ], [ "0.020636", "803943", "5" ], [ "0.024909", "24093", "1" ], [ "0.025000", "2945", "1" ], [ "0.027000", "1500", "1" ], [ "0.033000", "998", "1" ], [ "0.035000", "5131", "2" ], [ "0.036000", "8592", "1" ], [ "0.036120", "600", "1" ], [ "0.043000", "992", "1" ], [ "0.088007", "11", "1" ], [ "0.120000", "499", "1" ], [ "0.125000", "500", "1" ], [ "0.130000", "60", "1" ], [ "0.140000", "38190", "1" ], [ "0.150000", "6789", "1" ], [ "0.157022", "1910", "1" ], [ "0.170000", "175", "1" ], [ "0.175287", "1650", "1" ], [ "0.190000", "308", "1" ], [ "0.196999", "2", "1" ], [ "0.199999", "2", "1" ], [ "0.219999", "3", "1" ], [ "0.239999", "4", "1" ], [ "0.248890", "1502", "1" ], [ "0.259999", "5", "1" ], [ "0.270000", "13318", "1" ] ],
      "t" : 1756460363326
    } ],
    "instrument_name" : "BCUT_USD"
  }
}