{
  "id" : -1,
  "method" : "public/get-book",
  "code" : 0,
  "result" : {
    "depth" : 50,
    "data" : [ {
      "bids" : [ [ "0.0071798", "81410", "2" ], [ "0.0071297", "1430", "1" ], [ "0.0071183", "197620", "1" ], [ "0.0070921", "94580", "1" ], [ "0.0070876", "128070", "1" ], [ "0.0070824", "91800", "1" ], [ "0.0070772", "128070", "1" ], [ "0.0070769", "121210", "1" ], [ "0.0070672", "72630", "1" ], [ "0.0070560", "206760", "1" ], [ "0.0070448", "372580", "1" ], [ "0.0070336", "493930", "1" ], [ "0.0070224", "638490", "1" ], [ "0.0070112", "784160", "1" ], [ "0.0070000", "34340", "1" ], [ "0.0068000", "16000", "1" ], [ "0.0067894", "1500", "1" ], [ "0.0057821", "16910", "1" ], [ "0.0056354", "70530", "1" ], [ "0.0054871", "267980", "1" ], [ "0.0053388", "436820", "1" ], [ "0.0051905", "1549670", "1" ], [ "0.0050800", "19690", "1" ], [ "0.0050500", "39600", "1" ], [ "0.0050422", "4216140", "1" ], [ "0.0042462", "540", "1" ], [ "0.0030000", "340", "1" ], [ "0.0025801", "1060", "1" ], [ "0.0015000", "780", "1" ] ],
      "asks" : [ [ "0.0073030", "23370", "1" ], [ "0.0073035", "1400", "1" ], [ "0.0073348", "92510", "1" ], [ "0.0073355", "25140", "1" ], [ "0.0073418", "94580", "1" ], [ "0.0073424", "111460", "1" ], [ "0.0073476", "111460", "1" ], [ "0.0073528", "111460", "1" ], [ "0.0073570", "121210", "1" ], [ "0.0073584", "68940", "1" ], [ "0.0073696", "203060", "1" ], [ "0.0073808", "358850", "1" ], [ "0.0073904", "1390", "1" ], [ "0.0073920", "499660", "1" ], [ "0.0074032", "646380", "1" ], [ "0.0074144", "776690", "1" ], [ "0.0074773", "1380", "1" ], [ "0.0075642", "1360", "1" ], [ "0.0076511", "1350", "1" ], [ "0.0077380", "1330", "1" ], [ "0.0078248", "1310", "1" ], [ "0.0079118", "1300", "1" ], [ "0.0080000", "1280", "1" ], [ "0.0080868", "1270", "1" ], [ "0.0081738", "1260", "1" ], [ "0.0082606", "1250", "1" ], [ "0.0083476", "1230", "1" ], [ "0.0084344", "1220", "1" ], [ "0.0085214", "1210", "1" ], [ "0.0086082", "1190", "1" ], [ "0.0086694", "173000", "1" ], [ "0.0086826", "16910", "1" ], [ "0.0086952", "1170", "1" ], [ "0.0087497", "60100", "1" ], [ "0.0087820", "1170", "1" ], [ "0.0088690", "1160", "1" ], [ "0.0088980", "160570", "2" ], [ "0.0089558", "1140", "1" ], [ "0.0090000", "51550", "2" ], [ "0.0090428", "1140", "1" ], [ "0.0090463", "269310", "3" ], [ "0.0091946", "658140", "4" ], [ "0.0093429", "2566280", "1" ], [ "0.0093900", "42580", "1" ], [ "0.0094475", "680770", "1" ], [ "0.0095000", "52630", "1" ], [ "0.0099000", "300", "1" ], [ "0.0099133", "8060", "1" ], [ "0.0100000", "85500", "5" ], [ "0.0106000", "1510", "1" ] ],
      "t" : 1756460367616
    } ],
    "instrument_name" : "BEAMX_USD"
  }
}