{
  "id" : -1,
  "method" : "public/get-book",
  "code" : 0,
  "result" : {
    "depth" : 50,
    "data" : [ {
      "bids" : [ [ "0.10915", "1374.2", "1" ], [ "0.10913", "5456.0", "1" ], [ "0.10912", "5841.6", "1" ], [ "0.10905", "4126.2", "1" ], [ "0.10899", "7343.2", "1" ], [ "0.10884", "7470.9", "1" ], [ "0.10881", "7140.1", "1" ], [ "0.10880", "7359.5", "1" ], [ "0.10878", "7503.0", "1" ], [ "0.10858", "532.3", "1" ], [ "0.10857", "7503.0", "1" ], [ "0.10848", "20401.4", "1" ], [ "0.10816", "31543.1", "1" ], [ "0.10784", "46439.7", "1" ], [ "0.10752", "58666.8", "1" ], [ "0.10591", "1416.0", "3" ], [ "0.08768", "1031.4", "1" ], [ "0.08640", "6331.0", "1" ], [ "0.08400", "15694.1", "1" ], [ "0.08160", "25926.1", "1" ], [ "0.07920", "48688.9", "1" ], [ "0.07680", "172562.7", "1" ] ],
      "asks" : [ [ "0.11012", "4596.6", "1" ], [ "0.11024", "7200.3", "1" ], [ "0.11025", "6500.6", "1" ], [ "0.11031", "7470.9", "1" ], [ "0.11040", "6156.7", "1" ], [ "0.11045", "7126.6", "1" ], [ "0.11046", "6500.6", "1" ], [ "0.11067", "5968.1", "1" ], [ "0.11072", "18349.7", "2" ], [ "0.11104", "30859.3", "2" ], [ "0.11136", "30859.3", "1" ], [ "0.11168", "43111.4", "1" ], [ "0.12128", "415.6", "1" ], [ "0.12227", "412.3", "1" ], [ "0.12327", "408.9", "1" ], [ "0.12425", "405.6", "1" ], [ "0.12525", "402.4", "1" ], [ "0.12623", "4.8", "1" ], [ "0.12723", "396.1", "1" ], [ "0.12822", "392.9", "1" ], [ "0.12920", "392.9", "1" ], [ "0.13020", "212.9", "1" ], [ "0.13119", "384.0", "1" ], [ "0.13167", "1031.4", "1" ], [ "0.13200", "3032.3", "1" ], [ "0.13217", "85.1", "1" ], [ "0.13317", "381.1", "1" ], [ "0.13416", "377.3", "1" ], [ "0.13440", "9737.1", "2" ], [ "0.13514", "377.3", "1" ], [ "0.13614", "372.6", "1" ], [ "0.13680", "16994.9", "3" ], [ "0.13713", "367.2", "1" ], [ "0.13920", "32694.9", "4" ], [ "0.14160", "91279.7", "5" ], [ "0.44664", "1683.2", "1" ], [ "0.48778", "2.0", "1" ], [ "0.61700", "443.2", "1" ], [ "0.68430", "92.8", "1" ], [ "0.70000", "145.6", "1" ], [ "0.85000", "25.7", "1" ], [ "0.89900", "354.3", "1" ], [ "0.95664", "1683.3", "1" ], [ "0.99000", "987.6", "1" ], [ "1.05510", "0.9", "1" ], [ "1.80000", "482.0", "2" ], [ "3.00000", "94.6", "1" ], [ "3.90000", "3.3", "1" ] ],
      "t" : 1756460344017
    } ],
    "instrument_name" : "BICO_USD"
  }
}