{
  "id" : -1,
  "method" : "public/get-book",
  "code" : 0,
  "result" : {
    "depth" : 50,
    "data" : [ {
      "bids" : [ [ "0.05804", "1229", "1" ], [ "0.05799", "4934", "1" ], [ "0.05798", "12757", "1" ], [ "0.05795", "12757", "1" ], [ "0.05790", "27720", "2" ], [ "0.05789", "6670", "1" ], [ "0.05785", "13707", "1" ], [ "0.05782", "16526", "2" ], [ "0.05777", "35121", "1" ], [ "0.05775", "28978", "2" ], [ "0.05768", "28978", "1" ], [ "0.05761", "38664", "1" ], [ "0.05754", "50058", "1" ], [ "0.05751", "35809", "1" ], [ "0.05725", "34385", "1" ], [ "0.05699", "34926", "1" ], [ "0.04648", "2304", "1" ], [ "0.04620", "10249", "1" ], [ "0.04510", "34670", "2" ], [ "0.04400", "57491", "2" ], [ "0.04290", "21863", "1" ], [ "0.04180", "65793", "2" ] ],
      "asks" : [ [ "0.05812", "1662", "1" ], [ "0.05813", "1224", "1" ], [ "0.05817", "1931", "1" ], [ "0.05818", "12757", "1" ], [ "0.05820", "13910", "1" ], [ "0.05821", "16328", "1" ], [ "0.05824", "4906", "1" ], [ "0.05825", "14228", "1" ], [ "0.05830", "14228", "1" ], [ "0.05831", "15850", "1" ], [ "0.05837", "762", "1" ], [ "0.05838", "27522", "1" ], [ "0.05839", "48828", "1" ], [ "0.05845", "39182", "1" ], [ "0.05852", "50968", "1" ], [ "0.05859", "105383", "2" ], [ "0.05913", "45239", "1" ], [ "0.05915", "44816", "1" ], [ "0.06975", "2304", "1" ], [ "0.07040", "7565", "1" ], [ "0.07150", "23806", "2" ], [ "0.07260", "37105", "2" ], [ "0.07370", "7565", "1" ], [ "0.07480", "35198", "1" ], [ "0.49926", "7108", "1" ], [ "0.71000", "250", "1" ], [ "0.77128", "144", "1" ], [ "1.00000", "61", "1" ], [ "1.24000", "1311", "1" ], [ "1.45000", "23", "1" ] ],
      "t" : 1756460388771
    } ],
    "instrument_name" : "BIGTIME_USDT"
  }
}