{
  "id" : -1,
  "method" : "public/get-book",
  "code" : 0,
  "result" : {
    "depth" : 50,
    "data" : [ {
      "bids" : [ [ "0.05806", "10", "1" ], [ "0.05803", "10", "1" ], [ "0.05794", "1420", "1" ], [ "0.05793", "3450", "1" ], [ "0.05776", "860", "1" ], [ "0.05772", "860", "1" ], [ "0.05768", "860", "1" ], [ "0.05764", "860", "1" ], [ "0.05000", "500", "1" ] ],
      "asks" : [ [ "0.05807", "20", "2" ], [ "0.05813", "1420", "1" ], [ "0.05814", "3430", "1" ], [ "0.05824", "850", "1" ], [ "0.05828", "850", "1" ], [ "0.05832", "850", "1" ], [ "0.05836", "850", "1" ], [ "0.11300", "2000", "1" ], [ "0.17000", "2000", "1" ], [ "0.19000", "2000", "1" ] ],
      "t" : 1756460392791
    } ],
    "instrument_name" : "BIGTIMEUSD-PERP"
  }
}