{
  "id" : -1,
  "method" : "public/get-book",
  "code" : 0,
  "result" : {
    "depth" : 50,
    "data" : [ {
      "bids" : [ [ "0.05804", "1191", "1" ], [ "0.05799", "19615", "1" ], [ "0.05798", "12757", "1" ], [ "0.05795", "12757", "1" ], [ "0.05790", "28407", "2" ], [ "0.05789", "6143", "1" ], [ "0.05785", "13854", "1" ], [ "0.05782", "17258", "2" ], [ "0.05777", "35567", "1" ], [ "0.05775", "17258", "1" ], [ "0.05768", "28416", "1" ], [ "0.05761", "39127", "1" ], [ "0.05754", "51454", "1" ], [ "0.05751", "34299", "1" ], [ "0.05725", "34245", "1" ], [ "0.05699", "35341", "1" ], [ "0.05494", "2615", "6" ], [ "0.05030", "2000", "1" ], [ "0.05000", "2900", "1" ], [ "0.04649", "2304", "1" ], [ "0.04620", "14059", "1" ], [ "0.04510", "34783", "2" ], [ "0.04500", "55555", "1" ], [ "0.04400", "57322", "2" ], [ "0.04290", "24454", "1" ], [ "0.04180", "64955", "2" ], [ "0.04000", "62500", "1" ] ],
      "asks" : [ [ "0.05812", "2087", "1" ], [ "0.05813", "1197", "1" ], [ "0.05819", "5171", "1" ], [ "0.05820", "14747", "1" ], [ "0.05823", "16328", "1" ], [ "0.05824", "4640", "1" ], [ "0.05825", "15442", "1" ], [ "0.05830", "15442", "1" ], [ "0.05831", "15656", "1" ], [ "0.05835", "15442", "1" ], [ "0.05837", "274", "1" ], [ "0.05838", "27888", "1" ], [ "0.05839", "49723", "1" ], [ "0.05845", "39425", "1" ], [ "0.05852", "48807", "1" ], [ "0.05859", "109975", "2" ], [ "0.05888", "45745", "1" ], [ "0.05915", "44668", "1" ], [ "0.06292", "8646", "1" ], [ "0.06976", "2304", "1" ], [ "0.07040", "7698", "1" ], [ "0.07150", "23070", "2" ], [ "0.07260", "38788", "2" ], [ "0.07370", "7698", "1" ], [ "0.07480", "36353", "1" ], [ "0.09700", "1030", "1" ], [ "0.09810", "1019", "1" ], [ "0.12000", "200", "1" ], [ "0.13000", "1478", "1" ], [ "0.13900", "4350", "1" ], [ "0.15200", "1319", "1" ], [ "0.16000", "2985", "1" ], [ "0.19630", "7318", "1" ], [ "0.20000", "99", "1" ], [ "0.22000", "2500", "1" ], [ "0.25000", "782", "2" ], [ "0.25417", "3", "1" ], [ "0.30000", "80", "1" ], [ "0.30700", "9456", "1" ], [ "0.31300", "429", "1" ], [ "0.33339", "492", "1" ], [ "0.34560", "3785", "1" ], [ "0.34704", "458", "1" ], [ "0.34975", "449", "1" ], [ "0.35747", "541", "1" ], [ "0.36564", "460", "1" ], [ "0.39000", "1178", "1" ], [ "0.40000", "75", "1" ], [ "0.50000", "75", "1" ], [ "0.60000", "53", "1" ] ],
      "t" : 1756460385708
    } ],
    "instrument_name" : "BIGTIME_USD"
  }
}