{
  "id" : -1,
  "method" : "public/get-book",
  "code" : 0,
  "result" : {
    "depth" : 50,
    "data" : [ {
      "bids" : [ [ "0.00026998", "1071000", "1" ], [ "0.00026928", "875000", "1" ], [ "0.00026916", "3359000", "1" ], [ "0.00026875", "3920000", "1" ], [ "0.00026784", "3218000", "2" ], [ "0.00026750", "7133000", "2" ], [ "0.00026640", "3218000", "1" ], [ "0.00026625", "15918000", "2" ], [ "0.00026500", "15918000", "1" ], [ "0.00026496", "7464000", "1" ], [ "0.00025131", "27000", "1" ], [ "0.00021718", "237000", "1" ], [ "0.00021717", "455000", "1" ], [ "0.00021528", "1908000", "1" ], [ "0.00020976", "7436000", "1" ], [ "0.00020424", "11736000", "1" ], [ "0.00019872", "118881000", "1" ], [ "0.00019320", "325722000", "1" ], [ "0.00010000", "10000", "1" ] ],
      "asks" : [ [ "0.00027420", "1071000", "1" ], [ "0.00027501", "3359000", "1" ], [ "0.00027504", "865000", "1" ], [ "0.00027625", "3869000", "1" ], [ "0.00027648", "3376000", "2" ], [ "0.00027749", "77000", "1" ], [ "0.00027750", "7659000", "2" ], [ "0.00027792", "3376000", "2" ], [ "0.00027875", "15336000", "2" ], [ "0.00027936", "5301000", "1" ], [ "0.00028000", "15336000", "1" ], [ "0.00029800", "166000", "1" ], [ "0.00030000", "50000", "1" ], [ "0.00032749", "455000", "1" ], [ "0.00033120", "1728000", "1" ], [ "0.00033672", "4279000", "2" ], [ "0.00034224", "7637000", "3" ], [ "0.00034776", "57297000", "4" ], [ "0.00035328", "200835000", "4" ], [ "0.00050000", "42000", "2" ], [ "0.00055000", "23000", "1" ], [ "0.00080000", "2000", "1" ], [ "0.00086000", "54000", "1" ], [ "0.00089066", "5000", "1" ], [ "0.00096148", "10000", "1" ], [ "0.00100000", "15000", "1" ], [ "0.00130000", "350000", "1" ], [ "0.00140000", "184000", "1" ], [ "0.00142000", "30000", "1" ], [ "0.00146582", "22000", "1" ], [ "0.00161616", "900000", "2" ], [ "0.00165000", "109000", "1" ], [ "0.00165165", "696000", "2" ], [ "0.00200000", "270000", "1" ], [ "0.00220000", "21000", "1" ], [ "0.00232323", "177000", "1" ], [ "0.00243972", "1000", "1" ], [ "0.00250000", "34000", "1" ], [ "0.00255555", "2000", "1" ], [ "0.00256000", "72000", "1" ], [ "0.00264180", "24000", "1" ], [ "0.00280000", "49000", "3" ], [ "0.00299998", "16000", "1" ], [ "0.00300000", "191000", "4" ], [ "0.00350000", "35000", "1" ], [ "0.00353100", "182000", "1" ], [ "0.00399998", "16000", "1" ], [ "0.00400000", "595000", "6" ], [ "0.00408500", "20000", "1" ], [ "0.00450000", "248000", "2" ] ],
      "t" : 1756460389118
    } ],
    "instrument_name" : "BINK_USD"
  }
}