{
  "id" : -1,
  "method" : "public/get-book",
  "code" : 0,
  "result" : {
    "depth" : 50,
    "data" : [ {
      "bids" : [ [ "0.002533", "78800", "1" ], [ "0.002530", "712800", "1" ], [ "0.002024", "140800", "1" ], [ "0.001998", "47800", "1" ], [ "0.001944", "186300", "1" ], [ "0.001890", "286000", "1" ], [ "0.001836", "406200", "1" ], [ "0.001782", "523200", "1" ], [ "0.001728", "659100", "1" ] ],
      "asks" : [ [ "0.002539", "78800", "1" ], [ "0.002546", "140800", "1" ], [ "0.002548", "34800", "1" ], [ "0.002552", "36600", "1" ], [ "0.002553", "140800", "1" ], [ "0.002556", "50200", "2" ], [ "0.002560", "180400", "3" ], [ "0.002564", "48500", "1" ], [ "0.002568", "284800", "2" ], [ "0.002576", "419700", "3" ], [ "0.002584", "578800", "3" ], [ "0.002592", "732900", "1" ], [ "0.003038", "140800", "1" ], [ "0.003078", "58900", "1" ], [ "0.003132", "171600", "2" ], [ "0.003186", "295000", "3" ], [ "0.003240", "409500", "4" ], [ "0.003294", "531600", "4" ], [ "0.003348", "642700", "1" ] ],
      "t" : 1756460400285
    } ],
    "instrument_name" : "BLASTUSD-PERP"
  }
}