{
  "id" : -1,
  "method" : "public/get-book",
  "code" : 0,
  "result" : {
    "depth" : 50,
    "data" : [ {
      "bids" : [ [ "0.002534", "9794", "1" ], [ "0.002533", "295694", "2" ], [ "0.002531", "192853", "1" ], [ "0.002527", "273049", "1" ], [ "0.002526", "2372272", "2" ], [ "0.002524", "1867228", "3" ], [ "0.002520", "433425", "2" ], [ "0.002516", "307122", "1" ], [ "0.002515", "341398", "2" ], [ "0.002514", "1383376", "1" ], [ "0.002513", "1814245", "1" ], [ "0.002510", "341398", "1" ], [ "0.002508", "1355970", "1" ], [ "0.002505", "540201", "1" ], [ "0.002500", "765718", "1" ], [ "0.002497", "1975838", "1" ], [ "0.002495", "966561", "1" ], [ "0.002488", "4335699", "1" ], [ "0.002485", "2024246", "1" ], [ "0.002477", "151958", "1" ], [ "0.002025", "33832", "1" ], [ "0.002024", "48658", "1" ], [ "0.002000", "7500", "1" ], [ "0.001976", "286672", "1" ], [ "0.001924", "717159", "1" ], [ "0.001872", "1279061", "1" ], [ "0.001820", "2203707", "1" ], [ "0.001768", "5450428", "1" ] ],
      "asks" : [ [ "0.002540", "98527", "1" ], [ "0.002541", "192184", "1" ], [ "0.002542", "9683", "1" ], [ "0.002543", "273049", "1" ], [ "0.002544", "275262", "1" ], [ "0.002546", "1529125", "2" ], [ "0.002548", "1578721", "2" ], [ "0.002550", "1275353", "2" ], [ "0.002552", "379317", "1" ], [ "0.002553", "1394277", "1" ], [ "0.002555", "313535", "1" ], [ "0.002559", "1378140", "1" ], [ "0.002560", "515364", "1" ], [ "0.002563", "1767654", "1" ], [ "0.002565", "953884", "1" ], [ "0.002570", "1151108", "1" ], [ "0.002575", "1151108", "1" ], [ "0.002577", "1945135", "1" ], [ "0.002587", "4356913", "1" ], [ "0.002590", "1975090", "1" ], [ "0.002978", "853", "1" ], [ "0.003020", "2680", "1" ], [ "0.003033", "837", "1" ], [ "0.003038", "48658", "1" ], [ "0.003065", "2642", "1" ], [ "0.003068", "173550", "1" ], [ "0.003089", "822", "1" ], [ "0.003108", "2604", "1" ], [ "0.003120", "495986", "2" ], [ "0.003145", "807", "1" ], [ "0.003152", "2568", "1" ], [ "0.003172", "495986", "2" ], [ "0.003197", "2531", "1" ], [ "0.003201", "792", "1" ], [ "0.003224", "1248302", "3" ], [ "0.003240", "2495", "1" ], [ "0.003258", "779", "1" ], [ "0.003276", "3176628", "4" ], [ "0.003285", "2468", "1" ], [ "0.003314", "765", "1" ], [ "0.003328", "2429", "1" ], [ "0.003370", "752", "1" ], [ "0.003373", "2397", "1" ], [ "0.003416", "2365", "1" ], [ "0.003425", "739", "1" ], [ "0.003461", "2347", "1" ], [ "0.003481", "727", "1" ], [ "0.003504", "2306", "1" ], [ "0.003537", "716", "1" ], [ "0.003549", "2277", "1" ] ],
      "t" : 1756460388117
    } ],
    "instrument_name" : "BLAST_USD"
  }
}