{
  "id" : -1,
  "method" : "public/get-book",
  "code" : 0,
  "result" : {
    "depth" : 50,
    "data" : [ {
      "bids" : [ [ "0.07624", "1", "1" ], [ "0.07616", "2626", "1" ], [ "0.07613", "8673", "1" ], [ "0.07605", "4920", "1" ], [ "0.07602", "6577", "1" ], [ "0.07600", "6578", "1" ], [ "0.07598", "17266", "2" ], [ "0.07596", "21517", "2" ], [ "0.07593", "14241", "1" ], [ "0.07588", "4702", "1" ], [ "0.07587", "6850", "1" ], [ "0.07578", "7981", "2" ], [ "0.07574", "10153", "1" ], [ "0.07569", "7111", "2" ], [ "0.07566", "31961", "1" ], [ "0.07560", "14174", "2" ], [ "0.07546", "18914", "2" ], [ "0.07532", "25462", "2" ], [ "0.07527", "31961", "1" ], [ "0.07488", "31961", "1" ], [ "0.06928", "5077", "1" ], [ "0.06092", "6195", "1" ], [ "0.06080", "2098", "1" ], [ "0.05920", "6838", "1" ], [ "0.05760", "11403", "1" ], [ "0.05600", "15810", "1" ], [ "0.05440", "20067", "1" ], [ "0.05280", "24083", "1" ] ],
      "asks" : [ [ "0.07628", "1", "1" ], [ "0.07629", "1", "1" ], [ "0.07634", "2619", "1" ], [ "0.07648", "15210", "2" ], [ "0.07650", "12249", "2" ], [ "0.07652", "6533", "1" ], [ "0.07659", "7151", "1" ], [ "0.07660", "14239", "1" ], [ "0.07668", "6952", "1" ], [ "0.07672", "4958", "1" ], [ "0.07677", "6633", "2" ], [ "0.07686", "16950", "4" ], [ "0.07700", "14824", "3" ], [ "0.07714", "20463", "3" ], [ "0.07722", "31961", "1" ], [ "0.07728", "24149", "2" ], [ "0.07761", "31961", "1" ], [ "0.07800", "31961", "1" ], [ "0.08389", "5077", "1" ], [ "0.09147", "6195", "1" ], [ "0.09280", "2286", "1" ], [ "0.09440", "6518", "1" ], [ "0.09600", "11225", "1" ], [ "0.09760", "15220", "1" ], [ "0.09920", "20222", "1" ], [ "0.10080", "24883", "1" ] ],
      "t" : 1756460411228
    } ],
    "instrument_name" : "BLURUSD-PERP"
  }
}