{
  "id" : -1,
  "method" : "public/get-book",
  "code" : 0,
  "result" : {
    "depth" : 50,
    "data" : [ {
      "bids" : [ [ "0.07620", "1625.0", "1" ], [ "0.07619", "9150.4", "1" ], [ "0.07617", "15601.4", "1" ], [ "0.07616", "9525.2", "1" ], [ "0.07612", "10234.6", "1" ], [ "0.07608", "9814.9", "1" ], [ "0.07593", "11729.2", "1" ], [ "0.07584", "3058.7", "1" ], [ "0.07572", "11210.3", "1" ], [ "0.07560", "18109.4", "1" ], [ "0.07548", "25743.2", "1" ], [ "0.07536", "32527.4", "1" ], [ "0.07524", "39567.4", "1" ], [ "0.07001", "899.9", "1" ], [ "0.07000", "500.0", "1" ], [ "0.06180", "1010.0", "1" ], [ "0.06092", "1625.9", "1" ], [ "0.06006", "6816.0", "1" ], [ "0.05852", "25330.2", "1" ], [ "0.05698", "41825.9", "1" ], [ "0.05544", "62796.4", "1" ], [ "0.05390", "213768.8", "1" ] ],
      "asks" : [ [ "0.07638", "2454.8", "1" ], [ "0.07639", "15601.4", "1" ], [ "0.07640", "9150.4", "1" ], [ "0.07644", "8081.6", "1" ], [ "0.07648", "9599.6", "1" ], [ "0.07652", "12542.3", "1" ], [ "0.07656", "2196.9", "1" ], [ "0.07658", "11729.2", "1" ], [ "0.07668", "4245.8", "1" ], [ "0.07680", "10019.9", "1" ], [ "0.07692", "18141.1", "1" ], [ "0.07704", "24911.1", "1" ], [ "0.07716", "32684.2", "1" ], [ "0.07728", "39470.2", "1" ], [ "0.07732", "197.1", "1" ], [ "0.08201", "194.1", "1" ], [ "0.08202", "499.9", "1" ], [ "0.08354", "109.3", "1" ], [ "0.09149", "1625.9", "1" ], [ "0.09240", "5864.0", "1" ], [ "0.09394", "15440.6", "2" ], [ "0.09548", "26980.3", "3" ], [ "0.09702", "26980.3", "3" ], [ "0.09856", "128578.6", "1" ], [ "0.14000", "3992.0", "1" ], [ "0.14300", "161.8", "1" ], [ "0.15100", "399.1", "1" ], [ "0.15200", "665.9", "1" ], [ "0.16100", "299.3", "1" ], [ "0.18400", "55.0", "1" ], [ "0.21650", "923.8", "1" ], [ "0.22700", "1326.6", "1" ], [ "0.22800", "439.0", "1" ], [ "0.28000", "1402.0", "1" ], [ "0.45000", "1340.0", "1" ], [ "0.46600", "1293.5", "1" ], [ "0.53878", "8.1", "1" ], [ "0.57498", "7.6", "1" ], [ "0.58000", "1751.6", "1" ], [ "0.60926", "422.4", "1" ], [ "0.61000", "245.4", "1" ], [ "0.61117", "7.1", "1" ], [ "0.64737", "6.7", "1" ], [ "0.68357", "6.3", "1" ], [ "0.71982", "5.9", "1" ], [ "1.20000", "1700.3", "1" ], [ "3.50000", "3.7", "1" ] ],
      "t" : 1756460407125
    } ],
    "instrument_name" : "BLUR_USD"
  }
}