{
  "id" : -1,
  "method" : "public/get-book",
  "code" : 0,
  "result" : {
    "depth" : 50,
    "data" : [ {
      "bids" : [ [ "0.06771", "140", "1" ], [ "0.06766", "18", "1" ], [ "0.06761", "8510", "1" ], [ "0.06750", "14180", "1" ], [ "0.06732", "87", "1" ], [ "0.06731", "49650", "1" ], [ "0.06702", "10113", "1" ], [ "0.06685", "9501", "1" ], [ "0.06683", "85120", "1" ], [ "0.06672", "12945", "1" ], [ "0.06670", "4003", "1" ], [ "0.06650", "9501", "1" ], [ "0.06624", "10566", "2" ], [ "0.06615", "12433", "1" ], [ "0.06578", "18499", "3" ], [ "0.06532", "18499", "2" ], [ "0.06501", "1528", "1" ], [ "0.06500", "400", "1" ], [ "0.06486", "25506", "1" ], [ "0.06440", "25506", "1" ], [ "0.05408", "431", "1" ], [ "0.05320", "1983", "1" ], [ "0.05180", "6368", "1" ], [ "0.05040", "11157", "1" ], [ "0.04900", "46902", "1" ], [ "0.04760", "160671", "1" ] ],
      "asks" : [ [ "0.06776", "140", "1" ], [ "0.06783", "31", "1" ], [ "0.06784", "8510", "1" ], [ "0.06792", "14180", "1" ], [ "0.06811", "49650", "1" ], [ "0.06817", "147", "1" ], [ "0.06851", "10113", "1" ], [ "0.06858", "85120", "1" ], [ "0.06860", "9144", "1" ], [ "0.06871", "12945", "1" ], [ "0.06895", "9264", "1" ], [ "0.06900", "2760", "1" ], [ "0.06930", "10264", "1" ], [ "0.06946", "9458", "1" ], [ "0.06992", "22823", "1" ], [ "0.07038", "29443", "1" ], [ "0.07084", "36685", "1" ], [ "0.07130", "36685", "1" ], [ "0.08126", "431", "1" ], [ "0.08260", "1289", "1" ], [ "0.08300", "732", "1" ], [ "0.08400", "4203", "2" ], [ "0.08540", "4203", "2" ], [ "0.08680", "38335", "2" ], [ "0.08820", "90156", "1" ], [ "0.10000", "1300", "1" ], [ "0.11600", "35", "1" ], [ "0.13500", "21577", "1" ], [ "0.14000", "574", "1" ], [ "0.15000", "452", "1" ], [ "0.15200", "185", "1" ], [ "0.17000", "224", "1" ], [ "0.17143", "6", "1" ], [ "0.19500", "747", "1" ], [ "0.25000", "788", "1" ], [ "0.29000", "4838", "1" ], [ "0.30000", "733", "1" ], [ "0.37000", "1294", "1" ], [ "0.52000", "40", "1" ] ],
      "t" : 1756460414524
    } ],
    "instrument_name" : "BMT_USD"
  }
}