{
  "id" : -1,
  "method" : "public/get-book",
  "code" : 0,
  "result" : {
    "depth" : 50,
    "data" : [ {
      "bids" : [ [ "0.06779", "10", "1" ], [ "0.06766", "10", "1" ], [ "0.06763", "1470", "1" ], [ "0.06757", "730", "1" ], [ "0.06756", "740", "1" ], [ "0.06755", "740", "1" ], [ "0.06752", "740", "1" ], [ "0.06740", "8440", "1" ], [ "0.06733", "14580", "1" ], [ "0.06730", "1850", "1" ], [ "0.06728", "1850", "1" ], [ "0.06726", "1850", "1" ], [ "0.06724", "1850", "1" ], [ "0.06717", "2230", "1" ], [ "0.06714", "2230", "1" ], [ "0.06711", "2230", "1" ], [ "0.06708", "2230", "1" ], [ "0.06705", "2230", "1" ], [ "0.06702", "2230", "1" ], [ "0.06559", "1390", "1" ], [ "0.06558", "14200", "1" ], [ "0.06555", "11980", "1" ], [ "0.06540", "19430", "2" ], [ "0.06532", "9940", "1" ], [ "0.06528", "11920", "1" ], [ "0.06525", "31430", "3" ], [ "0.06520", "11150", "1" ], [ "0.06512", "13170", "2" ], [ "0.06510", "42830", "3" ], [ "0.06504", "13210", "2" ], [ "0.06496", "15110", "2" ], [ "0.06495", "54930", "3" ], [ "0.05408", "7100", "1" ], [ "0.05320", "5460", "1" ], [ "0.05180", "13690", "1" ], [ "0.05040", "22210", "1" ], [ "0.04900", "32590", "1" ], [ "0.04760", "41830", "1" ], [ "0.04620", "51580", "1" ] ],
      "asks" : [ [ "0.06780", "10", "1" ], [ "0.06786", "730", "1" ], [ "0.06787", "730", "1" ], [ "0.06788", "730", "1" ], [ "0.06789", "730", "1" ], [ "0.06791", "10", "1" ], [ "0.06793", "1390", "1" ], [ "0.06794", "8460", "1" ], [ "0.06797", "9940", "1" ], [ "0.06800", "11090", "1" ], [ "0.06808", "10380", "1" ], [ "0.06811", "14200", "1" ], [ "0.06812", "1830", "1" ], [ "0.06814", "1830", "1" ], [ "0.06816", "14000", "2" ], [ "0.06818", "1830", "1" ], [ "0.06824", "12120", "2" ], [ "0.06825", "11080", "2" ], [ "0.06828", "2190", "1" ], [ "0.06831", "2190", "1" ], [ "0.06832", "15180", "2" ], [ "0.06834", "2190", "1" ], [ "0.06837", "2190", "1" ], [ "0.06840", "22670", "3" ], [ "0.06855", "30880", "3" ], [ "0.06870", "44350", "1" ], [ "0.06885", "52760", "1" ], [ "0.08124", "7100", "1" ], [ "0.08260", "5420", "1" ], [ "0.08400", "13770", "2" ], [ "0.08540", "22180", "3" ], [ "0.08680", "31890", "3" ], [ "0.08820", "42250", "3" ], [ "0.08960", "50260", "1" ] ],
      "t" : 1756460414305
    } ],
    "instrument_name" : "BMTUSD-PERP"
  }
}