{
  "id" : -1,
  "method" : "public/get-book",
  "code" : 0,
  "result" : {
    "depth" : 50,
    "data" : [ {
      "bids" : [ [ "0.74275", "213.5", "1" ], [ "0.74274", "1286.4", "1" ], [ "0.74273", "892.4", "1" ], [ "0.74256", "1007.3", "1" ], [ "0.74214", "1142.3", "1" ], [ "0.74154", "1144.5", "1" ], [ "0.74102", "701.7", "1" ], [ "0.74052", "1144.5", "1" ], [ "0.73968", "2016.1", "1" ], [ "0.73834", "3376.4", "1" ], [ "0.73700", "6111.9", "1" ], [ "0.73566", "7611.3", "1" ], [ "0.73432", "7611.3", "1" ], [ "0.70254", "18.5", "1" ], [ "0.70253", "99.7", "1" ], [ "0.59541", "159.1", "1" ], [ "0.58090", "961.0", "1" ], [ "0.56520", "2328.2", "1" ], [ "0.54950", "4269.2", "1" ], [ "0.53380", "16123.4", "1" ], [ "0.51810", "59462.4", "1" ] ],
      "asks" : [ [ "0.74796", "138.0", "2" ], [ "0.74797", "892.4", "1" ], [ "0.74825", "1329.0", "1" ], [ "0.74826", "1809.1", "1" ], [ "0.74868", "1050.7", "1" ], [ "0.74916", "1142.3", "1" ], [ "0.74970", "1130.0", "1" ], [ "0.75039", "1952.8", "1" ], [ "0.75040", "767.4", "1" ], [ "0.75072", "1122.6", "1" ], [ "0.75173", "49.3", "1" ], [ "0.75174", "2098.4", "1" ], [ "0.75308", "3330.7", "1" ], [ "0.75442", "4794.4", "1" ], [ "0.75576", "6104.0", "1" ], [ "0.75710", "7473.4", "1" ], [ "0.89406", "159.1", "1" ], [ "0.89490", "551.5", "1" ], [ "0.91060", "1551.8", "2" ], [ "0.92630", "2672.0", "3" ], [ "0.93306", "490.6", "1" ], [ "0.94200", "11911.7", "4" ], [ "0.95770", "36683.7", "5" ], [ "1.00000", "40.0", "1" ], [ "1.20000", "29.1", "1" ], [ "1.50000", "30.0", "1" ], [ "2.00000", "19.0", "1" ], [ "2.20000", "19.0", "1" ], [ "2.60000", "16.4", "1" ] ],
      "t" : 1756460196248
    } ],
    "instrument_name" : "BNT_USD"
  }
}