{
  "id" : -1,
  "method" : "public/get-book",
  "code" : 0,
  "result" : {
    "depth" : 50,
    "data" : [ {
      "bids" : [ [ "0.09125", "199", "1" ], [ "0.09106", "847", "1" ], [ "0.09060", "5577", "1" ], [ "0.09059", "7727", "1" ], [ "0.09054", "1035", "1" ], [ "0.09021", "488", "1" ], [ "0.09020", "25498", "1" ], [ "0.08948", "1058", "1" ], [ "0.08930", "7517", "1" ], [ "0.08925", "7343", "1" ], [ "0.08910", "8404", "1" ], [ "0.08895", "8350", "1" ], [ "0.08839", "9619", "1" ], [ "0.08835", "6192", "1" ], [ "0.08820", "16757", "1" ], [ "0.08805", "28456", "1" ], [ "0.08790", "40647", "1" ], [ "0.08775", "52765", "1" ], [ "0.08760", "63457", "1" ], [ "0.07278", "1339", "1" ], [ "0.07106", "5676", "1" ], [ "0.07000", "714", "1" ], [ "0.06919", "19705", "1" ], [ "0.06732", "32646", "1" ], [ "0.06545", "32646", "1" ], [ "0.06358", "116903", "1" ] ],
      "asks" : [ [ "0.09162", "17140", "1" ], [ "0.09165", "14630", "2" ], [ "0.09169", "8647", "1" ], [ "0.09237", "15365", "1" ], [ "0.09238", "652", "1" ], [ "0.09282", "24779", "1" ], [ "0.09292", "662", "1" ], [ "0.09354", "7517", "1" ], [ "0.09360", "6950", "1" ], [ "0.09375", "7792", "1" ], [ "0.09390", "8618", "1" ], [ "0.09456", "9619", "1" ], [ "0.09465", "5466", "1" ], [ "0.09480", "17923", "1" ], [ "0.09495", "28324", "1" ], [ "0.09510", "39564", "1" ], [ "0.09525", "50628", "1" ], [ "0.09540", "61406", "1" ], [ "0.09751", "13688", "1" ], [ "0.09752", "15099", "1" ], [ "0.10550", "739", "1" ], [ "0.10971", "1339", "1" ], [ "0.11033", "3576", "1" ], [ "0.11220", "12748", "3" ], [ "0.11407", "12748", "2" ], [ "0.11594", "25953", "2" ], [ "0.11781", "71701", "2" ], [ "0.14348", "7", "1" ], [ "0.15000", "1813", "1" ], [ "0.25000", "246", "1" ], [ "0.28000", "246", "1" ], [ "0.30000", "1239", "2" ], [ "0.36765", "2", "1" ], [ "0.45200", "22123", "1" ], [ "0.49500", "11954", "1" ], [ "0.56108", "1", "1" ], [ "0.59047", "11358", "1" ], [ "0.60000", "244", "1" ], [ "0.78828", "256", "1" ], [ "0.95000", "5", "1" ], [ "0.97000", "5120", "1" ], [ "1.00000", "272", "2" ], [ "1.11000", "5", "1" ], [ "1.18000", "3454", "5" ], [ "1.22000", "255", "1" ] ],
      "t" : 1756460421273
    } ],
    "instrument_name" : "BOBA_USD"
  }
}