{
  "id" : -1,
  "method" : "public/get-book",
  "code" : 0,
  "result" : {
    "depth" : 50,
    "data" : [ {
      "bids" : [ [ "0.001946", "600", "1" ], [ "0.001945", "612230", "1" ], [ "0.001944", "139240", "1" ], [ "0.001943", "261700", "1" ], [ "0.001942", "112660", "1" ], [ "0.001941", "375530", "2" ], [ "0.001940", "351320", "1" ], [ "0.001937", "369830", "1" ], [ "0.001936", "489190", "2" ], [ "0.001935", "776660", "2" ], [ "0.001932", "220140", "1" ], [ "0.001930", "1410810", "2" ], [ "0.001928", "523400", "2" ], [ "0.001926", "704940", "2" ], [ "0.001925", "903050", "1" ], [ "0.001922", "128660", "2" ], [ "0.001921", "323610", "2" ], [ "0.001920", "1232070", "4" ], [ "0.001915", "546860", "1" ], [ "0.001914", "1372620", "2" ], [ "0.001912", "2563180", "2" ], [ "0.001910", "137120", "2" ], [ "0.001908", "2123150", "1" ], [ "0.001900", "137120", "1" ], [ "0.001899", "1060", "1" ], [ "0.001892", "331020", "1" ], [ "0.001890", "267130", "1" ], [ "0.001861", "980", "1" ], [ "0.001814", "1110", "1" ], [ "0.001810", "71820", "1" ], [ "0.001809", "1000", "1" ], [ "0.001800", "10000", "1" ], [ "0.001783", "1130", "1" ], [ "0.001758", "1030", "1" ], [ "0.001724", "1170", "1" ], [ "0.001708", "1060", "1" ], [ "0.001667", "1210", "1" ], [ "0.001657", "1100", "1" ], [ "0.001654", "10000", "1" ], [ "0.001608", "1250", "1" ], [ "0.001603", "11760710", "1" ], [ "0.001601", "2416000", "1" ], [ "0.001600", "6250", "1" ], [ "0.001588", "6000", "1" ], [ "0.001566", "6723670", "1" ], [ "0.001554", "62600", "1" ], [ "0.001551", "1300", "1" ], [ "0.001517", "385230", "1" ], [ "0.001492", "1350", "1" ], [ "0.001476", "1025020", "1" ] ],
      "asks" : [ [ "0.001947", "600", "1" ], [ "0.001948", "14410", "1" ], [ "0.001949", "82050", "1" ], [ "0.001951", "39740", "1" ], [ "0.001952", "295830", "1" ], [ "0.001955", "415930", "1" ], [ "0.001956", "721410", "2" ], [ "0.001958", "653590", "2" ], [ "0.001960", "635790", "1" ], [ "0.001962", "249190", "1" ], [ "0.001964", "57380", "1" ], [ "0.001965", "635790", "1" ], [ "0.001967", "550660", "2" ], [ "0.001968", "714610", "2" ], [ "0.001970", "967630", "2" ], [ "0.001974", "1648290", "3" ], [ "0.001979", "904490", "1" ], [ "0.001980", "1916580", "5" ], [ "0.001983", "2562230", "1" ], [ "0.001986", "2102340", "1" ], [ "0.001990", "123090", "2" ], [ "0.002000", "259230", "1" ], [ "0.002002", "343160", "1" ], [ "0.002014", "1960", "2" ], [ "0.002064", "900", "1" ], [ "0.002073", "1000", "1" ], [ "0.002115", "880", "1" ], [ "0.002131", "970", "1" ], [ "0.002167", "890", "1" ], [ "0.002188", "930", "1" ], [ "0.002227", "890", "1" ], [ "0.002246", "910", "1" ], [ "0.002307", "890", "1" ], [ "0.002334", "62600", "1" ], [ "0.002337", "172920", "1" ], [ "0.002378", "644720", "2" ], [ "0.002419", "644720", "3" ], [ "0.002460", "1788260", "4" ], [ "0.002501", "4718430", "4" ], [ "0.002620", "1000", "1" ], [ "0.003000", "5500", "2" ], [ "0.003300", "90900", "1" ], [ "0.003420", "5850", "1" ], [ "0.003500", "11000", "1" ], [ "0.004000", "5040", "1" ], [ "0.004600", "24000", "1" ], [ "0.004700", "38820", "1" ], [ "0.005000", "1490", "1" ], [ "0.006000", "540", "2" ], [ "0.006500", "30860", "1" ] ],
      "t" : 1756460428572
    } ],
    "instrument_name" : "BOME_USD"
  }
}