{
  "id" : -1,
  "method" : "public/get-book",
  "code" : 0,
  "result" : {
    "depth" : 50,
    "data" : [ {
      "bids" : [ [ "0.001945", "5150", "1" ], [ "0.001944", "146780", "1" ], [ "0.001943", "360630", "2" ], [ "0.001942", "440020", "2" ], [ "0.001941", "723200", "1" ], [ "0.001940", "351320", "1" ], [ "0.001938", "369830", "1" ], [ "0.001936", "478590", "1" ], [ "0.001935", "730960", "2" ], [ "0.001932", "160450", "1" ], [ "0.001930", "757600", "1" ], [ "0.001927", "175000", "1" ], [ "0.001926", "530260", "2" ], [ "0.001925", "3034300", "2" ], [ "0.001921", "57380", "1" ], [ "0.001920", "589760", "3" ], [ "0.001915", "42850", "1" ], [ "0.001914", "1305730", "4" ], [ "0.001912", "2562230", "1" ], [ "0.001910", "129900", "2" ], [ "0.001908", "1133120", "1" ], [ "0.001902", "1844680", "1" ], [ "0.001900", "129900", "1" ], [ "0.001892", "366950", "1" ], [ "0.001890", "256560", "1" ], [ "0.001770", "528420", "1" ], [ "0.001554", "62790", "1" ], [ "0.001517", "270370", "1" ], [ "0.001476", "942690", "1" ], [ "0.001435", "2274780", "1" ], [ "0.001394", "2274780", "1" ], [ "0.001353", "8405110", "1" ] ],
      "asks" : [ [ "0.001949", "5140", "1" ], [ "0.001950", "175340", "1" ], [ "0.001951", "111010", "1" ], [ "0.001952", "295830", "1" ], [ "0.001953", "928140", "1" ], [ "0.001954", "369820", "1" ], [ "0.001955", "351320", "1" ], [ "0.001957", "478590", "1" ], [ "0.001958", "175000", "1" ], [ "0.001960", "648510", "2" ], [ "0.001961", "489560", "1" ], [ "0.001962", "163900", "1" ], [ "0.001964", "57380", "1" ], [ "0.001965", "703510", "1" ], [ "0.001966", "3105740", "1" ], [ "0.001968", "456450", "2" ], [ "0.001970", "750790", "2" ], [ "0.001974", "830750", "3" ], [ "0.001980", "1422500", "4" ], [ "0.001983", "2562230", "1" ], [ "0.001986", "1149460", "1" ], [ "0.001990", "115060", "2" ], [ "0.001992", "1805470", "1" ], [ "0.002000", "190540", "1" ], [ "0.002002", "361210", "1" ], [ "0.002143", "339930", "1" ], [ "0.002333", "62790", "1" ], [ "0.002337", "200010", "1" ], [ "0.002360", "569620", "1" ], [ "0.002378", "616180", "2" ], [ "0.002419", "616180", "2" ], [ "0.002460", "1659740", "3" ], [ "0.002501", "4350600", "4" ], [ "0.003500", "1190", "1" ], [ "0.004800", "100000", "1" ], [ "0.004955", "1010", "1" ], [ "0.005209", "960", "1" ], [ "0.005462", "910", "1" ], [ "0.005716", "870", "1" ], [ "0.005970", "830", "1" ], [ "0.005999", "2510", "1" ], [ "0.006224", "790", "1" ], [ "0.006300", "21260", "1" ], [ "0.006479", "760", "1" ], [ "0.006733", "730", "1" ], [ "0.006987", "700", "1" ], [ "0.007241", "680", "1" ], [ "0.007289", "2160", "1" ], [ "0.007494", "650", "1" ], [ "0.007556", "2080", "1" ] ],
      "t" : 1756460432504
    } ],
    "instrument_name" : "BOME_USDT"
  }
}