{
  "id" : -1,
  "method" : "public/get-book",
  "code" : 0,
  "result" : {
    "depth" : 50,
    "data" : [ {
      "bids" : [ [ "0.001945", "200", "2" ], [ "0.001944", "2269400", "2" ], [ "0.001943", "6266200", "2" ], [ "0.001939", "2783500", "1" ], [ "0.001938", "9278200", "2" ], [ "0.001937", "25800", "1" ], [ "0.001936", "25800", "1" ], [ "0.001935", "25800", "1" ], [ "0.001934", "478000", "1" ], [ "0.001932", "934700", "2" ], [ "0.001925", "991900", "2" ], [ "0.001924", "334600", "1" ], [ "0.001922", "524400", "1" ], [ "0.001920", "279200", "1" ], [ "0.001918", "1465800", "3" ], [ "0.001916", "357500", "2" ], [ "0.001912", "354000", "1" ], [ "0.001911", "2421400", "5" ], [ "0.001908", "455400", "2" ], [ "0.001904", "2907000", "4" ], [ "0.001554", "239000", "1" ], [ "0.001517", "210900", "1" ], [ "0.001476", "707800", "1" ], [ "0.001435", "1236000", "1" ], [ "0.001394", "1685300", "1" ], [ "0.001353", "2183400", "1" ], [ "0.001312", "2665200", "1" ] ],
      "asks" : [ [ "0.001947", "100", "1" ], [ "0.001948", "6552200", "3" ], [ "0.001951", "102500", "1" ], [ "0.001952", "2774100", "1" ], [ "0.001953", "9246900", "1" ], [ "0.001956", "360100", "3" ], [ "0.001957", "25500", "1" ], [ "0.001958", "25500", "1" ], [ "0.001959", "549400", "2" ], [ "0.001960", "753700", "2" ], [ "0.001964", "366400", "3" ], [ "0.001967", "412900", "1" ], [ "0.001968", "920400", "3" ], [ "0.001972", "451200", "2" ], [ "0.001974", "955500", "2" ], [ "0.001976", "420600", "1" ], [ "0.001981", "1995600", "4" ], [ "0.001988", "1886800", "2" ], [ "0.001995", "2427400", "2" ], [ "0.002333", "239000", "1" ], [ "0.002337", "239100", "1" ], [ "0.002378", "713500", "2" ], [ "0.002419", "1203200", "3" ], [ "0.002460", "1632300", "4" ], [ "0.002501", "2127000", "5" ], [ "0.002542", "2632000", "6" ] ],
      "t" : 1756460436079
    } ],
    "instrument_name" : "BOMEUSD-PERP"
  }
}