{
  "id" : -1,
  "method" : "public/get-book",
  "code" : 0,
  "result" : {
    "depth" : 50,
    "data" : [ {
      "bids" : [ [ "0.000020444", "60000", "1" ], [ "0.000020436", "13280000", "1" ], [ "0.000020435", "48930000", "1" ], [ "0.000020422", "12220000", "1" ], [ "0.000020420", "93750000", "1" ], [ "0.000020417", "26900000", "2" ], [ "0.000020416", "48970000", "1" ], [ "0.000020407", "48990000", "1" ], [ "0.000020402", "105700000", "1" ], [ "0.000020401", "33150000", "1" ], [ "0.000020400", "74260000", "1" ], [ "0.000020396", "24720000", "1" ], [ "0.000020381", "245300000", "1" ], [ "0.000020380", "74260000", "1" ], [ "0.000020370", "66360000", "1" ], [ "0.000020360", "70360000", "1" ], [ "0.000020358", "123340000", "1" ], [ "0.000020342", "368660000", "1" ], [ "0.000020340", "18740000", "1" ], [ "0.000020310", "55100000", "1" ], [ "0.000020281", "16830000", "1" ], [ "0.000020280", "97500000", "1" ], [ "0.000020258", "740380000", "1" ], [ "0.000020250", "128200000", "1" ], [ "0.000020220", "172580000", "1" ], [ "0.000020191", "36080000", "1" ], [ "0.000020190", "208320000", "1" ], [ "0.000019661", "770000", "1" ], [ "0.000019660", "500000", "1" ], [ "0.000018123", "2950000", "1" ], [ "0.000018000", "980000", "1" ], [ "0.000017309", "1060000", "1" ], [ "0.000016304", "5930000", "1" ], [ "0.000016188", "27420000", "1" ], [ "0.000015762", "90270000", "1" ], [ "0.000015336", "152140000", "2" ], [ "0.000014997", "1220000", "1" ], [ "0.000014910", "90270000", "1" ], [ "0.000014484", "253960000", "1" ], [ "0.000014084", "370000", "1" ], [ "0.000013261", "390000", "1" ], [ "0.000012683", "1450000", "1" ], [ "0.000012436", "420000", "1" ], [ "0.000011613", "450000", "1" ], [ "0.000010788", "490000", "1" ], [ "0.000009125", "6230000", "1" ] ],
      "asks" : [ [ "0.000020445", "12730000", "1" ], [ "0.000020452", "14670000", "1" ], [ "0.000020453", "48890000", "1" ], [ "0.000020459", "29590000", "2" ], [ "0.000020460", "105730000", "1" ], [ "0.000020464", "24240000", "1" ], [ "0.000020477", "93750000", "1" ], [ "0.000020478", "48990000", "1" ], [ "0.000020479", "48820000", "1" ], [ "0.000020490", "244000000", "1" ], [ "0.000020493", "33150000", "1" ], [ "0.000020497", "123340000", "1" ], [ "0.000020500", "63460000", "1" ], [ "0.000020504", "66360000", "1" ], [ "0.000020519", "365500000", "1" ], [ "0.000020520", "78680000", "2" ], [ "0.000020540", "66020000", "1" ], [ "0.000020550", "785310000", "2" ], [ "0.000020580", "92800000", "1" ], [ "0.000020610", "128950000", "1" ], [ "0.000020640", "164340000", "1" ], [ "0.000020670", "203820000", "1" ], [ "0.000021757", "190000", "1" ], [ "0.000021919", "1170000", "1" ], [ "0.000021936", "930000", "1" ], [ "0.000022144", "700000", "1" ], [ "0.000022500", "5000000", "1" ], [ "0.000022722", "9220000", "1" ], [ "0.000022859", "9160000", "1" ], [ "0.000022998", "9110000", "1" ], [ "0.000023137", "9050000", "1" ], [ "0.000023278", "9000000", "1" ], [ "0.000023418", "8940000", "1" ], [ "0.000023560", "8890000", "1" ], [ "0.000023702", "8840000", "1" ], [ "0.000023846", "8780000", "1" ], [ "0.000023991", "8730000", "1" ], [ "0.000024136", "8680000", "1" ], [ "0.000024249", "820000", "1" ], [ "0.000024283", "8620000", "1" ], [ "0.000024429", "8570000", "1" ], [ "0.000024468", "5930000", "1" ], [ "0.000024577", "8520000", "1" ], [ "0.000024708", "22760000", "1" ], [ "0.000024726", "8470000", "1" ], [ "0.000024875", "8420000", "1" ], [ "0.000025000", "5000000", "1" ], [ "0.000025026", "8370000", "1" ], [ "0.000025134", "58210000", "2" ], [ "0.000025177", "8320000", "1" ] ],
      "t" : 1756460450602
    } ],
    "instrument_name" : "BONK_USDT"
  }
}