{
  "id" : -1,
  "method" : "public/get-book",
  "code" : 0,
  "result" : {
    "depth" : 50,
    "data" : [ {
      "bids" : [ [ "0.000020440", "100000", "1" ], [ "0.000020436", "100000", "1" ], [ "0.000020430", "27800000", "2" ], [ "0.000020429", "85800000", "2" ], [ "0.000020424", "13000000", "1" ], [ "0.000020423", "43300000", "1" ], [ "0.000020422", "25600000", "1" ], [ "0.000020421", "85400000", "1" ], [ "0.000020420", "31000000", "2" ], [ "0.000020419", "84400000", "1" ], [ "0.000020418", "315500000", "2" ], [ "0.000020417", "1057200000", "1" ], [ "0.000020415", "100000", "1" ], [ "0.000020410", "5600000", "1" ], [ "0.000020408", "9800000", "1" ], [ "0.000020400", "5600000", "1" ], [ "0.000020390", "5600000", "1" ], [ "0.000020388", "2400000", "1" ], [ "0.000020384", "2400000", "1" ], [ "0.000020380", "8100000", "2" ], [ "0.000020376", "2400000", "1" ], [ "0.000020370", "5800000", "1" ], [ "0.000020360", "5700000", "1" ], [ "0.000020355", "2114700000", "1" ], [ "0.000020347", "32500000", "1" ], [ "0.000020340", "5600000", "1" ], [ "0.000020330", "5600000", "1" ], [ "0.000020328", "26400000", "1" ], [ "0.000020321", "46400000", "1" ], [ "0.000020320", "5700000", "1" ], [ "0.000020316", "2818600000", "1" ], [ "0.000020310", "53300000", "2" ], [ "0.000020306", "33300000", "1" ], [ "0.000020300", "5800000", "1" ], [ "0.000020290", "5800000", "1" ], [ "0.000020284", "35500000", "2" ], [ "0.000020280", "92800000", "3" ], [ "0.000020270", "5600000", "1" ], [ "0.000020262", "47900000", "2" ], [ "0.000020260", "5700000", "1" ], [ "0.000020250", "138500000", "4" ], [ "0.000020246", "117800000", "1" ], [ "0.000020240", "56300000", "3" ], [ "0.000020234", "2819500000", "1" ], [ "0.000020220", "187400000", "4" ], [ "0.000020210", "5800000", "1" ], [ "0.000020190", "228600000", "4" ], [ "0.000020150", "5600000", "1" ], [ "0.000020140", "123600000", "2" ], [ "0.000020120", "5600000", "1" ] ],
      "asks" : [ [ "0.000020443", "100000", "1" ], [ "0.000020446", "100000", "1" ], [ "0.000020450", "5700000", "1" ], [ "0.000020455", "12200000", "1" ], [ "0.000020456", "30600000", "1" ], [ "0.000020460", "5600000", "1" ], [ "0.000020463", "25300000", "1" ], [ "0.000020464", "401600000", "2" ], [ "0.000020465", "1057300000", "2" ], [ "0.000020470", "5800000", "1" ], [ "0.000020474", "31800000", "2" ], [ "0.000020475", "73600000", "1" ], [ "0.000020480", "15600000", "2" ], [ "0.000020481", "42900000", "2" ], [ "0.000020482", "34500000", "1" ], [ "0.000020484", "2400000", "1" ], [ "0.000020488", "2400000", "1" ], [ "0.000020490", "5800000", "1" ], [ "0.000020492", "2400000", "1" ], [ "0.000020496", "2400000", "1" ], [ "0.000020500", "2121300000", "2" ], [ "0.000020504", "35400000", "1" ], [ "0.000020509", "46400000", "1" ], [ "0.000020510", "5700000", "1" ], [ "0.000020520", "45800000", "2" ], [ "0.000020526", "44100000", "1" ], [ "0.000020530", "5700000", "1" ], [ "0.000020548", "45700000", "2" ], [ "0.000020550", "2918900000", "3" ], [ "0.000020570", "47700000", "3" ], [ "0.000020580", "149400000", "3" ], [ "0.000020600", "5800000", "1" ], [ "0.000020610", "183600000", "3" ], [ "0.000020620", "5600000", "1" ], [ "0.000020627", "2821500000", "1" ], [ "0.000020640", "225400000", "1" ], [ "0.000020710", "5600000", "1" ], [ "0.000020750", "2821500000", "1" ], [ "0.000021720", "5700000", "1" ], [ "0.000021730", "123500000", "2" ], [ "0.000021830", "5700000", "1" ], [ "0.000021836", "117800000", "1" ], [ "0.000021840", "5700000", "1" ], [ "0.000021940", "5600000", "1" ], [ "0.000021942", "117800000", "1" ], [ "0.000021950", "5700000", "1" ], [ "0.000022040", "5700000", "1" ], [ "0.000022048", "117800000", "1" ], [ "0.000022050", "5600000", "1" ], [ "0.000022090", "5800000", "1" ] ],
      "t" : 1756460454053
    } ],
    "instrument_name" : "BONKUSD-PERP"
  }
}