{
  "id" : -1,
  "method" : "public/get-book",
  "code" : 0,
  "result" : {
    "depth" : 50,
    "data" : [ {
      "bids" : [ [ "0.000017483", "36670000", "2" ], [ "0.000017439", "66360000", "1" ], [ "0.000017430", "20210000", "1" ], [ "0.000017400", "58110000", "2" ], [ "0.000017371", "35670000", "1" ], [ "0.000017370", "97380000", "2" ], [ "0.000017354", "1500000", "1" ], [ "0.000017340", "97380000", "1" ], [ "0.000017310", "133850000", "1" ], [ "0.000017280", "210130000", "1" ], [ "0.000016938", "5150000", "1" ], [ "0.000016937", "5900000", "1" ], [ "0.000016531", "6040000", "1" ], [ "0.000016406", "33150000", "1" ], [ "0.000016401", "71140000", "1" ], [ "0.000016380", "78450000", "1" ], [ "0.000016359", "73390000", "1" ], [ "0.000016133", "6190000", "1" ], [ "0.000015747", "6350000", "1" ], [ "0.000015369", "6500000", "1" ], [ "0.000015000", "7460000", "2" ], [ "0.000014412", "100000", "1" ], [ "0.000013968", "6800000", "1" ], [ "0.000013908", "38250000", "1" ], [ "0.000013542", "105170000", "2" ], [ "0.000013176", "182480000", "2" ], [ "0.000012810", "82270000", "1" ], [ "0.000012444", "206770000", "2" ], [ "0.000011103", "100000", "1" ], [ "0.000008700", "1000000", "1" ], [ "0.000007498", "150000", "1" ] ],
      "asks" : [ [ "0.000017529", "12040000", "1" ], [ "0.000017558", "33150000", "1" ], [ "0.000017575", "34200000", "1" ], [ "0.000017576", "66360000", "1" ], [ "0.000017577", "61750000", "1" ], [ "0.000017580", "20630000", "1" ], [ "0.000017598", "73030000", "1" ], [ "0.000017609", "28260000", "1" ], [ "0.000017610", "58220000", "2" ], [ "0.000017619", "82920000", "1" ], [ "0.000017640", "129270000", "3" ], [ "0.000017670", "129270000", "3" ], [ "0.000017700", "129270000", "2" ], [ "0.000017730", "205640000", "1" ], [ "0.000018218", "5610000", "1" ], [ "0.000018666", "5470000", "1" ], [ "0.000019125", "5400000", "1" ], [ "0.000019596", "5400000", "1" ], [ "0.000020077", "5400000", "1" ], [ "0.000020571", "5400000", "1" ], [ "0.000020978", "6800000", "1" ], [ "0.000021078", "5400000", "1" ], [ "0.000021228", "18590000", "2" ], [ "0.000021594", "64240000", "2" ], [ "0.000021597", "5400000", "1" ], [ "0.000021960", "111350000", "3" ], [ "0.000022127", "5400000", "1" ], [ "0.000022326", "46230000", "2" ], [ "0.000022671", "5400000", "1" ], [ "0.000022692", "116070000", "1" ], [ "0.000023229", "5400000", "1" ], [ "0.000023801", "5400000", "1" ], [ "0.000024386", "5400000", "1" ], [ "0.000025000", "5400000", "1" ], [ "0.000025910", "4020000", "1" ], [ "0.000027001", "3840000", "1" ], [ "0.000028093", "3700000", "1" ], [ "0.000028237", "100000", "1" ], [ "0.000029000", "333990000", "1" ], [ "0.000029184", "3550000", "1" ], [ "0.000030275", "3420000", "1" ], [ "0.000031297", "910000", "1" ], [ "0.000031365", "3300000", "1" ], [ "0.000031415", "110000", "1" ], [ "0.000032456", "3170000", "1" ], [ "0.000033111", "2480000", "1" ], [ "0.000033547", "3070000", "1" ], [ "0.000034638", "2970000", "1" ], [ "0.000034866", "800000", "1" ], [ "0.000035000", "300000", "1" ] ],
      "t" : 1756460442268
    } ],
    "instrument_name" : "BONK_EUR"
  }
}