{
  "id" : -1,
  "method" : "public/get-book",
  "code" : 0,
  "result" : {
    "depth" : 50,
    "data" : [ {
      "bids" : [ [ "0.000020448", "60000", "1" ], [ "0.000020426", "12220000", "1" ], [ "0.000020420", "48970000", "1" ], [ "0.000020419", "15910000", "1" ], [ "0.000020412", "48990000", "1" ], [ "0.000020402", "55890000", "1" ], [ "0.000020401", "138880000", "2" ], [ "0.000020397", "24870000", "1" ], [ "0.000020394", "72810000", "2" ], [ "0.000020384", "245280000", "1" ], [ "0.000020372", "52810000", "1" ], [ "0.000020370", "66360000", "1" ], [ "0.000020356", "123340000", "1" ], [ "0.000020354", "20000000", "1" ], [ "0.000020352", "16740000", "1" ], [ "0.000020350", "73100000", "1" ], [ "0.000020345", "368630000", "1" ], [ "0.000020320", "55410000", "1" ], [ "0.000020307", "738630000", "1" ], [ "0.000020290", "20000000", "1" ], [ "0.000020288", "94440000", "1" ], [ "0.000020257", "130630000", "1" ], [ "0.000020256", "135140000", "1" ], [ "0.000020245", "36870000", "1" ], [ "0.000020231", "147300000", "1" ], [ "0.000020224", "171860000", "1" ], [ "0.000020213", "710000", "1" ], [ "0.000020210", "1060000", "1" ], [ "0.000020200", "68350000", "1" ], [ "0.000020192", "204370000", "1" ], [ "0.000020155", "110760000", "1" ], [ "0.000020133", "405520000", "1" ], [ "0.000020106", "160890000", "1" ], [ "0.000020061", "196840000", "1" ], [ "0.000020047", "400000000", "1" ], [ "0.000020000", "26000000", "2" ], [ "0.000019751", "8350000", "1" ], [ "0.000019750", "7060000", "1" ], [ "0.000019621", "330000", "1" ], [ "0.000019539", "60000", "1" ], [ "0.000019465", "840000", "1" ], [ "0.000019464", "1670000", "1" ], [ "0.000019463", "770000", "1" ], [ "0.000019309", "750000", "1" ], [ "0.000019079", "210000", "1" ], [ "0.000018856", "350000", "1" ], [ "0.000018700", "110000", "1" ], [ "0.000018405", "790000", "1" ], [ "0.000018091", "360000", "1" ], [ "0.000017691", "550000", "1" ] ],
      "asks" : [ [ "0.000020449", "60000", "1" ], [ "0.000020453", "15910000", "1" ], [ "0.000020454", "14660000", "1" ], [ "0.000020455", "48880000", "1" ], [ "0.000020466", "23900000", "1" ], [ "0.000020470", "16770000", "1" ], [ "0.000020471", "55890000", "1" ], [ "0.000020472", "31720000", "1" ], [ "0.000020473", "105720000", "1" ], [ "0.000020482", "48820000", "1" ], [ "0.000020486", "20000000", "1" ], [ "0.000020500", "33150000", "1" ], [ "0.000020504", "61390000", "1" ], [ "0.000020506", "243830000", "1" ], [ "0.000020510", "66360000", "1" ], [ "0.000020512", "15350000", "1" ], [ "0.000020519", "123340000", "1" ], [ "0.000020520", "365500000", "1" ], [ "0.000020526", "92380000", "2" ], [ "0.000020544", "57990000", "1" ], [ "0.000020548", "77840000", "1" ], [ "0.000020571", "729180000", "1" ], [ "0.000020576", "94540000", "1" ], [ "0.000020590", "20000000", "1" ], [ "0.000020608", "129500000", "1" ], [ "0.000020640", "203780000", "2" ], [ "0.000020672", "205410000", "1" ], [ "0.000020690", "68350000", "1" ], [ "0.000020740", "110760000", "1" ], [ "0.000020768", "124000000", "1" ], [ "0.000020783", "400000000", "1" ], [ "0.000020795", "160890000", "1" ], [ "0.000020845", "196840000", "1" ], [ "0.000020959", "650000", "1" ], [ "0.000021015", "650000", "1" ], [ "0.000021160", "320000", "1" ], [ "0.000021324", "11020000", "3" ], [ "0.000021535", "16250000", "4" ], [ "0.000021548", "1020000", "1" ], [ "0.000021746", "10410000", "3" ], [ "0.000021755", "18210000", "1" ], [ "0.000021927", "570000", "1" ], [ "0.000021974", "1340000", "1" ], [ "0.000022217", "990000", "1" ], [ "0.000022500", "5930000", "2" ], [ "0.000022555", "710000", "1" ], [ "0.000022637", "310000", "1" ], [ "0.000022886", "960000", "1" ], [ "0.000022942", "17210000", "1" ], [ "0.000023187", "470000", "1" ] ],
      "t" : 1756460446513
    } ],
    "instrument_name" : "BONK_USD"
  }
}