{
  "id" : -1,
  "method" : "public/get-book",
  "code" : 0,
  "result" : {
    "depth" : 50,
    "data" : [ {
      "bids" : [ [ "0.07991", "56", "1" ], [ "0.07986", "56", "1" ], [ "0.07981", "56", "1" ], [ "0.07976", "56", "1" ], [ "0.07971", "56", "1" ], [ "0.07966", "56", "1" ], [ "0.07961", "56", "1" ], [ "0.07956", "56", "1" ], [ "0.07952", "56", "1" ], [ "0.07948", "56", "1" ], [ "0.07944", "56", "1" ], [ "0.07941", "245", "1" ], [ "0.07940", "56", "1" ], [ "0.07939", "8701", "1" ], [ "0.07936", "56", "1" ], [ "0.07932", "56", "1" ], [ "0.07930", "7325", "1" ], [ "0.07929", "11137", "1" ], [ "0.07928", "56", "1" ], [ "0.07924", "3696", "2" ], [ "0.07920", "56", "1" ], [ "0.07917", "7325", "1" ], [ "0.07915", "56", "1" ], [ "0.07910", "9779", "3" ], [ "0.07905", "56", "1" ], [ "0.07904", "7325", "1" ], [ "0.07901", "56", "1" ], [ "0.07897", "56", "1" ], [ "0.07896", "16277", "3" ], [ "0.07893", "56", "1" ], [ "0.07889", "56", "1" ], [ "0.07885", "56", "1" ], [ "0.07883", "500", "1" ], [ "0.07882", "16277", "2" ], [ "0.07880", "56", "1" ], [ "0.07875", "57", "1" ], [ "0.07870", "57", "1" ], [ "0.07868", "30135", "2" ], [ "0.07865", "57", "1" ], [ "0.07860", "57", "1" ], [ "0.07855", "57", "1" ], [ "0.07854", "23449", "1" ], [ "0.07850", "57", "1" ], [ "0.07845", "57", "1" ], [ "0.07840", "30192", "2" ], [ "0.07836", "6256", "1" ], [ "0.07826", "37742", "1" ], [ "0.06365", "1550", "1" ], [ "0.06318", "6561", "1" ], [ "0.06156", "22997", "1" ] ],
      "asks" : [ [ "0.07993", "8701", "1" ], [ "0.07995", "6968", "1" ], [ "0.08001", "56", "1" ], [ "0.08002", "11137", "1" ], [ "0.08006", "56", "1" ], [ "0.08008", "11731", "2" ], [ "0.08011", "56", "1" ], [ "0.08016", "56", "1" ], [ "0.08021", "10646", "2" ], [ "0.08022", "10419", "1" ], [ "0.08026", "55", "1" ], [ "0.08031", "55", "1" ], [ "0.08036", "17243", "3" ], [ "0.08041", "55", "1" ], [ "0.08046", "55", "1" ], [ "0.08050", "22655", "3" ], [ "0.08051", "55", "1" ], [ "0.08055", "55", "1" ], [ "0.08060", "55", "1" ], [ "0.08064", "29957", "3" ], [ "0.08069", "55", "1" ], [ "0.08074", "55", "1" ], [ "0.08078", "35851", "2" ], [ "0.08079", "55", "1" ], [ "0.08083", "55", "1" ], [ "0.08087", "55", "1" ], [ "0.08091", "55", "1" ], [ "0.08092", "43542", "2" ], [ "0.08095", "55", "1" ], [ "0.08099", "55", "1" ], [ "0.08103", "55", "1" ], [ "0.08106", "29902", "1" ], [ "0.08107", "55", "1" ], [ "0.08112", "55", "1" ], [ "0.08116", "55", "1" ], [ "0.08121", "55", "1" ], [ "0.08126", "55", "1" ], [ "0.08131", "55", "1" ], [ "0.08136", "55", "1" ], [ "0.08141", "55", "1" ], [ "0.08146", "55", "1" ], [ "0.08148", "6256", "1" ], [ "0.08151", "55", "1" ], [ "0.08156", "55", "1" ], [ "0.08490", "4066", "1" ], [ "0.08700", "20", "1" ], [ "0.09482", "232", "1" ], [ "0.09562", "1550", "1" ], [ "0.09720", "5575", "1" ], [ "0.09882", "14729", "2" ] ],
      "t" : 1756460375758
    } ],
    "instrument_name" : "BOSON_USD"
  }
}