{
  "id" : -1,
  "method" : "public/get-book",
  "code" : 0,
  "result" : {
    "depth" : 50,
    "data" : [ {
      "bids" : [ [ "109785.99", "0.60586", "5" ], [ "109784.00", "0.04320", "1" ], [ "109783.64", "0.05306", "1" ], [ "109782.77", "0.00455", "1" ], [ "109782.00", "0.04320", "1" ], [ "109781.06", "0.00002", "1" ], [ "109780.00", "0.04320", "1" ], [ "109778.00", "0.04320", "1" ], [ "109777.53", "0.00461", "1" ], [ "109776.23", "0.25580", "3" ], [ "109776.14", "0.15914", "1" ], [ "109776.11", "0.38218", "1" ], [ "109776.10", "1.23074", "1" ], [ "109776.00", "0.04320", "1" ], [ "109774.00", "0.04320", "1" ], [ "109773.93", "0.04554", "1" ], [ "109773.05", "0.03418", "1" ], [ "109773.00", "0.15440", "1" ], [ "109772.41", "0.17726", "1" ], [ "109772.00", "0.04320", "1" ], [ "109771.25", "0.03643", "1" ], [ "109770.77", "0.61054", "2" ], [ "109770.76", "0.15914", "1" ], [ "109770.01", "0.72705", "1" ], [ "109770.00", "0.04320", "1" ], [ "109769.89", "0.17726", "1" ], [ "109769.88", "1.10096", "1" ], [ "109768.97", "0.23356", "1" ], [ "109768.96", "0.39431", "1" ], [ "109766.48", "0.15914", "1" ], [ "109766.26", "0.00462", "1" ], [ "109766.22", "0.17726", "1" ], [ "109766.00", "0.04320", "1" ], [ "109764.03", "0.44739", "1" ], [ "109764.02", "0.72705", "1" ], [ "109764.01", "0.17726", "1" ], [ "109763.99", "0.02995", "1" ], [ "109763.53", "0.00170", "2" ], [ "109761.15", "0.15914", "1" ], [ "109761.09", "0.00465", "1" ], [ "109761.02", "0.15440", "1" ], [ "109760.97", "0.02995", "1" ], [ "109760.39", "0.17726", "1" ], [ "109759.99", "0.02995", "1" ], [ "109758.55", "0.05000", "1" ], [ "109758.49", "0.00446", "1" ], [ "109758.05", "0.17726", "1" ], [ "109758.02", "0.72705", "1" ], [ "109757.99", "0.02995", "1" ], [ "109757.63", "0.22779", "1" ] ],
      "asks" : [ [ "109786.00", "0.04320", "1" ], [ "109786.69", "0.25844", "2" ], [ "109788.00", "0.01121", "1" ], [ "109788.51", "0.15914", "1" ], [ "109788.52", "0.72705", "1" ], [ "109789.47", "0.00132", "1" ], [ "109790.00", "0.04320", "1" ], [ "109790.47", "0.00455", "1" ], [ "109791.80", "0.04482", "1" ], [ "109791.81", "1.01239", "2" ], [ "109791.82", "0.72705", "1" ], [ "109794.55", "0.00010", "1" ], [ "109794.95", "0.00152", "1" ], [ "109795.56", "0.72705", "1" ], [ "109795.58", "1.11092", "1" ], [ "109796.74", "0.00002", "1" ], [ "109796.98", "0.10000", "1" ], [ "109797.33", "0.17726", "1" ], [ "109797.34", "0.15914", "1" ], [ "109797.35", "0.66538", "2" ], [ "109797.70", "0.00452", "1" ], [ "109798.27", "0.09400", "1" ], [ "109798.43", "0.03418", "1" ], [ "109799.28", "0.15440", "1" ], [ "109799.55", "0.17726", "1" ], [ "109800.44", "0.00175", "1" ], [ "109801.77", "0.17726", "1" ], [ "109801.78", "0.72705", "1" ], [ "109801.80", "1.22349", "1" ], [ "109801.93", "0.15914", "1" ], [ "109802.53", "0.08069", "1" ], [ "109803.95", "0.27212", "1" ], [ "109805.07", "0.17726", "1" ], [ "109805.08", "0.72705", "1" ], [ "109805.52", "0.15706", "1" ], [ "109805.93", "0.00275", "2" ], [ "109805.94", "0.00445", "1" ], [ "109806.70", "0.00005", "1" ], [ "109806.71", "0.00450", "1" ], [ "109807.56", "0.17726", "1" ], [ "109808.52", "0.15914", "1" ], [ "109809.28", "0.04553", "1" ], [ "109809.37", "0.59111", "1" ], [ "109809.76", "0.17726", "1" ], [ "109809.78", "0.65612", "1" ], [ "109810.11", "0.63903", "2" ], [ "109810.59", "0.00100", "1" ], [ "109811.29", "0.15440", "1" ], [ "109811.67", "0.72705", "1" ], [ "109813.85", "0.17726", "1" ] ],
      "t" : 1756460468393
    } ],
    "instrument_name" : "BTC_USD"
  }
}