{
  "id" : -1,
  "method" : "public/get-book",
  "code" : 0,
  "result" : {
    "depth" : 50,
    "data" : [ {
      "bids" : [ [ "109777.99", "0.31430", "2" ], [ "109777.12", "0.04245", "1" ], [ "109776.25", "0.10603", "2" ], [ "109776.24", "0.09619", "1" ], [ "109776.00", "0.02590", "1" ], [ "109775.53", "0.00030", "1" ], [ "109774.99", "0.00273", "1" ], [ "109774.00", "0.02590", "1" ], [ "109772.00", "0.02590", "1" ], [ "109770.21", "0.17728", "1" ], [ "109770.01", "0.00002", "1" ], [ "109770.00", "0.02590", "1" ], [ "109768.82", "0.00455", "1" ], [ "109768.07", "0.09344", "2" ], [ "109768.06", "0.15916", "1" ], [ "109768.04", "0.40575", "1" ], [ "109768.03", "1.04059", "1" ], [ "109768.01", "0.17728", "1" ], [ "109768.00", "0.02590", "1" ], [ "109766.89", "0.00091", "1" ], [ "109766.00", "0.02590", "1" ], [ "109764.00", "0.02590", "1" ], [ "109763.44", "0.15916", "1" ], [ "109763.30", "1.38837", "1" ], [ "109763.29", "1.04059", "1" ], [ "109763.28", "0.17728", "1" ], [ "109763.27", "1.64326", "2" ], [ "109763.02", "0.20580", "1" ], [ "109762.00", "0.02590", "1" ], [ "109761.78", "0.09116", "1" ], [ "109761.29", "0.00448", "1" ], [ "109761.10", "0.00455", "2" ], [ "109760.02", "0.17728", "1" ], [ "109760.01", "0.15916", "1" ], [ "109760.00", "0.02590", "1" ], [ "109759.64", "1.04059", "1" ], [ "109758.00", "0.02590", "1" ], [ "109757.46", "0.17728", "1" ], [ "109756.07", "0.36536", "1" ], [ "109756.06", "1.04059", "1" ], [ "109755.25", "0.17728", "1" ], [ "109753.19", "0.65592", "1" ], [ "109753.01", "0.33644", "2" ], [ "109752.99", "0.03000", "1" ], [ "109752.78", "0.48305", "1" ], [ "109752.77", "0.09650", "1" ], [ "109752.75", "1.04059", "1" ], [ "109751.99", "0.03000", "1" ], [ "109750.99", "0.03000", "1" ], [ "109749.59", "0.03000", "1" ] ],
      "asks" : [ [ "109778.00", "0.03039", "2" ], [ "109780.00", "0.02590", "1" ], [ "109780.27", "0.00002", "1" ], [ "109782.00", "0.02590", "1" ], [ "109783.83", "0.00030", "1" ], [ "109784.00", "0.02590", "1" ], [ "109786.82", "0.15916", "1" ], [ "109787.89", "0.00091", "1" ], [ "109788.04", "0.04245", "1" ], [ "109789.44", "0.00465", "1" ], [ "109790.85", "0.11996", "2" ], [ "109790.90", "0.74339", "1" ], [ "109790.91", "1.04059", "1" ], [ "109790.96", "0.15916", "1" ], [ "109791.23", "1.07243", "1" ], [ "109791.56", "0.00022", "1" ], [ "109791.57", "0.08523", "1" ], [ "109794.18", "0.17728", "1" ], [ "109794.19", "0.04553", "1" ], [ "109794.20", "0.41903", "1" ], [ "109794.21", "1.04059", "1" ], [ "109795.41", "0.09700", "1" ], [ "109796.73", "0.15916", "1" ], [ "109796.93", "0.05000", "1" ], [ "109797.11", "0.05000", "1" ], [ "109797.54", "0.17728", "1" ], [ "109797.55", "0.61990", "2" ], [ "109797.56", "1.04059", "1" ], [ "109797.67", "0.00889", "1" ], [ "109798.11", "0.09109", "1" ], [ "109798.53", "0.00455", "1" ], [ "109799.83", "0.65596", "1" ], [ "109800.16", "0.00100", "1" ], [ "109800.52", "0.09116", "1" ], [ "109801.94", "0.17728", "1" ], [ "109803.32", "0.15916", "1" ], [ "109804.14", "0.17728", "1" ], [ "109804.15", "1.04059", "1" ], [ "109805.93", "0.20580", "1" ], [ "109806.59", "0.02000", "1" ], [ "109807.16", "0.40066", "1" ], [ "109808.05", "0.58045", "1" ], [ "109808.11", "0.17728", "1" ], [ "109809.03", "0.04012", "1" ], [ "109810.74", "1.04059", "1" ], [ "109812.19", "0.04552", "1" ], [ "109812.50", "0.17728", "1" ], [ "109815.65", "0.02276", "1" ], [ "109816.53", "1.21787", "2" ], [ "109816.64", "0.04552", "1" ] ],
      "t" : 1756460471368
    } ],
    "instrument_name" : "BTC_USDT"
  }
}