{
  "id" : -1,
  "method" : "public/get-book",
  "code" : 0,
  "result" : {
    "depth" : 50,
    "data" : [ {
      "bids" : [ [ "109704.04", "0.01919", "1" ], [ "109648.51", "0.00625", "1" ], [ "109632.76", "0.01241", "1" ], [ "109599.12", "0.01489", "1" ], [ "109565.48", "0.01510", "1" ], [ "108677.78", "0.05979", "2" ], [ "108677.77", "0.00673", "1" ], [ "108677.76", "0.01958", "2" ], [ "108652.92", "0.11409", "1" ], [ "108652.91", "0.00914", "1" ], [ "108636.98", "0.00004", "1" ], [ "108625.36", "0.00001", "1" ], [ "108605.49", "0.01250", "1" ], [ "108405.76", "0.00002", "2" ], [ "108255.63", "0.00455", "1" ], [ "107887.47", "0.39793", "1" ], [ "107694.72", "0.01334", "1" ], [ "107499.07", "0.38976", "1" ], [ "107133.81", "0.02370", "1" ], [ "106676.24", "0.00131", "1" ], [ "106572.90", "0.03338", "2" ], [ "106449.70", "0.00657", "1" ], [ "106011.99", "0.04212", "2" ], [ "105451.08", "0.05282", "2" ], [ "103766.32", "0.00134", "1" ], [ "100911.85", "0.00693", "1" ], [ "100856.39", "0.00138", "1" ], [ "95374.01", "0.00733", "1" ], [ "87745.03", "0.00375", "1" ], [ "87533.94", "0.01186", "1" ], [ "85289.48", "0.03714", "1" ], [ "83045.02", "0.06619", "1" ], [ "80800.56", "1.59092", "1" ], [ "78556.10", "4.24816", "1" ], [ "12330.25", "0.02100", "1" ] ],
      "asks" : [ [ "109778.94", "0.00002", "1" ], [ "109823.19", "0.01975", "1" ], [ "109868.12", "0.00625", "1" ], [ "109868.24", "0.01267", "1" ], [ "109901.88", "0.01426", "1" ], [ "109935.52", "0.01326", "1" ], [ "110819.23", "0.01078", "1" ], [ "110819.24", "0.00004", "1" ], [ "110832.16", "0.11192", "1" ], [ "110832.17", "0.12484", "2" ], [ "110911.24", "0.01250", "1" ], [ "111060.18", "0.00483", "1" ], [ "111069.41", "0.36257", "1" ], [ "111621.09", "0.01429", "1" ], [ "112180.11", "0.40930", "1" ], [ "112182.00", "0.02260", "1" ], [ "112496.08", "0.00126", "1" ], [ "112742.91", "0.03065", "2" ], [ "113303.82", "0.03956", "2" ], [ "113864.73", "0.04936", "2" ], [ "115406.00", "0.00124", "1" ], [ "118315.91", "0.00124", "1" ], [ "119700.70", "0.01622", "1" ], [ "121225.83", "0.00124", "1" ], [ "124135.75", "0.00124", "1" ], [ "127045.67", "0.00124", "1" ], [ "129955.61", "0.00124", "1" ], [ "131630.73", "0.00375", "1" ], [ "132423.14", "0.00842", "1" ], [ "134667.60", "0.02543", "2" ], [ "136912.06", "0.02543", "2" ], [ "139156.52", "0.79085", "2" ], [ "140000.00", "0.01045", "1" ], [ "141400.98", "2.45589", "3" ], [ "242207.51", "0.00022", "1" ] ],
      "t" : 1756460461874
    } ],
    "instrument_name" : "BTC_PYUSD"
  }
}