{
  "id" : -1,
  "method" : "public/get-book",
  "code" : 0,
  "result" : {
    "depth" : 50,
    "data" : [ {
      "bids" : [ [ "94049.27", "0.02831", "1" ], [ "94049.26", "0.16402", "1" ], [ "94047.83", "0.01366", "1" ], [ "94045.03", "0.02276", "1" ], [ "94026.91", "0.00082", "1" ], [ "94025.11", "0.00002", "1" ], [ "94024.63", "0.01434", "1" ], [ "94016.68", "0.13667", "1" ], [ "94013.85", "0.09112", "1" ], [ "93959.87", "0.14387", "1" ], [ "93959.86", "0.12027", "1" ], [ "93940.08", "0.02124", "1" ], [ "93940.00", "0.01064", "1" ], [ "93896.03", "0.00182", "1" ], [ "93878.62", "0.00091", "1" ], [ "93743.32", "0.11000", "1" ], [ "93691.36", "0.00450", "1" ], [ "93658.41", "0.01250", "1" ], [ "93636.00", "0.00533", "1" ], [ "93632.49", "0.09000", "1" ], [ "93599.40", "0.06575", "1" ], [ "93557.78", "0.00004", "1" ], [ "93536.70", "0.00004", "1" ], [ "93500.00", "0.01034", "2" ], [ "93445.22", "0.00102", "1" ], [ "93445.21", "0.27344", "1" ], [ "93445.20", "0.21800", "1" ], [ "93400.00", "0.00264", "1" ], [ "93364.00", "0.00535", "1" ], [ "93300.00", "2.42195", "3" ], [ "93291.00", "0.35280", "1" ], [ "93200.00", "0.01140", "2" ], [ "93136.80", "0.48896", "1" ], [ "93136.00", "0.00536", "1" ], [ "93100.00", "0.00500", "1" ], [ "93071.38", "0.00200", "1" ], [ "93000.00", "0.15196", "6" ], [ "92982.60", "0.61684", "1" ], [ "92900.00", "0.00500", "1" ], [ "92880.86", "0.00270", "1" ], [ "92864.00", "0.00538", "1" ], [ "92828.40", "0.76846", "1" ], [ "92800.00", "0.01038", "2" ], [ "92766.75", "0.00083", "1" ], [ "92743.66", "0.00269", "1" ], [ "92728.25", "0.00167", "1" ], [ "92709.15", "0.00051", "1" ], [ "92700.00", "0.00500", "1" ], [ "92636.00", "0.00539", "1" ], [ "92600.00", "0.00500", "1" ] ],
      "asks" : [ [ "94068.44", "0.00002", "1" ], [ "94068.45", "0.01366", "1" ], [ "94068.46", "0.00002", "1" ], [ "94071.60", "0.02277", "1" ], [ "94085.27", "0.00082", "1" ], [ "94086.90", "0.00002", "1" ], [ "94087.69", "0.00063", "1" ], [ "94116.24", "0.01133", "1" ], [ "94117.29", "0.16403", "1" ], [ "94149.54", "0.00091", "1" ], [ "94154.67", "0.05465", "1" ], [ "94162.98", "0.00625", "1" ], [ "94167.32", "0.02557", "1" ], [ "94194.81", "0.12028", "1" ], [ "94205.85", "0.02928", "1" ], [ "94244.38", "0.02990", "1" ], [ "94282.91", "0.03680", "1" ], [ "94321.44", "0.03729", "1" ], [ "94334.37", "0.00450", "1" ], [ "94343.41", "0.11000", "1" ], [ "94364.00", "0.00532", "1" ], [ "94388.79", "0.01250", "1" ], [ "94454.24", "0.09000", "1" ], [ "94516.88", "0.00004", "1" ], [ "94524.60", "0.06525", "1" ], [ "94540.77", "0.09914", "1" ], [ "94540.78", "0.00004", "1" ], [ "94635.98", "0.34958", "1" ], [ "94635.99", "0.27335", "1" ], [ "94636.00", "0.00531", "1" ], [ "94678.80", "0.20604", "1" ], [ "94833.00", "0.34119", "1" ], [ "94864.00", "0.00529", "1" ], [ "94987.20", "0.48545", "1" ], [ "95136.00", "0.00528", "1" ], [ "95141.40", "0.62515", "1" ], [ "95295.60", "0.76717", "1" ], [ "95364.00", "0.00527", "1" ], [ "95500.00", "0.01115", "1" ], [ "95521.72", "0.03112", "1" ], [ "95636.00", "0.00525", "1" ], [ "95772.08", "18.79649", "1" ], [ "95785.66", "0.00196", "1" ], [ "95864.00", "0.00524", "1" ], [ "96000.00", "0.00264", "1" ], [ "96043.46", "0.03095", "1" ], [ "96136.00", "0.00522", "1" ], [ "96310.83", "0.00280", "1" ], [ "96364.00", "0.00521", "1" ], [ "96400.00", "0.00304", "2" ] ],
      "t" : 1756460461514
    } ],
    "instrument_name" : "BTC_EUR"
  }
}