{
  "id" : -1,
  "method" : "public/get-book",
  "code" : 0,
  "result" : {
    "depth" : 50,
    "data" : [ {
      "bids" : [ [ "0.04891", "332", "1" ], [ "0.04836", "1833", "2" ], [ "0.04822", "13589", "1" ], [ "0.04809", "11824", "1" ], [ "0.04803", "17427", "1" ], [ "0.04788", "17050", "1" ], [ "0.04774", "7450", "1" ], [ "0.04767", "14446", "1" ], [ "0.04743", "27340", "1" ], [ "0.04712", "45676", "2" ], [ "0.04681", "64324", "2" ], [ "0.04650", "82887", "2" ], [ "0.04619", "103231", "1" ], [ "0.04424", "2583", "1" ], [ "0.03896", "2430", "1" ], [ "0.03848", "14365", "1" ], [ "0.03744", "37296", "2" ], [ "0.03640", "37296", "1" ], [ "0.03536", "72305", "1" ], [ "0.03432", "254270", "2" ] ],
      "asks" : [ [ "0.04920", "1040", "1" ], [ "0.04921", "13589", "1" ], [ "0.04935", "13568", "1" ], [ "0.04940", "17427", "1" ], [ "0.04956", "15440", "1" ], [ "0.04960", "9455", "1" ], [ "0.04977", "15440", "1" ], [ "0.04991", "26272", "1" ], [ "0.05022", "45336", "2" ], [ "0.05053", "60585", "2" ], [ "0.05084", "76818", "2" ], [ "0.05115", "60585", "1" ], [ "0.05858", "2430", "1" ], [ "0.05928", "8151", "1" ], [ "0.06032", "23602", "2" ], [ "0.06136", "40207", "3" ], [ "0.06240", "40207", "3" ], [ "0.06344", "138733", "1" ], [ "0.06990", "379", "1" ], [ "0.10000", "1348", "1" ], [ "0.16600", "30", "1" ], [ "0.33214", "499", "1" ], [ "0.36260", "68", "1" ], [ "0.47753", "2", "1" ], [ "0.73769", "539", "1" ], [ "1.00000", "80", "1" ], [ "1.50000", "50", "1" ], [ "1.61600", "930", "1" ], [ "2.00000", "130", "1" ], [ "2.22222", "782", "1" ], [ "2.50000", "100", "1" ], [ "3.00000", "40", "1" ], [ "3.50000", "272", "1" ] ],
      "t" : 1756460498435
    } ],
    "instrument_name" : "C98_USD"
  }
}