{
  "id" : -1,
  "method" : "public/get-book",
  "code" : 0,
  "result" : {
    "depth" : 50,
    "data" : [ {
      "bids" : [ [ "0.0064891", "219", "1" ], [ "0.0063699", "337", "1" ], [ "0.0063156", "675", "3" ], [ "0.0062301", "10228", "1" ], [ "0.0062300", "535", "1" ], [ "0.0062284", "2658", "7" ], [ "0.0061428", "231", "1" ], [ "0.0061203", "65731", "1" ], [ "0.0061202", "24037", "1" ], [ "0.0060863", "414", "1" ], [ "0.0060632", "28244", "1" ], [ "0.0060385", "30835", "1" ], [ "0.0060306", "12119", "1" ], [ "0.0060049", "24629", "1" ], [ "0.0060000", "237", "1" ], [ "0.0059697", "238", "1" ], [ "0.0059466", "33399", "1" ], [ "0.0059432", "46775", "1" ], [ "0.0058907", "428", "1" ], [ "0.0058558", "75629", "1" ], [ "0.0058148", "244", "1" ], [ "0.0057968", "245", "1" ], [ "0.0057684", "103307", "2" ], [ "0.0057102", "249", "1" ], [ "0.0056952", "443", "1" ], [ "0.0056810", "130999", "2" ], [ "0.0056237", "253", "1" ], [ "0.0055936", "162404", "2" ], [ "0.0055000", "2000", "1" ], [ "0.0054996", "458", "1" ], [ "0.0050269", "21181", "1" ], [ "0.0050181", "120243", "1" ], [ "0.0049014", "329221", "1" ], [ "0.0047847", "566060", "1" ], [ "0.0046680", "935022", "1" ], [ "0.0045513", "3612764", "1" ] ],
      "asks" : [ [ "0.0065663", "8486", "1" ], [ "0.0065664", "36162", "1" ], [ "0.0065698", "24037", "1" ], [ "0.0065879", "26844", "1" ], [ "0.0066462", "23203", "1" ], [ "0.0066531", "30835", "1" ], [ "0.0067045", "26844", "1" ], [ "0.0067298", "11482", "1" ], [ "0.0067482", "212", "1" ], [ "0.0068172", "39373", "2" ], [ "0.0068348", "210", "1" ], [ "0.0069046", "39373", "1" ], [ "0.0069213", "207", "1" ], [ "0.0069920", "62193", "1" ], [ "0.0070077", "205", "1" ], [ "0.0070794", "111495", "1" ], [ "0.0070943", "202", "1" ], [ "0.0071668", "135331", "1" ], [ "0.0071814", "202", "1" ], [ "0.0076226", "306", "1" ], [ "0.0076840", "21181", "1" ], [ "0.0077022", "82431", "1" ], [ "0.0078189", "195045", "2" ], [ "0.0079356", "338493", "2" ], [ "0.0080523", "565842", "2" ], [ "0.0081690", "2076576", "2" ], [ "0.0082225", "254", "1" ], [ "0.0082488", "302", "1" ], [ "0.0085298", "211", "1" ], [ "0.0086199", "211", "1" ], [ "0.0087500", "468", "1" ], [ "0.0088751", "301", "1" ], [ "0.0095014", "242", "1" ], [ "0.0096222", "65568", "1" ], [ "0.0098700", "9136", "1" ], [ "0.0099249", "201", "1" ], [ "0.0099900", "14080", "1" ], [ "0.0100000", "9587", "1" ], [ "0.0100099", "379", "1" ], [ "0.0101277", "226", "1" ], [ "0.0104500", "24728", "1" ], [ "0.0106000", "24728", "1" ], [ "0.0107541", "225", "1" ], [ "0.0108000", "16485", "1" ], [ "0.0110000", "47076", "2" ], [ "0.0111687", "4147", "1" ], [ "0.0112522", "276", "1" ], [ "0.0112700", "332", "1" ], [ "0.0113804", "224", "1" ], [ "0.0115000", "14654", "1" ] ],
      "t" : 1756460498566
    } ],
    "instrument_name" : "CANTO_USD"
  }
}