{
  "id" : -1,
  "method" : "public/get-book",
  "code" : 0,
  "result" : {
    "depth" : 50,
    "data" : [ {
      "bids" : [ [ "0.10697", "1", "1" ], [ "0.10686", "1", "1" ], [ "0.10660", "938", "1" ], [ "0.10656", "938", "1" ], [ "0.10646", "469", "1" ], [ "0.10644", "469", "1" ], [ "0.10642", "469", "1" ], [ "0.10641", "4932", "1" ], [ "0.10640", "469", "1" ], [ "0.10637", "8604", "1" ], [ "0.10632", "6410", "1" ], [ "0.10620", "7051", "1" ], [ "0.10605", "1178", "1" ], [ "0.10602", "8290", "2" ], [ "0.10599", "1179", "1" ], [ "0.10596", "1179", "1" ], [ "0.10584", "8671", "2" ], [ "0.10580", "1417", "1" ], [ "0.10575", "1418", "1" ], [ "0.10570", "1419", "1" ], [ "0.10566", "9035", "2" ], [ "0.10565", "1419", "1" ], [ "0.10560", "1420", "1" ], [ "0.10555", "1421", "1" ], [ "0.10548", "8580", "1" ], [ "0.10089", "9158", "1" ], [ "0.10064", "3389", "1" ], [ "0.10030", "6839", "2" ], [ "0.09996", "10554", "1" ], [ "0.09962", "13006", "1" ], [ "0.09928", "17662", "1" ], [ "0.08544", "4579", "1" ], [ "0.08541", "704", "1" ], [ "0.08322", "2431", "2" ], [ "0.08103", "4000", "2" ], [ "0.07884", "5616", "2" ], [ "0.07665", "6873", "2" ], [ "0.07446", "8661", "2" ] ],
      "asks" : [ [ "0.10698", "201", "2" ], [ "0.10701", "1", "1" ], [ "0.10702", "467", "1" ], [ "0.10704", "467", "1" ], [ "0.10706", "467", "1" ], [ "0.10707", "1954", "1" ], [ "0.10708", "466", "1" ], [ "0.10718", "933", "1" ], [ "0.10745", "8880", "1" ], [ "0.10746", "1163", "1" ], [ "0.10749", "8236", "2" ], [ "0.10752", "1162", "1" ], [ "0.10753", "9158", "1" ], [ "0.10755", "1162", "1" ], [ "0.10759", "6410", "1" ], [ "0.10764", "7071", "1" ], [ "0.10765", "1393", "1" ], [ "0.10770", "1392", "1" ], [ "0.10775", "1392", "1" ], [ "0.10778", "3026", "1" ], [ "0.10780", "1391", "1" ], [ "0.10782", "7938", "1" ], [ "0.10785", "1390", "1" ], [ "0.10790", "1390", "1" ], [ "0.10800", "8659", "2" ], [ "0.10812", "6633", "2" ], [ "0.10818", "7593", "2" ], [ "0.10836", "8721", "3" ], [ "0.10846", "10883", "3" ], [ "0.10880", "13637", "4" ], [ "0.10914", "17013", "4" ], [ "0.12828", "4579", "1" ], [ "0.12921", "929", "1" ], [ "0.13140", "2442", "2" ], [ "0.13359", "3898", "3" ], [ "0.13578", "5403", "4" ], [ "0.13797", "7091", "5" ], [ "0.14016", "8451", "2" ] ],
      "t" : 1756460507595
    } ],
    "instrument_name" : "CATIUSD-PERP"
  }
}