{
  "id" : -1,
  "method" : "public/get-book",
  "code" : 0,
  "result" : {
    "depth" : 50,
    "data" : [ {
      "bids" : [ [ "0.10674", "95.6", "1" ], [ "0.10644", "3488.8", "1" ], [ "0.10643", "4319.6", "1" ], [ "0.10642", "14398.5", "1" ], [ "0.10629", "6540.4", "1" ], [ "0.10627", "500.0", "1" ], [ "0.10626", "15224.7", "2" ], [ "0.10611", "3784.0", "1" ], [ "0.10605", "6069.8", "1" ], [ "0.10584", "19781.1", "2" ], [ "0.10563", "1500.0", "1" ], [ "0.10557", "22582.5", "1" ], [ "0.10551", "500.0", "1" ], [ "0.10545", "470.1", "2" ], [ "0.10530", "31275.2", "1" ], [ "0.10524", "500.0", "1" ], [ "0.10503", "42115.9", "1" ], [ "0.10490", "5000.0", "2" ], [ "0.10483", "500.0", "1" ], [ "0.10465", "10.3", "1" ], [ "0.10390", "176.4", "1" ], [ "0.10294", "323.7", "2" ], [ "0.10234", "179.1", "1" ], [ "0.10092", "52.6", "1" ], [ "0.10091", "71.4", "1" ], [ "0.10090", "10.7", "1" ], [ "0.10080", "20.6", "1" ], [ "0.10077", "181.9", "1" ], [ "0.10041", "311.2", "1" ], [ "0.09868", "21.1", "1" ], [ "0.09717", "11.1", "1" ], [ "0.09654", "21.5", "1" ], [ "0.09442", "22.0", "1" ], [ "0.09342", "11.5", "1" ], [ "0.09228", "22.5", "1" ], [ "0.09016", "23.1", "1" ], [ "0.08969", "12.0", "1" ], [ "0.08901", "35.1", "1" ], [ "0.08802", "23.6", "1" ], [ "0.08684", "35.9", "1" ], [ "0.08594", "12.5", "1" ], [ "0.08590", "24.2", "1" ], [ "0.08544", "1171.1", "1" ], [ "0.08466", "36.9", "1" ], [ "0.08376", "24.8", "1" ], [ "0.08346", "6069.0", "1" ], [ "0.08250", "37.8", "1" ], [ "0.08221", "13.1", "1" ], [ "0.08164", "25.5", "1" ], [ "0.08132", "11852.3", "2" ] ],
      "asks" : [ [ "0.10691", "96.3", "1" ], [ "0.10698", "7000.0", "1" ], [ "0.10722", "264.8", "1" ], [ "0.10723", "14398.5", "1" ], [ "0.10724", "6540.4", "1" ], [ "0.10731", "7736.9", "1" ], [ "0.10747", "8309.5", "1" ], [ "0.10752", "7384.0", "1" ], [ "0.10773", "13288.2", "2" ], [ "0.10776", "500.0", "1" ], [ "0.10800", "13762.1", "1" ], [ "0.10827", "22019.9", "1" ], [ "0.10840", "2500.0", "1" ], [ "0.10854", "30422.3", "1" ], [ "0.10857", "170.9", "1" ], [ "0.10875", "2500.0", "1" ], [ "0.10881", "43280.8", "3" ], [ "0.11014", "168.5", "1" ], [ "0.11050", "288.7", "1" ], [ "0.11169", "166.0", "1" ], [ "0.11212", "9.8", "1" ], [ "0.11301", "282.1", "1" ], [ "0.11325", "163.7", "1" ], [ "0.11490", "161.4", "1" ], [ "0.11554", "275.8", "1" ], [ "0.11587", "9.6", "1" ], [ "0.11645", "159.1", "1" ], [ "0.11801", "157.0", "1" ], [ "0.11805", "269.7", "1" ], [ "0.11958", "154.9", "1" ], [ "0.11967", "9.3", "1" ], [ "0.12058", "264.0", "1" ], [ "0.12831", "1171.1", "1" ], [ "0.12840", "3482.5", "1" ], [ "0.13054", "11462.0", "2" ], [ "0.13268", "19264.0", "3" ], [ "0.13482", "6757.3", "2" ], [ "0.13696", "18694.2", "3" ], [ "0.14662", "69.8", "1" ], [ "0.15000", "170.9", "1" ], [ "0.15029", "68.0", "1" ], [ "0.15396", "66.3", "1" ], [ "0.15762", "69.4", "1" ], [ "0.16131", "69.0", "1" ], [ "0.16780", "299.4", "1" ], [ "0.17000", "99.5", "1" ], [ "0.17800", "112.7", "1" ], [ "0.20000", "170.7", "1" ], [ "0.21227", "11.2", "1" ], [ "0.30000", "117.4", "1" ] ],
      "t" : 1756460504783
    } ],
    "instrument_name" : "CATI_USD"
  }
}