{
  "id" : -1,
  "method" : "public/get-book",
  "code" : 0,
  "result" : {
    "depth" : 50,
    "data" : [ {
      "bids" : [ [ "0.00000002933", "31130000000", "2" ], [ "0.00000002903", "12970000000", "1" ], [ "0.00000002900", "15030000000", "1" ], [ "0.00000002893", "68280000000", "1" ], [ "0.00000002882", "71650000000", "1" ], [ "0.00000002875", "39750000000", "2" ], [ "0.00000002860", "150060000000", "2" ], [ "0.00000002850", "66340000000", "2" ], [ "0.00000002838", "229650000000", "1" ], [ "0.00000002535", "2600000000", "1" ], [ "0.00000002508", "2780000000", "1" ], [ "0.00000002432", "10120000000", "2" ], [ "0.00000002356", "16880000000", "2" ], [ "0.00000002280", "323910000000", "2" ], [ "0.00000002204", "937280000000", "2" ], [ "0.00000002000", "210000000", "1" ], [ "0.00000001900", "190000000", "1" ], [ "0.00000001651", "130000000", "1" ], [ "0.00000001485", "130000000", "1" ], [ "0.00000001370", "1000000000", "1" ], [ "0.00000001000", "40000000", "2" ], [ "0.00000000500", "9200000000", "2" ] ],
      "asks" : [ [ "0.00000003214", "4320000000", "1" ], [ "0.00000003215", "12970000000", "1" ], [ "0.00000003224", "68280000000", "1" ], [ "0.00000003225", "13710000000", "1" ], [ "0.00000003234", "75020000000", "1" ], [ "0.00000003250", "37890000000", "2" ], [ "0.00000003256", "148970000000", "2" ], [ "0.00000003275", "65490000000", "3" ], [ "0.00000003278", "149060000000", "3" ], [ "0.00000003322", "120000000", "1" ], [ "0.00000003828", "2600000000", "1" ], [ "0.00000003876", "2030000000", "1" ], [ "0.00000003952", "6670000000", "2" ], [ "0.00000004028", "6670000000", "2" ], [ "0.00000004104", "282290000000", "3" ], [ "0.00000004180", "864980000000", "1" ], [ "0.00000004388", "40000000", "1" ], [ "0.00000004400", "230000000", "1" ], [ "0.00000004456", "4100000000", "1" ], [ "0.00000004476", "1490000000", "1" ], [ "0.00000004500", "750000000", "2" ], [ "0.00000004900", "270000000", "2" ], [ "0.00000005000", "10000000", "1" ], [ "0.00000005100", "3990000000", "1" ], [ "0.00000005109", "30000000", "1" ], [ "0.00000005164", "50000000", "1" ], [ "0.00000005200", "800000000", "1" ], [ "0.00000005342", "1230000000", "1" ], [ "0.00000005500", "1540000000", "1" ], [ "0.00000005743", "19940000000", "1" ], [ "0.00000005800", "1350000000", "2" ], [ "0.00000005911", "1640000000", "1" ], [ "0.00000005921", "1640000000", "1" ], [ "0.00000006000", "44270000000", "3" ], [ "0.00000006100", "360000000", "1" ], [ "0.00000006197", "30000000", "1" ], [ "0.00000006200", "150000000", "1" ], [ "0.00000006369", "10000000", "1" ], [ "0.00000006479", "117640000000", "1" ], [ "0.00000006500", "2540000000", "1" ], [ "0.00000006650", "91480000000", "1" ], [ "0.00000006800", "50000000000", "1" ], [ "0.00000006900", "3250000000", "2" ], [ "0.00000006950", "1060000000", "1" ], [ "0.00000007000", "22290000000", "3" ], [ "0.00000007100", "6200000000", "1" ], [ "0.00000007107", "20000000", "1" ], [ "0.00000007200", "6250000000", "2" ], [ "0.00000007339", "1000000000", "1" ], [ "0.00000007500", "1610000000", "3" ] ],
      "t" : 1756460491793
    } ],
    "instrument_name" : "CAW_USD"
  }
}