{
  "id" : -1,
  "method" : "public/get-book",
  "code" : 0,
  "result" : {
    "depth" : 50,
    "data" : [ {
      "bids" : [ [ "1.05640", "0.271", "1" ], [ "1.05639", "8.696", "1" ], [ "1.05570", "17.916", "1" ], [ "1.05485", "43.647", "1" ], [ "1.05406", "21.739", "1" ], [ "1.05400", "65.385", "1" ], [ "1.05316", "0.095", "1" ], [ "1.05315", "86.227", "1" ], [ "1.05270", "0.104", "1" ], [ "1.05258", "21.142", "1" ], [ "1.05230", "112.228", "1" ], [ "1.05099", "68.381", "1" ], [ "1.04940", "109.350", "1" ], [ "1.04781", "152.182", "1" ], [ "1.04700", "0.192", "1" ], [ "1.04622", "191.994", "1" ], [ "1.03405", "1.064", "1" ], [ "0.90000", "0.200", "1" ], [ "0.88000", "0.250", "1" ], [ "0.87000", "0.300", "1" ], [ "0.84579", "0.569", "1" ], [ "0.82485", "2.409", "1" ], [ "0.80370", "8.897", "1" ], [ "0.78255", "14.520", "1" ], [ "0.76140", "3.858", "1" ], [ "0.74025", "13.372", "1" ], [ "0.71910", "22.670", "1" ] ],
      "asks" : [ [ "1.05800", "7.873", "1" ], [ "1.05809", "8.696", "1" ], [ "1.05825", "19.058", "1" ], [ "1.05900", "10.000", "1" ], [ "1.05910", "40.176", "1" ], [ "1.05995", "62.023", "1" ], [ "1.06042", "21.739", "1" ], [ "1.06053", "20.062", "1" ], [ "1.06080", "84.520", "1" ], [ "1.06165", "110.827", "1" ], [ "1.06212", "61.265", "1" ], [ "1.06371", "112.182", "1" ], [ "1.06530", "150.325", "1" ], [ "1.06689", "199.476", "1" ], [ "1.26869", "0.569", "1" ], [ "1.26900", "2.155", "1" ], [ "1.29015", "5.401", "1" ], [ "1.31130", "9.133", "1" ], [ "1.33245", "2.631", "1" ], [ "1.35360", "7.220", "1" ], [ "1.37475", "13.072", "1" ] ],
      "t" : 1756455421147
    } ],
    "instrument_name" : "CDCSOL_SOL"
  }
}