{
  "id" : -1,
  "method" : "public/get-book",
  "code" : 0,
  "result" : {
    "depth" : 50,
    "data" : [ {
      "bids" : [ [ "0.31108", "3733", "1" ], [ "0.31106", "2712", "1" ], [ "0.31098", "1", "1" ], [ "0.31062", "643", "1" ], [ "0.31050", "161", "1" ], [ "0.31044", "161", "1" ] ],
      "asks" : [ [ "0.31212", "1", "1" ], [ "0.31242", "3733", "1" ], [ "0.31260", "3171", "2" ], [ "0.31266", "798", "2" ] ],
      "t" : 1756460526650
    } ],
    "instrument_name" : "CELOUSD-PERP"
  }
}