{
  "id" : -1,
  "method" : "public/get-book",
  "code" : 0,
  "result" : {
    "depth" : 50,
    "data" : [ {
      "bids" : [ [ "0.007630", "13100", "1" ], [ "0.007629", "14910", "1" ], [ "0.007621", "87150", "1" ], [ "0.007603", "113860", "1" ], [ "0.007602", "201610", "2" ], [ "0.007596", "21640", "1" ], [ "0.007595", "39430", "1" ], [ "0.007581", "110150", "1" ], [ "0.007564", "104890", "2" ], [ "0.007560", "110150", "1" ], [ "0.007533", "1473080", "3" ], [ "0.007502", "191020", "1" ], [ "0.007471", "340460", "2" ], [ "0.007440", "417680", "2" ], [ "0.007061", "6290", "3" ], [ "0.007060", "10294700", "1" ], [ "0.007000", "5000", "1" ], [ "0.006128", "15430", "1" ], [ "0.006000", "10000", "1" ], [ "0.005994", "71980", "1" ], [ "0.005832", "183300", "1" ], [ "0.005670", "388910", "2" ], [ "0.005508", "183300", "1" ], [ "0.005500", "9090", "1" ], [ "0.005346", "619860", "1" ], [ "0.005000", "20000", "1" ] ],
      "asks" : [ [ "0.007699", "113860", "1" ], [ "0.007700", "15890", "1" ], [ "0.007702", "110030", "1" ], [ "0.007703", "85180", "1" ], [ "0.007704", "120770", "1" ], [ "0.007724", "87150", "1" ], [ "0.007728", "102880", "1" ], [ "0.007743", "111550", "1" ], [ "0.007749", "82310", "1" ], [ "0.007750", "28840", "1" ], [ "0.007770", "96450", "1" ], [ "0.007781", "101440", "2" ], [ "0.007799", "3370", "1" ], [ "0.007810", "1282060", "1" ], [ "0.007812", "173750", "2" ], [ "0.007843", "317860", "2" ], [ "0.007874", "317860", "2" ], [ "0.007905", "401240", "1" ], [ "0.008504", "1250", "1" ], [ "0.008580", "180", "1" ], [ "0.009215", "7560", "1" ], [ "0.009218", "15430", "1" ], [ "0.009234", "53940", "1" ], [ "0.009396", "141510", "2" ], [ "0.009558", "258490", "3" ], [ "0.009600", "30170", "1" ], [ "0.009720", "94660", "2" ], [ "0.009882", "314080", "3" ], [ "0.009890", "53300", "1" ], [ "0.009999", "16590", "1" ], [ "0.010000", "3000", "1" ], [ "0.010900", "99900", "1" ], [ "0.011000", "3000", "1" ], [ "0.011200", "1100", "1" ], [ "0.012000", "3000", "1" ], [ "0.013000", "7760", "3" ], [ "0.013550", "19360", "1" ], [ "0.014000", "3000", "1" ], [ "0.014800", "3000", "1" ], [ "0.015800", "3000", "1" ], [ "0.016800", "3000", "1" ], [ "0.017800", "3000", "1" ], [ "0.018455", "6960", "1" ], [ "0.018800", "3000", "1" ], [ "0.019800", "3000", "1" ], [ "0.020000", "12640", "1" ], [ "0.020625", "1800", "1" ], [ "0.021000", "3000", "1" ], [ "0.022000", "3000", "1" ], [ "0.022688", "40", "1" ] ],
      "t" : 1756460516854
    } ],
    "instrument_name" : "CELR_USD"
  }
}