{
  "id" : -1,
  "method" : "public/get-book",
  "code" : 0,
  "result" : {
    "depth" : 50,
    "data" : [ {
      "bids" : [ [ "0.007622", "60260", "2" ], [ "0.007621", "87150", "1" ], [ "0.007602", "192470", "2" ], [ "0.007590", "38320", "1" ], [ "0.007581", "102830", "1" ], [ "0.007560", "208100", "3" ], [ "0.007531", "1282060", "1" ], [ "0.007530", "188590", "2" ], [ "0.007500", "188590", "1" ], [ "0.007471", "2150", "1" ], [ "0.007470", "333950", "2" ], [ "0.007440", "418820", "1" ], [ "0.006972", "41510", "1" ], [ "0.006128", "15740", "1" ], [ "0.005994", "76880", "1" ], [ "0.005832", "200280", "1" ], [ "0.005670", "406040", "2" ], [ "0.005508", "200280", "1" ], [ "0.005346", "547900", "1" ] ],
      "asks" : [ [ "0.007713", "193620", "2" ], [ "0.007714", "15100", "1" ], [ "0.007716", "70500", "1" ], [ "0.007717", "83040", "1" ], [ "0.007718", "85480", "1" ], [ "0.007722", "87150", "1" ], [ "0.007728", "76270", "1" ], [ "0.007741", "111550", "1" ], [ "0.007749", "89790", "1" ], [ "0.007770", "129310", "2" ], [ "0.007800", "109430", "1" ], [ "0.007809", "1282060", "1" ], [ "0.007830", "186360", "1" ], [ "0.007860", "250840", "2" ], [ "0.007890", "322400", "2" ], [ "0.007920", "388770", "1" ], [ "0.008447", "21860", "1" ], [ "0.009216", "15740", "1" ], [ "0.009234", "58490", "1" ], [ "0.009396", "146620", "2" ], [ "0.009558", "250830", "3" ], [ "0.009720", "130430", "2" ], [ "0.009882", "324160", "3" ], [ "0.020000", "1490", "2" ], [ "0.022230", "4540", "1" ], [ "0.037000", "380", "1" ], [ "0.038500", "20730", "1" ], [ "0.040000", "8100", "2" ], [ "0.049000", "170", "1" ], [ "0.050000", "11120", "3" ], [ "0.065000", "4000", "1" ], [ "0.067000", "1000", "1" ], [ "0.070000", "4100", "1" ], [ "0.075000", "3000", "1" ], [ "0.080000", "500", "1" ], [ "0.081000", "3000", "1" ], [ "0.089000", "130", "1" ], [ "0.092378", "30", "1" ], [ "0.097000", "1000", "1" ], [ "0.100000", "4000", "1" ], [ "0.110000", "100", "1" ], [ "0.120000", "4000", "1" ], [ "0.145000", "460", "1" ], [ "0.200000", "44750", "2" ] ],
      "t" : 1756460536407
    } ],
    "instrument_name" : "CELR_USDT"
  }
}