{
  "id" : -1,
  "method" : "public/get-book",
  "code" : 0,
  "result" : {
    "depth" : 50,
    "data" : [ {
      "bids" : [ [ "0.007658", "10", "1" ], [ "0.007656", "13060", "1" ], [ "0.007652", "10", "1" ], [ "0.007635", "138830", "1" ], [ "0.007634", "85260", "1" ], [ "0.007630", "68900", "1" ], [ "0.007620", "77190", "1" ], [ "0.007605", "106980", "2" ], [ "0.007602", "6570", "1" ], [ "0.007600", "6570", "1" ], [ "0.007598", "6580", "1" ], [ "0.007596", "6580", "1" ], [ "0.007590", "110360", "4" ], [ "0.007575", "103760", "1" ], [ "0.007560", "128310", "2" ], [ "0.007529", "121950", "1" ], [ "0.007500", "144250", "1" ], [ "0.007470", "267350", "2" ], [ "0.007440", "369670", "3" ], [ "0.007410", "474060", "3" ], [ "0.007380", "618880", "1" ], [ "0.006951", "61980", "1" ], [ "0.006128", "60980", "1" ], [ "0.005994", "62550", "1" ], [ "0.005832", "160550", "1" ], [ "0.005670", "281890", "1" ], [ "0.005508", "399730", "1" ], [ "0.005346", "521980", "1" ], [ "0.005184", "620610", "1" ] ],
      "asks" : [ [ "0.007662", "10", "1" ], [ "0.007674", "10", "1" ], [ "0.007696", "12990", "1" ], [ "0.007712", "85260", "1" ], [ "0.007723", "139100", "1" ], [ "0.007725", "68360", "1" ], [ "0.007738", "6460", "1" ], [ "0.007739", "121950", "1" ], [ "0.007740", "226140", "4" ], [ "0.007742", "6450", "1" ], [ "0.007744", "6450", "1" ], [ "0.007755", "105180", "2" ], [ "0.007770", "331170", "3" ], [ "0.007785", "106620", "1" ], [ "0.007800", "387010", "3" ], [ "0.007830", "471540", "2" ], [ "0.007860", "588240", "2" ], [ "0.009216", "60980", "1" ], [ "0.009234", "56720", "1" ], [ "0.009396", "170210", "2" ], [ "0.009558", "275890", "3" ], [ "0.009720", "409120", "4" ], [ "0.009882", "505050", "5" ], [ "0.010044", "637310", "5" ] ],
      "t" : 1756460539360
    } ],
    "instrument_name" : "CELRUSD-PERP"
  }
}