{
  "id" : -1,
  "method" : "public/get-book",
  "code" : 0,
  "result" : {
    "depth" : 50,
    "data" : [ {
      "bids" : [ [ "0.09032", "1000", "1" ], [ "0.09031", "1800", "1" ], [ "0.09003", "677", "1" ], [ "0.09002", "1800", "1" ], [ "0.08980", "7336", "1" ], [ "0.08976", "8128", "1" ], [ "0.08973", "1800", "1" ], [ "0.08952", "9399", "1" ], [ "0.08948", "7200", "1" ], [ "0.08946", "4056", "1" ], [ "0.08928", "8306", "1" ], [ "0.08920", "10800", "2" ], [ "0.08918", "16200", "2" ], [ "0.08883", "10391", "1" ], [ "0.08880", "10202", "1" ], [ "0.08820", "17185", "1" ], [ "0.08757", "24344", "2" ], [ "0.08694", "32015", "2" ], [ "0.08631", "39778", "2" ], [ "0.08254", "2087", "1" ], [ "0.07264", "1338", "1" ], [ "0.07104", "6955", "1" ], [ "0.06912", "21635", "1" ], [ "0.06720", "40700", "1" ], [ "0.06528", "40700", "1" ], [ "0.06336", "145171", "1" ] ],
      "asks" : [ [ "0.09112", "1000", "1" ], [ "0.09143", "1800", "1" ], [ "0.09167", "7200", "1" ], [ "0.09183", "7336", "1" ], [ "0.09198", "1800", "1" ], [ "0.09211", "9399", "1" ], [ "0.09216", "5834", "1" ], [ "0.09222", "7200", "2" ], [ "0.09261", "3502", "1" ], [ "0.09264", "8263", "1" ], [ "0.09267", "21600", "1" ], [ "0.09312", "5834", "1" ], [ "0.09324", "10087", "1" ], [ "0.09387", "16837", "2" ], [ "0.09450", "23050", "2" ], [ "0.09513", "30564", "2" ], [ "0.09576", "23050", "1" ], [ "0.09998", "1017", "1" ], [ "0.10923", "1338", "1" ], [ "0.10944", "4349", "1" ], [ "0.11136", "13091", "2" ], [ "0.11328", "13091", "2" ], [ "0.11520", "23924", "3" ], [ "0.11712", "73588", "4" ], [ "0.18000", "763", "1" ], [ "0.20000", "382", "1" ], [ "0.20835", "5", "1" ], [ "0.25000", "4201", "2" ], [ "0.41900", "1174", "1" ], [ "0.48714", "2", "1" ], [ "0.50000", "741", "2" ], [ "0.60035", "25", "1" ], [ "1.18900", "1761", "1" ], [ "1.68000", "1049", "1" ] ],
      "t" : 1756460543097
    } ],
    "instrument_name" : "CETUS_USD"
  }
}