{
  "id" : -1,
  "method" : "public/get-book",
  "code" : 0,
  "result" : {
    "depth" : 50,
    "data" : [ {
      "bids" : [ [ "0.17958", "20", "2" ], [ "0.17940", "1110", "1" ], [ "0.17908", "270", "1" ], [ "0.17904", "270", "1" ], [ "0.17900", "270", "1" ], [ "0.17896", "270", "1" ] ],
      "asks" : [ [ "0.17959", "10", "1" ], [ "0.17968", "10", "1" ], [ "0.18004", "1110", "1" ], [ "0.18020", "270", "1" ], [ "0.18024", "270", "1" ], [ "0.18028", "270", "1" ], [ "0.18032", "270", "1" ], [ "0.18242", "7190", "1" ], [ "0.18428", "8100", "1" ], [ "0.18607", "8080", "1" ], [ "0.23000", "7500", "1" ], [ "0.23200", "5000", "1" ] ],
      "t" : 1756460545397
    } ],
    "instrument_name" : "CFXUSD-PERP"
  }
}