{
  "id" : -1,
  "method" : "public/get-book",
  "code" : 0,
  "result" : {
    "depth" : 50,
    "data" : [ {
      "bids" : [ [ "0.07074", "175", "1" ], [ "0.07073", "9347", "1" ], [ "0.07068", "7623", "1" ], [ "0.07064", "11975", "1" ], [ "0.07059", "6136", "1" ], [ "0.07056", "9465", "1" ], [ "0.07046", "15898", "1" ], [ "0.07044", "10559", "1" ], [ "0.07033", "25500", "1" ], [ "0.07020", "36957", "1" ], [ "0.07007", "46467", "1" ], [ "0.06500", "200", "1" ], [ "0.05676", "1645", "1" ], [ "0.05587", "7255", "1" ], [ "0.05436", "24760", "1" ], [ "0.05285", "35878", "1" ], [ "0.05134", "35878", "1" ], [ "0.04983", "97428", "1" ] ],
      "asks" : [ [ "0.07118", "952", "1" ], [ "0.07119", "9347", "1" ], [ "0.07126", "118", "1" ], [ "0.07127", "3093", "1" ], [ "0.07128", "19718", "2" ], [ "0.07137", "4402", "1" ], [ "0.07140", "11857", "1" ], [ "0.07150", "14474", "1" ], [ "0.07152", "10367", "1" ], [ "0.07163", "25837", "1" ], [ "0.07176", "36240", "1" ], [ "0.07189", "46577", "1" ], [ "0.08526", "1645", "1" ], [ "0.08607", "5458", "1" ], [ "0.08758", "15411", "2" ], [ "0.08909", "27098", "3" ], [ "0.09000", "4517", "1" ], [ "0.09060", "15411", "2" ], [ "0.09211", "60979", "3" ], [ "0.12000", "199", "1" ], [ "0.14000", "5118", "2" ], [ "0.17241", "159", "1" ], [ "0.30000", "581", "2" ], [ "0.30300", "582", "1" ], [ "0.30400", "309", "1" ], [ "0.31073", "3", "1" ] ],
      "t" : 1756460549115
    } ],
    "instrument_name" : "CHESS_USD"
  }
}