{
  "id" : -1,
  "method" : "public/get-book",
  "code" : 0,
  "result" : {
    "depth" : 50,
    "data" : [ {
      "bids" : [ [ "0.04194", "10", "1" ], [ "0.04193", "10", "1" ], [ "0.04191", "2380", "1" ], [ "0.04187", "1190", "1" ], [ "0.04186", "1190", "1" ], [ "0.04185", "1190", "1" ], [ "0.04184", "1190", "1" ], [ "0.04171", "2990", "1" ], [ "0.04170", "2990", "1" ], [ "0.04169", "2990", "1" ], [ "0.04168", "26070", "2" ], [ "0.04167", "12840", "1" ], [ "0.04162", "3600", "1" ], [ "0.04160", "3600", "1" ], [ "0.04158", "3600", "1" ], [ "0.04156", "3600", "1" ], [ "0.04154", "3610", "1" ], [ "0.04152", "3610", "1" ], [ "0.03952", "15740", "3" ], [ "0.03939", "1940", "1" ], [ "0.03900", "450", "1" ], [ "0.03848", "450", "1" ], [ "0.03838", "3700", "2" ], [ "0.03796", "450", "1" ], [ "0.03744", "610", "2" ], [ "0.03737", "6430", "2" ], [ "0.03692", "610", "1" ], [ "0.03636", "8220", "2" ], [ "0.03535", "10190", "2" ], [ "0.03339", "7870", "1" ], [ "0.03293", "12940", "1" ], [ "0.03204", "35090", "2" ], [ "0.03115", "54520", "2" ], [ "0.03026", "77590", "2" ], [ "0.02937", "103300", "2" ], [ "0.02848", "123860", "2" ] ],
      "asks" : [ [ "0.04196", "20", "2" ], [ "0.04203", "1480", "1" ], [ "0.04206", "2370", "1" ], [ "0.04207", "1180", "1" ], [ "0.04208", "1180", "1" ], [ "0.04210", "1180", "1" ], [ "0.04211", "1180", "1" ], [ "0.04217", "12880", "1" ], [ "0.04220", "2420", "1" ], [ "0.04223", "2950", "1" ], [ "0.04224", "2950", "1" ], [ "0.04225", "2950", "1" ], [ "0.04226", "2950", "1" ], [ "0.04234", "3540", "1" ], [ "0.04236", "3540", "1" ], [ "0.04238", "3530", "1" ], [ "0.04240", "3530", "1" ], [ "0.04242", "3530", "1" ], [ "0.04244", "3530", "1" ], [ "0.04321", "7870", "1" ], [ "0.04368", "380", "1" ], [ "0.04416", "7870", "1" ], [ "0.04420", "430", "2" ], [ "0.04444", "1810", "1" ], [ "0.04472", "430", "2" ], [ "0.04524", "600", "4" ], [ "0.04545", "4360", "2" ], [ "0.04576", "550", "1" ], [ "0.04646", "6490", "3" ], [ "0.04747", "8490", "4" ], [ "0.04848", "10600", "5" ], [ "0.05070", "7870", "1" ], [ "0.05073", "12530", "1" ], [ "0.05162", "35830", "2" ], [ "0.05251", "56160", "3" ], [ "0.05340", "78630", "4" ], [ "0.05429", "101210", "5" ], [ "0.05518", "124110", "6" ] ],
      "t" : 1756460558368
    } ],
    "instrument_name" : "CHILLGUYUSD-PERP"
  }
}