{
  "id" : -1,
  "method" : "public/get-book",
  "code" : 0,
  "result" : {
    "depth" : 50,
    "data" : [ {
      "bids" : [ [ "0.04195", "28", "1" ], [ "0.04174", "1191", "1" ], [ "0.04153", "1191", "1" ], [ "0.04132", "1191", "1" ], [ "0.04111", "1130", "1" ], [ "0.04089", "1130", "1" ], [ "0.04076", "15710", "2" ], [ "0.04075", "32830", "1" ], [ "0.04074", "4241", "1" ], [ "0.04066", "1191", "1" ], [ "0.04060", "12266", "2" ], [ "0.04046", "12266", "2" ], [ "0.04044", "1191", "1" ], [ "0.04032", "27263", "1" ], [ "0.04021", "1191", "1" ], [ "0.04013", "5506", "1" ], [ "0.04000", "4524", "1" ], [ "0.03998", "1191", "1" ], [ "0.03980", "11815", "2" ], [ "0.03960", "11815", "1" ], [ "0.03940", "25271", "1" ], [ "0.03900", "50", "1" ], [ "0.03349", "2870", "1" ], [ "0.03344", "16491", "1" ], [ "0.03256", "43574", "2" ], [ "0.03168", "76416", "2" ], [ "0.03080", "145885", "2" ], [ "0.03000", "500", "1" ], [ "0.02992", "404100", "2" ], [ "0.01931", "1532", "1" ] ],
      "asks" : [ [ "0.04196", "28", "1" ], [ "0.04204", "1191", "1" ], [ "0.04225", "1130", "1" ], [ "0.04250", "1130", "1" ], [ "0.04272", "1130", "1" ], [ "0.04294", "1130", "1" ], [ "0.04307", "3952", "1" ], [ "0.04312", "3910", "1" ], [ "0.04316", "1130", "1" ], [ "0.04326", "12628", "2" ], [ "0.04338", "1130", "1" ], [ "0.04340", "12628", "2" ], [ "0.04354", "27886", "2" ], [ "0.04360", "1130", "1" ], [ "0.04370", "5506", "1" ], [ "0.04380", "5047", "1" ], [ "0.04400", "11443", "2" ], [ "0.04420", "11443", "2" ], [ "0.04440", "26144", "1" ], [ "0.04728", "2539", "1" ], [ "0.04794", "2503", "1" ], [ "0.04861", "2467", "1" ], [ "0.04900", "31", "1" ], [ "0.04929", "2433", "1" ], [ "0.04995", "2401", "1" ], [ "0.05050", "2870", "1" ], [ "0.05063", "2368", "1" ], [ "0.05104", "8231", "1" ], [ "0.05118", "97", "1" ], [ "0.05129", "2337", "1" ], [ "0.05192", "27337", "2" ], [ "0.05197", "2430", "1" ], [ "0.05263", "2430", "1" ], [ "0.05280", "47899", "3" ], [ "0.05300", "6431", "1" ], [ "0.05331", "2430", "1" ], [ "0.05368", "47899", "3" ], [ "0.05398", "2430", "1" ], [ "0.05456", "231578", "1" ], [ "0.05464", "2430", "1" ], [ "0.05482", "90", "1" ], [ "0.05500", "54164", "2" ], [ "0.05532", "2430", "1" ], [ "0.05598", "2430", "1" ], [ "0.05650", "61", "1" ], [ "0.05666", "2430", "1" ], [ "0.05732", "2430", "1" ], [ "0.05800", "2430", "1" ], [ "0.05847", "84", "1" ], [ "0.05866", "2430", "1" ] ],
      "t" : 1756460554639
    } ],
    "instrument_name" : "CHILLGUY_USD"
  }
}