{
  "id" : -1,
  "method" : "public/get-book",
  "code" : 0,
  "result" : {
    "depth" : 50,
    "data" : [ {
      "bids" : [ [ "0.09546", "11548", "2" ], [ "0.09533", "6534", "1" ], [ "0.09526", "1505", "1" ], [ "0.09525", "8364", "1" ], [ "0.09517", "2529", "1" ], [ "0.09513", "7399", "1" ], [ "0.09492", "7399", "1" ], [ "0.09486", "9113", "2" ], [ "0.09471", "8149", "1" ], [ "0.09455", "9113", "1" ], [ "0.09424", "14818", "1" ], [ "0.09393", "20709", "1" ], [ "0.09362", "27516", "1" ], [ "0.07664", "1176", "1" ], [ "0.07490", "7143", "1" ], [ "0.07276", "19307", "1" ], [ "0.07062", "29411", "1" ], [ "0.06848", "41581", "1" ], [ "0.06634", "129174", "1" ] ],
      "asks" : [ [ "0.09629", "245", "1" ], [ "0.09630", "10455", "1" ], [ "0.09631", "6534", "1" ], [ "0.09639", "7221", "1" ], [ "0.09649", "8364", "1" ], [ "0.09660", "6512", "1" ], [ "0.09672", "2917", "1" ], [ "0.09681", "7221", "1" ], [ "0.09703", "8241", "2" ], [ "0.09734", "14189", "2" ], [ "0.09765", "14189", "1" ], [ "0.09796", "20263", "1" ], [ "0.09827", "26279", "1" ], [ "0.11508", "1176", "1" ], [ "0.11556", "4417", "1" ], [ "0.11770", "11509", "2" ], [ "0.11984", "19472", "3" ], [ "0.12198", "19472", "3" ], [ "0.12412", "74629", "4" ], [ "0.16000", "600", "1" ], [ "0.18000", "3461", "2" ], [ "0.24900", "342", "1" ], [ "0.38000", "950", "1" ], [ "0.41200", "5276", "1" ], [ "0.42000", "3438", "1" ], [ "0.44000", "6994", "1" ], [ "0.50000", "550", "1" ], [ "0.65850", "288", "1" ], [ "0.66260", "452", "1" ], [ "0.70000", "150", "1" ], [ "0.72300", "289", "1" ], [ "0.75000", "150", "1" ], [ "0.80000", "50", "1" ], [ "0.89799", "1", "1" ], [ "0.90000", "400", "1" ], [ "1.00000", "150", "1" ], [ "1.40000", "400", "1" ], [ "2.00000", "23", "1" ] ],
      "t" : 1756460517356
    } ],
    "instrument_name" : "CHR_USDT"
  }
}