{
  "id" : -1,
  "method" : "public/get-book",
  "code" : 0,
  "result" : {
    "depth" : 50,
    "data" : [ {
      "bids" : [ [ "0.09543", "1571", "1" ], [ "0.09542", "9735", "1" ], [ "0.09537", "12655", "1" ], [ "0.09533", "6534", "1" ], [ "0.09526", "3518", "1" ], [ "0.09525", "8364", "1" ], [ "0.09514", "2889", "1" ], [ "0.09513", "7222", "1" ], [ "0.09505", "2669", "1" ], [ "0.09504", "3541", "1" ], [ "0.09493", "2547", "2" ], [ "0.09492", "6436", "1" ], [ "0.09472", "9080", "2" ], [ "0.09471", "6760", "1" ], [ "0.09440", "9080", "1" ], [ "0.09409", "1141", "1" ], [ "0.09408", "14640", "1" ], [ "0.09376", "21479", "1" ], [ "0.09344", "26709", "1" ], [ "0.07664", "1165", "1" ], [ "0.07490", "6915", "1" ], [ "0.07423", "14", "1" ], [ "0.07276", "17085", "1" ], [ "0.07062", "39013", "1" ], [ "0.06848", "39013", "1" ], [ "0.06634", "125059", "1" ], [ "0.00780", "129", "1" ] ],
      "asks" : [ [ "0.09631", "1472", "1" ], [ "0.09632", "9735", "1" ], [ "0.09633", "11432", "1" ], [ "0.09634", "6534", "1" ], [ "0.09638", "5060", "1" ], [ "0.09639", "7236", "1" ], [ "0.09651", "14907", "1" ], [ "0.09652", "8364", "1" ], [ "0.09660", "7557", "1" ], [ "0.09664", "2506", "1" ], [ "0.09681", "9088", "1" ], [ "0.09696", "8358", "1" ], [ "0.09728", "14098", "1" ], [ "0.09760", "26617", "2" ], [ "0.09792", "31964", "2" ], [ "0.09824", "31964", "1" ], [ "0.11511", "1165", "1" ], [ "0.11556", "3933", "1" ], [ "0.11770", "11985", "2" ], [ "0.11984", "11985", "2" ], [ "0.12198", "25788", "3" ], [ "0.12412", "73003", "4" ], [ "0.14000", "862", "1" ], [ "0.18230", "1815", "1" ], [ "0.18500", "221", "1" ], [ "0.18800", "5600", "1" ], [ "0.19000", "862", "1" ], [ "0.19500", "16", "1" ], [ "0.20000", "2128", "2" ], [ "0.21000", "963", "1" ], [ "0.22500", "1", "1" ], [ "0.23330", "2392", "1" ], [ "0.25000", "963", "1" ], [ "0.26600", "2392", "1" ], [ "0.27500", "2", "1" ], [ "0.27600", "328", "1" ], [ "0.28000", "483", "1" ], [ "0.29654", "16", "1" ], [ "0.31230", "1800", "1" ], [ "0.31596", "24", "1" ], [ "0.33536", "37", "1" ], [ "0.35000", "42", "2" ], [ "0.35478", "49", "1" ], [ "0.36000", "54", "1" ], [ "0.37421", "62", "1" ], [ "0.37512", "2", "1" ], [ "0.37909", "4556", "1" ], [ "0.38000", "324", "1" ], [ "0.39000", "5", "1" ], [ "0.39363", "74", "1" ] ],
      "t" : 1756460561994
    } ],
    "instrument_name" : "CHR_USD"
  }
}