{
  "id" : -1,
  "method" : "public/get-book",
  "code" : 0,
  "result" : {
    "depth" : 50,
    "data" : [ {
      "bids" : [ [ "0.09566", "1", "1" ], [ "0.09565", "1", "1" ], [ "0.09556", "2092", "1" ], [ "0.09538", "524", "1" ], [ "0.09536", "7887", "3" ], [ "0.09535", "6790", "1" ], [ "0.09534", "524", "1" ], [ "0.09532", "524", "1" ], [ "0.09520", "5631", "1" ], [ "0.09504", "7932", "1" ], [ "0.09488", "8241", "1" ], [ "0.09472", "9521", "2" ], [ "0.09470", "9690", "1" ], [ "0.09456", "10544", "2" ], [ "0.09455", "11556", "1" ], [ "0.09424", "20079", "2" ], [ "0.09393", "27391", "3" ], [ "0.09362", "37934", "4" ], [ "0.09331", "50243", "2" ], [ "0.07664", "4845", "1" ], [ "0.07585", "5671", "1" ], [ "0.07380", "15047", "1" ], [ "0.07175", "23525", "1" ], [ "0.06970", "34834", "1" ], [ "0.06765", "42763", "1" ], [ "0.06560", "53813", "1" ] ],
      "asks" : [ [ "0.09576", "1", "1" ], [ "0.09579", "1", "1" ], [ "0.09592", "2085", "1" ], [ "0.09601", "2141", "1" ], [ "0.09604", "520", "1" ], [ "0.09606", "6299", "2" ], [ "0.09608", "520", "1" ], [ "0.09610", "520", "1" ], [ "0.09622", "6790", "1" ], [ "0.09632", "7450", "2" ], [ "0.09648", "8215", "3" ], [ "0.09650", "9690", "1" ], [ "0.09664", "9079", "2" ], [ "0.09672", "11163", "1" ], [ "0.09680", "8120", "1" ], [ "0.09696", "9223", "1" ], [ "0.09703", "20853", "2" ], [ "0.09734", "29782", "3" ], [ "0.09765", "39436", "3" ], [ "0.09796", "47581", "1" ], [ "0.11508", "4845", "1" ], [ "0.11685", "4016", "1" ], [ "0.11890", "14833", "2" ], [ "0.12095", "23640", "3" ], [ "0.12300", "33826", "3" ], [ "0.12505", "43853", "3" ], [ "0.12710", "52441", "1" ] ],
      "t" : 1756460568035
    } ],
    "instrument_name" : "CHRUSD-PERP"
  }
}