{
  "id" : -1,
  "method" : "public/get-book",
  "code" : 0,
  "result" : {
    "depth" : 50,
    "data" : [ {
      "bids" : [ [ "0.03897", "2566", "1" ], [ "0.03896", "5133", "1" ], [ "0.03887", "8875", "1" ], [ "0.03886", "20310", "1" ], [ "0.03884", "10196", "1" ], [ "0.03879", "391", "1" ], [ "0.03878", "3508", "1" ], [ "0.03872", "2916", "1" ], [ "0.03866", "4488", "1" ], [ "0.03861", "3550", "1" ], [ "0.03855", "1949", "1" ], [ "0.03850", "4658", "1" ], [ "0.03841", "1894", "1" ], [ "0.03840", "6881", "1" ], [ "0.03835", "691295", "1" ], [ "0.03825", "11122", "1" ], [ "0.03810", "16546", "1" ], [ "0.03795", "20777", "2" ], [ "0.03781", "502", "1" ], [ "0.03780", "25170", "2" ], [ "0.03687", "30", "1" ], [ "0.03549", "29", "1" ], [ "0.03497", "3000", "1" ], [ "0.03320", "151", "1" ], [ "0.03310", "152", "1" ], [ "0.03300", "152", "1" ], [ "0.03290", "152", "1" ], [ "0.03280", "153", "1" ], [ "0.03270", "153", "1" ], [ "0.03260", "154", "1" ], [ "0.03250", "154", "1" ], [ "0.03124", "3131", "1" ], [ "0.03078", "15388", "1" ], [ "0.03020", "49", "1" ], [ "0.02997", "55003", "1" ], [ "0.02916", "55003", "1" ], [ "0.02835", "55003", "1" ], [ "0.02754", "192117", "1" ], [ "0.02166", "83", "1" ], [ "0.01264", "118", "1" ] ],
      "asks" : [ [ "0.03911", "8875", "1" ], [ "0.03912", "5112", "1" ], [ "0.03914", "5461", "1" ], [ "0.03920", "9996", "1" ], [ "0.03932", "3508", "1" ], [ "0.03937", "14765", "1" ], [ "0.03938", "3434", "1" ], [ "0.03941", "4488", "1" ], [ "0.03944", "23162", "1" ], [ "0.03945", "20600", "2" ], [ "0.03949", "3733", "1" ], [ "0.03960", "10638", "2" ], [ "0.03975", "11487", "1" ], [ "0.03977", "691295", "1" ], [ "0.03990", "15114", "1" ], [ "0.03994", "374", "1" ], [ "0.04005", "20130", "2" ], [ "0.04020", "24227", "3" ], [ "0.04347", "261", "1" ], [ "0.04689", "3131", "1" ], [ "0.04698", "9441", "1" ], [ "0.04779", "28900", "2" ], [ "0.04800", "476", "1" ], [ "0.04860", "50381", "3" ], [ "0.04941", "28900", "2" ], [ "0.05000", "2753", "1" ], [ "0.05022", "102064", "2" ], [ "0.05500", "371", "1" ], [ "0.09200", "110", "1" ], [ "0.09911", "398", "1" ], [ "0.10000", "427", "1" ], [ "0.10002", "250", "1" ], [ "0.11000", "27969", "1" ], [ "0.12000", "324", "2" ], [ "0.13000", "1120", "3" ], [ "0.13500", "6760", "2" ], [ "0.13900", "150", "1" ], [ "0.14000", "252179", "4" ], [ "0.14500", "8", "1" ], [ "0.14624", "6", "1" ], [ "0.14700", "19714", "1" ], [ "0.14839", "1150", "1" ], [ "0.14843", "2043", "1" ], [ "0.15000", "4406", "2" ], [ "0.15593", "719", "1" ], [ "0.16000", "398", "3" ], [ "0.16435", "160", "1" ], [ "0.16784", "91", "1" ], [ "0.17147", "40000", "1" ], [ "0.17393", "5", "1" ] ],
      "t" : 1756460566506
    } ],
    "instrument_name" : "CHZ_USD"
  }
}