{
  "id" : -1,
  "method" : "public/get-book",
  "code" : 0,
  "result" : {
    "depth" : 50,
    "data" : [ {
      "bids" : [ [ "0.03900", "11926", "1" ], [ "0.03899", "5129", "1" ], [ "0.03896", "10428", "1" ], [ "0.03885", "25640", "1" ], [ "0.03884", "4444", "1" ], [ "0.03877", "3508", "1" ], [ "0.03871", "4192", "2" ], [ "0.03870", "3999", "1" ], [ "0.03866", "4488", "1" ], [ "0.03864", "2748", "1" ], [ "0.03860", "3630", "1" ], [ "0.03851", "16804", "1" ], [ "0.03850", "10816", "3" ], [ "0.03836", "11745", "2" ], [ "0.03831", "691295", "1" ], [ "0.03822", "16103", "1" ], [ "0.03808", "20686", "1" ], [ "0.03794", "25718", "2" ], [ "0.03777", "264", "1" ], [ "0.03700", "1268", "1" ], [ "0.03555", "281", "1" ], [ "0.03333", "341", "1" ], [ "0.03124", "3151", "1" ], [ "0.03078", "19347", "1" ], [ "0.02997", "48304", "1" ], [ "0.02916", "70180", "1" ], [ "0.02835", "70180", "1" ], [ "0.02754", "177256", "1" ] ],
      "asks" : [ [ "0.03906", "8969", "2" ], [ "0.03908", "5483", "1" ], [ "0.03909", "7405", "1" ], [ "0.03910", "10024", "1" ], [ "0.03925", "612", "1" ], [ "0.03926", "4470", "1" ], [ "0.03927", "15414", "1" ], [ "0.03930", "3508", "1" ], [ "0.03933", "14143", "1" ], [ "0.03940", "7742", "2" ], [ "0.03948", "1832", "1" ], [ "0.03950", "3912", "1" ], [ "0.03960", "4321", "1" ], [ "0.03962", "6880", "1" ], [ "0.03972", "691295", "1" ], [ "0.03976", "10706", "1" ], [ "0.03990", "15162", "1" ], [ "0.04004", "19985", "2" ], [ "0.04018", "24391", "2" ], [ "0.04280", "1168", "1" ], [ "0.04688", "3151", "1" ], [ "0.04698", "8286", "1" ], [ "0.04779", "32457", "2" ], [ "0.04860", "32457", "2" ], [ "0.04941", "32457", "2" ], [ "0.05022", "99180", "2" ], [ "0.07179", "1806", "1" ], [ "0.09360", "135", "1" ], [ "0.10000", "250", "1" ], [ "0.12950", "17578", "1" ], [ "0.14750", "375", "1" ], [ "0.15000", "506", "2" ], [ "0.17600", "618", "1" ], [ "0.17700", "99", "1" ], [ "0.17990", "110", "1" ], [ "0.18450", "135", "1" ], [ "0.20000", "1946", "2" ], [ "0.21100", "19", "1" ], [ "0.22000", "415", "1" ], [ "0.22800", "2500", "1" ], [ "0.24400", "108", "1" ], [ "0.25000", "142", "1" ], [ "0.27800", "17578", "1" ], [ "0.28000", "500", "1" ], [ "0.28750", "5877", "1" ], [ "0.30000", "676", "3" ], [ "0.31378", "2", "1" ], [ "0.32500", "75", "1" ], [ "0.33000", "1", "1" ], [ "0.35000", "91", "1" ] ],
      "t" : 1756460576846
    } ],
    "instrument_name" : "CHZ_USDT"
  }
}