{
  "id" : -1,
  "method" : "public/get-book",
  "code" : 0,
  "result" : {
    "depth" : 50,
    "data" : [ {
      "bids" : [ [ "0.03901", "10", "1" ], [ "0.03900", "10", "1" ], [ "0.03898", "5130", "1" ], [ "0.03897", "39740", "1" ], [ "0.03896", "60780", "2" ], [ "0.03895", "29930", "3" ], [ "0.03894", "31980", "1" ], [ "0.03890", "16870", "2" ], [ "0.03889", "25750", "2" ], [ "0.03888", "1280", "1" ], [ "0.03887", "1280", "1" ], [ "0.03885", "42590", "3" ], [ "0.03880", "15590", "1" ], [ "0.03878", "46320", "2" ], [ "0.03875", "15590", "1" ], [ "0.03871", "76380", "3" ], [ "0.03870", "26190", "1" ], [ "0.03864", "93090", "4" ], [ "0.03857", "120200", "1" ], [ "0.03840", "62400", "1" ], [ "0.03820", "62400", "1" ], [ "0.03124", "12230", "1" ], [ "0.03078", "12050", "1" ], [ "0.02997", "37600", "1" ], [ "0.02960", "62400", "1" ], [ "0.02940", "62400", "1" ], [ "0.02916", "59320", "1" ], [ "0.02835", "85530", "1" ], [ "0.02754", "109260", "1" ], [ "0.02673", "135550", "1" ] ],
      "asks" : [ [ "0.03903", "20", "2" ], [ "0.03906", "44860", "2" ], [ "0.03907", "33300", "1" ], [ "0.03908", "12800", "1" ], [ "0.03909", "17130", "1" ], [ "0.03910", "19140", "2" ], [ "0.03911", "27410", "1" ], [ "0.03914", "1270", "1" ], [ "0.03915", "51890", "3" ], [ "0.03916", "1270", "1" ], [ "0.03917", "1270", "1" ], [ "0.03920", "19080", "2" ], [ "0.03925", "45290", "4" ], [ "0.03927", "21720", "1" ], [ "0.03930", "24660", "4" ], [ "0.03934", "51100", "2" ], [ "0.03941", "71120", "3" ], [ "0.03948", "100870", "3" ], [ "0.03955", "125480", "3" ], [ "0.04688", "12230", "1" ], [ "0.04698", "11130", "1" ], [ "0.04779", "34360", "2" ], [ "0.04860", "122200", "4" ], [ "0.04880", "62400", "1" ], [ "0.04885", "450", "1" ], [ "0.04941", "85020", "4" ], [ "0.05022", "112350", "4" ], [ "0.05040", "62400", "1" ], [ "0.05060", "62400", "1" ], [ "0.05103", "133040", "4" ], [ "0.06200", "900", "1" ] ],
      "t" : 1756460576907
    } ],
    "instrument_name" : "CHZUSD-PERP"
  }
}