{
  "id" : -1,
  "method" : "public/get-book",
  "code" : 0,
  "result" : {
    "depth" : 50,
    "data" : [ {
      "bids" : [ [ "0.004742", "12380", "1" ], [ "0.004741", "28720", "1" ], [ "0.004729", "41380", "1" ], [ "0.004725", "32430", "1" ], [ "0.004722", "36820", "1" ], [ "0.004704", "35330", "1" ], [ "0.004700", "30100", "1" ], [ "0.004675", "30420", "1" ], [ "0.004672", "113520", "1" ], [ "0.004640", "187080", "2" ], [ "0.004608", "261340", "3" ], [ "0.004600", "154740", "1" ], [ "0.004576", "261340", "2" ], [ "0.004544", "261340", "1" ], [ "0.004318", "6220", "1" ], [ "0.004300", "3130", "1" ], [ "0.004250", "588200", "1" ], [ "0.004000", "630000", "2" ], [ "0.003849", "25730", "1" ], [ "0.003822", "125950", "1" ], [ "0.003800", "3000", "1" ], [ "0.003724", "383680", "2" ], [ "0.003626", "662660", "2" ], [ "0.003528", "2316970", "2" ], [ "0.003430", "7325780", "2" ] ],
      "asks" : [ [ "0.004860", "25720", "1" ], [ "0.004861", "41380", "1" ], [ "0.004868", "28720", "1" ], [ "0.004873", "78480", "1" ], [ "0.004875", "24410", "1" ], [ "0.004887", "36820", "1" ], [ "0.004896", "39210", "1" ], [ "0.004900", "33520", "1" ], [ "0.004925", "32770", "1" ], [ "0.004928", "96720", "1" ], [ "0.004960", "165130", "2" ], [ "0.004992", "241520", "2" ], [ "0.005024", "309980", "2" ], [ "0.005056", "376190", "2" ], [ "0.005344", "3190", "1" ], [ "0.005550", "290", "1" ], [ "0.005776", "25730", "1" ], [ "0.005782", "71390", "2" ], [ "0.005880", "250580", "2" ], [ "0.005978", "424650", "3" ], [ "0.006000", "19000", "1" ], [ "0.006076", "1375560", "4" ], [ "0.006174", "4133160", "5" ], [ "0.006400", "170", "1" ], [ "0.006566", "200", "1" ], [ "0.006800", "8050", "1" ], [ "0.006996", "4740", "1" ], [ "0.007000", "150", "1" ], [ "0.007063", "2510", "1" ], [ "0.007490", "5000", "1" ], [ "0.007500", "103000", "2" ], [ "0.007700", "450", "1" ], [ "0.007780", "25000", "1" ], [ "0.008000", "8950", "1" ], [ "0.008335", "7610", "1" ], [ "0.008600", "120", "1" ], [ "0.009000", "50000", "1" ], [ "0.009655", "98280", "1" ], [ "0.009674", "3210", "1" ], [ "0.009908", "58810", "1" ], [ "0.010000", "22480", "3" ], [ "0.010411", "95080", "1" ], [ "0.010475", "1460", "1" ], [ "0.010500", "50000", "1" ], [ "0.010800", "1420", "1" ], [ "0.010817", "53410", "1" ], [ "0.011000", "2090", "2" ], [ "0.011013", "5440", "1" ], [ "0.011126", "1370", "1" ], [ "0.011168", "94150", "1" ] ],
      "t" : 1756460583882
    } ],
    "instrument_name" : "CKB_USD"
  }
}