{
  "id" : -1,
  "method" : "public/get-book",
  "code" : 0,
  "result" : {
    "depth" : 50,
    "data" : [ {
      "bids" : [ [ "0.004801", "200", "2" ], [ "0.004797", "41600", "1" ], [ "0.004796", "41700", "1" ], [ "0.004759", "54400", "1" ], [ "0.004722", "10500", "1" ], [ "0.004720", "10500", "1" ], [ "0.004690", "10600", "1" ], [ "0.004688", "10600", "1" ], [ "0.003848", "98300", "1" ], [ "0.003838", "75200", "1" ], [ "0.003737", "256700", "2" ], [ "0.003636", "456300", "2" ], [ "0.003535", "615900", "2" ], [ "0.003434", "808000", "2" ], [ "0.003333", "991500", "2" ] ],
      "asks" : [ [ "0.004803", "100", "1" ], [ "0.004804", "100", "1" ], [ "0.004825", "138100", "1" ], [ "0.004830", "70700", "1" ], [ "0.004833", "196500", "1" ], [ "0.004836", "83400", "1" ], [ "0.004840", "146800", "1" ], [ "0.004842", "93400", "2" ], [ "0.004848", "102000", "3" ], [ "0.004850", "398300", "2" ], [ "0.004854", "108700", "1" ], [ "0.004858", "41100", "1" ], [ "0.004859", "41100", "1" ], [ "0.004860", "554400", "3" ], [ "0.004870", "727600", "4" ], [ "0.004880", "941800", "3" ], [ "0.004897", "20200", "1" ], [ "0.004924", "10100", "1" ], [ "0.004926", "10100", "1" ], [ "0.004928", "10100", "1" ], [ "0.004930", "10100", "1" ], [ "0.005775", "98300", "1" ], [ "0.005858", "72500", "1" ], [ "0.005959", "283400", "2" ], [ "0.006060", "451000", "3" ], [ "0.006161", "631700", "4" ], [ "0.006262", "813200", "4" ], [ "0.006363", "981500", "1" ] ],
      "t" : 1756460587639
    } ],
    "instrument_name" : "CKBUSD-PERP"
  }
}