{
  "id" : -1,
  "method" : "public/get-book",
  "code" : 0,
  "result" : {
    "depth" : 50,
    "data" : [ {
      "bids" : [ [ "0.07424", "9168", "1" ], [ "0.07414", "7535", "1" ], [ "0.07412", "11735", "1" ], [ "0.07404", "4829", "1" ], [ "0.07403", "10058", "1" ], [ "0.07392", "28223", "2" ], [ "0.07380", "26184", "1" ], [ "0.07368", "46747", "1" ], [ "0.07356", "58512", "1" ], [ "0.07344", "58512", "1" ], [ "0.06001", "763", "1" ], [ "0.06000", "300", "1" ], [ "0.05964", "11094", "1" ], [ "0.05953", "1700", "1" ], [ "0.05815", "12646", "1" ], [ "0.05814", "9708", "1" ], [ "0.05661", "24871", "1" ], [ "0.05508", "45629", "1" ], [ "0.05355", "73902", "1" ], [ "0.05202", "290828", "1" ] ],
      "asks" : [ [ "0.07466", "9168", "1" ], [ "0.07469", "10568", "1" ], [ "0.07478", "11735", "1" ], [ "0.07480", "8633", "1" ], [ "0.07488", "4681", "1" ], [ "0.07491", "10643", "1" ], [ "0.07500", "14846", "1" ], [ "0.07512", "26056", "1" ], [ "0.07524", "37439", "1" ], [ "0.07536", "46962", "1" ], [ "0.07548", "56367", "1" ], [ "0.08499", "11720", "1" ], [ "0.08500", "15104", "1" ], [ "0.08730", "252", "1" ], [ "0.08935", "1700", "1" ], [ "0.08956", "13818", "1" ], [ "0.09027", "6569", "1" ], [ "0.09180", "15969", "2" ], [ "0.09333", "28069", "3" ], [ "0.09486", "51794", "4" ], [ "0.09639", "153170", "5" ], [ "0.10690", "330", "1" ], [ "0.13716", "49", "1" ], [ "0.15000", "4961", "2" ], [ "0.15679", "42", "1" ], [ "0.17924", "36", "1" ], [ "0.18800", "295", "1" ], [ "0.20000", "156", "1" ], [ "0.20488", "31", "1" ], [ "0.23421", "37", "1" ], [ "0.25000", "202", "2" ], [ "0.26773", "37", "1" ], [ "0.29822", "3", "1" ], [ "0.30604", "37", "1" ], [ "0.34984", "37", "1" ], [ "0.36000", "484", "1" ], [ "0.37000", "280", "1" ], [ "0.40000", "37", "1" ], [ "0.47000", "247", "1" ], [ "0.57990", "166", "1" ], [ "0.60000", "39", "1" ], [ "0.65288", "1", "1" ], [ "0.66660", "1111", "1" ] ],
      "t" : 1756460566260
    } ],
    "instrument_name" : "CLOUD_USD"
  }
}