{
  "id" : -1,
  "method" : "public/get-book",
  "code" : 0,
  "result" : {
    "depth" : 50,
    "data" : [ {
      "bids" : [ [ "0.12554", "56", "1" ], [ "0.12553", "5319", "1" ], [ "0.12544", "5406", "1" ], [ "0.12538", "6814", "1" ], [ "0.12528", "5406", "1" ], [ "0.12520", "2944", "1" ], [ "0.12512", "5406", "1" ], [ "0.12500", "9016", "2" ], [ "0.12480", "20212", "3" ], [ "0.12460", "20212", "3" ], [ "0.12440", "20212", "1" ], [ "0.12420", "31367", "1" ], [ "0.12396", "336", "1" ], [ "0.10064", "500", "1" ], [ "0.09805", "2104", "1" ], [ "0.09540", "7349", "1" ], [ "0.09275", "13354", "1" ], [ "0.09010", "32850", "1" ], [ "0.08745", "104469", "1" ] ],
      "asks" : [ [ "0.12614", "5319", "1" ], [ "0.12624", "6563", "1" ], [ "0.12629", "6814", "1" ], [ "0.12640", "9613", "2" ], [ "0.12656", "6563", "1" ], [ "0.12660", "8960", "2" ], [ "0.12679", "254", "1" ], [ "0.12680", "20337", "3" ], [ "0.12700", "20337", "2" ], [ "0.12717", "331", "1" ], [ "0.12720", "31080", "1" ], [ "0.12740", "31080", "1" ], [ "0.12876", "327", "1" ], [ "0.13037", "323", "1" ], [ "0.13197", "319", "1" ], [ "0.13356", "315", "1" ], [ "0.13517", "311", "1" ], [ "0.13677", "307", "1" ], [ "0.13836", "307", "1" ], [ "0.13997", "307", "1" ], [ "0.14157", "307", "1" ], [ "0.14316", "307", "1" ], [ "0.14477", "307", "1" ], [ "0.14637", "307", "1" ], [ "0.14796", "307", "1" ], [ "0.14957", "307", "1" ], [ "0.15114", "500", "1" ], [ "0.15116", "307", "1" ], [ "0.15276", "307", "1" ], [ "0.15278", "144", "1" ], [ "0.15370", "1527", "1" ], [ "0.15428", "666", "1" ], [ "0.15437", "307", "1" ], [ "0.15596", "307", "1" ], [ "0.15635", "5042", "2" ], [ "0.15756", "307", "1" ], [ "0.15856", "647", "1" ], [ "0.15900", "5042", "2" ], [ "0.15917", "307", "1" ], [ "0.16076", "307", "1" ], [ "0.16165", "19799", "3" ], [ "0.16248", "307", "1" ], [ "0.16284", "629", "1" ], [ "0.16430", "59215", "1" ], [ "0.16711", "614", "1" ], [ "0.17139", "604", "1" ], [ "0.17568", "583", "1" ], [ "0.17996", "568", "1" ], [ "0.18423", "555", "1" ], [ "0.18851", "555", "1" ] ],
      "t" : 1756460604406
    } ],
    "instrument_name" : "COOKIE_USD"
  }
}