{
  "id" : -1,
  "method" : "public/get-book",
  "code" : 0,
  "result" : {
    "depth" : 50,
    "data" : [ {
      "bids" : [ [ "0.0000004869", "2400000", "1" ], [ "0.0000004853", "1361500000", "1" ], [ "0.0000004851", "1272200000", "1" ], [ "0.0000004850", "381000000", "1" ], [ "0.0000004840", "1759600000", "1" ], [ "0.0000004830", "1741400000", "1" ], [ "0.0000004829", "1756700000", "1" ], [ "0.0000004809", "1109800000", "1" ], [ "0.0000004788", "3162900000", "1" ], [ "0.0000004767", "5057000000", "1" ], [ "0.0000004747", "1370500000", "1" ], [ "0.0000004746", "7013600000", "1" ], [ "0.0000004736", "14305200000", "1" ], [ "0.0000004725", "8918600000", "1" ], [ "0.0000004704", "10867000000", "1" ], [ "0.0000004000", "2600000", "1" ], [ "0.0000003895", "240000000", "1" ], [ "0.0000003811", "1208200000", "1" ], [ "0.0000003708", "3799800000", "2" ], [ "0.0000003605", "6379200000", "2" ], [ "0.0000003502", "2116500000", "1" ], [ "0.0000003399", "6725900000", "1" ], [ "0.0000002000", "5000000", "1" ], [ "0.0000000510", "20000000", "1" ] ],
      "asks" : [ [ "0.0000004882", "2400000", "1" ], [ "0.0000004893", "1361500000", "1" ], [ "0.0000004895", "1131900000", "1" ], [ "0.0000004906", "1131900000", "1" ], [ "0.0000004917", "3089200000", "2" ], [ "0.0000004934", "209500000", "1" ], [ "0.0000004935", "1101500000", "1" ], [ "0.0000004937", "14305200000", "1" ], [ "0.0000004956", "2871100000", "1" ], [ "0.0000004977", "4616600000", "1" ], [ "0.0000004998", "6613200000", "1" ], [ "0.0000005019", "8679500000", "1" ], [ "0.0000005040", "10586800000", "1" ], [ "0.0000005364", "31300000", "1" ], [ "0.0000005412", "31000000", "1" ], [ "0.0000005459", "30800000", "1" ], [ "0.0000005505", "30500000", "1" ], [ "0.0000005553", "30200000", "1" ], [ "0.0000005600", "30000000", "1" ], [ "0.0000005646", "29700000", "1" ], [ "0.0000005650", "783400000", "1" ], [ "0.0000005694", "29500000", "1" ], [ "0.0000005741", "29200000", "1" ], [ "0.0000005787", "29000000", "1" ], [ "0.0000005835", "29000000", "1" ], [ "0.0000005853", "240000000", "1" ], [ "0.0000005871", "684300000", "1" ], [ "0.0000005882", "28500000", "1" ], [ "0.0000005928", "22400000", "1" ], [ "0.0000005974", "2224300000", "2" ], [ "0.0000005976", "28500000", "1" ], [ "0.0000006023", "28500000", "1" ], [ "0.0000006069", "32400000", "1" ], [ "0.0000006077", "4029900000", "3" ], [ "0.0000006117", "32400000", "1" ], [ "0.0000006164", "32400000", "1" ], [ "0.0000006180", "1302100000", "2" ], [ "0.0000006210", "32400000", "1" ], [ "0.0000006258", "32400000", "1" ], [ "0.0000006283", "3877100000", "3" ], [ "0.0000006305", "32400000", "1" ], [ "0.0000006351", "32400000", "1" ], [ "0.0000006399", "32400000", "1" ], [ "0.0000006446", "32400000", "1" ], [ "0.0000006492", "32400000", "1" ], [ "0.0000006540", "32400000", "1" ], [ "0.0000006587", "32400000", "1" ], [ "0.0000006633", "32400000", "1" ], [ "0.0000006681", "32400000", "1" ], [ "0.0000006728", "32400000", "1" ] ],
      "t" : 1756460611526
    } ],
    "instrument_name" : "COQ_USD"
  }
}