{
  "id" : -1,
  "method" : "public/get-book",
  "code" : 0,
  "result" : {
    "depth" : 50,
    "data" : [ {
      "bids" : [ [ "0.0001664", "58800", "2" ], [ "0.0001662", "640100", "1" ], [ "0.0001659", "1640200", "2" ], [ "0.0001656", "5450200", "3" ], [ "0.0001653", "640100", "1" ], [ "0.0001652", "6238900", "2" ], [ "0.0001650", "6276700", "2" ], [ "0.0001648", "1807500", "2" ], [ "0.0001647", "6662200", "2" ], [ "0.0001645", "3002100", "1" ], [ "0.0001644", "2447600", "3" ], [ "0.0001641", "640100", "1" ], [ "0.0001640", "13722400", "3" ], [ "0.0001638", "3642200", "2" ], [ "0.0001636", "1807500", "2" ], [ "0.0001635", "640100", "1" ], [ "0.0001632", "2407300", "2" ], [ "0.0001631", "3972000", "1" ], [ "0.0001630", "11934400", "2" ], [ "0.0001629", "941600", "1" ], [ "0.0001628", "1465700", "1" ], [ "0.0001626", "941600", "1" ], [ "0.0001624", "5437700", "2" ], [ "0.0001623", "941600", "1" ], [ "0.0001621", "2793300", "1" ], [ "0.0001620", "12821100", "3" ], [ "0.0001617", "4913600", "2" ], [ "0.0001616", "1465700", "1" ], [ "0.0001612", "1465700", "1" ], [ "0.0001610", "14385800", "2" ], [ "0.0001608", "1465700", "1" ], [ "0.0001604", "1465700", "1" ], [ "0.0001603", "3972000", "1" ], [ "0.0001600", "11879500", "2" ], [ "0.0001596", "3972000", "1" ], [ "0.0001590", "10413800", "1" ], [ "0.0001589", "3972000", "1" ], [ "0.0001582", "3972000", "1" ], [ "0.0001580", "10413800", "1" ], [ "0.0001578", "5980200", "2" ], [ "0.0001575", "3972000", "1" ], [ "0.0001573", "3940500", "1" ], [ "0.0001570", "12361300", "2" ], [ "0.0001568", "3972000", "1" ], [ "0.0001562", "8058500", "2" ], [ "0.0001561", "3972000", "1" ], [ "0.0001560", "15336500", "3" ], [ "0.0001554", "3972000", "1" ], [ "0.0001551", "12759300", "1" ], [ "0.0001550", "20055200", "4" ] ],
      "asks" : [ [ "0.0001671", "532000", "1" ], [ "0.0001672", "81500", "1" ], [ "0.0001675", "640200", "1" ], [ "0.0001677", "640200", "1" ], [ "0.0001679", "1000100", "1" ], [ "0.0001680", "2473500", "3" ], [ "0.0001681", "3002100", "1" ], [ "0.0001683", "983800", "1" ], [ "0.0001684", "1833300", "2" ], [ "0.0001686", "861800", "1" ], [ "0.0001687", "4169700", "1" ], [ "0.0001688", "1833300", "1" ], [ "0.0001689", "943900", "1" ], [ "0.0001692", "2309300", "2" ], [ "0.0001694", "3002100", "1" ], [ "0.0001695", "712800", "1" ], [ "0.0001696", "1743000", "1" ], [ "0.0001698", "6815300", "2" ], [ "0.0001700", "7933700", "2" ], [ "0.0001701", "4033600", "2" ], [ "0.0001704", "2277700", "2" ], [ "0.0001707", "943300", "1" ], [ "0.0001708", "5550500", "2" ], [ "0.0001710", "12835100", "2" ], [ "0.0001712", "1335600", "1" ], [ "0.0001713", "787400", "1" ], [ "0.0001715", "3002100", "1" ], [ "0.0001716", "2411400", "2" ], [ "0.0001719", "943300", "1" ], [ "0.0001720", "11816800", "2" ], [ "0.0001722", "3002100", "1" ], [ "0.0001724", "1542500", "1" ], [ "0.0001728", "1317200", "1" ], [ "0.0001729", "3002100", "1" ], [ "0.0001730", "10490200", "1" ], [ "0.0001732", "1352100", "1" ], [ "0.0001736", "5735100", "2" ], [ "0.0001740", "9688700", "1" ], [ "0.0001743", "3002100", "1" ], [ "0.0001750", "13935700", "2" ], [ "0.0001757", "3002100", "1" ], [ "0.0001760", "10053000", "1" ], [ "0.0001762", "3649200", "1" ], [ "0.0001763", "2331000", "1" ], [ "0.0001764", "3336300", "1" ], [ "0.0001770", "13391300", "2" ], [ "0.0001771", "6516900", "2" ], [ "0.0001778", "3336300", "1" ], [ "0.0001780", "13704200", "3" ], [ "0.0001782", "8544400", "2" ] ],
      "t" : 1756460558436
    } ],
    "instrument_name" : "CORGIAI_USD"
  }
}