{
  "id" : -1,
  "method" : "public/get-book",
  "code" : 0,
  "result" : {
    "depth" : 50,
    "data" : [ {
      "bids" : [ [ "0.003335", "202320", "1" ], [ "0.003332", "263850", "1" ], [ "0.003331", "258970", "1" ], [ "0.003330", "148280", "1" ], [ "0.003328", "263850", "1" ], [ "0.003324", "757530", "3" ], [ "0.003318", "493680", "1" ], [ "0.003313", "116670", "1" ], [ "0.003312", "797540", "1" ], [ "0.003306", "1069450", "1" ], [ "0.003300", "1693420", "1" ], [ "0.003000", "3000", "1" ], [ "0.002673", "36280", "1" ], [ "0.002660", "196570", "1" ], [ "0.002590", "576880", "2" ], [ "0.002520", "975420", "2" ], [ "0.002450", "3351600", "2" ], [ "0.002380", "10964350", "2" ], [ "0.002000", "200", "1" ], [ "0.001000", "300", "1" ], [ "0.000320", "3340", "1" ] ],
      "asks" : [ [ "0.003348", "212460", "1" ], [ "0.003351", "21690", "1" ], [ "0.003352", "212460", "1" ], [ "0.003353", "258970", "1" ], [ "0.003354", "141360", "1" ], [ "0.003356", "212460", "1" ], [ "0.003359", "5170", "1" ], [ "0.003360", "760070", "3" ], [ "0.003366", "480840", "1" ], [ "0.003372", "769070", "1" ], [ "0.003378", "1037910", "1" ], [ "0.003384", "1681970", "1" ], [ "0.004012", "36280", "1" ], [ "0.004060", "128170", "1" ], [ "0.004130", "332130", "2" ], [ "0.004200", "571900", "3" ], [ "0.004270", "1765260", "4" ], [ "0.004340", "6331540", "4" ], [ "0.005000", "12170", "2" ], [ "0.006000", "3970", "1" ], [ "0.007600", "2930", "1" ], [ "0.008750", "110", "1" ], [ "0.009000", "200", "1" ], [ "0.009200", "5990", "1" ], [ "0.009230", "110", "1" ], [ "0.010000", "100", "1" ], [ "0.010500", "23960", "2" ], [ "0.011250", "90", "1" ], [ "0.011800", "91130", "2" ], [ "0.012100", "18830", "1" ], [ "0.014700", "70", "1" ], [ "0.014923", "70", "1" ], [ "0.015000", "200", "3" ], [ "0.015200", "7240", "1" ], [ "0.016000", "6010", "1" ], [ "0.016250", "70", "1" ], [ "0.016310", "57800", "1" ], [ "0.016725", "50", "1" ], [ "0.017000", "60", "1" ], [ "0.017500", "175470", "3" ], [ "0.018750", "60", "1" ], [ "0.020000", "4910", "5" ], [ "0.021000", "23160", "1" ], [ "0.021250", "50", "1" ], [ "0.022500", "1260", "2" ], [ "0.023750", "50", "1" ], [ "0.023886", "50", "1" ], [ "0.025000", "90", "2" ], [ "0.029100", "40", "1" ], [ "0.029200", "40", "1" ] ],
      "t" : 1756460606877
    } ],
    "instrument_name" : "COS_USD"
  }
}