{
  "id" : -1,
  "method" : "public/get-book",
  "code" : 0,
  "result" : {
    "depth" : 50,
    "data" : [ {
      "bids" : [ [ "0.050870", "21921", "1" ], [ "0.050869", "13219", "1" ], [ "0.050868", "15276", "1" ], [ "0.050841", "15276", "1" ], [ "0.050814", "15276", "1" ], [ "0.050742", "16943", "1" ], [ "0.050720", "5858", "1" ], [ "0.050640", "20138", "2" ], [ "0.050561", "1682", "1" ], [ "0.050560", "20138", "1" ], [ "0.050481", "13532", "1" ], [ "0.050480", "32270", "1" ], [ "0.050400", "46540", "1" ], [ "0.050320", "71469", "1" ], [ "0.047881", "1149", "1" ], [ "0.040756", "2355", "1" ], [ "0.040394", "10776", "1" ], [ "0.039331", "37251", "2" ], [ "0.038268", "37251", "1" ], [ "0.037205", "70873", "1" ], [ "0.036142", "222809", "2" ] ],
      "asks" : [ [ "0.051041", "3374", "1" ], [ "0.051042", "13219", "1" ], [ "0.051057", "12619", "1" ], [ "0.051084", "17766", "1" ], [ "0.051110", "3381", "1" ], [ "0.051111", "17766", "1" ], [ "0.051119", "16943", "1" ], [ "0.051120", "6722", "1" ], [ "0.051200", "32139", "3" ], [ "0.051279", "24532", "2" ], [ "0.051280", "32513", "3" ], [ "0.051360", "32513", "3" ], [ "0.051440", "58310", "3" ], [ "0.051520", "71177", "1" ], [ "0.052753", "253", "1" ], [ "0.052754", "281", "1" ], [ "0.057615", "160", "1" ], [ "0.059621", "369", "1" ], [ "0.061165", "2355", "1" ], [ "0.061654", "8782", "1" ], [ "0.062717", "23647", "2" ], [ "0.063780", "23647", "2" ], [ "0.064843", "43760", "3" ], [ "0.065906", "124211", "3" ], [ "0.105000", "199", "1" ], [ "0.120000", "300", "2" ], [ "0.121352", "37", "1" ], [ "0.121525", "24", "1" ], [ "0.160000", "140", "1" ], [ "0.180000", "999", "2" ], [ "0.190000", "2332", "2" ], [ "0.199174", "2000", "1" ], [ "0.199999", "36", "1" ], [ "0.200000", "280", "1" ], [ "0.204999", "36", "1" ], [ "0.209999", "36", "1" ], [ "0.210000", "824", "2" ], [ "0.214999", "36", "1" ], [ "0.219999", "36", "1" ], [ "0.220000", "280", "1" ], [ "0.224999", "36", "1" ], [ "0.229999", "36", "1" ], [ "0.230000", "136", "1" ], [ "0.234999", "36", "1" ], [ "0.239999", "1705", "2" ], [ "0.240000", "136", "1" ], [ "0.244999", "36", "1" ], [ "0.249999", "36", "1" ], [ "0.250000", "5538", "5" ], [ "0.254999", "36", "1" ] ],
      "t" : 1756460607861
    } ],
    "instrument_name" : "COTI_USD"
  }
}