{
  "id" : -1,
  "method" : "public/get-book",
  "code" : 0,
  "result" : {
    "depth" : 50,
    "data" : [ {
      "bids" : [ [ "0.050929", "10", "1" ], [ "0.050890", "10", "1" ], [ "0.050850", "3930", "1" ], [ "0.050788", "8560", "1" ], [ "0.050760", "2110", "1" ], [ "0.050720", "980", "1" ], [ "0.050710", "980", "1" ], [ "0.050706", "2780", "2" ], [ "0.050700", "980", "1" ], [ "0.050690", "980", "1" ], [ "0.050652", "3450", "2" ], [ "0.050598", "3540", "2" ], [ "0.050544", "3810", "3" ], [ "0.050171", "13300", "1" ], [ "0.050170", "8560", "1" ], [ "0.050138", "7870", "1" ], [ "0.050032", "14280", "2" ], [ "0.049926", "22410", "3" ], [ "0.049820", "31780", "3" ], [ "0.049714", "38550", "2" ], [ "0.040752", "8560", "1" ], [ "0.040204", "6540", "1" ], [ "0.039146", "21490", "1" ], [ "0.038088", "35350", "1" ], [ "0.037030", "49120", "1" ], [ "0.035972", "65160", "1" ], [ "0.034914", "79210", "1" ] ],
      "asks" : [ [ "0.050930", "10", "1" ], [ "0.050954", "10", "1" ], [ "0.051039", "13300", "1" ], [ "0.051040", "8560", "1" ], [ "0.051050", "3910", "1" ], [ "0.051084", "2430", "1" ], [ "0.051130", "970", "1" ], [ "0.051138", "2940", "1" ], [ "0.051140", "970", "1" ], [ "0.051150", "970", "1" ], [ "0.051174", "8560", "1" ], [ "0.051192", "3250", "2" ], [ "0.051198", "6550", "1" ], [ "0.051210", "970", "1" ], [ "0.051246", "3330", "2" ], [ "0.051300", "3470", "1" ], [ "0.051304", "15030", "2" ], [ "0.051410", "21600", "3" ], [ "0.051516", "31900", "3" ], [ "0.051622", "37920", "1" ], [ "0.061152", "8560", "1" ], [ "0.061364", "6870", "1" ], [ "0.062422", "20250", "2" ], [ "0.063480", "35560", "3" ], [ "0.064538", "49020", "4" ], [ "0.065596", "64430", "4" ], [ "0.066654", "78120", "4" ] ],
      "t" : 1756460629076
    } ],
    "instrument_name" : "COTIUSD-PERP"
  }
}