{
  "id" : -1,
  "method" : "public/get-book",
  "code" : 0,
  "result" : {
    "depth" : 50,
    "data" : [ {
      "bids" : [ [ "0.050823", "15373", "1" ], [ "0.050822", "4059", "1" ], [ "0.050820", "10013", "1" ], [ "0.050809", "13219", "1" ], [ "0.050787", "11070", "1" ], [ "0.050760", "13857", "1" ], [ "0.050733", "17930", "1" ], [ "0.050702", "16943", "1" ], [ "0.050700", "7535", "1" ], [ "0.050626", "766", "1" ], [ "0.050625", "29320", "1" ], [ "0.050550", "48132", "1" ], [ "0.050475", "64848", "1" ], [ "0.050400", "85398", "1" ], [ "0.048071", "313", "1" ], [ "0.040800", "5789", "1" ], [ "0.040752", "2355", "1" ], [ "0.040394", "13436", "1" ], [ "0.039331", "35707", "2" ], [ "0.038268", "62879", "2" ], [ "0.038000", "7592", "1" ], [ "0.037205", "77421", "1" ], [ "0.036142", "215450", "2" ] ],
      "asks" : [ [ "0.051093", "4878", "1" ], [ "0.051102", "6771", "1" ], [ "0.051103", "1679", "1" ], [ "0.051104", "9782", "1" ], [ "0.051105", "9707", "1" ], [ "0.051145", "13219", "1" ], [ "0.051165", "14913", "1" ], [ "0.051191", "1207", "1" ], [ "0.051192", "11914", "1" ], [ "0.051219", "13267", "1" ], [ "0.051249", "16943", "1" ], [ "0.051300", "9737", "1" ], [ "0.051375", "27891", "1" ], [ "0.051450", "46698", "2" ], [ "0.051525", "63339", "2" ], [ "0.051600", "84314", "2" ], [ "0.061152", "2355", "1" ], [ "0.061654", "7519", "1" ], [ "0.062717", "22540", "2" ], [ "0.063780", "39092", "3" ], [ "0.064843", "39092", "3" ], [ "0.065906", "123755", "3" ], [ "0.085000", "3466", "2" ], [ "0.086460", "2891", "1" ], [ "0.090000", "6141", "1" ], [ "0.098828", "773", "1" ], [ "0.114500", "3050", "1" ], [ "0.123456", "1108", "1" ], [ "0.126402", "401", "1" ], [ "0.140000", "296", "1" ], [ "0.183500", "3275", "1" ], [ "0.190000", "18001", "1" ], [ "0.200000", "1000", "1" ], [ "0.208280", "744", "1" ], [ "0.222000", "165", "1" ], [ "0.250000", "2602", "2" ], [ "0.274500", "3642", "1" ], [ "0.299900", "336", "1" ], [ "0.300000", "605", "1" ], [ "0.350000", "1422", "3" ], [ "0.400000", "1174", "1" ], [ "0.460000", "835", "1" ], [ "0.477700", "392", "1" ], [ "0.520000", "696", "1" ], [ "0.580000", "419", "1" ], [ "0.619900", "357", "1" ], [ "0.800000", "29", "1" ], [ "1.298765", "25", "1" ], [ "1.400000", "465", "1" ], [ "1.498765", "25", "1" ] ],
      "t" : 1756460625442
    } ],
    "instrument_name" : "COTI_USDT"
  }
}