{
  "id" : -1,
  "method" : "public/get-book",
  "code" : 0,
  "result" : {
    "depth" : 50,
    "data" : [ {
      "bids" : [ [ "0.34016", "3.5", "1" ], [ "0.33686", "981.5", "1" ], [ "0.33685", "532.0", "1" ], [ "0.33684", "101.6", "1" ], [ "0.33683", "1996.6", "1" ], [ "0.33616", "1677.1", "1" ], [ "0.33581", "2558.6", "1" ], [ "0.33440", "1677.1", "1" ], [ "0.33434", "1471.6", "1" ], [ "0.33264", "1956.4", "1" ], [ "0.33205", "4436.6", "1" ], [ "0.32976", "7156.4", "2" ], [ "0.32748", "41.1", "1" ], [ "0.32747", "10498.7", "2" ], [ "0.32519", "42.6", "1" ], [ "0.32518", "13189.8", "2" ], [ "0.32290", "42.9", "1" ], [ "0.32289", "13189.8", "2" ], [ "0.27234", "361.9", "1" ], [ "0.26752", "1612.6", "1" ], [ "0.26048", "5511.6", "1" ], [ "0.25344", "9623.5", "1" ], [ "0.24640", "19376.0", "1" ], [ "0.23936", "59733.2", "1" ], [ "0.16789", "6.0", "1" ], [ "0.03370", "29.7", "1" ] ],
      "asks" : [ [ "0.34025", "3.5", "1" ], [ "0.34339", "1106.9", "2" ], [ "0.34340", "1185.8", "1" ], [ "0.34378", "1996.6", "1" ], [ "0.34479", "93.4", "1" ], [ "0.34480", "2558.6", "1" ], [ "0.34496", "1867.9", "1" ], [ "0.34579", "1312.8", "1" ], [ "0.34672", "2043.8", "1" ], [ "0.34808", "4272.9", "1" ], [ "0.34848", "2043.8", "1" ], [ "0.35037", "6614.1", "2" ], [ "0.35201", "26.9", "1" ], [ "0.35265", "38.8", "1" ], [ "0.35266", "9336.0", "2" ], [ "0.35494", "38.5", "1" ], [ "0.35495", "12177.2", "2" ], [ "0.35723", "38.3", "1" ], [ "0.35724", "9336.0", "1" ], [ "0.35978", "26.9", "1" ], [ "0.37421", "26.8", "1" ], [ "0.38383", "1288.9", "1" ], [ "0.38447", "485.3", "1" ], [ "0.38868", "29.1", "1" ], [ "0.38895", "138.7", "1" ], [ "0.39900", "5.0", "1" ], [ "0.40869", "361.9", "1" ], [ "0.41536", "1219.1", "1" ], [ "0.42240", "3633.4", "2" ], [ "0.42944", "3633.4", "2" ], [ "0.43648", "13053.5", "3" ], [ "0.44352", "33746.8", "1" ], [ "0.58450", "20.1", "1" ], [ "0.60000", "200.0", "1" ], [ "0.79000", "124.0", "1" ], [ "0.80000", "105.7", "1" ], [ "0.82000", "100.0", "1" ], [ "1.11063", "0.9", "1" ], [ "1.20000", "50.0", "1" ], [ "1.40000", "100.0", "1" ], [ "2.00000", "80.0", "1" ], [ "2.91340", "4.6", "1" ], [ "4.20000", "3.6", "1" ] ],
      "t" : 1756460633524
    } ],
    "instrument_name" : "COW_USD"
  }
}