{
  "id" : -1,
  "method" : "public/get-book",
  "code" : 0,
  "result" : {
    "depth" : 50,
    "data" : [ {
      "bids" : [ [ "0.0000026717", "866", "2" ], [ "0.0000026699", "5088", "1" ], [ "0.0000026698", "671", "1" ], [ "0.0000026694", "992", "1" ], [ "0.0000026690", "5029", "2" ], [ "0.0000026687", "3345", "1" ], [ "0.0000026684", "4671", "1" ], [ "0.0000026676", "992", "1" ], [ "0.0000026675", "897", "1" ], [ "0.0000026673", "3267", "1" ], [ "0.0000026670", "13443", "1" ], [ "0.0000026658", "992", "1" ], [ "0.0000026640", "1024", "1" ], [ "0.0000026635", "13443", "1" ], [ "0.0000026625", "16471", "1" ], [ "0.0000026622", "992", "1" ], [ "0.0000026620", "31833", "1" ], [ "0.0000026605", "4082", "1" ], [ "0.0000026604", "989", "1" ], [ "0.0000026601", "4085", "1" ], [ "0.0000026600", "13443", "1" ], [ "0.0000026586", "989", "1" ], [ "0.0000026568", "989", "1" ], [ "0.0000026565", "45276", "2" ], [ "0.0000026550", "989", "1" ], [ "0.0000026532", "989", "1" ], [ "0.0000026530", "13443", "1" ], [ "0.0000026514", "989", "1" ], [ "0.0000026510", "31833", "1" ], [ "0.0000026505", "13", "1" ], [ "0.0000026500", "275", "1" ], [ "0.0000026496", "989", "1" ], [ "0.0000026495", "13443", "1" ], [ "0.0000026494", "13", "1" ], [ "0.0000026478", "1161", "1" ], [ "0.0000026477", "15471", "1" ], [ "0.0000026460", "14432", "2" ], [ "0.0000026455", "31833", "1" ], [ "0.0000026442", "989", "1" ], [ "0.0000026437", "226", "1" ], [ "0.0000026425", "12858", "1" ], [ "0.0000026400", "66664", "2" ], [ "0.0000026390", "11884", "1" ], [ "0.0000026355", "12858", "1" ], [ "0.0000026345", "29381", "1" ], [ "0.0000026320", "12858", "1" ], [ "0.0000026300", "34831", "1" ], [ "0.0000026290", "31833", "1" ], [ "0.0000026285", "12858", "1" ], [ "0.0000026250", "12858", "1" ] ],
      "asks" : [ [ "0.0000026764", "653", "1" ], [ "0.0000026766", "1258", "2" ], [ "0.0000026778", "897", "1" ], [ "0.0000026779", "7", "1" ], [ "0.0000026782", "3268", "1" ], [ "0.0000026783", "32", "1" ], [ "0.0000026784", "1258", "1" ], [ "0.0000026790", "4653", "1" ], [ "0.0000026810", "14050", "1" ], [ "0.0000026820", "868", "1" ], [ "0.0000026837", "4087", "1" ], [ "0.0000026838", "1131", "2" ], [ "0.0000026845", "14050", "1" ], [ "0.0000026856", "653", "1" ], [ "0.0000026874", "1002", "1" ], [ "0.0000026877", "16353", "1" ], [ "0.0000026880", "14050", "1" ], [ "0.0000026892", "1006", "1" ], [ "0.0000026895", "33038", "1" ], [ "0.0000026908", "224", "1" ], [ "0.0000026910", "1146", "1" ], [ "0.0000026915", "14050", "1" ], [ "0.0000026928", "1145", "1" ], [ "0.0000026936", "15471", "1" ], [ "0.0000026946", "947", "1" ], [ "0.0000026950", "47088", "2" ], [ "0.0000026964", "1075", "1" ], [ "0.0000026976", "169", "1" ], [ "0.0000026982", "947", "1" ], [ "0.0000026985", "14050", "1" ], [ "0.0000026987", "13", "1" ], [ "0.0000027000", "35254", "2" ], [ "0.0000027005", "25020", "1" ], [ "0.0000027015", "13", "1" ], [ "0.0000027018", "1075", "1" ], [ "0.0000027020", "14545", "1" ], [ "0.0000027051", "946", "1" ], [ "0.0000027055", "14050", "1" ], [ "0.0000027060", "34995", "1" ], [ "0.0000027090", "13877", "1" ], [ "0.0000027100", "34179", "1" ], [ "0.0000027115", "31440", "1" ], [ "0.0000027125", "13877", "1" ], [ "0.0000027147", "222", "1" ], [ "0.0000027160", "13877", "1" ], [ "0.0000027170", "32937", "1" ], [ "0.0000027195", "13877", "1" ], [ "0.0000027200", "27622", "1" ], [ "0.0000027225", "30474", "1" ], [ "0.0000027230", "13877", "1" ] ],
      "t" : 1756460636945
    } ],
    "instrument_name" : "CRO_BTC"
  }
}