{
  "id" : -1,
  "method" : "public/get-book",
  "code" : 0,
  "result" : {
    "depth" : 50,
    "data" : [ {
      "bids" : [ [ "0.29356", "4", "1" ], [ "0.29343", "1016", "1" ], [ "0.29342", "3388", "1" ], [ "0.29337", "641", "1" ], [ "0.29333", "2227", "1" ], [ "0.29332", "5545", "2" ], [ "0.29331", "16348", "1" ], [ "0.29329", "1901", "3" ], [ "0.29328", "2560", "1" ], [ "0.29326", "2044", "2" ], [ "0.29323", "7634", "3" ], [ "0.29322", "20954", "2" ], [ "0.29321", "4200", "2" ], [ "0.29318", "641", "1" ], [ "0.29316", "2252", "1" ], [ "0.29315", "641", "1" ], [ "0.29309", "641", "1" ], [ "0.29308", "1705", "1" ], [ "0.29304", "1409", "2" ], [ "0.29303", "2559", "1" ], [ "0.29298", "641", "1" ], [ "0.29297", "5559", "2" ], [ "0.29296", "19950", "1" ], [ "0.29295", "11794", "2" ], [ "0.29294", "37177", "2" ], [ "0.29292", "641", "1" ], [ "0.29277", "641", "1" ], [ "0.29274", "20591", "2" ], [ "0.29262", "641", "1" ], [ "0.29259", "78468", "2" ], [ "0.29256", "20591", "2" ], [ "0.29255", "1600", "1" ], [ "0.29253", "2435", "2" ], [ "0.29252", "3418", "1" ], [ "0.29250", "641", "1" ], [ "0.29247", "641", "1" ], [ "0.29245", "8547", "1" ], [ "0.29244", "82805", "2" ], [ "0.29242", "37821", "1" ], [ "0.29241", "26748", "2" ], [ "0.29239", "2629", "2" ], [ "0.29238", "641", "1" ], [ "0.29233", "641", "1" ], [ "0.29232", "141720", "1" ], [ "0.29230", "641", "1" ], [ "0.29227", "38462", "2" ], [ "0.29226", "19950", "1" ], [ "0.29225", "141720", "1" ], [ "0.29224", "641", "1" ], [ "0.29218", "641", "1" ] ],
      "asks" : [ [ "0.29357", "256", "1" ], [ "0.29359", "4", "1" ], [ "0.29364", "340", "1" ], [ "0.29371", "641", "1" ], [ "0.29372", "2227", "1" ], [ "0.29375", "641", "1" ], [ "0.29376", "857", "2" ], [ "0.29378", "641", "1" ], [ "0.29379", "1023", "1" ], [ "0.29380", "3410", "1" ], [ "0.29381", "1409", "2" ], [ "0.29382", "2560", "1" ], [ "0.29385", "641", "1" ], [ "0.29386", "1007", "1" ], [ "0.29387", "3356", "1" ], [ "0.29388", "2043", "2" ], [ "0.29391", "4155", "2" ], [ "0.29392", "19950", "1" ], [ "0.29393", "2341", "2" ], [ "0.29396", "641", "1" ], [ "0.29398", "16350", "1" ], [ "0.29402", "641", "1" ], [ "0.29404", "2550", "1" ], [ "0.29405", "641", "1" ], [ "0.29408", "641", "1" ], [ "0.29411", "19950", "1" ], [ "0.29421", "641", "1" ], [ "0.29425", "17866", "1" ], [ "0.29426", "2548", "1" ], [ "0.29427", "141720", "1" ], [ "0.29428", "641", "1" ], [ "0.29429", "19950", "1" ], [ "0.29431", "641", "1" ], [ "0.29435", "307263", "1" ], [ "0.29437", "641", "1" ], [ "0.29443", "641", "1" ], [ "0.29447", "641", "1" ], [ "0.29448", "19950", "1" ], [ "0.29450", "641", "1" ], [ "0.29452", "19607", "1" ], [ "0.29455", "641", "1" ], [ "0.29458", "641", "1" ], [ "0.29461", "641", "1" ], [ "0.29465", "37644", "1" ], [ "0.29467", "641", "1" ], [ "0.29468", "19950", "1" ], [ "0.29470", "307263", "1" ], [ "0.29471", "79765", "1" ], [ "0.29473", "641", "1" ], [ "0.29475", "16997", "1" ] ],
      "t" : 1756460650859
    } ],
    "instrument_name" : "CRO_USDT"
  }
}