{
  "id" : -1,
  "method" : "public/get-book",
  "code" : 0,
  "result" : {
    "depth" : 50,
    "data" : [ {
      "bids" : [ [ "0.29052", "13", "1" ], [ "0.29038", "13", "1" ], [ "0.28803", "255", "1" ], [ "0.28802", "200", "1" ], [ "0.28801", "2095", "1" ], [ "0.28800", "903", "1" ], [ "0.28764", "1645", "1" ], [ "0.28750", "1333", "1" ], [ "0.28713", "4799", "1" ], [ "0.28700", "1339", "1" ], [ "0.28662", "8594", "1" ], [ "0.28650", "1396", "1" ], [ "0.28611", "11381", "1" ], [ "0.28600", "1582", "1" ], [ "0.28560", "14741", "1" ], [ "0.28550", "1418", "1" ], [ "0.28509", "18203", "1" ], [ "0.28500", "1838", "1" ], [ "0.28450", "1693", "1" ], [ "0.28400", "1729", "1" ], [ "0.23473", "14610", "1" ], [ "0.23472", "376", "1" ], [ "0.23189", "1841", "1" ], [ "0.23188", "1623", "1" ], [ "0.22507", "12667", "1" ], [ "0.22506", "5482", "2" ], [ "0.21824", "9465", "2" ], [ "0.21142", "35098", "2" ], [ "0.20460", "102355", "2" ], [ "0.20000", "4166", "1" ], [ "0.16633", "38", "1" ], [ "0.15939", "313", "1" ], [ "0.13727", "47", "1" ], [ "0.13283", "376", "1" ], [ "0.08000", "68", "1" ], [ "0.06880", "798", "1" ], [ "0.05061", "98", "1" ], [ "0.04986", "99", "1" ], [ "0.04297", "1277", "1" ] ],
      "asks" : [ [ "0.29381", "7", "1" ], [ "0.29671", "13", "1" ], [ "0.29672", "13", "1" ], [ "0.29898", "2095", "1" ], [ "0.29899", "200", "1" ], [ "0.29900", "1164", "1" ], [ "0.29937", "1365", "1" ], [ "0.29950", "1210", "1" ], [ "0.29988", "4689", "1" ], [ "0.30000", "1393", "1" ], [ "0.30039", "8315", "1" ], [ "0.30050", "1232", "1" ], [ "0.30090", "11448", "1" ], [ "0.30100", "1572", "1" ], [ "0.30141", "14547", "1" ], [ "0.30150", "1575", "1" ], [ "0.30192", "17752", "1" ], [ "0.30200", "1745", "1" ], [ "0.30250", "1575", "1" ], [ "0.30300", "1883", "1" ], [ "0.30999", "2401", "1" ], [ "0.31000", "1000", "1" ], [ "0.35219", "6848", "1" ], [ "0.35220", "376", "1" ], [ "0.35464", "1312", "1" ], [ "0.36146", "3698", "2" ], [ "0.36700", "817", "1" ], [ "0.36828", "3698", "2" ], [ "0.37510", "20204", "3" ], [ "0.38192", "56415", "2" ], [ "0.70000", "1676", "1" ], [ "0.80000", "5545", "1" ], [ "1.30000", "1257", "1" ], [ "1.42176", "185", "1" ] ],
      "t" : 1756460637414
    } ],
    "instrument_name" : "CRO_PYUSD"
  }
}