{
  "id" : -1,
  "method" : "public/get-book",
  "code" : 0,
  "result" : {
    "depth" : 50,
    "data" : [ {
      "bids" : [ [ "0.29365", "255", "1" ], [ "0.29364", "255", "1" ], [ "0.29363", "255", "1" ], [ "0.29362", "1641", "1" ], [ "0.29361", "5470", "1" ], [ "0.29354", "480", "1" ], [ "0.29353", "800", "1" ], [ "0.29352", "2668", "1" ], [ "0.29351", "480", "1" ], [ "0.29350", "9659", "2" ], [ "0.29349", "44146", "1" ], [ "0.29348", "480", "1" ], [ "0.29335", "480", "1" ], [ "0.29334", "3369", "1" ], [ "0.29333", "1526", "1" ], [ "0.29332", "20420", "2" ], [ "0.29329", "480", "1" ], [ "0.29327", "852", "1" ], [ "0.29325", "480", "1" ], [ "0.29324", "3451", "1" ], [ "0.29322", "480", "1" ], [ "0.29316", "480", "1" ], [ "0.29314", "17765", "1" ], [ "0.29313", "2187", "2" ], [ "0.29309", "1705", "1" ], [ "0.29307", "480", "1" ], [ "0.29306", "3451", "1" ], [ "0.29305", "55149", "1" ], [ "0.29303", "2524", "1" ], [ "0.29302", "20420", "2" ], [ "0.29300", "10445", "1" ], [ "0.29296", "480", "1" ], [ "0.29293", "480", "1" ], [ "0.29289", "2560", "1" ], [ "0.29288", "480", "1" ], [ "0.29285", "3451", "1" ], [ "0.29284", "20420", "2" ], [ "0.29281", "480", "1" ], [ "0.29278", "480", "1" ], [ "0.29277", "32322", "1" ], [ "0.29275", "480", "1" ], [ "0.29274", "55183", "1" ], [ "0.29271", "1680", "2" ], [ "0.29269", "2562", "1" ], [ "0.29268", "480", "1" ], [ "0.29264", "480", "1" ], [ "0.29263", "95209", "2" ], [ "0.29262", "52262", "2" ], [ "0.29261", "480", "1" ], [ "0.29258", "1619", "2" ] ],
      "asks" : [ [ "0.29372", "820", "2" ], [ "0.29374", "4", "1" ], [ "0.29377", "1543", "2" ], [ "0.29378", "3543", "2" ], [ "0.29380", "480", "1" ], [ "0.29381", "1641", "1" ], [ "0.29382", "5470", "1" ], [ "0.29385", "480", "1" ], [ "0.29386", "7", "1" ], [ "0.29388", "1515", "2" ], [ "0.29389", "3451", "1" ], [ "0.29391", "5969", "3" ], [ "0.29392", "28840", "3" ], [ "0.29393", "44146", "1" ], [ "0.29395", "480", "1" ], [ "0.29400", "850", "1" ], [ "0.29404", "480", "1" ], [ "0.29407", "3931", "2" ], [ "0.29410", "480", "1" ], [ "0.29414", "3896", "2" ], [ "0.29416", "1932", "1" ], [ "0.29417", "20420", "2" ], [ "0.29418", "1699", "1" ], [ "0.29420", "3472", "1" ], [ "0.29424", "480", "1" ], [ "0.29426", "1523", "1" ], [ "0.29427", "3931", "2" ], [ "0.29430", "55146", "1" ], [ "0.29433", "480", "1" ], [ "0.29436", "2598", "1" ], [ "0.29437", "480", "1" ], [ "0.29439", "19940", "1" ], [ "0.29440", "480", "1" ], [ "0.29442", "17782", "1" ], [ "0.29444", "480", "1" ], [ "0.29447", "1677", "2" ], [ "0.29448", "3451", "1" ], [ "0.29449", "2668", "1" ], [ "0.29450", "480", "1" ], [ "0.29454", "2546", "1" ], [ "0.29455", "480", "1" ], [ "0.29457", "19940", "1" ], [ "0.29466", "480", "1" ], [ "0.29469", "3931", "2" ], [ "0.29472", "3873", "2" ], [ "0.29477", "480", "1" ], [ "0.29478", "92927", "1" ], [ "0.29479", "32165", "1" ], [ "0.29480", "480", "1" ], [ "0.29481", "16997", "1" ] ],
      "t" : 1756460647675
    } ],
    "instrument_name" : "CRO_USD"
  }
}