{
  "id" : -1,
  "method" : "public/get-book",
  "code" : 0,
  "result" : {
    "depth" : 50,
    "data" : [ {
      "bids" : [ [ "0.29095", "361", "1" ], [ "0.29041", "409", "1" ], [ "0.29007", "361", "1" ], [ "0.28928", "765", "2" ], [ "0.28910", "306", "1" ], [ "0.28815", "765", "2" ], [ "0.28812", "828", "2" ], [ "0.28714", "828", "2" ], [ "0.28702", "2398", "3" ], [ "0.28616", "1729", "2" ], [ "0.28589", "2076", "2" ], [ "0.28518", "2493", "1" ], [ "0.28476", "2497", "1" ], [ "0.28420", "2493", "1" ], [ "0.28000", "1221", "1" ], [ "0.24000", "10000", "1" ], [ "0.23500", "13300", "1" ], [ "0.23353", "294", "1" ], [ "0.23052", "451", "1" ], [ "0.23000", "1115", "1" ], [ "0.22374", "1087", "2" ], [ "0.22000", "2603", "1" ], [ "0.21700", "2981", "1" ], [ "0.21696", "1879", "2" ], [ "0.21018", "2289", "1" ], [ "0.20340", "5766", "2" ], [ "0.20000", "1924", "1" ], [ "0.18500", "3517", "1" ], [ "0.17000", "2265", "1" ], [ "0.16000", "1337", "1" ], [ "0.12250", "32", "1" ] ],
      "asks" : [ [ "0.29787", "361", "1" ], [ "0.29832", "360", "1" ], [ "0.29875", "361", "1" ], [ "0.29890", "431", "1" ], [ "0.29945", "785", "2" ], [ "0.29988", "828", "2" ], [ "0.30057", "294", "1" ], [ "0.30058", "1680", "2" ], [ "0.30086", "828", "2" ], [ "0.30087", "3744", "1" ], [ "0.30171", "2079", "2" ], [ "0.30184", "1611", "2" ], [ "0.30282", "1611", "1" ], [ "0.30284", "1680", "1" ], [ "0.30380", "1611", "1" ], [ "0.30397", "2542", "1" ], [ "0.35000", "535", "1" ], [ "0.35456", "294", "1" ], [ "0.35934", "253", "1" ], [ "0.36004", "156", "1" ], [ "0.36612", "724", "2" ], [ "0.37000", "5000", "1" ], [ "0.37290", "724", "2" ], [ "0.37500", "2834", "1" ], [ "0.37968", "724", "2" ], [ "0.38646", "3484", "1" ], [ "0.39000", "11738", "2" ], [ "0.40000", "8063", "4" ], [ "0.40500", "1023", "1" ], [ "0.43300", "17653", "1" ], [ "0.44000", "8000", "1" ], [ "0.45000", "10000", "1" ], [ "0.47500", "996", "1" ], [ "0.50000", "17665", "6" ], [ "0.50500", "19481", "1" ], [ "0.61000", "9124", "2" ], [ "0.75000", "2269", "1" ], [ "0.81862", "247", "1" ], [ "0.85000", "2092", "1" ], [ "1.00000", "8577", "2" ], [ "1.50000", "30464", "1" ] ],
      "t" : 1756460598093
    } ],
    "instrument_name" : "CRO_USC"
  }
}