{
  "id" : -1,
  "method" : "public/get-book",
  "code" : 0,
  "result" : {
    "depth" : 50,
    "data" : [ {
      "bids" : [ [ "0.042425", "470", "1" ], [ "0.042424", "9960", "1" ], [ "0.042296", "52400", "1" ], [ "0.042164", "8330", "1" ], [ "0.042048", "42290", "1" ], [ "0.041832", "28320", "1" ], [ "0.041760", "109040", "1" ], [ "0.041501", "15270", "1" ], [ "0.041500", "49730", "1" ], [ "0.041472", "185300", "1" ], [ "0.035001", "400", "1" ], [ "0.034099", "1990", "1" ], [ "0.034000", "2370", "1" ], [ "0.033000", "7290", "2" ], [ "0.032389", "180", "1" ], [ "0.032000", "13110", "2" ], [ "0.031000", "469460", "2" ], [ "0.030000", "1608940", "2" ], [ "0.028100", "620", "1" ], [ "0.025101", "1690", "1" ], [ "0.010000", "210", "1" ] ],
      "asks" : [ [ "0.043194", "4690", "1" ], [ "0.043195", "9960", "1" ], [ "0.043324", "52400", "1" ], [ "0.043488", "51150", "1" ], [ "0.043492", "9730", "1" ], [ "0.043775", "380", "1" ], [ "0.043776", "112140", "2" ], [ "0.043824", "29840", "2" ], [ "0.044064", "184930", "1" ], [ "0.044156", "51510", "1" ], [ "0.048805", "150", "1" ], [ "0.051470", "1990", "1" ], [ "0.052000", "1330", "1" ], [ "0.053000", "4980", "2" ], [ "0.054000", "4980", "2" ], [ "0.055000", "281000", "3" ], [ "0.055500", "180", "1" ], [ "0.056000", "880010", "2" ], [ "0.058000", "2050", "1" ], [ "0.058214", "20", "1" ], [ "0.060000", "5370", "4" ], [ "0.065000", "290", "1" ], [ "0.065800", "2120", "1" ], [ "0.072000", "1000", "1" ], [ "0.078200", "1280", "1" ], [ "0.080000", "1590", "2" ], [ "0.082300", "950", "1" ], [ "0.089000", "500", "1" ], [ "0.090000", "990", "1" ], [ "0.095000", "10500", "1" ], [ "0.100000", "140", "2" ], [ "0.120000", "290", "1" ], [ "0.135370", "360", "1" ], [ "0.150000", "2680", "1" ], [ "0.200000", "100", "1" ], [ "0.220000", "1600", "1" ], [ "0.277000", "40", "1" ], [ "0.321320", "110", "1" ], [ "0.377700", "40", "1" ] ],
      "t" : 1756460603264
    } ],
    "instrument_name" : "CROB_USD"
  }
}