{
  "id" : -1,
  "method" : "public/get-book",
  "code" : 0,
  "result" : {
    "depth" : 50,
    "data" : [ {
      "bids" : [ [ "0.031158", "321", "1" ], [ "0.031157", "6172", "1" ], [ "0.031140", "8183", "1" ], [ "0.031115", "20172", "1" ], [ "0.031095", "8183", "1" ], [ "0.031050", "43247", "3" ], [ "0.031045", "80172", "1" ], [ "0.031005", "8183", "1" ], [ "0.030975", "35064", "2" ], [ "0.030960", "140877", "2" ], [ "0.030915", "8183", "1" ], [ "0.030900", "35064", "2" ], [ "0.030870", "8183", "1" ], [ "0.030840", "156708", "2" ], [ "0.030825", "43247", "3" ], [ "0.030780", "8183", "1" ], [ "0.030750", "35064", "2" ], [ "0.030735", "8183", "1" ], [ "0.030720", "154392", "2" ], [ "0.030690", "8574", "1" ], [ "0.030675", "30476", "1" ], [ "0.030645", "9246", "1" ], [ "0.030600", "190321", "4" ], [ "0.030555", "9246", "1" ], [ "0.030525", "32462", "1" ], [ "0.030510", "9246", "1" ], [ "0.030480", "115873", "1" ], [ "0.030450", "32462", "1" ], [ "0.030375", "32462", "1" ], [ "0.030361", "13163", "1" ], [ "0.030360", "115873", "1" ], [ "0.030300", "32462", "1" ], [ "0.030240", "115873", "1" ], [ "0.030225", "32462", "1" ], [ "0.030150", "32462", "1" ], [ "0.030120", "115873", "1" ], [ "0.030075", "32462", "1" ], [ "0.030000", "148335", "2" ], [ "0.029880", "115873", "1" ], [ "0.029760", "115873", "1" ], [ "0.029640", "115873", "1" ], [ "0.029520", "115873", "1" ], [ "0.029400", "115873", "1" ], [ "0.029280", "115873", "1" ], [ "0.029000", "689", "1" ], [ "0.025015", "2674", "1" ], [ "0.024465", "3921", "1" ], [ "0.023800", "34401", "1" ], [ "0.023766", "10246", "1" ], [ "0.023067", "17289", "1" ] ],
      "asks" : [ [ "0.031307", "6172", "1" ], [ "0.031320", "9489", "1" ], [ "0.031365", "9489", "1" ], [ "0.031410", "9489", "1" ], [ "0.031439", "20172", "1" ], [ "0.031455", "9489", "1" ], [ "0.031500", "38529", "2" ], [ "0.031545", "8814", "1" ], [ "0.031575", "29715", "1" ], [ "0.031585", "66172", "1" ], [ "0.031590", "8814", "1" ], [ "0.031635", "8814", "1" ], [ "0.031650", "29715", "1" ], [ "0.031680", "147834", "2" ], [ "0.031725", "38529", "2" ], [ "0.031770", "8814", "1" ], [ "0.031800", "164621", "2" ], [ "0.031815", "8814", "1" ], [ "0.031860", "8814", "1" ], [ "0.031875", "29715", "1" ], [ "0.031904", "37699", "1" ], [ "0.031905", "8814", "1" ], [ "0.031920", "111287", "1" ], [ "0.031950", "38529", "2" ], [ "0.032025", "32061", "1" ], [ "0.032040", "153074", "1" ], [ "0.032100", "32061", "1" ], [ "0.032160", "130419", "1" ], [ "0.032175", "32061", "1" ], [ "0.032250", "32061", "1" ], [ "0.032280", "119849", "1" ], [ "0.032325", "32061", "1" ], [ "0.032400", "175232", "2" ], [ "0.032475", "32061", "1" ], [ "0.032520", "158933", "1" ], [ "0.032550", "32061", "1" ], [ "0.032640", "153494", "1" ], [ "0.032760", "128921", "1" ], [ "0.032880", "112973", "1" ], [ "0.033000", "112973", "1" ], [ "0.033120", "153859", "1" ], [ "0.033240", "149010", "1" ], [ "0.033360", "131343", "1" ], [ "0.034464", "43039", "1" ], [ "0.037804", "2674", "1" ], [ "0.038000", "33187", "1" ], [ "0.038445", "2142", "1" ], [ "0.039000", "68114", "3" ], [ "0.039144", "6714", "2" ], [ "0.039500", "995", "1" ] ],
      "t" : 1756460653781
    } ],
    "instrument_name" : "CROID_USD"
  }
}