{
  "id" : -1,
  "method" : "public/get-book",
  "code" : 0,
  "result" : {
    "depth" : 50,
    "data" : [ {
      "bids" : [ [ "0.29340", "10", "1" ], [ "0.29332", "750", "1" ], [ "0.29331", "3340", "2" ], [ "0.29325", "1700", "1" ], [ "0.29324", "10", "1" ], [ "0.29319", "670", "1" ], [ "0.29318", "12180", "1" ], [ "0.29317", "40270", "2" ], [ "0.29316", "3480", "1" ], [ "0.29313", "850", "1" ], [ "0.29307", "360", "1" ], [ "0.29306", "20", "1" ], [ "0.29304", "850", "1" ], [ "0.29302", "380", "1" ], [ "0.29301", "700", "1" ], [ "0.29299", "1050", "2" ], [ "0.29290", "370", "1" ], [ "0.29285", "2100", "3" ], [ "0.29284", "3480", "1" ], [ "0.29282", "360", "1" ], [ "0.29281", "670", "1" ], [ "0.29279", "360", "1" ], [ "0.29273", "360", "1" ], [ "0.29265", "370", "1" ], [ "0.29264", "700", "1" ], [ "0.29262", "370", "1" ], [ "0.29259", "3840", "2" ], [ "0.29256", "2060", "2" ], [ "0.29250", "2060", "2" ], [ "0.29249", "700", "1" ], [ "0.29248", "73520", "1" ], [ "0.29247", "370", "1" ], [ "0.29245", "670", "1" ], [ "0.29242", "360", "1" ], [ "0.29241", "3480", "1" ], [ "0.29236", "370", "1" ], [ "0.29221", "360", "1" ], [ "0.29217", "370", "1" ], [ "0.29206", "360", "1" ], [ "0.29205", "3480", "1" ], [ "0.29202", "380", "1" ], [ "0.29198", "370", "1" ], [ "0.29189", "360", "1" ], [ "0.29177", "370", "1" ], [ "0.29174", "3850", "2" ], [ "0.29171", "83380", "1" ], [ "0.29165", "360", "1" ], [ "0.29159", "360", "1" ], [ "0.29153", "360", "1" ], [ "0.29147", "370", "1" ] ],
      "asks" : [ [ "0.29344", "10", "1" ], [ "0.29364", "1040", "1" ], [ "0.29365", "3480", "1" ], [ "0.29368", "1700", "1" ], [ "0.29373", "1110", "2" ], [ "0.29374", "2490", "1" ], [ "0.29379", "10", "1" ], [ "0.29381", "370", "1" ], [ "0.29382", "2560", "3" ], [ "0.29383", "3480", "1" ], [ "0.29384", "360", "1" ], [ "0.29388", "2070", "2" ], [ "0.29392", "700", "1" ], [ "0.29394", "360", "1" ], [ "0.29399", "370", "1" ], [ "0.29401", "1250", "1" ], [ "0.29402", "4150", "2" ], [ "0.29404", "370", "1" ], [ "0.29405", "11970", "1" ], [ "0.29406", "39910", "2" ], [ "0.29407", "370", "1" ], [ "0.29412", "840", "1" ], [ "0.29419", "370", "1" ], [ "0.29420", "1740", "2" ], [ "0.29421", "4990", "3" ], [ "0.29433", "360", "1" ], [ "0.29434", "700", "1" ], [ "0.29439", "360", "1" ], [ "0.29441", "3480", "1" ], [ "0.29442", "1030", "2" ], [ "0.29446", "360", "1" ], [ "0.29448", "700", "1" ], [ "0.29457", "360", "1" ], [ "0.29460", "2720", "3" ], [ "0.29463", "3850", "2" ], [ "0.29466", "2050", "2" ], [ "0.29472", "360", "1" ], [ "0.29474", "73580", "1" ], [ "0.29479", "370", "1" ], [ "0.29481", "3480", "1" ], [ "0.29485", "360", "1" ], [ "0.29487", "2690", "1" ], [ "0.29499", "360", "1" ], [ "0.29502", "3840", "2" ], [ "0.29504", "3730", "1" ], [ "0.29515", "2210", "1" ], [ "0.29517", "360", "1" ], [ "0.29520", "40000", "1" ], [ "0.29526", "370", "1" ], [ "0.29532", "360", "1" ] ],
      "t" : 1756460660541
    } ],
    "instrument_name" : "CROUSD-PERP"
  }
}