{
  "id" : -1,
  "method" : "public/get-book",
  "code" : 0,
  "result" : {
    "depth" : 50,
    "data" : [ {
      "bids" : [ [ "0.010006", "240", "2" ], [ "0.010000", "120", "1" ], [ "0.009984", "69040", "1" ], [ "0.009982", "77620", "1" ], [ "0.009979", "3800", "1" ], [ "0.009971", "88300", "1" ], [ "0.009968", "67800", "1" ], [ "0.009960", "19150", "1" ], [ "0.009956", "124690", "1" ], [ "0.009954", "71990", "1" ], [ "0.009945", "69590", "1" ], [ "0.009930", "119480", "1" ], [ "0.009915", "157800", "1" ], [ "0.009912", "168200", "1" ], [ "0.009900", "206540", "1" ], [ "0.009891", "2020", "1" ], [ "0.009885", "257350", "1" ], [ "0.009819", "550260", "1" ], [ "0.009792", "2040", "1" ], [ "0.009693", "2060", "1" ], [ "0.009594", "2080", "1" ], [ "0.009494", "2100", "1" ], [ "0.009395", "2120", "1" ], [ "0.009296", "2150", "1" ], [ "0.009197", "2170", "1" ], [ "0.009098", "2190", "1" ], [ "0.008999", "2220", "1" ], [ "0.008000", "12340", "1" ], [ "0.007956", "73260", "1" ], [ "0.007752", "184210", "2" ], [ "0.007548", "317660", "2" ], [ "0.007344", "298200", "1" ], [ "0.007140", "1044880", "2" ], [ "0.007000", "143000", "1" ], [ "0.005001", "199960", "1" ], [ "0.002501", "399840", "1" ] ],
      "asks" : [ [ "0.010007", "3870", "2" ], [ "0.010019", "11220", "1" ], [ "0.010020", "69040", "1" ], [ "0.010024", "74200", "1" ], [ "0.010033", "88300", "1" ], [ "0.010035", "26000", "1" ], [ "0.010038", "62380", "1" ], [ "0.010046", "17670", "1" ], [ "0.010047", "124210", "1" ], [ "0.010050", "72220", "2" ], [ "0.010052", "77630", "1" ], [ "0.010065", "72220", "1" ], [ "0.010080", "160540", "1" ], [ "0.010090", "2000", "1" ], [ "0.010093", "167590", "1" ], [ "0.010095", "208520", "1" ], [ "0.010110", "253070", "1" ], [ "0.010189", "1980", "1" ], [ "0.010202", "237350", "1" ], [ "0.010209", "5140", "1" ], [ "0.010288", "20", "1" ], [ "0.010372", "5050", "1" ], [ "0.010387", "1940", "1" ], [ "0.010486", "1560", "1" ], [ "0.010538", "4970", "1" ], [ "0.010585", "1900", "1" ], [ "0.010685", "1880", "1" ], [ "0.010707", "4900", "1" ], [ "0.010784", "1870", "1" ], [ "0.010877", "4820", "1" ], [ "0.010883", "1850", "1" ], [ "0.010982", "1830", "1" ], [ "0.011051", "4740", "1" ], [ "0.011081", "1820", "1" ], [ "0.011180", "1800", "1" ], [ "0.011227", "4670", "1" ], [ "0.011249", "1810", "1" ], [ "0.011280", "1780", "1" ], [ "0.011379", "1770", "1" ], [ "0.011407", "4590", "1" ], [ "0.011478", "1750", "1" ], [ "0.011499", "1770", "1" ], [ "0.011577", "1740", "1" ], [ "0.011590", "4520", "1" ], [ "0.011676", "1720", "1" ], [ "0.011749", "1730", "1" ], [ "0.011774", "4450", "1" ], [ "0.011776", "1710", "1" ], [ "0.011875", "1690", "1" ], [ "0.011962", "4390", "1" ] ],
      "t" : 1756460677521
    } ],
    "instrument_name" : "CSPR_USDT"
  }
}