{
  "id" : -1,
  "method" : "public/get-book",
  "code" : 0,
  "result" : {
    "depth" : 50,
    "data" : [ {
      "bids" : [ [ "0.010002", "120", "1" ], [ "0.009983", "69040", "1" ], [ "0.009982", "77410", "1" ], [ "0.009970", "88300", "1" ], [ "0.009968", "89720", "2" ], [ "0.009954", "85360", "1" ], [ "0.009952", "72730", "1" ], [ "0.009937", "6760", "1" ], [ "0.009936", "118530", "1" ], [ "0.009920", "161990", "1" ], [ "0.009915", "2350", "1" ], [ "0.009904", "208230", "1" ], [ "0.009888", "254380", "1" ], [ "0.009835", "2370", "1" ], [ "0.009757", "2390", "1" ], [ "0.009702", "206140", "1" ], [ "0.009678", "2410", "1" ], [ "0.009599", "2430", "1" ], [ "0.009101", "3940", "1" ], [ "0.008301", "59060", "2" ], [ "0.008300", "259440", "5" ], [ "0.008209", "11920", "1" ], [ "0.008001", "88040", "1" ], [ "0.008000", "192650", "3" ], [ "0.007993", "184540", "1" ], [ "0.007956", "74650", "1" ], [ "0.007752", "202540", "2" ], [ "0.007548", "202540", "1" ], [ "0.007344", "319710", "1" ], [ "0.007140", "1015550", "2" ], [ "0.007000", "895730", "2" ], [ "0.006000", "910", "1" ], [ "0.005500", "1380", "1" ], [ "0.005100", "30000", "1" ], [ "0.005000", "60600", "2" ], [ "0.004500", "900", "1" ], [ "0.004100", "900", "1" ], [ "0.003125", "320", "1" ], [ "0.001280", "1000", "1" ] ],
      "asks" : [ [ "0.010003", "120", "1" ], [ "0.010020", "10580", "1" ], [ "0.010021", "16640", "1" ], [ "0.010023", "69040", "1" ], [ "0.010024", "71160", "1" ], [ "0.010036", "88300", "1" ], [ "0.010038", "88860", "1" ], [ "0.010047", "6940", "1" ], [ "0.010048", "22640", "1" ], [ "0.010052", "95940", "1" ], [ "0.010064", "68920", "1" ], [ "0.010078", "2320", "1" ], [ "0.010080", "111220", "1" ], [ "0.010096", "162280", "1" ], [ "0.010112", "202820", "1" ], [ "0.010128", "252710", "1" ], [ "0.010160", "2310", "1" ], [ "0.010243", "2280", "1" ], [ "0.010326", "2270", "1" ], [ "0.010410", "2260", "1" ], [ "0.010495", "2280", "1" ], [ "0.010562", "300", "1" ], [ "0.010580", "2280", "1" ], [ "0.010666", "2280", "1" ], [ "0.010753", "2280", "1" ], [ "0.010840", "2280", "1" ], [ "0.010900", "100", "1" ], [ "0.010928", "2280", "1" ], [ "0.011018", "2280", "1" ], [ "0.011100", "18960", "1" ], [ "0.011105", "290", "1" ], [ "0.011107", "2280", "1" ], [ "0.011199", "2280", "1" ], [ "0.011289", "2280", "1" ], [ "0.011381", "2280", "1" ], [ "0.011475", "2280", "1" ], [ "0.011568", "2280", "1" ], [ "0.011650", "290", "1" ], [ "0.011662", "2280", "1" ], [ "0.011757", "2280", "1" ], [ "0.011853", "2280", "1" ], [ "0.011950", "2280", "1" ], [ "0.012004", "12330", "1" ], [ "0.012036", "32500", "1" ], [ "0.012064", "2280", "1" ], [ "0.012194", "290", "1" ], [ "0.012239", "160790", "1" ], [ "0.012240", "113070", "2" ], [ "0.012443", "184580", "1" ], [ "0.012444", "206270", "3" ] ],
      "t" : 1756460673631
    } ],
    "instrument_name" : "CSPR_USD"
  }
}