{
  "id" : -1,
  "method" : "public/get-book",
  "code" : 0,
  "result" : {
    "depth" : 50,
    "data" : [ {
      "bids" : [ [ "0.62980", "2937.4", "3" ], [ "0.62979", "1082.1", "1" ], [ "0.62946", "987.4", "1" ], [ "0.62897", "1385.1", "1" ], [ "0.62872", "2385.7", "1" ], [ "0.62868", "1217.8", "1" ], [ "0.62818", "767.1", "1" ], [ "0.62790", "1303.7", "1" ], [ "0.62720", "2384.3", "1" ], [ "0.62622", "4255.3", "1" ], [ "0.62565", "3995.8", "1" ], [ "0.62524", "5885.7", "1" ], [ "0.62426", "7604.3", "1" ], [ "0.62328", "9126.6", "1" ], [ "0.62222", "2410.7", "1" ], [ "0.62150", "8044.9", "1" ], [ "0.60000", "20.0", "1" ], [ "0.57790", "865.2", "1" ], [ "0.50509", "194.0", "1" ], [ "0.49286", "871.1", "1" ], [ "0.47989", "4341.5", "1" ], [ "0.46692", "4341.5", "1" ], [ "0.45395", "4341.5", "1" ], [ "0.44098", "14258.7", "1" ], [ "0.42030", "11.8", "1" ] ],
      "asks" : [ [ "0.63297", "1579.8", "1" ], [ "0.63332", "1342.0", "2" ], [ "0.63333", "1385.1", "1" ], [ "0.63368", "2367.1", "1" ], [ "0.63406", "863.3", "1" ], [ "0.63503", "27.6", "1" ], [ "0.63504", "2575.8", "1" ], [ "0.63602", "4218.8", "1" ], [ "0.63633", "3928.8", "1" ], [ "0.63700", "5597.0", "1" ], [ "0.63798", "7237.0", "1" ], [ "0.63896", "8848.0", "1" ], [ "0.64043", "3903.6", "1" ], [ "0.64283", "7778.1", "1" ], [ "0.67037", "1082.1", "1" ], [ "0.67080", "1215.6", "1" ], [ "0.67158", "1127.4", "1" ], [ "0.67236", "1232.9", "1" ], [ "0.75820", "194.0", "1" ], [ "0.76523", "681.7", "1" ], [ "0.77820", "1813.2", "2" ], [ "0.79117", "3247.1", "3" ], [ "0.80414", "3247.1", "3" ], [ "0.81711", "8224.9", "4" ], [ "0.90000", "1.2", "1" ], [ "0.95000", "1.6", "1" ], [ "1.10000", "74.8", "1" ], [ "1.40000", "14.3", "1" ], [ "1.45000", "68.4", "1" ], [ "1.91138", "0.5", "1" ], [ "2.00000", "10.0", "1" ], [ "2.20000", "10.0", "1" ], [ "2.50000", "8.1", "1" ], [ "2.55000", "1000.0", "1" ], [ "4.30100", "125.3", "1" ], [ "10.00000", "10.0", "1" ] ],
      "t" : 1756460642905
    } ],
    "instrument_name" : "CTC_USD"
  }
}