{
  "id" : -1,
  "method" : "public/get-book",
  "code" : 0,
  "result" : {
    "depth" : 50,
    "data" : [ {
      "bids" : [ [ "0.08297", "1884", "1" ], [ "0.08257", "2835", "1" ], [ "0.08256", "1052", "1" ], [ "0.08255", "2780", "1" ], [ "0.08226", "1881", "1" ], [ "0.08213", "3031", "1" ], [ "0.08206", "1983", "1" ], [ "0.08202", "2408", "1" ], [ "0.08190", "1001", "1" ], [ "0.08184", "1649", "1" ], [ "0.08162", "2378", "1" ], [ "0.08160", "3054", "2" ], [ "0.08156", "11842", "1" ], [ "0.08155", "105587", "1" ], [ "0.08130", "5139", "2" ], [ "0.08101", "288", "1" ], [ "0.08100", "9692", "2" ], [ "0.08071", "620", "2" ], [ "0.08070", "7485", "2" ], [ "0.08041", "332", "1" ], [ "0.08040", "11564", "1" ], [ "0.06648", "1679", "1" ], [ "0.06600", "8828", "1" ], [ "0.06450", "26522", "2" ], [ "0.06300", "26522", "1" ], [ "0.06150", "43143", "1" ], [ "0.06000", "181136", "2" ] ],
      "asks" : [ [ "0.08311", "1848", "1" ], [ "0.08352", "2835", "1" ], [ "0.08353", "2808", "1" ], [ "0.08367", "1881", "1" ], [ "0.08382", "1694", "1" ], [ "0.08390", "2408", "1" ], [ "0.08395", "2836", "1" ], [ "0.08400", "889", "1" ], [ "0.08404", "1694", "1" ], [ "0.08426", "2598", "1" ], [ "0.08430", "3225", "2" ], [ "0.08455", "105587", "1" ], [ "0.08460", "3225", "1" ], [ "0.08489", "442", "2" ], [ "0.08490", "5246", "1" ], [ "0.08520", "7122", "1" ], [ "0.08550", "9240", "2" ], [ "0.09996", "1679", "1" ], [ "0.10050", "5366", "1" ], [ "0.10200", "13646", "1" ], [ "0.17000", "967", "1" ], [ "0.25200", "39", "1" ], [ "0.27000", "19", "1" ], [ "0.30000", "330", "1" ], [ "0.50000", "50", "1" ], [ "0.56789", "87", "1" ], [ "0.60000", "1605", "1" ], [ "0.62000", "137", "1" ], [ "0.70000", "100", "1" ], [ "1.00000", "50", "1" ], [ "1.12000", "130", "1" ], [ "1.30000", "48", "1" ], [ "1.50000", "50", "1" ] ],
      "t" : 1756460687478
    } ],
    "instrument_name" : "CTSI_USDT"
  }
}