{
  "id" : -1,
  "method" : "public/get-book",
  "code" : 0,
  "result" : {
    "depth" : 50,
    "data" : [ {
      "bids" : [ [ "0.08309", "10", "1" ], [ "0.08268", "2410", "1" ], [ "0.08238", "600", "1" ], [ "0.08236", "600", "1" ], [ "0.08234", "600", "1" ], [ "0.08232", "600", "1" ], [ "0.08223", "12050", "1" ], [ "0.08216", "8220", "1" ], [ "0.07971", "11090", "1" ], [ "0.07956", "12770", "1" ], [ "0.07920", "22820", "1" ], [ "0.07884", "33390", "1" ], [ "0.07848", "42940", "1" ], [ "0.07812", "54300", "1" ], [ "0.07750", "7780", "1" ], [ "0.07740", "8120", "1" ], [ "0.07722", "7930", "1" ], [ "0.07704", "8950", "1" ], [ "0.07686", "9480", "1" ], [ "0.07668", "11200", "1" ], [ "0.06648", "5540", "1" ], [ "0.06615", "6400", "1" ], [ "0.06426", "17420", "1" ], [ "0.06237", "27010", "1" ], [ "0.06048", "39630", "1" ], [ "0.05859", "49350", "1" ], [ "0.05670", "61070", "1" ] ],
      "asks" : [ [ "0.08322", "10", "1" ], [ "0.08336", "2390", "1" ], [ "0.08338", "590", "1" ], [ "0.08340", "590", "1" ], [ "0.08342", "590", "1" ], [ "0.08344", "590", "1" ], [ "0.08366", "3720", "1" ], [ "0.08367", "7780", "1" ], [ "0.08370", "8020", "1" ], [ "0.08388", "8430", "1" ], [ "0.08399", "11090", "1" ], [ "0.08406", "8960", "1" ], [ "0.08424", "23890", "2" ], [ "0.08442", "11550", "1" ], [ "0.08460", "22100", "1" ], [ "0.08496", "34250", "1" ], [ "0.08532", "46100", "1" ], [ "0.08568", "57390", "1" ], [ "0.09172", "9230", "1" ], [ "0.09300", "20330", "1" ], [ "0.09996", "5540", "1" ], [ "0.10017", "4530", "1" ], [ "0.10206", "16390", "1" ], [ "0.10395", "26700", "1" ], [ "0.10584", "38090", "1" ], [ "0.10773", "50790", "1" ], [ "0.10962", "61220", "1" ] ],
      "t" : 1756460691058
    } ],
    "instrument_name" : "CTSIUSD-PERP"
  }
}