{
  "id" : -1,
  "method" : "public/get-book",
  "code" : 0,
  "result" : {
    "depth" : 50,
    "data" : [ {
      "bids" : [ [ "0.08238", "5658", "1" ], [ "0.08228", "17204", "1" ], [ "0.08226", "1881", "1" ], [ "0.08212", "247", "1" ], [ "0.08211", "2189", "1" ], [ "0.08202", "2408", "1" ], [ "0.08188", "2371", "1" ], [ "0.08184", "1219", "1" ], [ "0.08180", "14145", "1" ], [ "0.08166", "2662", "1" ], [ "0.08165", "2289", "1" ], [ "0.08157", "19217", "1" ], [ "0.08156", "105587", "1" ], [ "0.08153", "3124", "2" ], [ "0.08122", "3124", "2" ], [ "0.08092", "1180", "2" ], [ "0.08091", "7533", "2" ], [ "0.08063", "743", "1" ], [ "0.08061", "2830", "2" ], [ "0.08060", "9554", "2" ], [ "0.08029", "11588", "1" ], [ "0.07223", "197", "1" ], [ "0.06648", "1669", "1" ], [ "0.06600", "8496", "1" ], [ "0.06450", "24910", "2" ], [ "0.06300", "44607", "2" ], [ "0.06150", "44607", "1" ], [ "0.06000", "174551", "3" ] ],
      "asks" : [ [ "0.08361", "293", "1" ], [ "0.08370", "1881", "1" ], [ "0.08372", "1783", "1" ], [ "0.08395", "1941", "1" ], [ "0.08396", "2408", "1" ], [ "0.08401", "980", "1" ], [ "0.08405", "291", "1" ], [ "0.08418", "2470", "1" ], [ "0.08430", "467", "1" ], [ "0.08431", "4630", "1" ], [ "0.08432", "2847", "2" ], [ "0.08436", "11106", "1" ], [ "0.08450", "291", "1" ], [ "0.08456", "105587", "1" ], [ "0.08463", "5058", "2" ], [ "0.08494", "6941", "1" ], [ "0.08512", "291", "1" ], [ "0.08525", "9333", "1" ], [ "0.08556", "10968", "1" ], [ "0.08599", "283", "1" ], [ "0.08709", "349", "1" ], [ "0.08846", "356", "1" ], [ "0.08867", "596", "2" ], [ "0.09175", "364", "1" ], [ "0.09449", "1801", "1" ], [ "0.09800", "10512", "1" ], [ "0.09890", "10449", "1" ], [ "0.09998", "1669", "1" ], [ "0.10050", "5827", "1" ], [ "0.10200", "14417", "1" ], [ "0.11007", "43", "1" ], [ "0.11946", "1340", "1" ], [ "0.12700", "11", "1" ], [ "0.12719", "8", "1" ], [ "0.16200", "99", "1" ], [ "0.23190", "2000", "1" ], [ "0.27363", "3", "1" ], [ "0.33000", "101", "1" ], [ "1.20000", "1299", "2" ], [ "1.30000", "189", "2" ] ],
      "t" : 1756460680002
    } ],
    "instrument_name" : "CTSI_USD"
  }
}