{
  "id" : -1,
  "method" : "public/get-book",
  "code" : 0,
  "result" : {
    "depth" : 50,
    "data" : [ {
      "bids" : [ [ "0.02868", "189", "1" ], [ "0.02840", "614", "1" ], [ "0.02797", "1177", "1" ], [ "0.02796", "509", "1" ], [ "0.02783", "18006", "1" ], [ "0.02782", "1883", "1" ], [ "0.02772", "4759", "1" ], [ "0.02753", "1930", "1" ], [ "0.02752", "6143", "1" ], [ "0.02734", "1326", "1" ], [ "0.02730", "6092", "1" ], [ "0.02729", "2517", "1" ], [ "0.02727", "1666", "1" ], [ "0.02726", "9119", "1" ], [ "0.02725", "1339", "1" ], [ "0.02717", "1490", "1" ], [ "0.02710", "512", "1" ], [ "0.02709", "5678", "1" ], [ "0.02680", "4548", "2" ], [ "0.02679", "26320", "2" ], [ "0.02666", "5678", "1" ], [ "0.02656", "332", "1" ], [ "0.02655", "654", "1" ], [ "0.02633", "4597", "2" ], [ "0.02632", "46397", "2" ], [ "0.02618", "640", "1" ], [ "0.02609", "749", "1" ], [ "0.02601", "640", "1" ], [ "0.02600", "100000", "1" ], [ "0.02588", "1756", "1" ], [ "0.02585", "62938", "1" ], [ "0.02532", "527", "1" ], [ "0.02531", "640", "1" ], [ "0.02500", "800", "1" ], [ "0.02455", "606", "1" ], [ "0.02447", "1857", "1" ], [ "0.02307", "1970", "1" ], [ "0.02278", "4088", "1" ], [ "0.02242", "16994", "1" ], [ "0.02183", "59614", "1" ], [ "0.02168", "2096", "1" ], [ "0.02124", "106059", "1" ], [ "0.02065", "255459", "1" ], [ "0.02006", "766633", "1" ] ],
      "asks" : [ [ "0.02911", "2875", "1" ], [ "0.02912", "7727", "1" ], [ "0.02933", "17091", "1" ], [ "0.02934", "4759", "1" ], [ "0.02966", "19725", "1" ], [ "0.02967", "4592", "1" ], [ "0.02976", "6092", "1" ], [ "0.03008", "7669", "1" ], [ "0.03010", "4672", "1" ], [ "0.03048", "541", "1" ], [ "0.03052", "418", "1" ], [ "0.03053", "6209", "1" ], [ "0.03055", "25091", "1" ], [ "0.03101", "851", "1" ], [ "0.03102", "41609", "1" ], [ "0.03123", "541", "1" ], [ "0.03148", "1511", "1" ], [ "0.03149", "54965", "1" ], [ "0.03151", "347", "1" ], [ "0.03158", "823", "1" ], [ "0.03287", "1443", "1" ], [ "0.03320", "3031", "1" ], [ "0.03427", "1382", "1" ], [ "0.03428", "4088", "1" ], [ "0.03481", "11013", "1" ], [ "0.03540", "39675", "2" ], [ "0.03568", "1326", "1" ], [ "0.03599", "68480", "3" ], [ "0.03658", "163857", "3" ], [ "0.03712", "1273", "1" ], [ "0.03717", "460055", "1" ], [ "0.03996", "26", "1" ], [ "0.04000", "197", "1" ], [ "0.05494", "19", "1" ], [ "0.05500", "298", "1" ], [ "0.06000", "843", "1" ], [ "0.06200", "483", "1" ], [ "0.06600", "15363", "1" ], [ "0.07000", "332", "1" ], [ "0.07100", "6000", "1" ], [ "0.07400", "5946", "1" ], [ "0.07700", "1154", "1" ], [ "0.09000", "822", "1" ], [ "0.09100", "2322", "1" ], [ "0.09900", "816", "1" ], [ "0.10700", "4459", "1" ], [ "0.11000", "9150", "1" ], [ "0.12000", "241", "1" ], [ "0.13400", "13380", "1" ], [ "0.16000", "124", "1" ] ],
      "t" : 1756460698603
    } ],
    "instrument_name" : "CXT_USD"
  }
}