{
  "id" : -1,
  "method" : "public/get-book",
  "code" : 0,
  "result" : {
    "depth" : 50,
    "data" : [ {
      "bids" : [ [ "0.03113", "186", "1" ], [ "0.03112", "4694", "1" ], [ "0.03111", "19750", "1" ], [ "0.03103", "8141", "1" ], [ "0.03102", "27136", "1" ], [ "0.03094", "19750", "1" ], [ "0.03080", "11715", "1" ], [ "0.03077", "19750", "1" ], [ "0.03060", "23682", "1" ], [ "0.03058", "44308", "2" ], [ "0.03036", "94740", "2" ], [ "0.03015", "457", "1" ], [ "0.03014", "94740", "1" ], [ "0.03000", "400", "1" ], [ "0.02992", "94740", "1" ], [ "0.02971", "528", "1" ], [ "0.02970", "153319", "1" ], [ "0.02514", "3761", "1" ], [ "0.02479", "16939", "1" ], [ "0.02412", "60566", "1" ], [ "0.02345", "95094", "1" ], [ "0.02278", "221612", "1" ], [ "0.02211", "615578", "1" ] ],
      "asks" : [ [ "0.03178", "162", "1" ], [ "0.03179", "21149", "1" ], [ "0.03187", "8141", "1" ], [ "0.03188", "27136", "1" ], [ "0.03190", "14632", "1" ], [ "0.03196", "21149", "1" ], [ "0.03212", "39424", "2" ], [ "0.03213", "24478", "1" ], [ "0.03230", "24478", "1" ], [ "0.03234", "39424", "1" ], [ "0.03256", "65190", "1" ], [ "0.03278", "91166", "1" ], [ "0.03300", "118873", "1" ], [ "0.03776", "3761", "1" ], [ "0.03819", "13174", "1" ], [ "0.03886", "38777", "2" ], [ "0.03953", "38777", "2" ], [ "0.04020", "109395", "3" ], [ "0.04087", "351641", "3" ], [ "0.05300", "2264", "1" ], [ "0.07500", "199", "1" ], [ "0.12830", "39", "1" ], [ "0.15000", "24483", "1" ], [ "0.15290", "120", "1" ], [ "0.19000", "3580", "1" ], [ "0.24000", "6076", "2" ], [ "0.30000", "5500", "2" ], [ "0.31000", "500", "1" ], [ "0.32000", "500", "1" ], [ "0.33000", "824", "1" ], [ "0.98210", "3837", "1" ], [ "1.10000", "283", "1" ] ],
      "t" : 1756460612762
    } ],
    "instrument_name" : "D_USD"
  }
}