{
  "id" : -1,
  "method" : "public/get-book",
  "code" : 0,
  "result" : {
    "depth" : 50,
    "data" : [ {
      "bids" : [ [ "1.00001", "825.5", "1" ], [ "0.99950", "6.0", "1" ], [ "0.99900", "14.0", "1" ], [ "0.99800", "20.0", "1" ], [ "0.99700", "20.0", "1" ], [ "0.99600", "20.0", "1" ], [ "0.99400", "30.0", "1" ], [ "0.99300", "30.0", "1" ], [ "0.98900", "200.0", "1" ], [ "0.93979", "49.3", "1" ], [ "0.93906", "743.6", "1" ], [ "0.93795", "753.2", "1" ], [ "0.93684", "756.3", "1" ], [ "0.93573", "979.4", "1" ], [ "0.93462", "1110.7", "1" ], [ "0.91708", "1791.2", "1" ], [ "0.91650", "2521.6", "1" ], [ "0.91509", "6882.0", "1" ], [ "0.91368", "10826.0", "1" ], [ "0.91227", "15088.7", "1" ], [ "0.91086", "19244.8", "1" ], [ "0.79992", "125.0", "1" ], [ "0.78039", "753.9", "1" ], [ "0.76038", "1872.5", "1" ], [ "0.74037", "3318.0", "1" ], [ "0.72036", "25166.7", "1" ], [ "0.70035", "83246.7", "1" ] ],
      "asks" : [ [ "1.00051", "54.5", "2" ], [ "1.00121", "88.8", "1" ], [ "1.00122", "619.3", "2" ], [ "1.00233", "709.4", "1" ], [ "1.00321", "1791.2", "1" ], [ "1.00344", "962.4", "1" ], [ "1.00392", "2269.5", "1" ], [ "1.00455", "876.5", "1" ], [ "1.00533", "6627.9", "1" ], [ "1.00566", "1072.4", "1" ], [ "1.00674", "10393.1", "1" ], [ "1.00815", "15193.9", "1" ], [ "1.00956", "19101.1", "1" ], [ "1.02000", "1.0", "1" ], [ "1.09000", "2.3", "1" ], [ "1.20013", "125.0", "1" ], [ "1.20060", "482.4", "1" ], [ "1.22061", "1295.3", "2" ], [ "1.24062", "1295.3", "1" ], [ "1.26063", "15073.0", "2" ], [ "1.28064", "44557.2", "2" ] ],
      "t" : 1756460705019
    } ],
    "instrument_name" : "DAI_USD"
  }
}