{
  "id" : -1,
  "method" : "public/get-book",
  "code" : 0,
  "result" : {
    "depth" : 50,
    "data" : [ {
      "bids" : [ [ "0.016581", "684", "1" ], [ "0.016580", "40902", "1" ], [ "0.016569", "36134", "1" ], [ "0.016550", "52599", "1" ], [ "0.016548", "50460", "1" ], [ "0.016527", "46467", "1" ], [ "0.016523", "25506", "1" ], [ "0.016492", "89300", "1" ], [ "0.016461", "211034", "1" ], [ "0.016430", "211034", "1" ], [ "0.016399", "319241", "1" ], [ "0.016368", "319241", "1" ], [ "0.013314", "53898", "1" ], [ "0.013313", "7464", "1" ], [ "0.013260", "36344", "1" ], [ "0.012920", "112959", "2" ], [ "0.012580", "198840", "2" ], [ "0.012240", "467828", "2" ], [ "0.012000", "2000", "1" ], [ "0.011900", "1465389", "2" ] ],
      "asks" : [ [ "0.016685", "40902", "1" ], [ "0.016695", "40902", "1" ], [ "0.016705", "52599", "1" ], [ "0.016709", "32817", "1" ], [ "0.016716", "50395", "1" ], [ "0.016737", "46739", "1" ], [ "0.016740", "82633", "2" ], [ "0.016771", "144541", "3" ], [ "0.016802", "144541", "3" ], [ "0.016833", "260046", "4" ], [ "0.016864", "260046", "4" ], [ "0.019984", "7464", "1" ], [ "0.020060", "26391", "1" ], [ "0.020400", "73130", "2" ], [ "0.020535", "279", "1" ], [ "0.020740", "123588", "3" ], [ "0.020979", "273", "1" ], [ "0.021080", "251795", "4" ], [ "0.021420", "832353", "4" ], [ "0.025530", "234", "1" ], [ "0.026196", "220", "1" ], [ "0.026862", "222", "1" ], [ "0.027528", "225", "1" ], [ "0.028194", "204", "1" ], [ "0.028971", "198", "1" ], [ "0.029524", "207", "1" ], [ "0.029637", "187", "1" ], [ "0.030378", "201", "1" ], [ "0.030414", "182", "1" ], [ "0.031000", "997", "1" ], [ "0.031191", "178", "1" ], [ "0.031354", "194", "1" ], [ "0.031787", "209", "1" ], [ "0.031968", "173", "1" ], [ "0.032208", "189", "1" ], [ "0.032745", "169", "1" ], [ "0.032851", "202", "1" ], [ "0.033000", "4733", "1" ], [ "0.033184", "184", "1" ], [ "0.033522", "171", "1" ], [ "0.033915", "196", "1" ], [ "0.034160", "178", "1" ], [ "0.034410", "161", "1" ], [ "0.034979", "190", "1" ], [ "0.035000", "2367", "1" ], [ "0.035250", "213", "1" ], [ "0.035258", "173", "1" ], [ "0.035298", "157", "1" ], [ "0.036000", "472", "1" ], [ "0.036043", "184", "1" ] ],
      "t" : 1756460695325
    } ],
    "instrument_name" : "DATA_USD"
  }
}