{
  "id" : -1,
  "method" : "public/get-book",
  "code" : 0,
  "result" : {
    "depth" : 50,
    "data" : [ {
      "bids" : [ [ "0.022563", "2000", "1" ], [ "0.022523", "80000", "1" ], [ "0.022521", "120000", "2" ], [ "0.022431", "20250", "1" ], [ "0.022430", "80000", "1" ], [ "0.022428", "120000", "1" ], [ "0.022025", "5280", "1" ], [ "0.022024", "6060", "1" ], [ "0.022000", "450", "1" ], [ "0.021945", "5810", "1" ], [ "0.021720", "7760", "1" ], [ "0.021714", "7450", "1" ], [ "0.021514", "6880", "1" ], [ "0.021483", "5810", "1" ], [ "0.021252", "7160", "1" ], [ "0.021167", "25090", "1" ], [ "0.021130", "790", "1" ], [ "0.021021", "7160", "1" ], [ "0.020820", "43550", "2" ], [ "0.020790", "7160", "1" ], [ "0.020473", "59840", "2" ], [ "0.020126", "59840", "1" ], [ "0.020101", "230", "1" ], [ "0.019779", "59840", "1" ], [ "0.018081", "5450", "1" ], [ "0.018018", "31440", "1" ], [ "0.017556", "83180", "1" ], [ "0.017500", "260", "1" ], [ "0.017094", "144880", "1" ], [ "0.016632", "295000", "1" ], [ "0.016170", "813420", "1" ] ],
      "asks" : [ [ "0.022711", "2000", "1" ], [ "0.022712", "200000", "2" ], [ "0.022802", "200000", "2" ], [ "0.023224", "6060", "1" ], [ "0.023331", "5020", "1" ], [ "0.023507", "7760", "1" ], [ "0.023562", "6360", "1" ], [ "0.023596", "6920", "1" ], [ "0.023793", "6360", "1" ], [ "0.023943", "22880", "1" ], [ "0.024024", "5020", "1" ], [ "0.024255", "8100", "1" ], [ "0.024290", "36190", "2" ], [ "0.024486", "8530", "1" ], [ "0.024637", "50070", "2" ], [ "0.024984", "64610", "2" ], [ "0.025331", "80380", "2" ], [ "0.026523", "200", "1" ], [ "0.027150", "5450", "1" ], [ "0.027258", "16170", "1" ], [ "0.027720", "56200", "2" ], [ "0.028182", "56200", "2" ], [ "0.028644", "181150", "2" ], [ "0.029106", "482920", "3" ], [ "0.030467", "170", "1" ], [ "0.035000", "150", "1" ], [ "0.039900", "150", "1" ], [ "0.040000", "550", "1" ], [ "0.046200", "260", "1" ], [ "0.230000", "1090", "1" ] ],
      "t" : 1756460696795
    } ],
    "instrument_name" : "DBR_USD"
  }
}