{
  "id" : -1,
  "method" : "public/get-book",
  "code" : 0,
  "result" : {
    "depth" : 50,
    "data" : [ {
      "bids" : [ [ "0.022606", "100", "1" ], [ "0.022594", "100", "1" ], [ "0.022517", "20900", "1" ], [ "0.022506", "5100", "1" ], [ "0.022501", "31400", "1" ], [ "0.022475", "7900", "2" ], [ "0.022470", "2200", "1" ], [ "0.022465", "2200", "1" ], [ "0.022460", "2200", "1" ], [ "0.022444", "6500", "2" ], [ "0.022436", "8900", "1" ], [ "0.022413", "5800", "2" ], [ "0.022382", "6500", "1" ], [ "0.022341", "5500", "1" ], [ "0.022330", "5500", "1" ], [ "0.022319", "5600", "1" ], [ "0.022308", "5600", "1" ], [ "0.022198", "6700", "1" ], [ "0.022176", "6700", "1" ], [ "0.022154", "6700", "1" ], [ "0.022132", "6700", "1" ], [ "0.022110", "6700", "1" ], [ "0.022088", "6700", "1" ], [ "0.021758", "20900", "1" ], [ "0.021716", "34100", "1" ], [ "0.021655", "63800", "1" ], [ "0.021594", "109800", "1" ], [ "0.021533", "144800", "1" ], [ "0.021472", "175600", "1" ], [ "0.018080", "20900", "1" ], [ "0.017670", "25800", "1" ], [ "0.017205", "68400", "1" ], [ "0.016740", "105200", "1" ], [ "0.016275", "149800", "1" ], [ "0.015810", "193000", "1" ], [ "0.015345", "237800", "1" ] ],
      "asks" : [ [ "0.022710", "4200", "1" ], [ "0.022718", "8800", "1" ], [ "0.022720", "2200", "1" ], [ "0.022725", "2200", "1" ], [ "0.022730", "2100", "1" ], [ "0.022735", "2000", "1" ], [ "0.022744", "20900", "1" ], [ "0.022748", "21000", "2" ], [ "0.022751", "100", "1" ], [ "0.022753", "28900", "1" ], [ "0.022754", "4600", "1" ], [ "0.022785", "5400", "2" ], [ "0.022814", "77000", "2" ], [ "0.022816", "5000", "2" ], [ "0.022847", "12200", "4" ], [ "0.022858", "5400", "1" ], [ "0.022869", "5400", "1" ], [ "0.022875", "100400", "2" ], [ "0.022878", "5800", "3" ], [ "0.022880", "5400", "1" ], [ "0.022936", "134200", "3" ], [ "0.022997", "175900", "3" ], [ "0.023000", "6500", "1" ], [ "0.023023", "6500", "1" ], [ "0.023046", "6500", "1" ], [ "0.023069", "6500", "1" ], [ "0.023092", "6400", "1" ], [ "0.023115", "6400", "1" ], [ "0.027144", "20900", "1" ], [ "0.027435", "19900", "1" ], [ "0.027900", "62200", "2" ], [ "0.028365", "108500", "3" ], [ "0.028830", "152700", "3" ], [ "0.029295", "197100", "3" ], [ "0.029760", "234500", "3" ] ],
      "t" : 1756460696091
    } ],
    "instrument_name" : "DBRUSD-PERP"
  }
}