{
  "id" : -1,
  "method" : "public/get-book",
  "code" : 0,
  "result" : {
    "depth" : 50,
    "data" : [ {
      "bids" : [ [ "0.13647", "9", "1" ], [ "0.13626", "497", "1" ], [ "0.13617", "1105", "1" ], [ "0.13576", "12", "1" ], [ "0.13563", "71", "1" ], [ "0.13559", "2971", "1" ], [ "0.13536", "84", "1" ], [ "0.13534", "19211", "1" ], [ "0.13500", "292", "2" ], [ "0.13465", "119", "1" ], [ "0.13464", "89", "1" ], [ "0.13452", "248", "1" ], [ "0.13429", "19361", "1" ], [ "0.13395", "629", "2" ], [ "0.13338", "1118", "2" ], [ "0.13281", "1480", "1" ], [ "0.13224", "1480", "1" ], [ "0.13167", "2402", "1" ], [ "0.12833", "10333", "1" ], [ "0.10921", "881", "1" ], [ "0.10868", "5327", "1" ], [ "0.10582", "12786", "2" ], [ "0.10296", "21961", "2" ], [ "0.10010", "21961", "1" ], [ "0.09724", "91366", "2" ] ],
      "asks" : [ [ "0.13648", "9", "1" ], [ "0.13654", "478", "1" ], [ "0.13658", "1084", "1" ], [ "0.13669", "481", "1" ], [ "0.13724", "2897", "1" ], [ "0.13747", "71", "1" ], [ "0.13752", "153", "2" ], [ "0.13753", "10324", "1" ], [ "0.13756", "817", "1" ], [ "0.13788", "68", "1" ], [ "0.13796", "212", "1" ], [ "0.13824", "92", "1" ], [ "0.13851", "219", "1" ], [ "0.13869", "10324", "1" ], [ "0.13908", "609", "2" ], [ "0.13965", "1074", "3" ], [ "0.14022", "1874", "4" ], [ "0.14079", "1479", "1" ], [ "0.14136", "2301", "1" ], [ "0.16390", "881", "1" ], [ "0.16588", "3213", "1" ], [ "0.16874", "8501", "2" ], [ "0.17160", "8501", "2" ], [ "0.17446", "14176", "3" ], [ "0.17732", "53986", "4" ], [ "0.20903", "20", "1" ], [ "0.20908", "20", "1" ], [ "0.21685", "19", "1" ], [ "0.21807", "38", "2" ], [ "0.21870", "713", "1" ], [ "0.21884", "76", "4" ], [ "0.22031", "38", "2" ], [ "0.22890", "6844", "1" ], [ "0.24130", "6845", "1" ], [ "0.26511", "7167", "1" ], [ "0.30000", "2752", "1" ], [ "0.36000", "3059", "1" ], [ "0.46000", "503", "1" ], [ "0.65100", "4079", "1" ], [ "0.70000", "3059", "1" ] ],
      "t" : 1756460723520
    } ],
    "instrument_name" : "DEEP_USD"
  }
}