{
  "id" : -1,
  "method" : "public/get-book",
  "code" : 0,
  "result" : {
    "depth" : 50,
    "data" : [ {
      "bids" : [ [ "0.13637", "20", "2" ], [ "0.13616", "30", "1" ], [ "0.13607", "870", "1" ], [ "0.13605", "230", "1" ], [ "0.13602", "360", "1" ], [ "0.13599", "360", "1" ], [ "0.13596", "360", "1" ], [ "0.13593", "360", "1" ], [ "0.13590", "270", "1" ], [ "0.13588", "6170", "1" ], [ "0.13584", "7540", "1" ], [ "0.13583", "4620", "1" ], [ "0.13575", "270", "1" ], [ "0.13560", "300", "2" ], [ "0.13545", "310", "2" ], [ "0.13524", "920", "1" ], [ "0.13520", "920", "1" ], [ "0.13516", "920", "1" ], [ "0.13512", "920", "1" ], [ "0.13444", "870", "1" ], [ "0.13442", "1040", "2" ], [ "0.13440", "1110", "1" ], [ "0.13433", "1110", "1" ], [ "0.13426", "1110", "1" ], [ "0.13419", "1110", "1" ], [ "0.13416", "1970", "2" ], [ "0.13412", "1110", "1" ], [ "0.13405", "1110", "1" ], [ "0.13390", "2950", "3" ], [ "0.13364", "3820", "3" ], [ "0.13338", "4810", "3" ], [ "0.13140", "1000", "1" ], [ "0.10920", "870", "1" ], [ "0.10906", "1990", "1" ], [ "0.10619", "5090", "2" ], [ "0.10332", "8770", "2" ], [ "0.10045", "12400", "2" ], [ "0.09758", "15800", "2" ], [ "0.09471", "19100", "2" ] ],
      "asks" : [ [ "0.13641", "10", "1" ], [ "0.13648", "10", "1" ], [ "0.13659", "360", "1" ], [ "0.13661", "30", "1" ], [ "0.13662", "360", "1" ], [ "0.13665", "360", "1" ], [ "0.13668", "360", "1" ], [ "0.13686", "1600", "2" ], [ "0.13695", "210", "1" ], [ "0.13709", "6180", "1" ], [ "0.13710", "300", "1" ], [ "0.13711", "870", "1" ], [ "0.13716", "910", "1" ], [ "0.13720", "910", "1" ], [ "0.13724", "910", "1" ], [ "0.13725", "300", "1" ], [ "0.13728", "1770", "2" ], [ "0.13740", "360", "2" ], [ "0.13754", "1930", "1" ], [ "0.13755", "300", "1" ], [ "0.13780", "3040", "2" ], [ "0.13797", "1080", "1" ], [ "0.13804", "1080", "1" ], [ "0.13806", "4100", "2" ], [ "0.13811", "1080", "1" ], [ "0.13818", "1080", "1" ], [ "0.13825", "1080", "1" ], [ "0.13832", "6140", "4" ], [ "0.16386", "870", "1" ], [ "0.16646", "1940", "1" ], [ "0.16933", "4920", "2" ], [ "0.17220", "8410", "3" ], [ "0.17507", "12350", "4" ], [ "0.17794", "15560", "4" ], [ "0.18081", "19300", "1" ] ],
      "t" : 1756460727157
    } ],
    "instrument_name" : "DEEPUSD-PERP"
  }
}