{
  "id" : -1,
  "method" : "public/get-book",
  "code" : 0,
  "result" : {
    "depth" : 50,
    "data" : [ {
      "bids" : [ [ "0.003243", "100", "1" ], [ "0.003242", "100", "1" ], [ "0.003240", "15400", "1" ], [ "0.003239", "77100", "2" ], [ "0.003226", "91200", "1" ], [ "0.003222", "650700", "4" ], [ "0.003221", "38800", "1" ], [ "0.003220", "38800", "1" ], [ "0.003219", "38800", "1" ], [ "0.003218", "346200", "1" ], [ "0.003216", "46600", "1" ], [ "0.003214", "46600", "1" ], [ "0.003213", "35000", "2" ], [ "0.003212", "46600", "1" ], [ "0.003211", "91200", "1" ], [ "0.003210", "46700", "1" ], [ "0.003208", "46700", "1" ], [ "0.003206", "46700", "1" ], [ "0.003204", "44500", "3" ], [ "0.003196", "112000", "1" ], [ "0.003195", "37700", "2" ], [ "0.003186", "43500", "2" ], [ "0.003179", "258300", "2" ], [ "0.003162", "376900", "2" ], [ "0.003145", "511600", "2" ], [ "0.003128", "622700", "1" ], [ "0.002596", "91200", "1" ], [ "0.002553", "138000", "1" ], [ "0.002484", "384800", "1" ], [ "0.002415", "627100", "1" ], [ "0.002346", "862500", "1" ], [ "0.002277", "1134400", "1" ], [ "0.002208", "1391100", "1" ] ],
      "asks" : [ [ "0.003245", "100", "1" ], [ "0.003247", "100", "1" ], [ "0.003254", "30700", "1" ], [ "0.003255", "15300", "1" ], [ "0.003256", "76700", "2" ], [ "0.003272", "38200", "1" ], [ "0.003273", "38100", "1" ], [ "0.003274", "386100", "2" ], [ "0.003275", "38100", "1" ], [ "0.003276", "346200", "1" ], [ "0.003277", "582000", "2" ], [ "0.003278", "45700", "1" ], [ "0.003280", "45700", "1" ], [ "0.003282", "45700", "1" ], [ "0.003283", "91200", "1" ], [ "0.003284", "45600", "1" ], [ "0.003285", "32100", "1" ], [ "0.003286", "45600", "1" ], [ "0.003288", "45600", "1" ], [ "0.003290", "91200", "1" ], [ "0.003294", "36700", "2" ], [ "0.003298", "115400", "1" ], [ "0.003303", "45200", "2" ], [ "0.003312", "43700", "1" ], [ "0.003315", "269900", "1" ], [ "0.003321", "50600", "2" ], [ "0.003332", "371000", "1" ], [ "0.003349", "479700", "2" ], [ "0.003366", "636000", "2" ], [ "0.003898", "91200", "1" ], [ "0.003933", "106500", "2" ], [ "0.004002", "372500", "2" ], [ "0.004071", "632900", "3" ], [ "0.004140", "894100", "4" ], [ "0.004209", "1109500", "5" ], [ "0.004278", "1392000", "5" ] ],
      "t" : 1756460734451
    } ],
    "instrument_name" : "DEGENUSD-PERP"
  }
}