{
  "id" : -1,
  "method" : "public/get-book",
  "code" : 0,
  "result" : {
    "depth" : 50,
    "data" : [ {
      "bids" : [ [ "0.003230", "202670", "1" ], [ "0.003227", "305630", "1" ], [ "0.003226", "259420", "1" ], [ "0.003224", "176960", "1" ], [ "0.003220", "187990", "1" ], [ "0.003217", "288500", "1" ], [ "0.003216", "230930", "1" ], [ "0.003211", "182810", "2" ], [ "0.003210", "638480", "2" ], [ "0.003208", "246920", "1" ], [ "0.003200", "638480", "2" ], [ "0.003190", "1460280", "3" ], [ "0.003188", "1533300", "1" ], [ "0.002709", "370", "1" ], [ "0.002613", "43450", "1" ], [ "0.002612", "44330", "1" ], [ "0.002596", "36480", "1" ], [ "0.002590", "193940", "2" ], [ "0.002520", "554840", "2" ], [ "0.002450", "554840", "1" ], [ "0.002380", "1787330", "2" ], [ "0.002310", "5335850", "2" ], [ "0.001489", "58910", "1" ], [ "0.001000", "1000", "1" ], [ "0.000500", "2000", "1" ] ],
      "asks" : [ [ "0.003258", "3090", "1" ], [ "0.003259", "202670", "1" ], [ "0.003264", "214420", "1" ], [ "0.003268", "259420", "1" ], [ "0.003270", "171670", "1" ], [ "0.003272", "206190", "1" ], [ "0.003279", "318100", "1" ], [ "0.003280", "1029180", "4" ], [ "0.003290", "599490", "1" ], [ "0.003300", "972700", "1" ], [ "0.003306", "1533300", "1" ], [ "0.003469", "740", "2" ], [ "0.003580", "300", "1" ], [ "0.003798", "640", "1" ], [ "0.003899", "36480", "1" ], [ "0.003900", "550", "1" ], [ "0.003920", "112430", "1" ], [ "0.003990", "346820", "3" ], [ "0.004000", "23600", "1" ], [ "0.004060", "613520", "3" ], [ "0.004099", "590", "1" ], [ "0.004130", "613520", "3" ], [ "0.004200", "3120100", "4" ], [ "0.004399", "550", "1" ], [ "0.004500", "14800", "1" ], [ "0.004699", "510", "1" ], [ "0.004997", "480", "1" ], [ "0.005140", "11300", "1" ], [ "0.005250", "11300", "1" ], [ "0.005296", "440", "1" ], [ "0.005320", "4780", "1" ], [ "0.005596", "420", "1" ], [ "0.005896", "400", "1" ], [ "0.006100", "189650", "1" ], [ "0.006196", "380", "1" ], [ "0.006496", "360", "1" ], [ "0.006794", "350", "1" ], [ "0.006960", "69080", "1" ], [ "0.007049", "150", "1" ], [ "0.007093", "350", "1" ], [ "0.007393", "350", "1" ], [ "0.007693", "350", "1" ], [ "0.007900", "41000", "1" ], [ "0.007999", "4000", "1" ], [ "0.008000", "350", "1" ], [ "0.008500", "980", "1" ], [ "0.008999", "3910", "1" ], [ "0.009000", "8820", "1" ], [ "0.009400", "47640", "1" ], [ "0.010000", "277230", "2" ] ],
      "t" : 1756460493042
    } ],
    "instrument_name" : "DEGEN_USD"
  }
}