{
  "id" : -1,
  "method" : "public/get-book",
  "code" : 0,
  "result" : {
    "depth" : 50,
    "data" : [ {
      "bids" : [ [ "0.008532", "76740", "1" ], [ "0.008526", "75540", "1" ], [ "0.008506", "106370", "1" ], [ "0.008505", "75540", "1" ], [ "0.008503", "98330", "1" ], [ "0.008494", "62920", "1" ], [ "0.008484", "96210", "1" ], [ "0.008463", "179510", "2" ], [ "0.008458", "9660", "1" ], [ "0.008432", "179510", "1" ], [ "0.008408", "6250", "1" ], [ "0.008402", "7380", "1" ], [ "0.008401", "297100", "1" ], [ "0.008378", "2170", "1" ], [ "0.008371", "2040", "1" ], [ "0.008370", "522150", "2" ], [ "0.008339", "658680", "1" ], [ "0.008212", "2210", "1" ], [ "0.008155", "4600", "1" ], [ "0.008110", "2070", "1" ], [ "0.008085", "2240", "1" ], [ "0.008078", "12020", "2" ], [ "0.008077", "25000", "1" ], [ "0.008068", "25000", "1" ], [ "0.008065", "25000", "1" ], [ "0.008058", "25000", "1" ], [ "0.008045", "2070", "1" ], [ "0.008044", "25000", "1" ], [ "0.008040", "25000", "1" ], [ "0.008035", "25000", "1" ], [ "0.008022", "150", "1" ], [ "0.007728", "970", "1" ], [ "0.007113", "150", "1" ], [ "0.007100", "14100", "1" ], [ "0.007000", "21000", "1" ], [ "0.006848", "13830", "1" ], [ "0.006771", "75720", "1" ], [ "0.006600", "15000", "1" ], [ "0.006588", "226450", "1" ], [ "0.006580", "7100", "1" ], [ "0.006405", "370050", "1" ], [ "0.006222", "1564770", "1" ], [ "0.006039", "4009400", "1" ], [ "0.005942", "150", "1" ], [ "0.005886", "13680", "1" ], [ "0.005550", "4500", "1" ], [ "0.005000", "8040", "2" ], [ "0.004920", "210", "1" ], [ "0.003250", "92300", "1" ], [ "0.002000", "500", "1" ] ],
      "asks" : [ [ "0.008613", "60630", "1" ], [ "0.008629", "1710", "1" ], [ "0.008630", "155930", "1" ], [ "0.008631", "71270", "1" ], [ "0.008640", "98330", "1" ], [ "0.008649", "68390", "1" ], [ "0.008652", "70420", "1" ], [ "0.008673", "72550", "2" ], [ "0.008680", "172630", "2" ], [ "0.008694", "105270", "1" ], [ "0.008711", "296090", "2" ], [ "0.008742", "296090", "1" ], [ "0.008773", "402760", "1" ], [ "0.008804", "514290", "2" ], [ "0.008818", "2510", "1" ], [ "0.008819", "2090", "1" ], [ "0.008909", "2510", "1" ], [ "0.008966", "2060", "1" ], [ "0.009016", "25100", "2" ], [ "0.009017", "9400", "1" ], [ "0.009021", "130800", "1" ], [ "0.009061", "2510", "1" ], [ "0.009114", "2020", "1" ], [ "0.009212", "2510", "1" ], [ "0.009261", "1990", "1" ], [ "0.009303", "2510", "1" ], [ "0.009406", "33680", "1" ], [ "0.009407", "1970", "1" ], [ "0.009554", "1930", "1" ], [ "0.009705", "1900", "1" ], [ "0.010000", "12290", "1" ], [ "0.010299", "13830", "1" ], [ "0.010431", "46200", "1" ], [ "0.010614", "133180", "2" ], [ "0.010797", "133180", "2" ], [ "0.010914", "100", "1" ], [ "0.010980", "852900", "3" ], [ "0.011163", "2295670", "1" ], [ "0.011200", "5400", "1" ], [ "0.011514", "150", "1" ], [ "0.011620", "20330", "1" ], [ "0.011914", "100", "1" ], [ "0.012310", "62520", "1" ], [ "0.012514", "150", "1" ], [ "0.012744", "140180", "1" ], [ "0.012914", "100", "1" ], [ "0.013775", "100", "1" ], [ "0.016775", "100", "1" ], [ "0.018775", "100", "1" ], [ "0.019500", "30220", "1" ] ],
      "t" : 1756460738478
    } ],
    "instrument_name" : "DGB_USD"
  }
}