{
  "id" : -1,
  "method" : "public/get-book",
  "code" : 0,
  "result" : {
    "depth" : 50,
    "data" : [ {
      "bids" : [ [ "0.70994", "355.7", "1" ], [ "0.70993", "1185.5", "1" ], [ "0.70964", "765.5", "1" ], [ "0.70851", "1982.5", "2" ], [ "0.70739", "5044.5", "2" ], [ "0.70738", "3463.2", "2" ], [ "0.70626", "441.0", "2" ], [ "0.70625", "3463.2", "1" ], [ "0.70512", "5049.8", "1" ], [ "0.70399", "6272.8", "1" ], [ "0.70064", "925.0", "1" ], [ "0.70034", "1128.7", "1" ], [ "0.69996", "1139.3", "1" ], [ "0.69958", "1199.0", "1" ], [ "0.67379", "160.3", "1" ], [ "0.60500", "2.0", "1" ], [ "0.60000", "2.0", "1" ], [ "0.59500", "2.0", "1" ], [ "0.59000", "2.0", "1" ], [ "0.58500", "2.0", "1" ], [ "0.58000", "2.0", "1" ], [ "0.57500", "2.0", "1" ], [ "0.57000", "2.0", "1" ], [ "0.56997", "165.2", "1" ], [ "0.56500", "2.0", "1" ], [ "0.56000", "2.0", "1" ], [ "0.55796", "698.0", "1" ], [ "0.55500", "2.0", "1" ], [ "0.55000", "2.0", "1" ], [ "0.54500", "2.0", "1" ], [ "0.54288", "2483.6", "1" ], [ "0.54000", "2.0", "1" ], [ "0.53500", "2.0", "1" ], [ "0.53000", "2.0", "1" ], [ "0.52780", "4124.6", "1" ], [ "0.52500", "2.0", "1" ], [ "0.52000", "2.0", "1" ], [ "0.51272", "39807.9", "1" ], [ "0.49764", "103663.9", "1" ], [ "0.35915", "357.0", "1" ], [ "0.34832", "369.0", "1" ], [ "0.33749", "380.0", "1" ], [ "0.32666", "393.0", "1" ], [ "0.31582", "407.0", "1" ], [ "0.30499", "421.0", "1" ] ],
      "asks" : [ [ "0.71357", "59.8", "1" ], [ "0.71504", "36.2", "1" ], [ "0.71505", "4450.5", "1" ], [ "0.71506", "292.4", "1" ], [ "0.71513", "1368.0", "2" ], [ "0.71517", "1243.0", "1" ], [ "0.71518", "345.0", "1" ], [ "0.71520", "1185.5", "1" ], [ "0.71529", "792.7", "1" ], [ "0.71642", "2161.7", "1" ], [ "0.71755", "3429.9", "1" ], [ "0.71868", "4846.2", "1" ], [ "0.71981", "6405.7", "1" ], [ "0.72094", "7690.3", "1" ], [ "0.72432", "925.0", "1" ], [ "0.72466", "1126.4", "1" ], [ "0.72504", "1181.6", "1" ], [ "0.72542", "1110.8", "1" ], [ "0.74012", "57.4", "1" ], [ "0.74014", "24.8", "2" ], [ "0.74692", "19.2", "1" ], [ "0.77044", "18.6", "1" ], [ "0.79659", "12.4", "1" ], [ "0.81737", "86.3", "1" ], [ "0.85542", "165.2", "1" ], [ "0.85956", "492.3", "1" ], [ "0.87464", "1627.7", "2" ], [ "0.88332", "52.5", "1" ], [ "0.88972", "2767.0", "3" ], [ "0.90480", "23408.2", "4" ], [ "0.91988", "65850.3", "1" ], [ "0.96665", "47.5", "1" ], [ "1.04998", "43.5", "1" ], [ "1.13332", "39.6", "1" ], [ "1.21000", "1.0", "1" ], [ "1.21665", "35.0", "1" ], [ "1.22000", "1.0", "1" ], [ "1.23000", "1.0", "1" ], [ "1.24000", "1.0", "1" ], [ "1.25000", "1.0", "1" ], [ "1.26000", "1.0", "1" ], [ "1.27000", "1.0", "1" ], [ "1.28000", "1.0", "1" ], [ "1.29000", "1.0", "1" ], [ "1.30000", "35.0", "2" ], [ "1.31000", "1.0", "1" ], [ "1.32000", "1.0", "1" ], [ "1.33000", "1.0", "1" ], [ "1.34000", "1.0", "1" ], [ "1.35000", "1.0", "1" ] ],
      "t" : 1756460742206
    } ],
    "instrument_name" : "DIA_USD"
  }
}