{
  "id" : -1,
  "method" : "public/get-book",
  "code" : 0,
  "result" : {
    "depth" : 50,
    "data" : [ {
      "bids" : [ [ "0.0014037", "228000", "1" ], [ "0.0014036", "211100", "1" ], [ "0.0013701", "298300", "1" ], [ "0.0013689", "304000", "1" ], [ "0.0013656", "1534100", "1" ], [ "0.0013572", "882300", "2" ], [ "0.0013566", "1406100", "1" ], [ "0.0013464", "3331300", "2" ], [ "0.0013455", "1532100", "3" ], [ "0.0013362", "5372100", "1" ], [ "0.0011967", "71600", "1" ], [ "0.0011649", "374700", "1" ], [ "0.0011296", "1171600", "1" ], [ "0.0011000", "295800", "2" ], [ "0.0010943", "1882200", "1" ], [ "0.0010590", "10535900", "1" ], [ "0.0010237", "34882000", "1" ], [ "0.0009401", "46000", "1" ], [ "0.0004905", "68700", "1" ], [ "0.0004476", "75200", "1" ], [ "0.0003000", "1000", "1" ], [ "0.0002986", "3400", "1" ], [ "0.0002500", "2000", "1" ], [ "0.0001000", "2700", "1" ], [ "0.0000544", "18400", "1" ] ],
      "asks" : [ [ "0.0015182", "546000", "1" ], [ "0.0015210", "309600", "1" ], [ "0.0015300", "1416100", "1" ], [ "0.0015327", "856900", "2" ], [ "0.0015402", "3245200", "2" ], [ "0.0015444", "1530300", "2" ], [ "0.0015500", "11500", "1" ], [ "0.0015504", "5441600", "1" ], [ "0.0016818", "2700", "1" ], [ "0.0018064", "71600", "1" ], [ "0.0018356", "192400", "1" ], [ "0.0018709", "699300", "2" ], [ "0.0019000", "602000", "2" ], [ "0.0019062", "699300", "2" ], [ "0.0019128", "2400", "1" ], [ "0.0019415", "6068700", "3" ], [ "0.0019768", "20924500", "1" ], [ "0.0019888", "600", "1" ], [ "0.0020000", "456200", "3" ], [ "0.0020600", "600", "1" ], [ "0.0021000", "5200", "2" ], [ "0.0021440", "2000", "1" ], [ "0.0022000", "463600", "1" ], [ "0.0022382", "7000", "1" ], [ "0.0023451", "1500", "1" ], [ "0.0023751", "2000", "1" ], [ "0.0024250", "3600", "1" ], [ "0.0024442", "4400", "1" ], [ "0.0025000", "5600", "3" ], [ "0.0026000", "4100", "1" ], [ "0.0026066", "2000", "1" ], [ "0.0028256", "1400", "1" ], [ "0.0028900", "9000", "1" ], [ "0.0029000", "3700", "2" ], [ "0.0029500", "900000", "1" ], [ "0.0030000", "14300", "1" ], [ "0.0031500", "300000", "1" ], [ "0.0031722", "1500", "1" ], [ "0.0032000", "326600", "2" ], [ "0.0033000", "4600", "1" ], [ "0.0036000", "5500", "1" ], [ "0.0039000", "4700", "1" ], [ "0.0040000", "63700", "4" ], [ "0.0043900", "136800", "1" ], [ "0.0044890", "3700", "1" ], [ "0.0050000", "10200", "2" ], [ "0.0053000", "19200", "1" ], [ "0.0098000", "500200", "1" ], [ "0.0100000", "310000", "1" ], [ "0.0110000", "2200", "1" ] ],
      "t" : 1756460746212
    } ],
    "instrument_name" : "DIP_USD"
  }
}