{
  "id" : -1,
  "method" : "public/get-book",
  "code" : 0,
  "result" : {
    "depth" : 50,
    "data" : [ {
      "bids" : [ [ "0.213553", "237", "1" ], [ "0.213538", "7002", "2" ], [ "0.213537", "702", "1" ], [ "0.213525", "1442", "1" ], [ "0.213524", "500", "1" ], [ "0.213520", "8334", "1" ], [ "0.213519", "27779", "1" ], [ "0.213503", "1442", "1" ], [ "0.213494", "44340", "2" ], [ "0.213493", "29687", "1" ], [ "0.213492", "121824", "1" ], [ "0.213480", "9", "1" ], [ "0.213479", "2855", "1" ], [ "0.213476", "1442", "1" ], [ "0.213475", "23600", "1" ], [ "0.213474", "78666", "1" ], [ "0.213467", "9364", "1" ], [ "0.213462", "3512", "1" ], [ "0.213461", "11708", "1" ], [ "0.213454", "6081", "1" ], [ "0.213453", "1442", "1" ], [ "0.213450", "18829", "1" ], [ "0.213432", "2291", "1" ], [ "0.213431", "1442", "1" ], [ "0.213430", "15178", "1" ], [ "0.213429", "50593", "1" ], [ "0.213411", "13438", "2" ], [ "0.213410", "37126", "2" ], [ "0.213408", "14071", "1" ], [ "0.213405", "2313", "1" ], [ "0.213403", "500", "1" ], [ "0.213402", "11711", "1" ], [ "0.213401", "1442", "1" ], [ "0.213377", "13434", "2" ], [ "0.213376", "23564", "1" ], [ "0.213373", "500", "1" ], [ "0.213368", "1097", "1" ], [ "0.213367", "14071", "1" ], [ "0.213366", "1442", "1" ], [ "0.213344", "2354", "1" ], [ "0.213343", "500", "1" ], [ "0.213342", "1442", "1" ], [ "0.213333", "18829", "1" ], [ "0.213330", "23564", "1" ], [ "0.213328", "27776", "1" ], [ "0.213325", "14071", "1" ], [ "0.213324", "13562", "1" ], [ "0.213311", "1442", "1" ], [ "0.213310", "5456", "1" ], [ "0.213307", "810", "1" ] ],
      "asks" : [ [ "0.213559", "1442", "1" ], [ "0.213580", "54", "1" ], [ "0.213581", "702", "1" ], [ "0.213591", "1442", "1" ], [ "0.213598", "6", "1" ], [ "0.213601", "8853", "1" ], [ "0.213602", "28808", "1" ], [ "0.213615", "1442", "1" ], [ "0.213616", "585", "1" ], [ "0.213626", "15579", "1" ], [ "0.213627", "14071", "1" ], [ "0.213628", "31264", "1" ], [ "0.213629", "6594", "1" ], [ "0.213637", "500", "1" ], [ "0.213639", "1442", "1" ], [ "0.213666", "9023", "1" ], [ "0.213667", "12208", "2" ], [ "0.213669", "2354", "1" ], [ "0.213671", "14071", "1" ], [ "0.213673", "1442", "1" ], [ "0.213684", "3799", "2" ], [ "0.213685", "13562", "1" ], [ "0.213691", "1290", "1" ], [ "0.213692", "2357", "1" ], [ "0.213695", "1442", "1" ], [ "0.213697", "500", "1" ], [ "0.213717", "1442", "1" ], [ "0.213727", "500", "1" ], [ "0.213729", "4221", "1" ], [ "0.213730", "14071", "1" ], [ "0.213742", "1442", "1" ], [ "0.213743", "15327", "1" ], [ "0.213744", "50593", "1" ], [ "0.213748", "834", "1" ], [ "0.213749", "3722", "2" ], [ "0.213753", "2354", "1" ], [ "0.213760", "4221", "1" ], [ "0.213761", "14071", "1" ], [ "0.213764", "1442", "1" ], [ "0.213768", "500", "1" ], [ "0.213786", "4782", "1" ], [ "0.213787", "13562", "1" ], [ "0.213789", "2378", "2" ], [ "0.213793", "4209", "1" ], [ "0.213798", "968", "2" ], [ "0.213813", "78666", "1" ], [ "0.213814", "14071", "1" ], [ "0.213816", "18829", "1" ], [ "0.213817", "1442", "1" ], [ "0.213825", "18829", "1" ] ],
      "t" : 1756460757104
    } ],
    "instrument_name" : "DOGE_USD"
  }
}