{
  "id" : -1,
  "method" : "public/get-book",
  "code" : 0,
  "result" : {
    "depth" : 50,
    "data" : [ {
      "bids" : [ [ "0.213685", "10", "1" ], [ "0.213675", "3160", "4" ], [ "0.213663", "1340", "1" ], [ "0.213660", "1000", "1" ], [ "0.213655", "1000", "1" ], [ "0.213654", "200", "1" ], [ "0.213640", "2570", "1" ], [ "0.213639", "7210", "1" ], [ "0.213634", "1340", "1" ], [ "0.213631", "2250", "1" ], [ "0.213630", "7500", "1" ], [ "0.213611", "1360", "1" ], [ "0.213582", "4600", "1" ], [ "0.213581", "13970", "1" ], [ "0.213579", "1360", "1" ], [ "0.213567", "83580", "3" ], [ "0.213566", "146490", "1" ], [ "0.213557", "860", "1" ], [ "0.213554", "2660", "1" ], [ "0.213553", "7500", "1" ], [ "0.213550", "1360", "1" ], [ "0.213549", "10", "1" ], [ "0.213540", "12640", "1" ], [ "0.213539", "42140", "1" ], [ "0.213530", "11210", "1" ], [ "0.213529", "23560", "1" ], [ "0.213527", "11730", "1" ], [ "0.213521", "1360", "1" ], [ "0.213504", "53150", "1" ], [ "0.213503", "140500", "1" ], [ "0.213502", "23560", "1" ], [ "0.213500", "11730", "1" ], [ "0.213499", "1360", "1" ], [ "0.213496", "2720", "1" ], [ "0.213495", "7730", "2" ], [ "0.213467", "4150", "2" ], [ "0.213466", "9380", "1" ], [ "0.213461", "10590", "1" ], [ "0.213460", "23560", "1" ], [ "0.213459", "11730", "1" ], [ "0.213443", "1340", "1" ], [ "0.213420", "7500", "1" ], [ "0.213414", "23560", "1" ], [ "0.213410", "10", "1" ], [ "0.213372", "1380", "1" ], [ "0.213352", "4240", "3" ], [ "0.213347", "8880", "2" ], [ "0.213332", "1466550", "1" ], [ "0.213323", "230", "1" ], [ "0.213317", "1390", "1" ] ],
      "asks" : [ [ "0.213686", "1310", "1" ], [ "0.213707", "10", "1" ], [ "0.213708", "500", "1" ], [ "0.213716", "430", "1" ], [ "0.213717", "1340", "1" ], [ "0.213735", "1000", "1" ], [ "0.213738", "200", "1" ], [ "0.213740", "1000", "1" ], [ "0.213747", "1350", "1" ], [ "0.213754", "7480", "1" ], [ "0.213758", "7210", "1" ], [ "0.213759", "200", "1" ], [ "0.213761", "11730", "1" ], [ "0.213763", "2670", "1" ], [ "0.213768", "7500", "1" ], [ "0.213769", "1390", "1" ], [ "0.213772", "2330", "1" ], [ "0.213780", "2000", "1" ], [ "0.213789", "3520", "1" ], [ "0.213790", "11730", "1" ], [ "0.213813", "1390", "1" ], [ "0.213822", "5490", "2" ], [ "0.213823", "7500", "1" ], [ "0.213824", "11730", "1" ], [ "0.213835", "1340", "1" ], [ "0.213837", "850", "1" ], [ "0.213846", "700", "1" ], [ "0.213852", "3920", "1" ], [ "0.213853", "11730", "1" ], [ "0.213857", "1350", "1" ], [ "0.213864", "10", "1" ], [ "0.213879", "1360", "1" ], [ "0.213895", "5770", "2" ], [ "0.213896", "7500", "1" ], [ "0.213897", "2360", "1" ], [ "0.213901", "1390", "1" ], [ "0.213905", "9380", "1" ], [ "0.213920", "690", "2" ], [ "0.213921", "47420", "1" ], [ "0.213922", "156700", "1" ], [ "0.213923", "1360", "1" ], [ "0.213943", "43510", "2" ], [ "0.213944", "140500", "1" ], [ "0.213945", "1390", "1" ], [ "0.213967", "1340", "1" ], [ "0.213976", "2360", "1" ], [ "0.213982", "7500", "1" ], [ "0.213989", "1340", "1" ], [ "0.214011", "1590", "2" ], [ "0.214033", "1360", "1" ] ],
      "t" : 1756460763436
    } ],
    "instrument_name" : "DOGEUSD-PERP"
  }
}