{
  "id" : -1,
  "method" : "public/get-book",
  "code" : 0,
  "result" : {
    "depth" : 50,
    "data" : [ {
      "bids" : [ [ "0.182896", "6", "1" ], [ "0.182885", "281", "1" ], [ "0.182696", "71", "1" ], [ "0.182108", "2300", "1" ], [ "0.182107", "1267", "1" ], [ "0.182070", "127", "1" ], [ "0.181764", "408", "2" ], [ "0.181458", "408", "2" ], [ "0.181152", "937", "2" ], [ "0.181052", "19", "1" ], [ "0.180986", "19", "1" ], [ "0.180846", "1192", "2" ], [ "0.180540", "937", "1" ], [ "0.179596", "234805", "1" ], [ "0.173711", "5", "1" ], [ "0.173544", "20", "1" ], [ "0.171702", "493", "1" ], [ "0.171701", "90", "1" ], [ "0.171633", "93", "1" ], [ "0.171556", "104", "2" ], [ "0.171479", "93", "1" ], [ "0.170000", "25", "1" ], [ "0.154849", "322", "1" ], [ "0.146229", "659", "1" ], [ "0.145160", "3314", "1" ], [ "0.145100", "104", "1" ], [ "0.141833", "282", "1" ], [ "0.141340", "9626", "2" ], [ "0.140000", "1021", "1" ], [ "0.137520", "16800", "2" ], [ "0.133700", "2996", "1" ], [ "0.129880", "10250", "1" ], [ "0.128139", "118", "1" ], [ "0.127464", "313", "1" ], [ "0.120000", "12", "1" ], [ "0.111025", "18", "1" ], [ "0.090342", "231", "1" ], [ "0.084584", "24", "1" ], [ "0.083000", "250", "1" ] ],
      "asks" : [ [ "0.182931", "9", "1" ], [ "0.183020", "6", "1" ], [ "0.183043", "9", "1" ], [ "0.183259", "61", "1" ], [ "0.183264", "90", "1" ], [ "0.183337", "94", "1" ], [ "0.183414", "94", "1" ], [ "0.183491", "94", "1" ], [ "0.183834", "2043", "1" ], [ "0.183835", "1267", "1" ], [ "0.183906", "139", "1" ], [ "0.184212", "384", "2" ], [ "0.184518", "384", "1" ], [ "0.184717", "19", "1" ], [ "0.184785", "19", "1" ], [ "0.184823", "2325", "1" ], [ "0.184824", "1163", "2" ], [ "0.185130", "922", "1" ], [ "0.185436", "1459", "1" ], [ "0.186306", "234805", "1" ], [ "0.191785", "20", "1" ], [ "0.192000", "1345", "2" ], [ "0.193800", "1216", "1" ], [ "0.194000", "1359", "1" ], [ "0.196230", "1210", "1" ], [ "0.197300", "1194", "1" ], [ "0.198500", "1194", "1" ], [ "0.204031", "497", "1" ], [ "0.205000", "525", "1" ], [ "0.207540", "490", "1" ], [ "0.210000", "25", "1" ], [ "0.211048", "481", "1" ], [ "0.214555", "472", "1" ], [ "0.218064", "466", "1" ], [ "0.219494", "659", "1" ], [ "0.220000", "524", "2" ], [ "0.221560", "2311", "1" ], [ "0.221571", "458", "1" ], [ "0.225080", "451", "1" ], [ "0.225380", "6803", "2" ], [ "0.228588", "444", "1" ], [ "0.229200", "6803", "2" ], [ "0.230000", "603", "2" ], [ "0.232100", "437", "1" ], [ "0.233020", "2015", "1" ], [ "0.235000", "1910", "1" ], [ "0.235608", "429", "1" ], [ "0.236840", "6433", "2" ], [ "0.239115", "423", "1" ], [ "0.240000", "94051", "2" ] ],
      "t" : 1756460753515
    } ],
    "instrument_name" : "DOGE_EUR"
  }
}