{
  "id" : -1,
  "method" : "public/get-book",
  "code" : 0,
  "result" : {
    "depth" : 50,
    "data" : [ {
      "bids" : [ [ "0.0000019409", "818", "1" ], [ "0.0000019407", "60055", "1" ], [ "0.0000019403", "810", "1" ], [ "0.0000019392", "2383", "1" ], [ "0.0000019282", "2161", "1" ], [ "0.0000019281", "15038", "1" ], [ "0.0000019279", "12596", "1" ], [ "0.0000019277", "3832", "2" ], [ "0.0000019258", "540499", "1" ], [ "0.0000019250", "30", "1" ], [ "0.0000019243", "19", "1" ], [ "0.0000019242", "633", "1" ], [ "0.0000019240", "727", "1" ], [ "0.0000019239", "120", "1" ], [ "0.0000019233", "19", "1" ], [ "0.0000019204", "1267", "1" ], [ "0.0000019184", "156", "1" ], [ "0.0000019166", "773", "1" ], [ "0.0000019096", "409", "1" ], [ "0.0000019092", "814", "1" ], [ "0.0000019078", "2348048", "1" ], [ "0.0000019008", "699", "1" ], [ "0.0000019004", "600554", "1" ], [ "0.0000018971", "120", "1" ], [ "0.0000018920", "960", "1" ], [ "0.0000018832", "1205", "2" ], [ "0.0000018750", "27", "1" ], [ "0.0000018744", "1489", "2" ], [ "0.0000018703", "120", "1" ], [ "0.0000018581", "30", "1" ], [ "0.0000018500", "20", "1" ], [ "0.0000018435", "120", "1" ], [ "0.0000018250", "20", "1" ], [ "0.0000018167", "120", "1" ], [ "0.0000018000", "564", "4" ], [ "0.0000017899", "120", "1" ], [ "0.0000017750", "18", "1" ], [ "0.0000017631", "120", "1" ], [ "0.0000017500", "39", "2" ], [ "0.0000017363", "120", "1" ], [ "0.0000017250", "37", "1" ], [ "0.0000017095", "120", "1" ], [ "0.0000017000", "76", "1" ], [ "0.0000016942", "504", "1" ], [ "0.0000016827", "120", "1" ], [ "0.0000016750", "200", "1" ], [ "0.0000016645", "100", "1" ], [ "0.0000016559", "120", "1" ], [ "0.0000016500", "97", "2" ], [ "0.0000016425", "50", "1" ] ],
      "asks" : [ [ "0.0000019448", "9", "1" ], [ "0.0000019459", "12886", "2" ], [ "0.0000019460", "60055", "1" ], [ "0.0000019474", "2308", "1" ], [ "0.0000019607", "19", "1" ], [ "0.0000019608", "7746", "2" ], [ "0.0000019625", "633", "1" ], [ "0.0000019660", "540499", "1" ], [ "0.0000019663", "1267", "1" ], [ "0.0000019684", "616", "1" ], [ "0.0000019712", "111", "1" ], [ "0.0000019758", "695", "1" ], [ "0.0000019775", "120", "1" ], [ "0.0000019778", "2348048", "1" ], [ "0.0000019793", "600554", "1" ], [ "0.0000019800", "373", "1" ], [ "0.0000019832", "817", "1" ], [ "0.0000019888", "668", "1" ], [ "0.0000019976", "895", "2" ], [ "0.0000020043", "120", "1" ], [ "0.0000020064", "1175", "2" ], [ "0.0000020152", "1395", "2" ], [ "0.0000020250", "20", "1" ], [ "0.0000020311", "120", "1" ], [ "0.0000020500", "20", "1" ], [ "0.0000020579", "120", "1" ], [ "0.0000020750", "20", "1" ], [ "0.0000020847", "120", "1" ], [ "0.0000021000", "19", "1" ], [ "0.0000021115", "120", "1" ], [ "0.0000021250", "18", "1" ], [ "0.0000021345", "88", "1" ], [ "0.0000021383", "120", "1" ], [ "0.0000021500", "24", "2" ], [ "0.0000021651", "120", "1" ], [ "0.0000021750", "20", "1" ], [ "0.0000021919", "120", "1" ], [ "0.0000022000", "30", "2" ], [ "0.0000022187", "120", "1" ], [ "0.0000022200", "25", "1" ], [ "0.0000022245", "27", "1" ], [ "0.0000022250", "25", "1" ], [ "0.0000022455", "120", "1" ], [ "0.0000022500", "26", "1" ], [ "0.0000022723", "120", "1" ], [ "0.0000022750", "40", "2" ], [ "0.0000022848", "42", "1" ], [ "0.0000022896", "238", "1" ], [ "0.0000022991", "120", "1" ], [ "0.0000023000", "20", "1" ] ],
      "t" : 1756460749661
    } ],
    "instrument_name" : "DOGE_BTC"
  }
}