{
  "id" : -1,
  "method" : "public/get-book",
  "code" : 0,
  "result" : {
    "depth" : 50,
    "data" : [ {
      "bids" : [ [ "0.213547", "454", "2" ], [ "0.213519", "1923", "1" ], [ "0.213518", "936", "1" ], [ "0.213514", "8375", "1" ], [ "0.213513", "27917", "1" ], [ "0.213509", "2405", "1" ], [ "0.213502", "5274", "1" ], [ "0.213501", "819", "1" ], [ "0.213497", "1923", "1" ], [ "0.213483", "500", "1" ], [ "0.213480", "1343", "1" ], [ "0.213479", "4476", "1" ], [ "0.213474", "40295", "2" ], [ "0.213473", "121834", "1" ], [ "0.213472", "1923", "1" ], [ "0.213453", "500", "1" ], [ "0.213450", "1980", "1" ], [ "0.213436", "28245", "1" ], [ "0.213435", "78666", "1" ], [ "0.213433", "2354", "1" ], [ "0.213432", "1923", "1" ], [ "0.213423", "500", "1" ], [ "0.213402", "1923", "1" ], [ "0.213394", "8189", "1" ], [ "0.213392", "14038", "1" ], [ "0.213391", "2300", "1" ], [ "0.213389", "13129", "1" ], [ "0.213383", "500", "1" ], [ "0.213376", "3405", "1" ], [ "0.213375", "11349", "2" ], [ "0.213352", "500", "1" ], [ "0.213349", "13122", "1" ], [ "0.213348", "11780", "2" ], [ "0.213347", "18831", "1" ], [ "0.213346", "13129", "1" ], [ "0.213345", "50597", "1" ], [ "0.213335", "1923", "1" ], [ "0.213328", "4386", "1" ], [ "0.213322", "500", "1" ], [ "0.213305", "27167", "2" ], [ "0.213303", "1923", "1" ], [ "0.213292", "500", "1" ], [ "0.213291", "9426", "1" ], [ "0.213287", "936", "1" ], [ "0.213275", "60055", "1" ], [ "0.213270", "4264", "1" ], [ "0.213266", "476096", "3" ], [ "0.213265", "1923", "1" ], [ "0.213260", "810", "1" ], [ "0.213257", "9426", "1" ] ],
      "asks" : [ [ "0.213553", "1170", "1" ], [ "0.213566", "942", "2" ], [ "0.213567", "432", "1" ], [ "0.213570", "448", "1" ], [ "0.213588", "14093", "2" ], [ "0.213589", "13129", "1" ], [ "0.213591", "1923", "1" ], [ "0.213593", "5275", "1" ], [ "0.213595", "29190", "1" ], [ "0.213612", "1264", "1" ], [ "0.213613", "4214", "2" ], [ "0.213620", "9874", "1" ], [ "0.213628", "13129", "1" ], [ "0.213629", "1923", "1" ], [ "0.213631", "14038", "1" ], [ "0.213636", "500", "1" ], [ "0.213651", "6399", "2" ], [ "0.213664", "300", "1" ], [ "0.213665", "1271", "1" ], [ "0.213666", "2313", "1" ], [ "0.213673", "1923", "1" ], [ "0.213686", "3939", "1" ], [ "0.213687", "13129", "1" ], [ "0.213702", "9137", "2" ], [ "0.213703", "50593", "1" ], [ "0.213706", "500", "1" ], [ "0.213711", "11708", "1" ], [ "0.213714", "13129", "1" ], [ "0.213715", "2354", "1" ], [ "0.213716", "18831", "1" ], [ "0.213721", "14038", "1" ], [ "0.213724", "1923", "1" ], [ "0.213734", "3780", "1" ], [ "0.213736", "500", "1" ], [ "0.213737", "78666", "1" ], [ "0.213740", "18831", "1" ], [ "0.213743", "3708", "1" ], [ "0.213746", "1923", "1" ], [ "0.213752", "2354", "1" ], [ "0.213765", "500", "1" ], [ "0.213768", "1923", "1" ], [ "0.213773", "14065", "2" ], [ "0.213774", "7884", "1" ], [ "0.213775", "468", "1" ], [ "0.213790", "1923", "1" ], [ "0.213806", "500", "1" ], [ "0.213807", "132092", "1" ], [ "0.213809", "2354", "1" ], [ "0.213810", "60055", "1" ], [ "0.213818", "1923", "1" ] ],
      "t" : 1756460760037
    } ],
    "instrument_name" : "DOGE_USDT"
  }
}