{
  "id" : -1,
  "method" : "public/get-book",
  "code" : 0,
  "result" : {
    "depth" : 50,
    "data" : [ {
      "bids" : [ [ "0.0001334", "2130600", "2" ], [ "0.0001333", "4977400", "1" ], [ "0.0001331", "3407300", "1" ], [ "0.0001330", "11357500", "2" ], [ "0.0001326", "710900", "1" ], [ "0.0001325", "7648600", "2" ], [ "0.0001320", "17215600", "3" ], [ "0.0001315", "12238200", "2" ], [ "0.0001310", "27214200", "3" ], [ "0.0001305", "27214200", "3" ], [ "0.0001300", "27214200", "2" ], [ "0.0001200", "833300", "1" ], [ "0.0001071", "882100", "1" ], [ "0.0001044", "5432500", "1" ], [ "0.0001015", "13832700", "1" ], [ "0.0001000", "150000", "1" ], [ "0.0000986", "22317100", "1" ], [ "0.0000957", "44833700", "1" ], [ "0.0000928", "145257900", "1" ] ],
      "asks" : [ [ "0.0001347", "4977400", "1" ], [ "0.0001348", "1914000", "1" ], [ "0.0001349", "8030100", "2" ], [ "0.0001350", "8420500", "2" ], [ "0.0001355", "15413000", "2" ], [ "0.0001360", "30851200", "2" ], [ "0.0001365", "33977300", "1" ], [ "0.0001370", "40492800", "1" ], [ "0.0001375", "40492800", "1" ], [ "0.0001400", "411400", "1" ], [ "0.0001609", "882100", "1" ], [ "0.0001624", "2648200", "1" ], [ "0.0001653", "8868700", "2" ], [ "0.0001682", "8868700", "2" ], [ "0.0001711", "29368700", "3" ], [ "0.0001740", "84781200", "1" ], [ "0.0001800", "35000", "1" ], [ "0.0002290", "29800", "1" ], [ "0.0002500", "803800", "1" ], [ "0.0002600", "77100", "1" ], [ "0.0002910", "68800", "1" ], [ "0.0003000", "219500", "1" ], [ "0.0003500", "32400", "1" ], [ "0.0004400", "168800", "1" ], [ "0.0004577", "102700", "1" ], [ "0.0004627", "101600", "1" ], [ "0.0004677", "100500", "1" ], [ "0.0004729", "99400", "1" ], [ "0.0004780", "98300", "1" ], [ "0.0004830", "97200", "1" ], [ "0.0004880", "96200", "1" ], [ "0.0004931", "95200", "1" ], [ "0.0004981", "94200", "1" ], [ "0.0004988", "16700", "1" ], [ "0.0005031", "93300", "1" ], [ "0.0005081", "92300", "1" ], [ "0.0005132", "91400", "1" ], [ "0.0005182", "90500", "1" ], [ "0.0005232", "89600", "1" ], [ "0.0005282", "88700", "1" ], [ "0.0005333", "87900", "1" ], [ "0.0005383", "87000", "1" ], [ "0.0005400", "2062500", "1" ], [ "0.0005433", "86200", "1" ], [ "0.0005483", "85400", "1" ], [ "0.0005534", "84600", "1" ], [ "0.0005584", "83800", "1" ], [ "0.0005634", "83100", "1" ], [ "0.0005684", "82300", "1" ], [ "0.0005735", "73900", "1" ] ],
      "t" : 1756460752048
    } ],
    "instrument_name" : "DOGS_USD"
  }
}