{
  "id" : -1,
  "method" : "public/get-book",
  "code" : 0,
  "result" : {
    "depth" : 50,
    "data" : [ {
      "bids" : [ [ "0.0001339", "2000", "2" ], [ "0.0001338", "1494000", "1" ], [ "0.0001337", "373000", "1" ], [ "0.0001336", "374000", "1" ], [ "0.0001335", "374000", "1" ], [ "0.0001334", "8984000", "2" ], [ "0.0001333", "7111000", "2" ], [ "0.0001332", "10071000", "3" ], [ "0.0001331", "2065000", "2" ], [ "0.0001330", "2066000", "2" ], [ "0.0001329", "1128000", "1" ], [ "0.0001328", "1129000", "1" ], [ "0.0001327", "1130000", "1" ], [ "0.0001217", "1033000", "1" ] ],
      "asks" : [ [ "0.0001341", "2000", "2" ], [ "0.0001343", "638000", "1" ], [ "0.0001344", "1860000", "2" ], [ "0.0001345", "371000", "1" ], [ "0.0001346", "371000", "1" ], [ "0.0001347", "370000", "1" ], [ "0.0001348", "8007000", "1" ], [ "0.0001349", "926000", "1" ], [ "0.0001350", "10758000", "3" ], [ "0.0001351", "2035000", "2" ], [ "0.0001352", "2033000", "2" ], [ "0.0001353", "1108000", "1" ], [ "0.0001354", "1107000", "1" ], [ "0.0001355", "1107000", "1" ], [ "0.0001475", "1033000", "1" ] ],
      "t" : 1756460769532
    } ],
    "instrument_name" : "DOGSUSD-PERP"
  }
}