{
  "id" : -1,
  "method" : "public/get-book",
  "code" : 0,
  "result" : {
    "depth" : 50,
    "data" : [ {
      "bids" : [ [ "0.002949", "100", "1" ], [ "0.002948", "3300", "1" ], [ "0.002942", "16900", "1" ], [ "0.002941", "17000", "1" ], [ "0.002940", "17000", "1" ], [ "0.002939", "14000", "1" ], [ "0.002931", "181200", "2" ], [ "0.002930", "42600", "1" ], [ "0.002929", "42600", "1" ], [ "0.002928", "42600", "1" ], [ "0.002926", "207200", "2" ], [ "0.002925", "316800", "1" ], [ "0.002924", "59900", "2" ], [ "0.002922", "51300", "1" ], [ "0.002920", "121300", "5" ], [ "0.002918", "51400", "1" ], [ "0.002916", "63400", "3" ], [ "0.002914", "51400", "1" ], [ "0.002912", "35500", "4" ], [ "0.002908", "11600", "1" ], [ "0.002904", "53600", "2" ], [ "0.002896", "73700", "2" ], [ "0.002888", "96700", "2" ], [ "0.002880", "131800", "1" ], [ "0.002347", "58400", "1" ], [ "0.002294", "105000", "1" ], [ "0.002232", "336300", "1" ], [ "0.002170", "580800", "1" ], [ "0.002108", "797600", "1" ], [ "0.002046", "1035100", "1" ], [ "0.001984", "1297900", "1" ] ],
      "asks" : [ [ "0.002950", "100", "1" ], [ "0.002952", "3300", "1" ], [ "0.002957", "75300", "2" ], [ "0.002958", "16900", "1" ], [ "0.002959", "16800", "1" ], [ "0.002960", "43700", "2" ], [ "0.002961", "58400", "1" ], [ "0.002964", "9600", "2" ], [ "0.002967", "42100", "1" ], [ "0.002968", "97500", "4" ], [ "0.002969", "42100", "1" ], [ "0.002970", "42000", "1" ], [ "0.002972", "9500", "1" ], [ "0.002974", "50400", "1" ], [ "0.002976", "142200", "4" ], [ "0.002978", "50300", "1" ], [ "0.002980", "64000", "2" ], [ "0.002982", "50300", "1" ], [ "0.002984", "149800", "3" ], [ "0.002992", "128500", "2" ], [ "0.003532", "58400", "1" ], [ "0.003534", "131100", "1" ], [ "0.003596", "367200", "1" ], [ "0.003658", "582400", "1" ], [ "0.003720", "802200", "1" ], [ "0.003782", "1057500", "1" ], [ "0.003844", "1291900", "1" ] ],
      "t" : 1756460778079
    } ],
    "instrument_name" : "DOODUSD-PERP"
  }
}