{
  "id" : -1,
  "method" : "public/get-book",
  "code" : 0,
  "result" : {
    "depth" : 50,
    "data" : [ {
      "bids" : [ [ "0.002929", "222870", "1" ], [ "0.002928", "195240", "1" ], [ "0.002925", "561020", "3" ], [ "0.002922", "278500", "1" ], [ "0.002920", "101450", "1" ], [ "0.002915", "382320", "1" ], [ "0.002911", "8520", "1" ], [ "0.002910", "604200", "2" ], [ "0.002905", "899140", "3" ], [ "0.002900", "1121020", "2" ], [ "0.002895", "1375650", "1" ], [ "0.002753", "1910", "1" ], [ "0.002752", "40950", "1" ], [ "0.002500", "19900", "1" ], [ "0.002347", "10410", "1" ], [ "0.002331", "63940", "1" ], [ "0.002268", "167600", "1" ], [ "0.002205", "279970", "1" ], [ "0.002142", "3000340", "1" ], [ "0.002079", "7624160", "1" ] ],
      "asks" : [ [ "0.002953", "285270", "1" ], [ "0.002955", "139470", "1" ], [ "0.002960", "389390", "1" ], [ "0.002964", "222870", "1" ], [ "0.002965", "607500", "1" ], [ "0.002967", "232050", "1" ], [ "0.002970", "1363630", "2" ], [ "0.002973", "263980", "1" ], [ "0.002975", "1371240", "1" ], [ "0.002980", "1371240", "1" ], [ "0.003533", "10410", "1" ], [ "0.003591", "28190", "2" ], [ "0.003654", "106150", "2" ], [ "0.003717", "106150", "2" ], [ "0.003780", "1559880", "3" ], [ "0.003843", "4082610", "1" ], [ "0.004000", "572190", "2" ], [ "0.005000", "112560", "2" ], [ "0.005332", "950", "1" ], [ "0.005500", "15170", "1" ], [ "0.005750", "32000", "1" ], [ "0.006000", "6000", "1" ], [ "0.006363", "500810", "1" ], [ "0.007212", "2480", "1" ], [ "0.007373", "500810", "1" ], [ "0.007500", "275400", "3" ], [ "0.007898", "2180", "1" ], [ "0.007945", "130", "1" ], [ "0.008300", "18130", "1" ], [ "0.008580", "3980", "1" ], [ "0.009000", "36760", "1" ], [ "0.009900", "1300", "1" ], [ "0.010000", "18750", "2" ], [ "0.012000", "14040", "2" ], [ "0.015000", "5530", "1" ], [ "0.016000", "13840", "1" ], [ "0.019000", "59850", "1" ], [ "0.020000", "18700", "1" ], [ "0.025000", "2760", "1" ], [ "0.030000", "4000", "1" ] ],
      "t" : 1756460774442
    } ],
    "instrument_name" : "DOOD_USD"
  }
}