{
  "id" : -1,
  "method" : "public/get-book",
  "code" : 0,
  "result" : {
    "depth" : 50,
    "data" : [ {
      "bids" : [ [ "0.60305", "3066.9", "1" ], [ "0.59211", "1061.8", "1" ], [ "0.59202", "908.8", "1" ], [ "0.59103", "1118.4", "1" ], [ "0.59004", "1096.4", "1" ], [ "0.58997", "77.5", "1" ], [ "0.58408", "500.4", "1" ], [ "0.58407", "1357.2", "1" ], [ "0.58308", "714.9", "1" ], [ "0.58263", "81.9", "1" ], [ "0.58195", "2415.6", "1" ], [ "0.58169", "104.8", "1" ], [ "0.58082", "5570.7", "1" ], [ "0.57969", "7216.9", "1" ], [ "0.57856", "8950.5", "1" ], [ "0.57743", "8950.5", "1" ], [ "0.57156", "17.1", "1" ], [ "0.56704", "20.9", "1" ], [ "0.55994", "21.8", "1" ], [ "0.55933", "19.4", "1" ], [ "0.55763", "58.5", "1" ], [ "0.55762", "43.6", "2" ], [ "0.53853", "19.7", "1" ], [ "0.48340", "184.4", "1" ], [ "0.47736", "1087.1", "1" ], [ "0.46410", "2798.1", "1" ], [ "0.45084", "4637.9", "1" ], [ "0.43758", "13426.8", "1" ], [ "0.42432", "40853.3", "1" ] ],
      "asks" : [ [ "0.60794", "3066.9", "1" ], [ "0.60884", "707.9", "1" ], [ "0.62020", "1061.8", "1" ], [ "0.62073", "1068.5", "1" ], [ "0.62172", "1196.2", "1" ], [ "0.62271", "1467.0", "1" ], [ "0.62575", "1357.2", "1" ], [ "0.62602", "754.6", "1" ], [ "0.62715", "2232.5", "2" ], [ "0.62828", "3858.2", "2" ], [ "0.62941", "3858.2", "1" ], [ "0.63054", "5722.0", "1" ], [ "0.63167", "7150.7", "1" ], [ "0.63391", "88.2", "1" ], [ "0.68971", "25.6", "1" ], [ "0.70000", "1.4", "1" ], [ "0.71500", "795.7", "1" ], [ "0.71989", "8.6", "1" ], [ "0.72663", "184.4", "1" ], [ "0.72930", "600.6", "1" ], [ "0.74256", "1845.1", "2" ], [ "0.75582", "3083.3", "3" ], [ "0.76908", "6209.6", "4" ], [ "0.78234", "23185.2", "5" ], [ "0.90000", "30.0", "1" ], [ "1.20000", "30.0", "1" ], [ "1.50000", "28.0", "1" ] ],
      "t" : 1756460780688
    } ],
    "instrument_name" : "DRIFT_USD"
  }
}