{
  "id" : -1,
  "method" : "public/get-book",
  "code" : 0,
  "result" : {
    "depth" : 50,
    "data" : [ {
      "bids" : [ [ "0.00000009918", "2434000000", "1" ], [ "0.00000009917", "3233000000", "1" ], [ "0.00000009916", "14531000000", "1" ], [ "0.00000009808", "5538000000", "1" ], [ "0.00000009807", "6854000000", "1" ], [ "0.00000009776", "6497000000", "1" ], [ "0.00000009757", "8773000000", "1" ], [ "0.00000009747", "172966000000", "1" ], [ "0.00000009672", "12899000000", "2" ], [ "0.00000009568", "25268000000", "2" ], [ "0.00000009464", "28288000000", "2" ], [ "0.00000009360", "38463000000", "2" ], [ "0.00000009257", "133000000", "1" ], [ "0.00000009256", "38463000000", "1" ], [ "0.00000009153", "323000000", "2" ], [ "0.00000009152", "60003000000", "1" ], [ "0.00000009000", "1111000000", "1" ], [ "0.00000008501", "47000000", "1" ], [ "0.00000008000", "3000000", "1" ], [ "0.00000007920", "1236000000", "1" ], [ "0.00000007828", "5613000000", "1" ], [ "0.00000007622", "18209000000", "1" ], [ "0.00000007416", "31169000000", "1" ], [ "0.00000007210", "145775000000", "1" ], [ "0.00000007004", "463806000000", "1" ], [ "0.00000007000", "2797000000", "2" ] ],
      "asks" : [ [ "0.00000010026", "11749000000", "1" ], [ "0.00000010027", "1831000000", "1" ], [ "0.00000010028", "6854000000", "1" ], [ "0.00000010077", "1831000000", "1" ], [ "0.00000010078", "8773000000", "1" ], [ "0.00000010086", "172966000000", "1" ], [ "0.00000010088", "11288000000", "2" ], [ "0.00000010118", "175000000", "1" ], [ "0.00000010192", "20963000000", "3" ], [ "0.00000010296", "30779000000", "3" ], [ "0.00000010399", "143000000", "1" ], [ "0.00000010400", "34179000000", "2" ], [ "0.00000010503", "142000000", "1" ], [ "0.00000010504", "44473000000", "2" ], [ "0.00000010607", "339000000", "2" ], [ "0.00000010608", "44473000000", "2" ], [ "0.00000011000", "19000000", "1" ], [ "0.00000011200", "496000000", "1" ], [ "0.00000011919", "1236000000", "1" ], [ "0.00000011948", "3789000000", "1" ], [ "0.00000012154", "11989000000", "2" ], [ "0.00000012360", "20702000000", "3" ], [ "0.00000012500", "291000000", "1" ], [ "0.00000012566", "88644000000", "4" ], [ "0.00000012772", "258518000000", "5" ], [ "0.00000012873", "997000000", "1" ], [ "0.00000013000", "8197000000", "2" ], [ "0.00000013216", "74000000", "1" ], [ "0.00000013300", "3203000000", "1" ], [ "0.00000013333", "8000000", "1" ], [ "0.00000013500", "1481000000", "1" ], [ "0.00000014313", "90000000", "1" ], [ "0.00000014361", "33000000", "1" ], [ "0.00000014500", "817000000", "1" ], [ "0.00000014700", "2726000000", "1" ], [ "0.00000014707", "69000000", "1" ], [ "0.00000015000", "10418000000", "2" ], [ "0.00000015256", "344000000", "1" ], [ "0.00000015500", "209000000", "1" ], [ "0.00000015746", "49000000", "1" ], [ "0.00000015762", "61000000", "1" ], [ "0.00000015842", "393000000", "1" ], [ "0.00000016119", "59000000", "1" ], [ "0.00000016477", "58000000", "1" ], [ "0.00000016838", "56000000", "1" ], [ "0.00000017270", "384000000", "1" ], [ "0.00000017291", "26000000", "1" ], [ "0.00000017343", "56000000", "1" ], [ "0.00000017637", "68000000", "1" ], [ "0.00000017913", "813000000", "1" ] ],
      "t" : 1756460835830
    } ],
    "instrument_name" : "ELON_USD"
  }
}