{
  "id" : -1,
  "method" : "public/get-book",
  "code" : 0,
  "result" : {
    "depth" : 50,
    "data" : [ {
      "bids" : [ [ "0.64904", "1.9", "1" ], [ "0.64875", "620.9", "1" ], [ "0.64855", "1759.8", "1" ], [ "0.64854", "1123.7", "1" ], [ "0.64850", "2349.3", "1" ], [ "0.64840", "16645.3", "1" ], [ "0.64835", "385.2", "1" ], [ "0.64825", "2349.3", "1" ], [ "0.64800", "2170.6", "1" ], [ "0.64779", "3023.1", "1" ], [ "0.64759", "16645.0", "1" ], [ "0.64711", "2246.2", "1" ], [ "0.64680", "909.9", "1" ], [ "0.64592", "3402.0", "2" ], [ "0.64580", "144508.7", "1" ], [ "0.64504", "3402.0", "1" ], [ "0.64416", "7446.1", "1" ], [ "0.64328", "9979.1", "1" ], [ "0.63727", "261.0", "1" ], [ "0.63726", "314795.4", "1" ], [ "0.63460", "28.8", "1" ], [ "0.62926", "11.3", "1" ], [ "0.62898", "15898.8", "1" ], [ "0.62826", "9.9", "1" ], [ "0.61900", "29.5", "1" ], [ "0.61830", "234.7", "1" ], [ "0.60888", "16423.5", "1" ], [ "0.60560", "11.7", "1" ], [ "0.60500", "82.8", "1" ], [ "0.60341", "30.2", "1" ], [ "0.59448", "10.5", "1" ], [ "0.58782", "31.1", "1" ], [ "0.58196", "12.2", "1" ], [ "0.58000", "4000.0", "1" ], [ "0.57223", "31.9", "1" ], [ "0.56071", "11.1", "1" ], [ "0.55830", "12.7", "1" ], [ "0.55664", "32.8", "1" ], [ "0.54105", "33.7", "1" ], [ "0.53466", "13.3", "1" ], [ "0.52693", "11.8", "1" ], [ "0.52546", "34.7", "1" ], [ "0.51952", "200.6", "1" ], [ "0.51788", "6.4", "1" ], [ "0.51540", "2.9", "1" ], [ "0.51455", "980.5", "1" ], [ "0.51100", "13.9", "1" ], [ "0.50987", "35.8", "1" ], [ "0.50200", "3017.1", "2" ], [ "0.50075", "6.6", "1" ] ],
      "asks" : [ [ "0.64906", "1.9", "1" ], [ "0.64940", "1777.7", "1" ], [ "0.64946", "16645.3", "1" ], [ "0.64975", "1123.7", "1" ], [ "0.64991", "380.2", "1" ], [ "0.65000", "1679.5", "1" ], [ "0.65021", "16638.2", "1" ], [ "0.65025", "2238.1", "1" ], [ "0.65041", "3076.3", "1" ], [ "0.65050", "2238.1", "1" ], [ "0.65118", "2246.2", "1" ], [ "0.65120", "1257.1", "1" ], [ "0.65208", "3323.5", "2" ], [ "0.65230", "144508.7", "1" ], [ "0.65296", "3323.5", "1" ], [ "0.65384", "5191.8", "1" ], [ "0.65472", "9826.4", "1" ], [ "0.66064", "314795.4", "1" ], [ "0.66570", "118.9", "1" ], [ "0.66578", "28.1", "1" ], [ "0.67656", "10.9", "1" ], [ "0.68144", "27.4", "1" ], [ "0.69202", "85.8", "1" ], [ "0.69203", "57.4", "1" ], [ "0.69582", "9.4", "1" ], [ "0.70020", "10.5", "1" ], [ "0.71562", "55.4", "1" ], [ "0.72385", "10.2", "1" ], [ "0.72960", "8.8", "1" ], [ "0.73919", "53.6", "1" ], [ "0.74751", "9.8", "1" ], [ "0.76278", "51.9", "1" ], [ "0.76339", "8.5", "1" ], [ "0.77115", "9.5", "1" ], [ "0.77940", "200.6", "1" ], [ "0.78635", "50.3", "1" ], [ "0.79065", "735.0", "1" ], [ "0.79110", "10357.3", "1" ], [ "0.79481", "9.7", "1" ], [ "0.79717", "8.1", "1" ], [ "0.80320", "2012.3", "2" ], [ "0.80993", "48.8", "1" ], [ "0.81575", "3545.9", "3" ], [ "0.81859", "9.7", "1" ], [ "0.82000", "135.3", "1" ], [ "0.82830", "3545.9", "3" ], [ "0.83094", "7.8", "1" ], [ "0.83350", "47.3", "1" ], [ "0.84000", "700.5", "1" ], [ "0.84085", "9420.2", "1" ] ],
      "t" : 1756460842760
    } ],
    "instrument_name" : "ENA_USDT"
  }
}