{
  "id" : -1,
  "method" : "public/get-book",
  "code" : 0,
  "result" : {
    "depth" : 50,
    "data" : [ {
      "bids" : [ [ "0.64884", "1.9", "1" ], [ "0.64862", "1894.4", "1" ], [ "0.64833", "385.2", "1" ], [ "0.64825", "5815.4", "1" ], [ "0.64824", "17763.7", "2" ], [ "0.64800", "2658.1", "1" ], [ "0.64786", "3025.2", "1" ], [ "0.64775", "2209.7", "1" ], [ "0.64760", "16639.3", "1" ], [ "0.64750", "2209.7", "1" ], [ "0.64671", "2246.2", "1" ], [ "0.64600", "1016.7", "1" ], [ "0.64505", "3274.5", "1" ], [ "0.64410", "5352.2", "1" ], [ "0.64316", "216.7", "1" ], [ "0.64315", "9630.2", "1" ], [ "0.64220", "9630.2", "1" ], [ "0.64039", "37.5", "1" ], [ "0.63918", "5.4", "1" ], [ "0.63736", "314795.4", "1" ], [ "0.63537", "5.3", "1" ], [ "0.63500", "419.3", "1" ], [ "0.63303", "39.7", "1" ], [ "0.63158", "5.4", "1" ], [ "0.63000", "3174.6", "1" ], [ "0.62781", "5.3", "1" ], [ "0.62500", "3200.0", "1" ], [ "0.62407", "5.4", "1" ], [ "0.62280", "41.2", "1" ], [ "0.62258", "43.2", "1" ], [ "0.62000", "3225.8", "1" ], [ "0.60495", "43.2", "1" ], [ "0.59783", "43.2", "1" ], [ "0.59500", "415.0", "1" ], [ "0.59000", "78.2", "1" ], [ "0.58675", "42.6", "1" ], [ "0.56500", "619.4", "1" ], [ "0.55741", "44.8", "1" ], [ "0.55550", "231.7", "1" ], [ "0.55365", "30.4", "1" ], [ "0.55000", "181.8", "1" ], [ "0.53000", "698.7", "3" ], [ "0.52200", "957.8", "1" ], [ "0.51957", "200.6", "1" ], [ "0.51496", "905.3", "1" ], [ "0.50417", "15.0", "1" ], [ "0.50319", "49.6", "1" ], [ "0.50240", "2957.0", "2" ], [ "0.50000", "220.0", "2" ], [ "0.48984", "5022.4", "2" ] ],
      "asks" : [ [ "0.64895", "1.9", "1" ], [ "0.64946", "5815.4", "1" ], [ "0.64947", "16638.5", "1" ], [ "0.64965", "1123.7", "1" ], [ "0.64975", "2042.3", "1" ], [ "0.65000", "2042.3", "1" ], [ "0.65002", "16643.4", "1" ], [ "0.65008", "5.3", "1" ], [ "0.65025", "2818.6", "1" ], [ "0.65050", "3038.1", "1" ], [ "0.65098", "2246.2", "1" ], [ "0.65170", "883.0", "1" ], [ "0.65265", "3214.8", "2" ], [ "0.65360", "5449.6", "2" ], [ "0.65398", "5.3", "1" ], [ "0.65455", "7536.2", "1" ], [ "0.65550", "9739.3", "1" ], [ "0.65696", "3600.0", "1" ], [ "0.65790", "5.3", "1" ], [ "0.66074", "314795.4", "1" ], [ "0.66186", "5.3", "1" ], [ "0.66566", "211.8", "1" ], [ "0.66567", "563.0", "3" ], [ "0.66582", "5.3", "1" ], [ "0.66982", "5.3", "1" ], [ "0.67069", "36.4", "1" ], [ "0.67226", "535.8", "3" ], [ "0.67384", "5.3", "1" ], [ "0.67688", "36.4", "1" ], [ "0.67788", "5.3", "1" ], [ "0.67886", "341.8", "2" ], [ "0.68059", "75.0", "1" ], [ "0.68194", "5.3", "1" ], [ "0.68500", "2133.1", "1" ], [ "0.68604", "5.3", "1" ], [ "0.68641", "36.4", "1" ], [ "0.69015", "5.3", "1" ], [ "0.69200", "325.0", "1" ], [ "0.69430", "5.3", "1" ], [ "0.69674", "36.4", "1" ], [ "0.69846", "5.3", "1" ], [ "0.70265", "5.3", "1" ], [ "0.70315", "62.9", "1" ], [ "0.70687", "5.3", "1" ], [ "0.71111", "5.3", "1" ], [ "0.71538", "5.3", "1" ], [ "0.71551", "442.0", "1" ], [ "0.71966", "5.3", "1" ], [ "0.72200", "28001.5", "1" ], [ "0.72399", "5.3", "1" ] ],
      "t" : 1756460839254
    } ],
    "instrument_name" : "ENA_USD"
  }
}