{
  "id" : -1,
  "method" : "public/get-book",
  "code" : 0,
  "result" : {
    "depth" : 50,
    "data" : [ {
      "bids" : [ [ "0.64892", "1", "1" ], [ "0.64890", "1", "1" ], [ "0.64856", "100", "1" ], [ "0.64855", "308", "1" ], [ "0.64851", "100", "1" ], [ "0.64848", "152", "1" ], [ "0.64818", "770", "1" ], [ "0.64812", "2013", "1" ], [ "0.64811", "2851", "1" ], [ "0.64808", "46212", "1" ], [ "0.64800", "771", "1" ], [ "0.64785", "308", "1" ], [ "0.64765", "347", "1" ], [ "0.64762", "120211", "1" ], [ "0.64758", "347", "1" ], [ "0.64701", "355", "1" ], [ "0.64659", "355", "1" ], [ "0.64649", "77", "1" ], [ "0.64645", "355", "1" ], [ "0.64636", "77", "1" ], [ "0.64631", "355", "1" ], [ "0.64623", "77", "1" ], [ "0.64620", "343", "1" ], [ "0.64611", "120152", "1" ], [ "0.64610", "77", "1" ], [ "0.64606", "343", "1" ], [ "0.64592", "1485", "1" ], [ "0.64540", "355", "1" ], [ "0.64539", "1774", "1" ], [ "0.64533", "353", "1" ], [ "0.64482", "1040", "1" ], [ "0.64466", "345", "1" ], [ "0.64464", "1234", "1" ], [ "0.64455", "120208", "1" ], [ "0.64450", "347", "1" ], [ "0.64438", "2969", "1" ], [ "0.64436", "353", "1" ], [ "0.64396", "965", "1" ], [ "0.64346", "349", "1" ], [ "0.64337", "4456", "2" ], [ "0.64332", "345", "1" ], [ "0.64328", "1364", "2" ], [ "0.64325", "345", "1" ], [ "0.64260", "121680", "4" ], [ "0.64238", "345", "1" ], [ "0.64236", "5980", "2" ], [ "0.64193", "346", "1" ], [ "0.64192", "1610", "3" ], [ "0.64155", "346", "1" ], [ "0.64135", "7309", "3" ] ],
      "asks" : [ [ "0.64894", "1", "1" ], [ "0.64925", "1", "1" ], [ "0.64942", "100", "1" ], [ "0.64943", "2222", "1" ], [ "0.64951", "4845", "1" ], [ "0.64952", "46237", "1" ], [ "0.64961", "770", "1" ], [ "0.64967", "307", "1" ], [ "0.65026", "771", "1" ], [ "0.65027", "347", "1" ], [ "0.65034", "348", "1" ], [ "0.65037", "120152", "1" ], [ "0.65048", "347", "1" ], [ "0.65090", "343", "1" ], [ "0.65093", "307", "1" ], [ "0.65097", "343", "1" ], [ "0.65105", "343", "1" ], [ "0.65112", "348", "1" ], [ "0.65118", "120175", "1" ], [ "0.65119", "343", "1" ], [ "0.65126", "343", "1" ], [ "0.65127", "1040", "1" ], [ "0.65133", "355", "1" ], [ "0.65140", "355", "1" ], [ "0.65143", "76", "1" ], [ "0.65144", "885", "1" ], [ "0.65147", "355", "1" ], [ "0.65156", "76", "1" ], [ "0.65162", "350", "1" ], [ "0.65169", "76", "1" ], [ "0.65176", "343", "1" ], [ "0.65182", "76", "1" ], [ "0.65183", "355", "1" ], [ "0.65197", "355", "1" ], [ "0.65211", "357", "1" ], [ "0.65212", "1254", "1" ], [ "0.65214", "1485", "1" ], [ "0.65218", "355", "1" ], [ "0.65225", "346", "1" ], [ "0.65239", "348", "1" ], [ "0.65246", "1740", "1" ], [ "0.65253", "343", "1" ], [ "0.65267", "343", "1" ], [ "0.65274", "345", "1" ], [ "0.65280", "1364", "1" ], [ "0.65316", "357", "1" ], [ "0.65341", "120103", "1" ], [ "0.65347", "2875", "1" ], [ "0.65348", "1530", "2" ], [ "0.65351", "345", "1" ] ],
      "t" : 1756460845911
    } ],
    "instrument_name" : "ENAUSD-PERP"
  }
}