{
  "id" : -1,
  "method" : "public/get-book",
  "code" : 0,
  "result" : {
    "depth" : 50,
    "data" : [ {
      "bids" : [ [ "0.06624", "2367.0", "1" ], [ "0.06611", "12855.9", "1" ], [ "0.06610", "10231.4", "1" ], [ "0.06594", "10351.9", "1" ], [ "0.06591", "13115.1", "1" ], [ "0.06573", "9788.3", "1" ], [ "0.06572", "4057.4", "1" ], [ "0.06552", "13519.5", "1" ], [ "0.06547", "48.4", "1" ], [ "0.06546", "270386.3", "1" ], [ "0.06541", "9973.3", "2" ], [ "0.06510", "17282.8", "2" ], [ "0.06479", "23551.5", "1" ], [ "0.06449", "868.4", "1" ], [ "0.06448", "31036.2", "2" ], [ "0.06417", "37120.9", "2" ], [ "0.06414", "49.4", "1" ], [ "0.06281", "50.5", "1" ], [ "0.06147", "51.6", "1" ], [ "0.06015", "52.7", "1" ], [ "0.05881", "53.9", "1" ], [ "0.05320", "1816.6", "1" ], [ "0.05206", "9507.7", "1" ], [ "0.05069", "29871.9", "1" ], [ "0.04932", "43948.7", "1" ], [ "0.04795", "43948.7", "1" ], [ "0.04658", "172432.8", "1" ], [ "0.04000", "25.0", "1" ], [ "0.02000", "50.0", "1" ] ],
      "asks" : [ [ "0.06694", "3734.6", "1" ], [ "0.06695", "361.1", "1" ], [ "0.06705", "729.0", "1" ], [ "0.06712", "12855.9", "1" ], [ "0.06713", "10231.4", "1" ], [ "0.06720", "12389.1", "1" ], [ "0.06733", "13115.1", "1" ], [ "0.06741", "11009.2", "1" ], [ "0.06758", "3347.4", "1" ], [ "0.06762", "11009.2", "1" ], [ "0.06786", "270386.3", "1" ], [ "0.06789", "10181.6", "1" ], [ "0.06812", "47.4", "1" ], [ "0.06820", "3347.4", "1" ], [ "0.06845", "224.6", "1" ], [ "0.06851", "28997.2", "2" ], [ "0.06882", "35925.7", "1" ], [ "0.06913", "35925.7", "1" ], [ "0.06945", "46.5", "1" ], [ "0.07079", "45.6", "1" ], [ "0.07160", "159.2", "1" ], [ "0.07200", "50.0", "1" ], [ "0.07212", "44.7", "1" ], [ "0.07345", "43.9", "1" ], [ "0.07477", "43.1", "1" ], [ "0.07610", "42.3", "1" ], [ "0.07743", "41.6", "1" ], [ "0.07744", "15.0", "1" ], [ "0.07877", "40.8", "1" ], [ "0.07994", "1816.6", "1" ], [ "0.08010", "40.2", "1" ], [ "0.08083", "6603.9", "1" ], [ "0.08143", "39.5", "1" ], [ "0.08220", "18091.2", "2" ], [ "0.08276", "38.8", "1" ], [ "0.08357", "30740.2", "3" ], [ "0.08400", "10813.7", "1" ], [ "0.08408", "38.2", "1" ], [ "0.08494", "30740.2", "3" ], [ "0.08541", "37.6", "1" ], [ "0.08631", "91824.4", "1" ], [ "0.08674", "37.0", "1" ], [ "0.08800", "362.4", "1" ], [ "0.08816", "36.4", "1" ], [ "0.09415", "144741.1", "1" ], [ "0.09620", "330.4", "1" ], [ "0.10000", "250.0", "1" ], [ "0.13000", "2000.0", "1" ], [ "0.14272", "1331.3", "1" ], [ "0.14589", "147555.7", "1" ] ],
      "t" : 1756460849801
    } ],
    "instrument_name" : "ENJ_USD"
  }
}