{
  "id" : -1,
  "method" : "public/get-book",
  "code" : 0,
  "result" : {
    "depth" : 50,
    "data" : [ {
      "bids" : [ [ "0.06616", "8393.6", "2" ], [ "0.06615", "15023.0", "1" ], [ "0.06611", "7935.7", "1" ], [ "0.06610", "10231.4", "1" ], [ "0.06604", "757.1", "1" ], [ "0.06600", "10231.4", "1" ], [ "0.06591", "13115.1", "1" ], [ "0.06580", "12015.4", "1" ], [ "0.06572", "3995.7", "1" ], [ "0.06571", "760.9", "1" ], [ "0.06560", "13119.9", "1" ], [ "0.06545", "270386.3", "1" ], [ "0.06541", "10784.5", "2" ], [ "0.06538", "764.7", "1" ], [ "0.06535", "99.4", "1" ], [ "0.06510", "10784.5", "1" ], [ "0.06506", "768.5", "1" ], [ "0.06479", "16556.4", "1" ], [ "0.06473", "772.4", "1" ], [ "0.06448", "30112.4", "2" ], [ "0.06441", "776.2", "1" ], [ "0.06417", "38047.5", "2" ], [ "0.06409", "780.1", "1" ], [ "0.06377", "784.0", "1" ], [ "0.06345", "787.9", "1" ], [ "0.06314", "791.9", "1" ], [ "0.06228", "104.3", "1" ], [ "0.05920", "109.7", "1" ], [ "0.05614", "115.7", "1" ], [ "0.05320", "1828.0", "1" ], [ "0.05306", "122.5", "1" ], [ "0.05206", "8222.3", "1" ], [ "0.05069", "28338.5", "1" ], [ "0.05000", "130.0", "1" ], [ "0.04932", "55324.7", "1" ], [ "0.04795", "55324.7", "1" ], [ "0.04658", "156605.4", "1" ] ],
      "asks" : [ [ "0.06670", "749.6", "1" ], [ "0.06681", "8194.0", "1" ], [ "0.06682", "1877.1", "1" ], [ "0.06703", "745.8", "1" ], [ "0.06711", "10231.4", "1" ], [ "0.06720", "12072.0", "1" ], [ "0.06731", "13115.1", "1" ], [ "0.06737", "742.1", "1" ], [ "0.06740", "11843.3", "1" ], [ "0.06758", "3079.0", "1" ], [ "0.06760", "11843.3", "1" ], [ "0.06771", "738.4", "1" ], [ "0.06785", "270386.3", "1" ], [ "0.06789", "9948.7", "1" ], [ "0.06804", "734.8", "1" ], [ "0.06820", "22242.8", "2" ], [ "0.06838", "731.1", "1" ], [ "0.06851", "28894.2", "2" ], [ "0.06873", "727.5", "1" ], [ "0.06882", "35858.3", "1" ], [ "0.06907", "723.9", "1" ], [ "0.06913", "35858.3", "1" ], [ "0.06932", "14.8", "1" ], [ "0.06941", "720.3", "1" ], [ "0.06976", "716.7", "1" ], [ "0.07148", "94.8", "1" ], [ "0.07156", "71.1", "1" ], [ "0.07308", "69.6", "1" ], [ "0.07456", "90.7", "1" ], [ "0.07459", "68.2", "1" ], [ "0.07610", "66.8", "1" ], [ "0.07760", "65.6", "1" ], [ "0.07763", "86.9", "1" ], [ "0.07911", "64.2", "1" ], [ "0.07992", "1828.0", "1" ], [ "0.08062", "63.1", "1" ], [ "0.08069", "83.5", "1" ], [ "0.08083", "5317.9", "1" ], [ "0.08197", "95.2", "1" ], [ "0.08214", "61.9", "1" ], [ "0.08220", "18467.2", "3" ], [ "0.08337", "93.6", "1" ], [ "0.08357", "36733.6", "3" ], [ "0.08365", "60.6", "1" ], [ "0.08376", "80.3", "1" ], [ "0.08379", "92.9", "1" ], [ "0.08477", "92.1", "1" ], [ "0.08494", "36733.6", "3" ], [ "0.08505", "91.6", "1" ], [ "0.08515", "59.6", "1" ] ],
      "t" : 1756460853721
    } ],
    "instrument_name" : "ENJ_USDT"
  }
}