{
  "id" : -1,
  "method" : "public/get-book",
  "code" : 0,
  "result" : {
    "depth" : 50,
    "data" : [ {
      "bids" : [ [ "0.06656", "1", "1" ], [ "0.06655", "1", "1" ], [ "0.06651", "3007", "1" ], [ "0.06645", "24448", "2" ], [ "0.06644", "16134", "1" ], [ "0.06638", "753", "1" ], [ "0.06637", "753", "1" ], [ "0.06636", "753", "1" ], [ "0.06635", "753", "1" ], [ "0.06634", "9986", "1" ], [ "0.06632", "11179", "1" ], [ "0.06628", "1876", "1" ], [ "0.06624", "12287", "1" ], [ "0.06616", "10311", "1" ], [ "0.06608", "11794", "2" ], [ "0.06600", "15836", "3" ], [ "0.06396", "14265", "1" ], [ "0.06390", "10903", "1" ], [ "0.06375", "21265", "2" ], [ "0.06360", "34063", "3" ], [ "0.06345", "44474", "4" ], [ "0.06330", "56878", "5" ], [ "0.06324", "36673", "1" ], [ "0.06290", "36673", "1" ], [ "0.06256", "36673", "1" ], [ "0.06222", "36673", "1" ], [ "0.05320", "7133", "1" ], [ "0.05244", "5482", "1" ], [ "0.05106", "14674", "1" ], [ "0.04968", "24203", "1" ], [ "0.04830", "34905", "1" ], [ "0.04692", "43289", "1" ], [ "0.04554", "53818", "1" ] ],
      "asks" : [ [ "0.06657", "1", "1" ], [ "0.06659", "1", "1" ], [ "0.06679", "24448", "2" ], [ "0.06681", "2993", "1" ], [ "0.06686", "12750", "1" ], [ "0.06691", "36342", "2" ], [ "0.06695", "746", "1" ], [ "0.06696", "746", "1" ], [ "0.06697", "746", "1" ], [ "0.06698", "15011", "2" ], [ "0.06705", "11487", "1" ], [ "0.06708", "9986", "1" ], [ "0.06712", "9616", "1" ], [ "0.06720", "33902", "2" ], [ "0.06728", "10960", "1" ], [ "0.06732", "36673", "1" ], [ "0.06735", "33427", "1" ], [ "0.06736", "12315", "1" ], [ "0.06744", "15715", "1" ], [ "0.06750", "46530", "1" ], [ "0.06765", "56294", "1" ], [ "0.06766", "36673", "1" ], [ "0.06800", "36673", "1" ], [ "0.07992", "7133", "1" ], [ "0.08004", "4722", "1" ], [ "0.08142", "14650", "2" ], [ "0.08280", "25038", "3" ], [ "0.08418", "34235", "4" ], [ "0.08556", "44376", "4" ], [ "0.08694", "53625", "4" ], [ "0.36000", "303", "1" ] ],
      "t" : 1756460856128
    } ],
    "instrument_name" : "ENJUSD-PERP"
  }
}