{
  "id" : -1,
  "method" : "public/get-book",
  "code" : 0,
  "result" : {
    "depth" : 50,
    "data" : [ {
      "bids" : [ [ "0.14810", "861.2", "1" ], [ "0.14809", "245.0", "1" ], [ "0.14797", "6666.4", "1" ], [ "0.14773", "4857.0", "1" ], [ "0.14760", "4653.1", "1" ], [ "0.14752", "4377.4", "1" ], [ "0.14750", "27781.7", "1" ], [ "0.14740", "5955.9", "1" ], [ "0.14735", "27176.0", "1" ], [ "0.14720", "7719.9", "2" ], [ "0.14703", "3693.8", "1" ], [ "0.14692", "416.9", "1" ], [ "0.14691", "7774.6", "1" ], [ "0.14688", "11257.9", "3" ], [ "0.14681", "34094.0", "1" ], [ "0.14680", "65171.3", "1" ], [ "0.14656", "4833.1", "2" ], [ "0.14651", "33241.6", "1" ], [ "0.14624", "11343.0", "2" ], [ "0.14605", "27169.2", "1" ], [ "0.14592", "15170.4", "2" ], [ "0.14579", "9720.3", "1" ], [ "0.14560", "18492.5", "1" ], [ "0.14535", "101386.6", "1" ], [ "0.14100", "9000.0", "1" ], [ "0.14082", "5830.3", "1" ], [ "0.14059", "37.6", "1" ], [ "0.14000", "100.0", "1" ], [ "0.11857", "208.4", "1" ], [ "0.11778", "1216.9", "1" ], [ "0.11476", "3202.7", "2" ], [ "0.11174", "3202.7", "1" ], [ "0.10872", "24918.8", "2" ], [ "0.10570", "67971.4", "2" ] ],
      "asks" : [ [ "0.14835", "245.5", "1" ], [ "0.14840", "6748.2", "1" ], [ "0.14849", "861.1", "1" ], [ "0.14869", "27299.2", "1" ], [ "0.14875", "4653.1", "1" ], [ "0.14880", "4544.3", "1" ], [ "0.14884", "27637.7", "1" ], [ "0.14890", "4860.1", "1" ], [ "0.14894", "5955.9", "1" ], [ "0.14912", "6218.0", "2" ], [ "0.14938", "33328.8", "1" ], [ "0.14944", "10670.4", "3" ], [ "0.14956", "7776.5", "1" ], [ "0.14964", "65245.7", "1" ], [ "0.14968", "34072.8", "1" ], [ "0.14976", "4915.3", "2" ], [ "0.15008", "11132.1", "2" ], [ "0.15021", "27054.0", "1" ], [ "0.15040", "14871.2", "2" ], [ "0.15066", "9720.4", "1" ], [ "0.15072", "17934.1", "1" ], [ "0.15102", "99252.5", "1" ], [ "0.15564", "5832.6", "1" ], [ "0.17800", "208.4", "1" ], [ "0.17818", "559.4", "1" ], [ "0.18120", "1911.6", "2" ], [ "0.18422", "3359.1", "3" ], [ "0.18724", "13683.2", "4" ], [ "0.19026", "38862.9", "5" ], [ "0.24000", "170.4", "1" ], [ "0.24421", "4.1", "1" ], [ "0.25000", "2339.9", "2" ], [ "0.26900", "395.0", "1" ], [ "0.28000", "58.4", "1" ], [ "0.31000", "99.7", "1" ], [ "0.33000", "124.9", "1" ], [ "0.35000", "153.0", "1" ], [ "0.37000", "102.2", "2" ], [ "0.37740", "2496.3", "1" ], [ "0.43000", "23.4", "1" ], [ "0.90000", "4285.5", "1" ] ],
      "t" : 1756460879297
    } ],
    "instrument_name" : "ES_USD"
  }
}