{
  "id" : -1,
  "method" : "public/get-book",
  "code" : 0,
  "result" : {
    "depth" : 50,
    "data" : [ {
      "bids" : [ [ "0.14830", "1", "1" ], [ "0.14812", "1", "1" ], [ "0.14790", "1352", "1" ], [ "0.14766", "338", "1" ], [ "0.14763", "338", "1" ], [ "0.14760", "338", "1" ], [ "0.14757", "338", "1" ], [ "0.14720", "679", "1" ], [ "0.14716", "679", "1" ], [ "0.14712", "679", "1" ], [ "0.14708", "679", "1" ], [ "0.14630", "683", "1" ], [ "0.14623", "683", "1" ], [ "0.14616", "684", "1" ], [ "0.14609", "684", "1" ], [ "0.14602", "684", "1" ], [ "0.14595", "685", "1" ], [ "0.14441", "4611", "1" ], [ "0.14440", "911", "1" ], [ "0.14402", "958", "2" ], [ "0.14364", "843", "1" ], [ "0.14326", "957", "2" ], [ "0.14302", "4633", "1" ], [ "0.14288", "3568", "4" ], [ "0.14212", "6573", "2" ], [ "0.14136", "9538", "3" ], [ "0.14060", "12501", "3" ], [ "0.13984", "14757", "3" ], [ "0.11856", "3294", "1" ], [ "0.11817", "1491", "1" ], [ "0.11514", "3934", "2" ], [ "0.11211", "6652", "2" ], [ "0.10908", "8906", "2" ], [ "0.10605", "11872", "2" ], [ "0.10302", "14374", "2" ] ],
      "asks" : [ [ "0.14844", "674", "2" ], [ "0.14854", "1", "1" ], [ "0.14859", "336", "1" ], [ "0.14862", "336", "1" ], [ "0.14865", "336", "1" ], [ "0.14868", "336", "1" ], [ "0.14884", "1343", "1" ], [ "0.14905", "670", "1" ], [ "0.14907", "4611", "1" ], [ "0.14910", "670", "1" ], [ "0.14915", "670", "1" ], [ "0.14920", "670", "1" ], [ "0.14934", "926", "1" ], [ "0.14972", "1029", "1" ], [ "0.14981", "4633", "1" ], [ "0.14994", "666", "1" ], [ "0.15001", "666", "1" ], [ "0.15008", "666", "1" ], [ "0.15010", "1022", "2" ], [ "0.15015", "666", "1" ], [ "0.15022", "665", "1" ], [ "0.15029", "665", "1" ], [ "0.15048", "4332", "4" ], [ "0.15086", "1071", "2" ], [ "0.15124", "6205", "2" ], [ "0.15200", "8505", "3" ], [ "0.15276", "11565", "4" ], [ "0.15352", "15193", "1" ], [ "0.17796", "3294", "1" ], [ "0.17877", "1361", "1" ], [ "0.18180", "3850", "2" ], [ "0.18483", "6534", "3" ], [ "0.18786", "9272", "3" ], [ "0.19089", "11854", "3" ], [ "0.19392", "14359", "3" ] ],
      "t" : 1756460880319
    } ],
    "instrument_name" : "ESUSD-PERP"
  }
}