{
  "id" : -1,
  "method" : "public/get-book",
  "code" : 0,
  "result" : {
    "depth" : 50,
    "data" : [ {
      "bids" : [ [ "0.039449", "0.8895", "1" ], [ "0.039445", "2.3623", "2" ], [ "0.039442", "0.2460", "1" ], [ "0.039441", "0.1192", "2" ], [ "0.039440", "2.4920", "1" ], [ "0.039439", "0.0855", "1" ], [ "0.039438", "0.1139", "1" ], [ "0.039437", "0.1189", "1" ], [ "0.039436", "0.1140", "1" ], [ "0.039433", "0.1189", "1" ], [ "0.039432", "0.1710", "1" ], [ "0.039428", "0.1189", "1" ], [ "0.039424", "0.1189", "1" ], [ "0.039420", "0.1189", "1" ], [ "0.039418", "1.1446", "1" ], [ "0.039415", "0.1189", "1" ], [ "0.039414", "0.1610", "1" ], [ "0.039412", "1.1446", "1" ], [ "0.039410", "0.1189", "1" ], [ "0.039406", "1.1446", "1" ], [ "0.039404", "0.1189", "1" ], [ "0.039402", "2.4910", "1" ], [ "0.039400", "0.1239", "2" ], [ "0.039398", "0.0152", "1" ], [ "0.039397", "0.2280", "1" ], [ "0.039396", "1.2635", "2" ], [ "0.039392", "0.1189", "1" ], [ "0.039390", "1.1446", "1" ], [ "0.039388", "0.1189", "1" ], [ "0.039384", "1.2635", "2" ], [ "0.039380", "0.1239", "2" ], [ "0.039364", "0.1189", "1" ], [ "0.039362", "0.1287", "1" ], [ "0.039360", "0.1239", "2" ], [ "0.039352", "0.1189", "1" ], [ "0.039344", "0.1189", "1" ], [ "0.039340", "0.1239", "2" ], [ "0.039332", "1.5024", "2" ], [ "0.039331", "0.1543", "1" ], [ "0.039328", "0.1189", "1" ], [ "0.039325", "0.1635", "1" ], [ "0.039324", "0.1189", "1" ], [ "0.039320", "0.2162", "3" ], [ "0.039317", "0.0216", "1" ], [ "0.039316", "0.1189", "1" ], [ "0.039312", "0.1189", "1" ], [ "0.039304", "0.1189", "1" ], [ "0.039301", "0.0125", "1" ], [ "0.039300", "0.1239", "2" ], [ "0.039292", "0.1189", "1" ] ],
      "asks" : [ [ "0.039450", "2.5623", "3" ], [ "0.039451", "2.2434", "1" ], [ "0.039454", "0.1189", "1" ], [ "0.039460", "0.0013", "1" ], [ "0.039462", "0.2000", "1" ], [ "0.039463", "1.2635", "2" ], [ "0.039468", "0.2000", "1" ], [ "0.039469", "1.3810", "3" ], [ "0.039470", "0.2000", "1" ], [ "0.039473", "0.3969", "2" ], [ "0.039478", "1.1446", "1" ], [ "0.039480", "0.1240", "2" ], [ "0.039484", "1.2635", "2" ], [ "0.039487", "2.4920", "1" ], [ "0.039489", "0.1189", "1" ], [ "0.039491", "1.1446", "1" ], [ "0.039494", "0.1505", "1" ], [ "0.039495", "0.2280", "1" ], [ "0.039496", "0.1189", "1" ], [ "0.039497", "1.1446", "1" ], [ "0.039500", "0.1189", "1" ], [ "0.039507", "1.1446", "1" ], [ "0.039508", "0.1189", "1" ], [ "0.039517", "1.1446", "1" ], [ "0.039519", "0.1189", "1" ], [ "0.039520", "0.0051", "1" ], [ "0.039527", "1.2635", "2" ], [ "0.039528", "2.4910", "1" ], [ "0.039531", "0.1189", "1" ], [ "0.039537", "1.1446", "1" ], [ "0.039557", "0.1189", "1" ], [ "0.039560", "1.3889", "2" ], [ "0.039561", "0.1189", "1" ], [ "0.039576", "0.1543", "1" ], [ "0.039577", "0.1189", "1" ], [ "0.039589", "0.2326", "1" ], [ "0.039596", "0.1189", "1" ], [ "0.039600", "0.1240", "2" ], [ "0.039612", "0.0009", "1" ], [ "0.039626", "0.0009", "1" ], [ "0.039639", "0.1189", "1" ], [ "0.039640", "0.0050", "1" ], [ "0.039650", "0.2924", "1" ], [ "0.039651", "0.1189", "1" ], [ "0.039668", "0.3085", "1" ], [ "0.039671", "0.1189", "1" ], [ "0.039680", "0.0050", "1" ], [ "0.039706", "2.2434", "1" ], [ "0.039710", "0.0809", "1" ], [ "0.039711", "0.3980", "1" ] ],
      "t" : 1756460899780
    } ],
    "instrument_name" : "ETH_BTC"
  }
}