{
  "id" : -1,
  "method" : "public/get-book",
  "code" : 0,
  "result" : {
    "depth" : 50,
    "data" : [ {
      "bids" : [ [ "1.16717", "1.7", "1" ], [ "1.16716", "1611.5", "2" ], [ "1.16715", "1713.0", "1" ], [ "1.16714", "42.8", "1" ], [ "1.16684", "1.1", "1" ], [ "1.16667", "10.3", "1" ], [ "1.16626", "82.6", "1" ], [ "1.16625", "4322.1", "1" ], [ "1.16623", "486.4", "1" ], [ "1.16621", "3430.0", "1" ], [ "1.16611", "1769.9", "1" ], [ "1.16590", "3.3", "1" ], [ "1.16589", "3.3", "1" ], [ "1.16585", "3713.4", "1" ], [ "1.16574", "4424.8", "1" ], [ "1.16550", "18217.5", "3" ], [ "1.16516", "198852.2", "1" ], [ "1.16515", "30239.2", "2" ], [ "1.16480", "43771.8", "3" ], [ "1.16452", "1998.2", "1" ], [ "1.16445", "39168.8", "1" ], [ "1.16410", "62919.8", "3" ], [ "1.16380", "133.5", "1" ], [ "1.16379", "40.0", "1" ], [ "1.16375", "49387.2", "1" ], [ "1.16340", "106275.3", "4" ], [ "1.16305", "75884.0", "1" ], [ "1.16280", "397.0", "1" ], [ "1.16270", "30391.3", "1" ], [ "1.16208", "3.4", "1" ], [ "1.16200", "49097.7", "2" ], [ "1.16196", "3.4", "1" ], [ "1.16150", "650.0", "1" ], [ "1.16100", "2568.8", "2" ], [ "1.16050", "557.8", "1" ], [ "1.15950", "500.0", "1" ], [ "1.15900", "700.0", "1" ], [ "1.15813", "466.0", "1" ], [ "1.15800", "531.3", "1" ], [ "1.15700", "700.0", "1" ], [ "1.15600", "1144.6", "1" ], [ "1.15111", "100.0", "1" ], [ "1.15000", "200.0", "1" ], [ "1.14599", "17.3", "1" ], [ "1.14374", "46339.0", "1" ], [ "1.13300", "11000.0", "1" ], [ "1.12799", "17.6", "1" ], [ "1.12700", "2000.0", "1" ], [ "1.12370", "1500.0", "1" ], [ "1.11000", "17.9", "1" ] ],
      "asks" : [ [ "1.16727", "1713.0", "1" ], [ "1.16743", "42.8", "1" ], [ "1.16784", "1.1", "1" ], [ "1.16822", "1439.9", "1" ], [ "1.16823", "12000.0", "1" ], [ "1.16834", "1093.8", "1" ], [ "1.16835", "1.0", "1" ], [ "1.16837", "3000.0", "1" ], [ "1.16847", "5059.7", "1" ], [ "1.16849", "1481.3", "1" ], [ "1.16851", "4153.3", "1" ], [ "1.16884", "7000.0", "1" ], [ "1.16889", "3000.0", "1" ], [ "1.16894", "4424.8", "1" ], [ "1.16899", "72175.2", "1" ], [ "1.16900", "4424.8", "1" ], [ "1.16970", "13132.2", "2" ], [ "1.17000", "5692.0", "1" ], [ "1.17040", "21945.8", "2" ], [ "1.17110", "21945.8", "1" ], [ "1.17180", "30089.4", "1" ], [ "1.17200", "8804.4", "1" ], [ "1.17206", "3.4", "1" ], [ "1.17239", "3.4", "1" ], [ "1.17250", "40558.2", "1" ], [ "1.17800", "10000.0", "1" ], [ "1.18000", "1000.0", "1" ], [ "1.18199", "17.0", "1" ], [ "1.18400", "100.0", "1" ], [ "1.18450", "4.0", "1" ], [ "1.19999", "17.6", "1" ], [ "1.20400", "500.0", "1" ], [ "1.23808", "1769.9", "1" ], [ "1.23830", "3758.8", "1" ], [ "1.23865", "13077.7", "2" ], [ "1.23900", "22277.4", "3" ], [ "1.23935", "40045.0", "3" ], [ "1.23970", "40045.0", "2" ], [ "1.24005", "56668.2", "2" ], [ "1.24040", "40045.0", "1" ], [ "1.24075", "65704.2", "1" ], [ "1.24110", "75663.5", "1" ], [ "1.25400", "1000.0", "1" ], [ "1.30000", "15.9", "1" ], [ "1.40096", "107.4", "1" ], [ "1.42069", "307.1", "1" ], [ "1.44398", "1013.3", "1" ], [ "1.46727", "1735.1", "1" ], [ "1.49056", "13631.9", "1" ], [ "1.50400", "1000.0", "1" ] ],
      "t" : 1756460959514
    } ],
    "instrument_name" : "EUR_USDT"
  }
}