{
  "id" : -1,
  "method" : "public/get-book",
  "code" : 0,
  "result" : {
    "depth" : 50,
    "data" : [ {
      "bids" : [ [ "0.79681", "1.5", "1" ], [ "0.79634", "12.6", "1" ], [ "0.79633", "1535.6", "1" ], [ "0.79623", "123.2", "1" ], [ "0.79609", "1535.6", "1" ], [ "0.79585", "1535.6", "1" ], [ "0.79580", "3767.4", "1" ], [ "0.79561", "1535.6", "1" ], [ "0.79535", "1535.6", "1" ], [ "0.79511", "1535.6", "1" ], [ "0.79508", "4520.5", "1" ], [ "0.79494", "863.8", "1" ], [ "0.79474", "614.1", "1" ], [ "0.79464", "1444.3", "1" ], [ "0.79398", "1500.5", "1" ], [ "0.79365", "1265.5", "1" ], [ "0.79335", "654.8", "1" ], [ "0.79332", "1891.1", "1" ], [ "0.79212", "1798.7", "2" ], [ "0.79089", "1798.7", "2" ], [ "0.79019", "104467.3", "1" ], [ "0.78966", "4045.0", "3" ], [ "0.78843", "4045.0", "3" ], [ "0.78720", "4045.0", "3" ], [ "0.78243", "458.5", "1" ], [ "0.78242", "86562.3", "1" ], [ "0.77488", "7.0", "1" ], [ "0.75614", "7.2", "1" ], [ "0.75000", "673.3", "2" ], [ "0.73785", "7.4", "1" ], [ "0.72305", "376.1", "1" ], [ "0.71999", "7.5", "1" ], [ "0.63566", "153.9", "1" ], [ "0.61978", "723.2", "1" ], [ "0.60347", "2398.7", "1" ], [ "0.58716", "3829.0", "1" ], [ "0.57085", "7305.2", "1" ], [ "0.55454", "23259.8", "1" ], [ "0.51000", "2000.0", "1" ] ],
      "asks" : [ [ "0.79697", "1.5", "1" ], [ "0.79725", "970.5", "1" ], [ "0.79738", "1535.6", "1" ], [ "0.79762", "1535.6", "1" ], [ "0.79767", "3766.9", "1" ], [ "0.79786", "1535.6", "1" ], [ "0.79810", "1535.6", "1" ], [ "0.79817", "627.2", "1" ], [ "0.79844", "863.8", "1" ], [ "0.79859", "4519.2", "1" ], [ "0.79860", "1753.5", "1" ], [ "0.79866", "1535.6", "1" ], [ "0.79922", "1535.6", "1" ], [ "0.79926", "1857.0", "1" ], [ "0.79933", "1265.5", "1" ], [ "0.79950", "555.2", "1" ], [ "0.79992", "1643.3", "1" ], [ "0.80073", "1728.9", "2" ], [ "0.80196", "1728.9", "1" ], [ "0.80319", "2722.7", "1" ], [ "0.80375", "104467.3", "1" ], [ "0.80442", "3905.1", "1" ], [ "0.80565", "6185.0", "1" ], [ "0.81112", "86562.3", "1" ], [ "0.81379", "6.8", "1" ], [ "0.83293", "291.8", "3" ], [ "0.83396", "6.6", "1" ], [ "0.84118", "370.3", "4" ], [ "0.84943", "271.6", "3" ], [ "0.85400", "20416.3", "1" ], [ "0.85465", "6.5", "1" ], [ "0.86200", "20416.4", "1" ], [ "0.87000", "13610.8", "1" ], [ "0.87583", "6.9", "1" ], [ "0.88000", "12563.9", "1" ], [ "0.89754", "6.9", "1" ], [ "0.91979", "6.9", "1" ], [ "0.92610", "8.0", "1" ], [ "0.94260", "6.9", "1" ], [ "0.95396", "153.9", "1" ], [ "0.96009", "7.7", "1" ], [ "0.96229", "568.8", "1" ], [ "0.96597", "6.9", "1" ], [ "0.97000", "5.9", "1" ], [ "0.97860", "1562.5", "2" ], [ "0.98870", "348.1", "1" ], [ "0.98999", "6.9", "1" ], [ "0.99409", "7.4", "1" ], [ "0.99491", "1562.5", "2" ], [ "1.01122", "4765.1", "3" ] ],
      "t" : 1756460966779
    } ],
    "instrument_name" : "FARTCOIN_USD"
  }
}