{
  "id" : -1,
  "method" : "public/get-book",
  "code" : 0,
  "result" : {
    "depth" : 50,
    "data" : [ {
      "bids" : [ [ "0.79672", "1", "1" ], [ "0.79570", "1421", "1" ], [ "0.79568", "175", "1" ], [ "0.79536", "434", "3" ], [ "0.79520", "184", "1" ], [ "0.79512", "177", "1" ], [ "0.79493", "1630", "1" ], [ "0.79488", "177", "1" ], [ "0.79487", "1927", "1" ], [ "0.79464", "177", "1" ], [ "0.79456", "246", "2" ], [ "0.79440", "246", "2" ], [ "0.79424", "246", "2" ], [ "0.79408", "62", "1" ], [ "0.79384", "176", "1" ], [ "0.79368", "184", "1" ], [ "0.79352", "184", "1" ], [ "0.79336", "184", "1" ], [ "0.79324", "175", "1" ], [ "0.79304", "183", "1" ], [ "0.79288", "183", "1" ], [ "0.79280", "179", "1" ], [ "0.79272", "183", "1" ], [ "0.79256", "182", "1" ], [ "0.79240", "182", "1" ], [ "0.79224", "182", "1" ], [ "0.79208", "183", "1" ], [ "0.79200", "157", "1" ], [ "0.79190", "179", "1" ], [ "0.79178", "829", "1" ], [ "0.79176", "340", "2" ], [ "0.79160", "175", "1" ], [ "0.79152", "157", "1" ], [ "0.79144", "179", "1" ], [ "0.79136", "184", "1" ], [ "0.79135", "634", "1" ], [ "0.79128", "157", "1" ], [ "0.79118", "180", "1" ], [ "0.79104", "182", "1" ], [ "0.79082", "1183", "1" ], [ "0.79080", "179", "1" ], [ "0.79064", "182", "1" ], [ "0.79048", "180", "1" ], [ "0.79040", "189", "1" ], [ "0.79024", "184", "1" ], [ "0.79016", "882", "1" ], [ "0.79000", "189", "1" ], [ "0.78960", "189", "1" ], [ "0.78920", "190", "1" ], [ "0.78897", "910", "1" ] ],
      "asks" : [ [ "0.79673", "1", "1" ], [ "0.79820", "1420", "1" ], [ "0.79833", "184", "1" ], [ "0.79840", "62", "1" ], [ "0.79853", "184", "1" ], [ "0.79856", "187", "2" ], [ "0.79865", "176", "1" ], [ "0.79866", "1928", "1" ], [ "0.79872", "62", "1" ], [ "0.79881", "182", "1" ], [ "0.79888", "62", "1" ], [ "0.79889", "176", "1" ], [ "0.79904", "181", "1" ], [ "0.79928", "182", "1" ], [ "0.79960", "180", "1" ], [ "0.79968", "176", "1" ], [ "0.80040", "180", "1" ], [ "0.80056", "179", "1" ], [ "0.80076", "177", "1" ], [ "0.80084", "181", "1" ], [ "0.80092", "180", "1" ], [ "0.80121", "177", "1" ], [ "0.80137", "181", "1" ], [ "0.80160", "155", "1" ], [ "0.80161", "181", "1" ], [ "0.80170", "1183", "1" ], [ "0.80184", "155", "1" ], [ "0.80185", "183", "1" ], [ "0.80208", "155", "1" ], [ "0.80209", "183", "1" ], [ "0.80230", "1075", "1" ], [ "0.80232", "155", "1" ], [ "0.80233", "183", "1" ], [ "0.80257", "176", "1" ], [ "0.80265", "181", "1" ], [ "0.80281", "181", "1" ], [ "0.80320", "186", "1" ], [ "0.80360", "186", "1" ], [ "0.80400", "186", "1" ], [ "0.80440", "186", "1" ], [ "0.80456", "2571", "2" ], [ "0.80480", "186", "1" ], [ "0.80520", "186", "1" ], [ "0.80648", "829", "1" ], [ "0.80682", "4203", "3" ], [ "0.80801", "784", "2" ], [ "0.80908", "4930", "2" ], [ "0.80920", "868", "2" ], [ "0.81039", "979", "1" ], [ "0.81134", "6012", "2" ] ],
      "t" : 1756460970335
    } ],
    "instrument_name" : "FARTCOINUSD-PERP"
  }
}