{
  "id" : -1,
  "method" : "public/get-book",
  "code" : 0,
  "result" : {
    "depth" : 50,
    "data" : [ {
      "bids" : [ [ "0.001097", "70172", "1" ], [ "0.001096", "78172", "1" ], [ "0.001095", "378740", "1" ], [ "0.001094", "78172", "1" ], [ "0.001092", "569489", "2" ], [ "0.001090", "78172", "1" ], [ "0.001089", "702896", "2" ], [ "0.001088", "78172", "1" ], [ "0.001087", "71453", "6" ], [ "0.001086", "494315", "3" ], [ "0.001084", "133776", "2" ], [ "0.001083", "708242", "2" ], [ "0.001082", "133776", "2" ], [ "0.001080", "842018", "4" ], [ "0.001078", "133776", "2" ], [ "0.001077", "708242", "2" ], [ "0.001076", "119402", "1" ], [ "0.001074", "842018", "4" ], [ "0.001072", "128813", "1" ], [ "0.001071", "708242", "2" ], [ "0.001070", "102348", "1" ], [ "0.001068", "732953", "2" ], [ "0.001065", "630605", "1" ], [ "0.001062", "630605", "1" ], [ "0.001059", "630605", "1" ], [ "0.001056", "630605", "1" ], [ "0.001053", "630605", "1" ], [ "0.001050", "630605", "1" ], [ "0.001040", "10280", "1" ], [ "0.000987", "787402", "1" ], [ "0.000985", "1140004", "1" ], [ "0.000980", "787402", "1" ], [ "0.000975", "1140004", "1" ], [ "0.000970", "787402", "1" ], [ "0.000965", "787402", "1" ], [ "0.000960", "1097160", "1" ], [ "0.000955", "1097160", "1" ], [ "0.000950", "1097160", "1" ], [ "0.000945", "1097160", "1" ], [ "0.000940", "1097160", "1" ], [ "0.000935", "1097160", "1" ], [ "0.000930", "1097160", "1" ], [ "0.000925", "1097160", "1" ], [ "0.000920", "1097160", "1" ], [ "0.000915", "1097160", "1" ], [ "0.000800", "20000", "1" ], [ "0.000110", "9091", "1" ] ],
      "asks" : [ [ "0.001105", "60989", "1" ], [ "0.001106", "112713", "1" ], [ "0.001108", "139122", "1" ], [ "0.001110", "894571", "2" ], [ "0.001111", "378740", "1" ], [ "0.001112", "111607", "1" ], [ "0.001113", "484644", "1" ], [ "0.001114", "103218", "1" ], [ "0.001115", "787402", "1" ], [ "0.001116", "757428", "3" ], [ "0.001118", "133354", "1" ], [ "0.001119", "642079", "2" ], [ "0.001120", "1420200", "3" ], [ "0.001122", "739095", "3" ], [ "0.001124", "114324", "1" ], [ "0.001125", "1656846", "3" ], [ "0.001126", "122641", "1" ], [ "0.001128", "616224", "2" ], [ "0.001130", "1148937", "2" ], [ "0.001131", "642079", "2" ], [ "0.001132", "126761", "1" ], [ "0.001134", "790977", "2" ], [ "0.001135", "1318591", "2" ], [ "0.001137", "671477", "1" ], [ "0.001140", "1990068", "3" ], [ "0.001143", "671477", "1" ], [ "0.001145", "1318591", "2" ], [ "0.001146", "671477", "1" ], [ "0.001149", "671477", "1" ], [ "0.001150", "1014767", "1" ], [ "0.001152", "671477", "1" ], [ "0.001155", "1686244", "2" ], [ "0.001160", "1318591", "2" ], [ "0.001165", "1326675", "1" ], [ "0.001170", "1326675", "1" ], [ "0.001175", "1326675", "1" ], [ "0.001180", "1326675", "1" ], [ "0.001185", "1326675", "1" ], [ "0.001485", "620391", "1" ], [ "0.001542", "15573", "1" ], [ "0.001600", "464521", "3" ], [ "0.001642", "39602", "1" ], [ "0.001800", "510197", "1" ], [ "0.001850", "11022", "1" ], [ "0.002000", "33717", "3" ], [ "0.002100", "9977", "1" ], [ "0.002230", "634", "1" ], [ "0.002299", "49251", "1" ], [ "0.002300", "230303", "1" ], [ "0.003000", "49998", "1" ] ],
      "t" : 1756460970341
    } ],
    "instrument_name" : "FER_USD"
  }
}