{
  "id" : -1,
  "method" : "public/get-book",
  "code" : 0,
  "result" : {
    "depth" : 50,
    "data" : [ {
      "bids" : [ [ "0.000005611", "155.0", "1" ], [ "0.000005606", "9739.7", "1" ], [ "0.000005605", "812.8", "1" ], [ "0.000005604", "155.0", "1" ], [ "0.000005592", "915.0", "2" ], [ "0.000005580", "881.6", "2" ], [ "0.000005568", "2560.9", "1" ], [ "0.000005556", "4333.3", "1" ], [ "0.000005544", "6047.2", "1" ], [ "0.000005532", "7645.4", "1" ], [ "0.000005525", "100.0", "1" ], [ "0.000005520", "9569.7", "1" ], [ "0.000005500", "100.0", "1" ], [ "0.000005475", "100.0", "1" ], [ "0.000005450", "100.0", "1" ], [ "0.000005425", "200.0", "1" ], [ "0.000005400", "200.0", "1" ], [ "0.000005375", "200.0", "1" ], [ "0.000005350", "1000.0", "1" ], [ "0.000005013", "23.9", "1" ], [ "0.000004507", "193.0", "1" ], [ "0.000004408", "993.4", "1" ], [ "0.000004292", "2798.9", "1" ], [ "0.000004197", "28.5", "1" ], [ "0.000004176", "4975.4", "1" ], [ "0.000004060", "8075.6", "1" ], [ "0.000004000", "2.4", "1" ], [ "0.000003944", "22628.7", "1" ] ],
      "asks" : [ [ "0.000005682", "590.1", "1" ], [ "0.000005683", "155.0", "1" ], [ "0.000005685", "1854.6", "2" ], [ "0.000005686", "2277.2", "2" ], [ "0.000005688", "948.3", "2" ], [ "0.000005700", "2484.6", "2" ], [ "0.000005711", "117.6", "1" ], [ "0.000005712", "4206.0", "2" ], [ "0.000005724", "5942.2", "1" ], [ "0.000005736", "7588.0", "1" ], [ "0.000005748", "9162.2", "1" ], [ "0.000006028", "1311.8", "2" ], [ "0.000006035", "1081.9", "1" ], [ "0.000006650", "199.6", "1" ], [ "0.000006773", "193.0", "1" ], [ "0.000006844", "660.5", "1" ], [ "0.000006960", "1989.2", "2" ], [ "0.000007076", "1989.2", "2" ], [ "0.000007192", "5062.1", "2" ], [ "0.000007308", "14006.2", "2" ], [ "0.000008267", "8.4", "1" ], [ "0.000008350", "290.7", "1" ], [ "0.000009731", "7.2", "1" ], [ "0.000013000", "110.0", "1" ], [ "0.000013500", "109.4", "1" ], [ "0.000014000", "110.0", "1" ], [ "0.000015000", "109.5", "1" ], [ "0.000016000", "110.0", "1" ], [ "0.000016148", "29.5", "1" ], [ "0.000016306", "29.3", "1" ], [ "0.000016465", "28.9", "1" ], [ "0.000016626", "28.7", "1" ], [ "0.000016788", "28.3", "1" ], [ "0.000016952", "28.2", "1" ], [ "0.000017000", "109.4", "1" ], [ "0.000017117", "44.5", "2" ], [ "0.000017284", "27.6", "1" ], [ "0.000017358", "1.1", "1" ], [ "0.000017452", "27.4", "1" ], [ "0.000017500", "906.3", "1" ], [ "0.000017601", "16.2", "1" ], [ "0.000017622", "27.0", "1" ], [ "0.000017795", "26.8", "1" ], [ "0.000017849", "15.9", "1" ], [ "0.000017968", "26.5", "1" ], [ "0.000018100", "15.8", "1" ], [ "0.000018144", "26.3", "1" ], [ "0.000018196", "27.6", "1" ], [ "0.000018289", "3.2", "1" ], [ "0.000018321", "26.0", "1" ] ],
      "t" : 1756460945105
    } ],
    "instrument_name" : "FET_BTC"
  }
}