{
  "id" : -1,
  "method" : "public/get-book",
  "code" : 0,
  "result" : {
    "depth" : 50,
    "data" : [ {
      "bids" : [ [ "0.11623", "778", "1" ], [ "0.11603", "1292", "1" ], [ "0.11601", "11700", "1" ], [ "0.11600", "5812", "1" ], [ "0.11592", "4958", "1" ], [ "0.11591", "7434", "1" ], [ "0.11571", "5698", "1" ], [ "0.11563", "2547", "1" ], [ "0.11550", "7461", "1" ], [ "0.11532", "7508", "1" ], [ "0.11501", "12130", "1" ], [ "0.11470", "16218", "1" ], [ "0.11439", "20901", "1" ], [ "0.11231", "1487", "2" ], [ "0.11230", "1719", "3" ], [ "0.09387", "796", "1" ], [ "0.09386", "88", "1" ], [ "0.09385", "55", "1" ], [ "0.09320", "1041", "1" ], [ "0.09196", "5890", "1" ], [ "0.08954", "17199", "1" ], [ "0.08712", "27672", "1" ], [ "0.08470", "55700", "1" ], [ "0.08228", "175424", "1" ], [ "0.07300", "15", "1" ] ],
      "asks" : [ [ "0.11703", "11700", "1" ], [ "0.11704", "5812", "1" ], [ "0.11718", "6724", "1" ], [ "0.11732", "7434", "1" ], [ "0.11739", "6577", "1" ], [ "0.11749", "1944", "1" ], [ "0.11760", "8066", "1" ], [ "0.11780", "6609", "1" ], [ "0.11811", "11064", "1" ], [ "0.11842", "15860", "1" ], [ "0.11872", "135", "1" ], [ "0.11873", "3006", "1" ], [ "0.11933", "135", "1" ], [ "0.12001", "135", "1" ], [ "0.12043", "135", "1" ], [ "0.12116", "442", "1" ], [ "0.12333", "159", "1" ], [ "0.12402", "288", "1" ], [ "0.12464", "159", "1" ], [ "0.12599", "110", "1" ], [ "0.12646", "179", "1" ], [ "0.12838", "179", "1" ], [ "0.13265", "511", "1" ], [ "0.13507", "8", "1" ], [ "0.14007", "1041", "1" ], [ "0.14036", "2898", "1" ], [ "0.14278", "9748", "2" ], [ "0.14520", "17583", "3" ], [ "0.14762", "30207", "4" ], [ "0.15004", "94228", "5" ], [ "0.16000", "8196", "1" ], [ "0.20000", "100", "1" ], [ "0.25000", "80", "1" ], [ "0.26415", "4", "1" ], [ "0.26500", "115", "1" ], [ "0.28000", "2835", "1" ], [ "0.40000", "990", "2" ], [ "0.52000", "113", "1" ], [ "0.66000", "212", "1" ], [ "0.70000", "1", "1" ], [ "0.88543", "1", "1" ], [ "0.89659", "56", "1" ], [ "1.20000", "70", "2" ], [ "1.37000", "72", "1" ], [ "1.85000", "24", "1" ] ],
      "t" : 1756461002941
    } ],
    "instrument_name" : "FIS_USD"
  }
}