{
  "id" : -1,
  "method" : "public/get-book",
  "code" : 0,
  "result" : {
    "depth" : 50,
    "data" : [ {
      "bids" : [ [ "0.001434", "8323", "1" ], [ "0.001402", "482305", "1" ], [ "0.001400", "108142", "3" ], [ "0.001399", "617340", "1" ], [ "0.001398", "839578", "2" ], [ "0.001392", "1730453", "3" ], [ "0.001386", "1845207", "2" ], [ "0.001380", "1828531", "1" ], [ "0.001376", "225796", "1" ], [ "0.001374", "2647596", "1" ], [ "0.001368", "3326060", "1" ], [ "0.001128", "86926", "1" ], [ "0.001110", "373071", "1" ], [ "0.001080", "1353945", "1" ], [ "0.001050", "2233279", "1" ], [ "0.001020", "4104904", "1" ], [ "0.000990", "15962557", "1" ], [ "0.000158", "6330", "1" ] ],
      "asks" : [ [ "0.001435", "1426646", "4" ], [ "0.001440", "760506", "2" ], [ "0.001445", "9055", "1" ], [ "0.001446", "1575438", "2" ], [ "0.001452", "2183551", "2" ], [ "0.001458", "2560698", "1" ], [ "0.001464", "3210357", "1" ], [ "0.001470", "3933047", "2" ], [ "0.001699", "86926", "1" ], [ "0.001710", "338904", "1" ], [ "0.001740", "848821", "2" ], [ "0.001770", "1431808", "3" ], [ "0.001800", "2823735", "4" ], [ "0.001830", "8808124", "5" ], [ "0.002100", "200944", "1" ], [ "0.002500", "13213", "1" ], [ "0.003100", "6654", "1" ], [ "0.003790", "27000", "1" ], [ "0.003900", "144639", "1" ], [ "0.004103", "77745", "1" ], [ "0.004500", "25000", "1" ], [ "0.004783", "556813", "1" ], [ "0.004950", "10000", "1" ], [ "0.005261", "190", "1" ], [ "0.005300", "38000", "1" ], [ "0.005633", "682525", "1" ], [ "0.006000", "25000", "1" ], [ "0.006173", "190", "1" ], [ "0.006300", "25", "1" ], [ "0.006348", "185", "1" ], [ "0.006523", "180", "1" ], [ "0.006696", "175", "1" ], [ "0.006871", "170", "1" ], [ "0.007000", "2661", "1" ], [ "0.007046", "166", "1" ], [ "0.007219", "162", "1" ], [ "0.007394", "158", "1" ], [ "0.007500", "381", "1" ], [ "0.007569", "154", "1" ], [ "0.007744", "150", "1" ], [ "0.007919", "147", "1" ], [ "0.008000", "499", "1" ], [ "0.008094", "144", "1" ], [ "0.008269", "140", "1" ], [ "0.008444", "137", "1" ], [ "0.008500", "435", "1" ], [ "0.008618", "135", "1" ], [ "0.008793", "132", "1" ], [ "0.008968", "129", "1" ], [ "0.009000", "26752", "2" ] ],
      "t" : 1756460929130
    } ],
    "instrument_name" : "FITFI_USD"
  }
}