{
  "id" : -1,
  "method" : "public/get-book",
  "code" : 0,
  "result" : {
    "depth" : 50,
    "data" : [ {
      "bids" : [ [ "0.00009385", "13000", "1" ], [ "0.00009374", "1435000", "1" ], [ "0.00009372", "2640000", "1" ], [ "0.00009370", "3108000", "1" ], [ "0.00009365", "3108000", "1" ], [ "0.00009360", "2968000", "1" ], [ "0.00009345", "2562000", "1" ], [ "0.00009338", "378000", "1" ], [ "0.00009324", "1208000", "1" ], [ "0.00009310", "2156000", "1" ], [ "0.00009297", "2594000", "1" ], [ "0.00009296", "2998000", "1" ], [ "0.00009282", "3808000", "1" ], [ "0.00009268", "4710000", "1" ], [ "0.00009245", "9517000", "1" ], [ "0.00009211", "84823000", "1" ], [ "0.00009046", "155000", "1" ], [ "0.00009045", "510000", "1" ], [ "0.00008187", "4505000", "1" ], [ "0.00008186", "564000", "1" ], [ "0.00007485", "18724000", "1" ], [ "0.00007484", "1280000", "1" ], [ "0.00007448", "16971000", "2" ], [ "0.00007252", "20433000", "2" ], [ "0.00007056", "20433000", "1" ], [ "0.00006860", "73515000", "2" ], [ "0.00006664", "220739000", "2" ] ],
      "asks" : [ [ "0.00009386", "1344000", "2" ], [ "0.00009389", "107000", "1" ], [ "0.00009390", "2698000", "1" ], [ "0.00009397", "1435000", "1" ], [ "0.00009400", "2667000", "1" ], [ "0.00009405", "3348000", "1" ], [ "0.00009410", "3348000", "1" ], [ "0.00009418", "2562000", "1" ], [ "0.00009422", "431000", "1" ], [ "0.00009436", "1226000", "1" ], [ "0.00009448", "6618000", "1" ], [ "0.00009449", "15026000", "1" ], [ "0.00009450", "2052000", "1" ], [ "0.00009464", "2928000", "1" ], [ "0.00009478", "3858000", "1" ], [ "0.00009492", "4607000", "1" ], [ "0.00009550", "84823000", "1" ], [ "0.00010500", "27125000", "1" ], [ "0.00010765", "465000", "1" ], [ "0.00011228", "1280000", "1" ], [ "0.00011368", "5778000", "2" ], [ "0.00011563", "24228000", "2" ], [ "0.00011564", "32286000", "3" ], [ "0.00011626", "427000", "1" ], [ "0.00011760", "21043000", "3" ], [ "0.00011818", "676000", "1" ], [ "0.00011956", "21043000", "3" ], [ "0.00012045", "662000", "1" ], [ "0.00012152", "112843000", "1" ], [ "0.00012276", "651000", "1" ], [ "0.00012485", "396000", "1" ], [ "0.00012511", "637000", "1" ], [ "0.00012751", "624000", "1" ], [ "0.00012858", "161000", "1" ], [ "0.00013265", "3514000", "1" ], [ "0.00013346", "368000", "1" ], [ "0.00013415", "155000", "1" ], [ "0.00013971", "148000", "1" ], [ "0.00014000", "26000", "1" ], [ "0.00014152", "68000", "1" ], [ "0.00014206", "344000", "1" ], [ "0.00014399", "67000", "1" ], [ "0.00014526", "143000", "1" ], [ "0.00014651", "66000", "1" ], [ "0.00014908", "64000", "1" ], [ "0.00015065", "324000", "1" ], [ "0.00015082", "137000", "1" ], [ "0.00015169", "69000", "1" ], [ "0.00015434", "69000", "1" ], [ "0.00015639", "131000", "1" ] ],
      "t" : 1756461022653
    } ],
    "instrument_name" : "FLOKI_USDT"
  }
}