{
  "id" : -1,
  "method" : "public/get-book",
  "code" : 0,
  "result" : {
    "depth" : 50,
    "data" : [ {
      "bids" : [ [ "0.00009378", "10000", "1" ], [ "0.00009374", "2240000", "1" ], [ "0.00009373", "2240000", "1" ], [ "0.00009372", "5050000", "2" ], [ "0.00009371", "25520000", "2" ], [ "0.00009370", "53820000", "2" ], [ "0.00009368", "60460000", "2" ], [ "0.00009367", "199410000", "3" ], [ "0.00009366", "2240000", "1" ], [ "0.00009365", "2240000", "1" ], [ "0.00009364", "2240000", "1" ], [ "0.00009362", "2240000", "1" ], [ "0.00009356", "2190000", "1" ], [ "0.00009354", "2180000", "1" ], [ "0.00009353", "2240000", "1" ], [ "0.00009352", "3370000", "2" ], [ "0.00009351", "2240000", "1" ], [ "0.00009350", "3820000", "3" ], [ "0.00009349", "383570000", "1" ], [ "0.00009348", "2770000", "2" ], [ "0.00009347", "2240000", "1" ], [ "0.00009346", "2690000", "2" ], [ "0.00009344", "2720000", "2" ], [ "0.00009342", "2240000", "1" ], [ "0.00009340", "2160000", "1" ], [ "0.00009338", "9260000", "2" ], [ "0.00009332", "2160000", "1" ], [ "0.00009330", "7850000", "2" ], [ "0.00009329", "12350000", "2" ], [ "0.00009327", "25570000", "1" ], [ "0.00009321", "2160000", "1" ], [ "0.00009320", "5850000", "2" ], [ "0.00009316", "2180000", "1" ], [ "0.00009315", "9750000", "1" ], [ "0.00009312", "2230000", "1" ], [ "0.00009310", "8380000", "3" ], [ "0.00009302", "2240000", "1" ], [ "0.00009300", "31550000", "6" ], [ "0.00009290", "8200000", "3" ], [ "0.00009285", "57340000", "3" ], [ "0.00009270", "38800000", "2" ], [ "0.00009261", "25760000", "1" ], [ "0.00009255", "49440000", "3" ], [ "0.00009233", "25570000", "1" ], [ "0.00009212", "25760000", "1" ], [ "0.00009163", "25760000", "1" ], [ "0.00009114", "25760000", "1" ], [ "0.00007484", "5070000", "1" ], [ "0.00007410", "4610000", "1" ], [ "0.00007215", "14930000", "1" ] ],
      "asks" : [ [ "0.00009379", "10000", "1" ], [ "0.00009380", "2200000", "2" ], [ "0.00009381", "2190000", "1" ], [ "0.00009383", "6310000", "3" ], [ "0.00009384", "12060000", "3" ], [ "0.00009386", "18490000", "2" ], [ "0.00009387", "56590000", "4" ], [ "0.00009388", "7570000", "2" ], [ "0.00009389", "2150000", "1" ], [ "0.00009390", "2190000", "1" ], [ "0.00009391", "61680000", "3" ], [ "0.00009392", "194060000", "2" ], [ "0.00009393", "3540000", "2" ], [ "0.00009394", "2230000", "1" ], [ "0.00009395", "2230000", "1" ], [ "0.00009396", "2210000", "1" ], [ "0.00009403", "2160000", "1" ], [ "0.00009404", "4950000", "2" ], [ "0.00009405", "9270000", "2" ], [ "0.00009409", "2200000", "1" ], [ "0.00009410", "7050000", "2" ], [ "0.00009414", "2240000", "1" ], [ "0.00009415", "385920000", "2" ], [ "0.00009416", "2180000", "1" ], [ "0.00009418", "530000", "1" ], [ "0.00009419", "2180000", "1" ], [ "0.00009420", "7960000", "4" ], [ "0.00009422", "2710000", "2" ], [ "0.00009424", "2730000", "2" ], [ "0.00009430", "7450000", "2" ], [ "0.00009431", "2180000", "1" ], [ "0.00009439", "25570000", "1" ], [ "0.00009440", "7710000", "2" ], [ "0.00009450", "8300000", "1" ], [ "0.00009451", "10150000", "1" ], [ "0.00009465", "11410000", "1" ], [ "0.00009477", "25570000", "1" ], [ "0.00009480", "21300000", "1" ], [ "0.00009495", "28640000", "1" ], [ "0.00009510", "39010000", "1" ], [ "0.00009525", "49270000", "1" ], [ "0.00009534", "25570000", "1" ], [ "0.00009898", "25760000", "1" ], [ "0.00009947", "25760000", "1" ], [ "0.00009996", "25760000", "1" ], [ "0.00010045", "25760000", "1" ], [ "0.00011228", "5070000", "1" ], [ "0.00011310", "5220000", "1" ], [ "0.00011505", "15010000", "2" ], [ "0.00011700", "25760000", "4" ] ],
      "t" : 1756461026326
    } ],
    "instrument_name" : "FLOKIUSD-PERP"
  }
}