{
  "id" : -1,
  "method" : "public/get-book",
  "code" : 0,
  "result" : {
    "depth" : 50,
    "data" : [ {
      "bids" : [ [ "0.00009382", "13000", "1" ], [ "0.00009379", "495000", "1" ], [ "0.00009378", "2211000", "1" ], [ "0.00009377", "10722000", "2" ], [ "0.00009376", "24313000", "1" ], [ "0.00009373", "2637000", "1" ], [ "0.00009369", "1435000", "1" ], [ "0.00009365", "2656000", "1" ], [ "0.00009360", "2867000", "1" ], [ "0.00009355", "3148000", "1" ], [ "0.00009352", "1092000", "1" ], [ "0.00009345", "2562000", "1" ], [ "0.00009330", "452000", "1" ], [ "0.00009315", "1372000", "1" ], [ "0.00009300", "2095000", "1" ], [ "0.00009286", "18476000", "1" ], [ "0.00009285", "2980000", "1" ], [ "0.00009270", "3839000", "1" ], [ "0.00009255", "4667000", "1" ], [ "0.00009236", "172000", "1" ], [ "0.00009216", "12787000", "1" ], [ "0.00009215", "84823000", "1" ], [ "0.00009204", "125000", "1" ], [ "0.00009203", "125000", "1" ], [ "0.00009004", "2273000", "1" ], [ "0.00009003", "722000", "1" ], [ "0.00009000", "177000", "1" ], [ "0.00008629", "23000", "1" ], [ "0.00008540", "109000", "1" ], [ "0.00008000", "250000", "2" ], [ "0.00007590", "26000", "1" ], [ "0.00007484", "1283000", "1" ], [ "0.00007448", "7323000", "1" ], [ "0.00007252", "20945000", "2" ], [ "0.00007064", "4954000", "1" ], [ "0.00007056", "27995000", "1" ], [ "0.00006860", "27995000", "1" ], [ "0.00006664", "98445000", "2" ], [ "0.00006468", "98445000", "1" ], [ "0.00003648", "48000", "1" ], [ "0.00003437", "134000", "1" ], [ "0.00002570", "82000", "1" ], [ "0.00002383", "42000", "1" ], [ "0.00002000", "50000", "1" ], [ "0.00001450", "69000", "1" ], [ "0.00001411", "124000", "1" ], [ "0.00001330", "76000", "1" ], [ "0.00001000", "100000", "1" ], [ "0.00000742", "135000", "1" ] ],
      "asks" : [ [ "0.00009384", "13000", "1" ], [ "0.00009387", "848000", "1" ], [ "0.00009388", "990000", "1" ], [ "0.00009389", "6553000", "1" ], [ "0.00009390", "24313000", "1" ], [ "0.00009391", "2664000", "1" ], [ "0.00009394", "10645000", "1" ], [ "0.00009397", "1435000", "1" ], [ "0.00009399", "833000", "1" ], [ "0.00009400", "2249000", "1" ], [ "0.00009405", "2576000", "1" ], [ "0.00009410", "3236000", "1" ], [ "0.00009421", "2562000", "1" ], [ "0.00009435", "498000", "1" ], [ "0.00009450", "1305000", "1" ], [ "0.00009465", "2138000", "1" ], [ "0.00009479", "20237000", "1" ], [ "0.00009480", "3047000", "1" ], [ "0.00009494", "17985000", "1" ], [ "0.00009495", "3899000", "1" ], [ "0.00009509", "20649000", "1" ], [ "0.00009510", "4604000", "1" ], [ "0.00009554", "84823000", "1" ], [ "0.00009682", "2805000", "3" ], [ "0.00009707", "168000", "1" ], [ "0.00009778", "4366000", "4" ], [ "0.00009873", "2660000", "3" ], [ "0.00009943", "163000", "1" ], [ "0.00009965", "116000", "1" ], [ "0.00010149", "79000", "1" ], [ "0.00010179", "160000", "1" ], [ "0.00010335", "115000", "1" ], [ "0.00010383", "78000", "1" ], [ "0.00010416", "155000", "1" ], [ "0.00010423", "3130000", "1" ], [ "0.00010618", "76000", "1" ], [ "0.00010650", "60000000", "1" ], [ "0.00010651", "961000", "1" ], [ "0.00010652", "153000", "1" ], [ "0.00010707", "20000", "1" ], [ "0.00010854", "74000", "1" ], [ "0.00010888", "149000", "1" ], [ "0.00011000", "104000", "1" ], [ "0.00011089", "72000", "1" ], [ "0.00011123", "146000", "1" ], [ "0.00011150", "60000000", "1" ], [ "0.00011230", "1283000", "1" ], [ "0.00011323", "75000", "1" ], [ "0.00011359", "143000", "1" ], [ "0.00011368", "3733000", "1" ] ],
      "t" : 1756461018836
    } ],
    "instrument_name" : "FLOKI_USD"
  }
}