{
  "id" : -1,
  "method" : "public/get-book",
  "code" : 0,
  "result" : {
    "depth" : 50,
    "data" : [ {
      "bids" : [ [ "0.40010", "299.4", "1" ], [ "0.40009", "2032.2", "1" ], [ "0.39993", "902.8", "1" ], [ "0.39888", "1776.2", "1" ], [ "0.39794", "1544.9", "1" ], [ "0.39683", "2279.3", "1" ], [ "0.39592", "1544.9", "1" ], [ "0.39431", "1200.0", "1" ], [ "0.39390", "1899.5", "1" ], [ "0.39130", "2712.5", "1" ], [ "0.39018", "78321.7", "1" ], [ "0.38829", "3889.7", "2" ], [ "0.38528", "5234.6", "3" ], [ "0.38227", "6863.4", "2" ], [ "0.37926", "5234.6", "1" ], [ "0.36622", "4185.5", "1" ], [ "0.32240", "313.5", "1" ], [ "0.31640", "1803.3", "1" ], [ "0.30849", "4615.5", "1" ], [ "0.30058", "7997.0", "1" ], [ "0.29267", "13177.7", "1" ], [ "0.28476", "34572.3", "1" ], [ "0.20000", "50.0", "1" ] ],
      "asks" : [ [ "0.40622", "461.5", "1" ], [ "0.40630", "258.4", "1" ], [ "0.40631", "306.5", "1" ], [ "0.40633", "2603.8", "1" ], [ "0.40634", "1661.9", "1" ], [ "0.40838", "1776.2", "1" ], [ "0.41006", "1544.8", "1" ], [ "0.41019", "2279.3", "1" ], [ "0.41208", "2159.6", "1" ], [ "0.41237", "924.4", "1" ], [ "0.41410", "2159.6", "1" ], [ "0.41538", "3424.3", "2" ], [ "0.41682", "78321.7", "1" ], [ "0.41839", "2484.8", "2" ], [ "0.42140", "6046.4", "2" ], [ "0.42441", "7266.4", "2" ], [ "0.42742", "7266.4", "1" ], [ "0.44426", "4185.5", "1" ], [ "0.48480", "313.5", "1" ], [ "0.49042", "966.5", "1" ], [ "0.49833", "3158.2", "2" ], [ "0.50000", "39.9", "1" ], [ "0.50624", "3158.2", "2" ], [ "0.51415", "7259.5", "3" ], [ "0.52206", "19846.7", "1" ], [ "0.83962", "15.4", "1" ], [ "0.85040", "15.2", "1" ], [ "0.86117", "15.0", "1" ], [ "0.87195", "14.8", "1" ], [ "0.88273", "14.6", "1" ], [ "0.89351", "14.4", "1" ], [ "0.90429", "14.2", "1" ], [ "0.91508", "14.1", "1" ], [ "0.92586", "13.9", "1" ], [ "0.93664", "13.7", "1" ], [ "0.94742", "13.6", "1" ], [ "0.95820", "13.4", "1" ], [ "0.96897", "13.3", "1" ], [ "0.97989", "13.1", "1" ], [ "1.21000", "1027.9", "1" ], [ "1.25637", "200.0", "1" ], [ "1.30200", "40.1", "1" ], [ "1.44470", "23.0", "1" ], [ "1.50000", "1.9", "1" ], [ "1.68799", "0.6", "1" ], [ "2.98000", "336.9", "1" ], [ "3.25000", "94.1", "1" ], [ "3.49000", "34.9", "1" ], [ "3.50000", "54.1", "2" ], [ "3.80000", "1.9", "1" ] ],
      "t" : 1756461026284
    } ],
    "instrument_name" : "FLOW_USDT"
  }
}