{
  "id" : -1,
  "method" : "public/get-book",
  "code" : 0,
  "result" : {
    "depth" : 50,
    "data" : [ {
      "bids" : [ [ "0.40163", "20.0", "1" ], [ "0.39988", "97.9", "1" ], [ "0.39683", "2279.3", "1" ], [ "0.39651", "615.2", "1" ], [ "0.39650", "840.0", "1" ], [ "0.39346", "156.2", "1" ], [ "0.39345", "2461.1", "2" ], [ "0.39284", "1776.2", "1" ], [ "0.39188", "1558.5", "1" ], [ "0.39041", "2107.2", "1" ], [ "0.39040", "2461.1", "2" ], [ "0.39024", "78321.7", "1" ], [ "0.38986", "2164.8", "1" ], [ "0.38784", "2315.8", "1" ], [ "0.38735", "3766.4", "2" ], [ "0.38431", "120.8", "3" ], [ "0.38430", "7040.7", "2" ], [ "0.38125", "7040.7", "2" ], [ "0.33704", "3.0", "1" ], [ "0.33164", "3.1", "1" ], [ "0.32760", "3.1", "1" ], [ "0.32243", "313.5", "1" ], [ "0.31680", "1308.9", "2" ], [ "0.30888", "4641.2", "1" ], [ "0.30096", "8270.3", "1" ], [ "0.30000", "50.0", "1" ], [ "0.29304", "13460.2", "1" ], [ "0.28512", "33510.9", "1" ], [ "0.22346", "6.4", "1" ] ],
      "asks" : [ [ "0.40611", "579.3", "1" ], [ "0.40612", "1485.8", "2" ], [ "0.40613", "248.6", "1" ], [ "0.40614", "1295.5", "1" ], [ "0.41031", "2279.3", "1" ], [ "0.41175", "671.4", "1" ], [ "0.41431", "1776.2", "1" ], [ "0.41480", "2146.4", "1" ], [ "0.41612", "1665.6", "1" ], [ "0.41687", "2107.2", "1" ], [ "0.41688", "78321.7", "1" ], [ "0.41785", "3678.1", "2" ], [ "0.41814", "1865.8", "1" ], [ "0.42016", "1975.1", "1" ], [ "0.42090", "4993.9", "2" ], [ "0.42395", "6408.5", "2" ], [ "0.42700", "4993.9", "1" ], [ "0.46000", "267.5", "1" ], [ "0.48490", "313.5", "1" ], [ "0.49104", "837.1", "1" ], [ "0.49896", "3161.2", "2" ], [ "0.50688", "5450.9", "3" ], [ "0.51480", "5450.9", "3" ], [ "0.52272", "19648.7", "1" ], [ "0.69000", "500.4", "1" ], [ "0.75017", "2.1", "1" ], [ "0.77000", "2817.3", "1" ], [ "0.82272", "2.0", "1" ], [ "0.89000", "500.3", "1" ], [ "1.00000", "29.0", "1" ], [ "1.18000", "100.0", "1" ], [ "1.23000", "939.2", "1" ], [ "1.36513", "0.7", "1" ], [ "1.43909", "46.1", "1" ], [ "1.46380", "110.0", "1" ], [ "1.50000", "94.8", "5" ], [ "1.56000", "171.9", "1" ], [ "1.59800", "65.0", "1" ], [ "1.66285", "0.6", "1" ], [ "1.75000", "6.5", "1" ], [ "1.80000", "10.0", "1" ], [ "2.00000", "10.0", "1" ], [ "2.50000", "10.0", "1" ], [ "3.00000", "10.0", "1" ], [ "3.14000", "201.1", "1" ], [ "3.34639", "1221.6", "1" ], [ "3.36000", "855.5", "1" ], [ "3.50000", "28.9", "1" ], [ "3.81100", "100.0", "1" ], [ "4.00000", "10.0", "1" ] ],
      "t" : 1756461029604
    } ],
    "instrument_name" : "FLOW_USD"
  }
}