{
  "id" : -1,
  "method" : "public/get-book",
  "code" : 0,
  "result" : {
    "depth" : 50,
    "data" : [ {
      "bids" : [ [ "0.40344", "0.1", "1" ], [ "0.40331", "0.1", "1" ], [ "0.40288", "496.4", "1" ], [ "0.40220", "3668.1", "1" ], [ "0.40184", "124.4", "1" ], [ "0.40176", "124.4", "1" ], [ "0.40171", "2660.0", "1" ], [ "0.40168", "124.4", "1" ], [ "0.40160", "124.5", "1" ], [ "0.39872", "2341.9", "1" ], [ "0.39767", "2749.7", "1" ], [ "0.39606", "5118.5", "2" ], [ "0.39445", "6712.2", "3" ], [ "0.39284", "9365.3", "3" ], [ "0.39155", "6093.5", "1" ], [ "0.39123", "11570.3", "3" ], [ "0.38950", "6093.5", "1" ], [ "0.38745", "6093.5", "1" ], [ "0.36665", "1811.1", "1" ], [ "0.32240", "1171.0", "1" ], [ "0.31958", "1344.6", "1" ], [ "0.31117", "3437.7", "1" ], [ "0.30276", "5940.6", "1" ], [ "0.29435", "8104.6", "1" ], [ "0.28594", "10564.4", "1" ], [ "0.27753", "12658.6", "1" ] ],
      "asks" : [ [ "0.40426", "0.1", "1" ], [ "0.40460", "0.1", "1" ], [ "0.40544", "493.2", "1" ], [ "0.40560", "123.2", "1" ], [ "0.40568", "123.2", "1" ], [ "0.40576", "1747.3", "2" ], [ "0.40581", "1677.0", "1" ], [ "0.40584", "123.2", "1" ], [ "0.40604", "3660.8", "1" ], [ "0.40662", "2028.1", "1" ], [ "0.40743", "1751.9", "2" ], [ "0.40824", "2300.4", "3" ], [ "0.40831", "2341.9", "1" ], [ "0.40894", "2431.6", "1" ], [ "0.40905", "2366.5", "2" ], [ "0.41055", "4387.6", "2" ], [ "0.41216", "7315.0", "2" ], [ "0.41377", "9699.0", "1" ], [ "0.41538", "11720.8", "1" ], [ "0.43255", "6093.5", "1" ], [ "0.43460", "6093.5", "1" ], [ "0.43665", "6093.5", "1" ], [ "0.43870", "6093.5", "1" ], [ "0.44486", "1811.1", "1" ], [ "0.48480", "1171.0", "1" ], [ "0.48778", "1054.6", "1" ], [ "0.49619", "3378.6", "2" ], [ "0.50460", "5841.0", "3" ], [ "0.51301", "8224.4", "4" ], [ "0.52142", "10654.1", "5" ], [ "0.52983", "12843.7", "5" ] ],
      "t" : 1756461036870
    } ],
    "instrument_name" : "FLOWUSD-PERP"
  }
}