{
  "id" : -1,
  "method" : "public/get-book",
  "code" : 0,
  "result" : {
    "depth" : 50,
    "data" : [ {
      "bids" : [ [ "0.021358", "60", "1" ], [ "0.021344", "4090", "1" ], [ "0.021341", "17560", "2" ], [ "0.021338", "64200", "2" ], [ "0.021311", "83050", "1" ], [ "0.021310", "26340", "1" ], [ "0.021309", "32470", "1" ], [ "0.021307", "11730", "1" ], [ "0.021298", "41590", "1" ], [ "0.021294", "29010", "1" ], [ "0.021285", "27490", "1" ], [ "0.021268", "29010", "1" ], [ "0.021252", "70520", "2" ], [ "0.021242", "41020", "1" ], [ "0.021233", "147710", "1" ], [ "0.021221", "12250", "1" ], [ "0.021220", "86280", "1" ], [ "0.021219", "124160", "3" ], [ "0.021186", "124160", "2" ], [ "0.021153", "222230", "2" ], [ "0.021120", "170850", "1" ], [ "0.021114", "315050", "1" ], [ "0.021000", "10000", "2" ], [ "0.020992", "488120", "1" ], [ "0.020001", "2800", "1" ], [ "0.020000", "5000", "1" ], [ "0.017065", "5800", "1" ], [ "0.016848", "34680", "1" ], [ "0.016416", "94320", "1" ], [ "0.016000", "6250", "1" ], [ "0.015984", "147640", "1" ], [ "0.015552", "150380", "1" ], [ "0.015120", "429430", "1" ], [ "0.014376", "70", "1" ], [ "0.014000", "170000", "1" ], [ "0.010000", "30", "1" ], [ "0.005000", "200", "1" ] ],
      "asks" : [ [ "0.021359", "60", "1" ], [ "0.021385", "10360", "1" ], [ "0.021386", "910", "1" ], [ "0.021389", "17520", "2" ], [ "0.021398", "5840", "1" ], [ "0.021404", "53660", "1" ], [ "0.021418", "32470", "1" ], [ "0.021424", "32370", "1" ], [ "0.021440", "11660", "1" ], [ "0.021447", "2750", "1" ], [ "0.021448", "82540", "1" ], [ "0.021449", "41590", "1" ], [ "0.021450", "59870", "2" ], [ "0.021476", "34350", "1" ], [ "0.021482", "146260", "1" ], [ "0.021483", "69900", "1" ], [ "0.021500", "50000", "1" ], [ "0.021516", "167980", "1" ], [ "0.021549", "217290", "1" ], [ "0.021582", "271430", "1" ], [ "0.021592", "308060", "1" ], [ "0.021615", "271430", "1" ], [ "0.021669", "484130", "1" ], [ "0.021911", "960", "1" ], [ "0.021999", "950", "1" ], [ "0.022000", "50000", "1" ], [ "0.022116", "1200", "1" ], [ "0.022682", "1690", "1" ], [ "0.023429", "1650", "1" ], [ "0.023586", "1200", "1" ], [ "0.024178", "1600", "1" ], [ "0.024928", "1550", "1" ], [ "0.025599", "4240", "1" ], [ "0.025614", "5800", "1" ], [ "0.025660", "6380", "2" ], [ "0.025910", "18340", "2" ], [ "0.025920", "16470", "1" ], [ "0.026280", "620", "1" ], [ "0.026352", "59070", "2" ], [ "0.026406", "50", "1" ], [ "0.026600", "1540", "1" ], [ "0.026784", "59070", "2" ], [ "0.027000", "32450", "2" ], [ "0.027110", "48090", "4" ], [ "0.027216", "59070", "2" ], [ "0.027648", "254470", "2" ], [ "0.028000", "1540", "1" ], [ "0.031567", "910", "1" ], [ "0.033064", "860", "1" ], [ "0.033191", "1550", "1" ] ],
      "t" : 1756461041340
    } ],
    "instrument_name" : "FLR_USD"
  }
}