{
  "id" : -1,
  "method" : "public/get-book",
  "code" : 0,
  "result" : {
    "depth" : 50,
    "data" : [ {
      "bids" : [ [ "0.20346", "1", "1" ], [ "0.20336", "210", "1" ], [ "0.20334", "1", "1" ], [ "0.20316", "246", "1" ], [ "0.20312", "246", "1" ], [ "0.20308", "1230", "2" ], [ "0.20304", "246", "1" ], [ "0.20252", "4440", "1" ], [ "0.20251", "4673", "1" ], [ "0.20250", "4714", "1" ], [ "0.20238", "617", "1" ], [ "0.20232", "617", "1" ], [ "0.20226", "618", "1" ], [ "0.20220", "618", "1" ], [ "0.20208", "3271", "1" ], [ "0.20205", "9054", "2" ], [ "0.20196", "1512", "1" ], [ "0.20190", "742", "1" ], [ "0.20180", "743", "1" ], [ "0.20174", "1696", "1" ], [ "0.20170", "743", "1" ], [ "0.20160", "14743", "4" ], [ "0.20152", "1931", "1" ], [ "0.20150", "744", "1" ], [ "0.20140", "744", "1" ], [ "0.20130", "2285", "1" ], [ "0.20115", "19373", "4" ], [ "0.20108", "2340", "1" ], [ "0.20070", "24212", "5" ], [ "0.16264", "2336", "1" ], [ "0.16112", "2453", "1" ], [ "0.15688", "7417", "2" ], [ "0.15264", "11728", "2" ], [ "0.14840", "16742", "2" ], [ "0.14416", "20754", "2" ], [ "0.13992", "25299", "2" ] ],
      "asks" : [ [ "0.20347", "1", "1" ], [ "0.20364", "1", "1" ], [ "0.20392", "245", "1" ], [ "0.20394", "980", "1" ], [ "0.20396", "245", "1" ], [ "0.20400", "245", "1" ], [ "0.20404", "244", "1" ], [ "0.20460", "4440", "1" ], [ "0.20461", "1790", "1" ], [ "0.20469", "3271", "1" ], [ "0.20482", "1470", "1" ], [ "0.20490", "610", "1" ], [ "0.20491", "4673", "1" ], [ "0.20496", "609", "1" ], [ "0.20502", "609", "1" ], [ "0.20504", "2124", "3" ], [ "0.20508", "609", "1" ], [ "0.20520", "4031", "1" ], [ "0.20526", "1876", "1" ], [ "0.20530", "730", "1" ], [ "0.20540", "730", "1" ], [ "0.20548", "1876", "1" ], [ "0.20550", "729", "1" ], [ "0.20560", "729", "1" ], [ "0.20565", "9468", "1" ], [ "0.20570", "3079", "2" ], [ "0.20580", "728", "1" ], [ "0.20610", "13360", "1" ], [ "0.20655", "18730", "1" ], [ "0.20700", "22943", "1" ], [ "0.24408", "2336", "1" ], [ "0.24592", "2535", "1" ], [ "0.25016", "6671", "2" ], [ "0.25440", "12015", "3" ], [ "0.25864", "16008", "4" ], [ "0.26288", "21426", "4" ], [ "0.26712", "25266", "1" ] ],
      "t" : 1756461050824
    } ],
    "instrument_name" : "FLUXUSD-PERP"
  }
}