{
  "id" : -1,
  "method" : "public/get-book",
  "code" : 0,
  "result" : {
    "depth" : 50,
    "data" : [ {
      "bids" : [ [ "0.20360", "34.6", "2" ], [ "0.20354", "17.3", "1" ], [ "0.20350", "5.6", "1" ], [ "0.20348", "17.3", "1" ], [ "0.20342", "17.3", "1" ], [ "0.20336", "17.3", "1" ], [ "0.20333", "343.6", "1" ], [ "0.20330", "17.3", "1" ], [ "0.20324", "17.3", "1" ], [ "0.20318", "17.3", "1" ], [ "0.20312", "17.3", "1" ], [ "0.20306", "17.3", "1" ], [ "0.20300", "17.3", "1" ], [ "0.20294", "17.3", "1" ], [ "0.20290", "1796.7", "1" ], [ "0.20289", "654.0", "1" ], [ "0.20288", "17.3", "1" ], [ "0.20282", "17.5", "1" ], [ "0.20280", "620.0", "1" ], [ "0.20276", "17.5", "1" ], [ "0.20270", "17.5", "1" ], [ "0.20263", "837.6", "1" ], [ "0.20260", "850.7", "1" ], [ "0.20250", "339.5", "1" ], [ "0.20240", "866.9", "1" ], [ "0.20220", "872.1", "2" ], [ "0.20190", "1481.8", "3" ], [ "0.20160", "2671.5", "4" ], [ "0.20130", "2671.5", "1" ], [ "0.19993", "29275.1", "1" ], [ "0.16264", "584.5", "1" ], [ "0.15836", "2824.3", "1" ], [ "0.15408", "8672.3", "1" ], [ "0.14980", "14240.0", "1" ], [ "0.14552", "14240.0", "1" ], [ "0.14124", "44128.7", "1" ] ],
      "asks" : [ [ "0.20361", "399.3", "2" ], [ "0.20378", "17.3", "1" ], [ "0.20384", "17.3", "1" ], [ "0.20390", "17.3", "1" ], [ "0.20396", "17.3", "1" ], [ "0.20402", "17.3", "1" ], [ "0.20408", "17.3", "1" ], [ "0.20410", "1796.7", "1" ], [ "0.20411", "654.0", "1" ], [ "0.20414", "17.3", "1" ], [ "0.20420", "731.7", "2" ], [ "0.20426", "17.3", "1" ], [ "0.20432", "17.3", "1" ], [ "0.20437", "837.6", "1" ], [ "0.20438", "17.3", "1" ], [ "0.20440", "714.4", "1" ], [ "0.20444", "17.3", "1" ], [ "0.20450", "17.3", "1" ], [ "0.20455", "17.3", "1" ], [ "0.20459", "55.5", "1" ], [ "0.20460", "1005.1", "2" ], [ "0.20461", "17.3", "1" ], [ "0.20467", "17.3", "1" ], [ "0.20473", "17.3", "1" ], [ "0.20490", "811.7", "2" ], [ "0.20520", "1438.6", "2" ], [ "0.20550", "1438.6", "1" ], [ "0.20580", "2540.6", "1" ], [ "0.20727", "29275.1", "1" ], [ "0.24408", "584.5", "1" ], [ "0.24824", "1963.3", "1" ], [ "0.25252", "6068.5", "2" ], [ "0.25680", "6068.5", "3" ], [ "0.26108", "6068.5", "2" ], [ "0.26536", "26971.7", "1" ], [ "0.29776", "1149.9", "1" ], [ "0.30067", "1149.6", "1" ], [ "0.30357", "1149.6", "1" ], [ "0.40000", "306.9", "1" ], [ "0.45971", "11.9", "1" ], [ "0.46500", "1063.1", "1" ], [ "0.47117", "11.6", "1" ], [ "0.48265", "11.3", "1" ], [ "0.49412", "11.0", "1" ], [ "0.50558", "10.8", "1" ], [ "0.51705", "10.5", "1" ], [ "0.52853", "10.3", "1" ], [ "0.54000", "10.0", "1" ], [ "0.55000", "306.9", "1" ], [ "0.55147", "9.8", "1" ] ],
      "t" : 1756461048520
    } ],
    "instrument_name" : "FLUX_USDT"
  }
}