{
  "id" : -1,
  "method" : "public/get-book",
  "code" : 0,
  "result" : {
    "depth" : 50,
    "data" : [ {
      "bids" : [ [ "0.20353", "5.6", "1" ], [ "0.20345", "21.6", "1" ], [ "0.20339", "21.6", "1" ], [ "0.20335", "375.8", "1" ], [ "0.20333", "21.6", "1" ], [ "0.20327", "21.8", "1" ], [ "0.20321", "21.8", "1" ], [ "0.20315", "21.8", "1" ], [ "0.20309", "21.8", "1" ], [ "0.20303", "21.8", "1" ], [ "0.20297", "21.8", "1" ], [ "0.20291", "21.8", "1" ], [ "0.20289", "654.0", "1" ], [ "0.20285", "21.8", "1" ], [ "0.20284", "714.1", "1" ], [ "0.20279", "21.8", "1" ], [ "0.20273", "21.8", "1" ], [ "0.20267", "21.8", "1" ], [ "0.20262", "1546.1", "3" ], [ "0.20240", "708.5", "1" ], [ "0.20237", "3405.6", "1" ], [ "0.20236", "488.9", "1" ], [ "0.20234", "9119.8", "1" ], [ "0.20232", "7438.0", "1" ], [ "0.20229", "237.8", "1" ], [ "0.20196", "852.8", "2" ], [ "0.20163", "1496.7", "3" ], [ "0.20130", "2669.2", "1" ], [ "0.20097", "2669.2", "1" ], [ "0.20000", "500.0", "1" ], [ "0.19996", "29275.1", "1" ], [ "0.19965", "142946.5", "1" ], [ "0.19324", "5.2", "1" ], [ "0.16265", "584.8", "1" ], [ "0.16264", "2632.6", "1" ], [ "0.15836", "9238.6", "2" ], [ "0.15408", "9238.6", "1" ], [ "0.14980", "17232.4", "1" ], [ "0.14552", "43769.5", "2" ] ],
      "asks" : [ [ "0.20354", "5.6", "1" ], [ "0.20359", "389.1", "1" ], [ "0.20375", "21.6", "1" ], [ "0.20381", "21.6", "1" ], [ "0.20387", "21.6", "1" ], [ "0.20393", "21.6", "1" ], [ "0.20399", "21.6", "1" ], [ "0.20405", "21.6", "1" ], [ "0.20411", "21.6", "1" ], [ "0.20417", "3427.2", "2" ], [ "0.20418", "654.0", "1" ], [ "0.20423", "21.6", "1" ], [ "0.20429", "6888.5", "2" ], [ "0.20432", "136.1", "1" ], [ "0.20434", "2519.7", "1" ], [ "0.20435", "21.6", "1" ], [ "0.20436", "5800.5", "1" ], [ "0.20438", "654.0", "1" ], [ "0.20441", "21.6", "1" ], [ "0.20444", "837.6", "1" ], [ "0.20447", "21.6", "1" ], [ "0.20453", "21.6", "1" ], [ "0.20459", "21.6", "1" ], [ "0.20460", "947.8", "2" ], [ "0.20482", "682.5", "1" ], [ "0.20493", "818.8", "2" ], [ "0.20526", "1400.3", "2" ], [ "0.20559", "1400.3", "1" ], [ "0.20592", "2540.5", "1" ], [ "0.20730", "29275.1", "1" ], [ "0.20744", "143582.1", "1" ], [ "0.24413", "584.8", "1" ], [ "0.24824", "1943.5", "1" ], [ "0.25000", "99.0", "1" ], [ "0.25252", "5524.7", "2" ], [ "0.25680", "9780.6", "3" ], [ "0.26108", "5524.7", "2" ], [ "0.26536", "25177.7", "1" ], [ "0.27000", "1656.4", "1" ], [ "0.30000", "4329.0", "4" ], [ "0.33000", "500.0", "1" ], [ "0.35000", "500.0", "1" ], [ "0.38000", "400.0", "1" ], [ "0.40000", "1060.7", "2" ], [ "0.42000", "500.0", "1" ], [ "0.46000", "521.9", "2" ], [ "0.50000", "2500.0", "2" ], [ "0.52661", "321.4", "1" ], [ "0.53000", "500.0", "1" ], [ "0.57000", "500.0", "1" ] ],
      "t" : 1756461044649
    } ],
    "instrument_name" : "FLUX_USD"
  }
}