{
  "id" : -1,
  "method" : "public/get-book",
  "code" : 0,
  "result" : {
    "depth" : 50,
    "data" : [ {
      "bids" : [ [ "0.021947", "50", "1" ], [ "0.021796", "3300", "1" ], [ "0.021750", "2790", "1" ], [ "0.021738", "4950", "1" ], [ "0.021712", "5210", "1" ], [ "0.021692", "7200", "1" ], [ "0.021653", "11830", "1" ], [ "0.021649", "2291450", "1" ], [ "0.021634", "11760", "1" ], [ "0.021594", "17150", "1" ], [ "0.021387", "2800", "1" ], [ "0.020497", "4230", "1" ], [ "0.020496", "1950", "1" ], [ "0.018000", "30000", "1" ], [ "0.017602", "4130", "1" ], [ "0.017580", "22210", "1" ], [ "0.016994", "63310", "2" ], [ "0.016408", "63310", "1" ], [ "0.015822", "566010", "2" ], [ "0.015236", "1645950", "2" ], [ "0.014000", "1000", "1" ] ],
      "asks" : [ [ "0.022168", "50", "1" ], [ "0.022283", "3300", "1" ], [ "0.022312", "4950", "1" ], [ "0.022330", "3130", "1" ], [ "0.022361", "4450", "1" ], [ "0.022388", "7500", "2" ], [ "0.022420", "11830", "2" ], [ "0.022443", "2291450", "1" ], [ "0.022446", "7500", "1" ], [ "0.022479", "11830", "2" ], [ "0.023238", "610", "1" ], [ "0.024125", "590", "1" ], [ "0.025010", "560", "1" ], [ "0.025896", "540", "1" ], [ "0.026565", "4130", "1" ], [ "0.026601", "1440", "1" ], [ "0.026783", "520", "1" ], [ "0.026956", "12020", "1" ], [ "0.027542", "40500", "2" ], [ "0.027668", "500", "1" ], [ "0.028128", "67940", "3" ], [ "0.028555", "490", "1" ], [ "0.028714", "303120", "3" ], [ "0.029300", "887400", "2" ], [ "0.029440", "510", "1" ], [ "0.030326", "480", "1" ], [ "0.031000", "6480", "1" ], [ "0.031111", "35000", "1" ], [ "0.031213", "440", "1" ], [ "0.031672", "550", "1" ], [ "0.031939", "3470", "1" ], [ "0.032000", "9870", "2" ], [ "0.032100", "630", "1" ], [ "0.032500", "8400", "1" ], [ "0.033524", "3300", "1" ], [ "0.033639", "510", "1" ], [ "0.034200", "590", "1" ], [ "0.035000", "47830", "1" ], [ "0.035111", "3140", "1" ], [ "0.035604", "490", "1" ], [ "0.036697", "3000", "1" ], [ "0.037571", "460", "1" ], [ "0.038282", "2870", "1" ], [ "0.039537", "440", "1" ], [ "0.039866", "30", "1" ], [ "0.039869", "2760", "1" ], [ "0.039900", "10900", "1" ], [ "0.040000", "14300", "3" ], [ "0.041458", "2760", "1" ], [ "0.041505", "440", "1" ] ],
      "t" : 1756461056197
    } ],
    "instrument_name" : "FM_USD"
  }
}