{
  "id" : -1,
  "method" : "public/get-book",
  "code" : 0,
  "result" : {
    "depth" : 50,
    "data" : [ {
      "bids" : [ [ "0.0027094", "18400", "1" ], [ "0.0027040", "34000", "1" ], [ "0.0026986", "24500", "1" ], [ "0.0026932", "97300", "1" ], [ "0.0026878", "16900", "1" ], [ "0.0026851", "256400", "1" ], [ "0.0026824", "32900", "1" ], [ "0.0026770", "49800", "1" ], [ "0.0026731", "9600", "1" ], [ "0.0026730", "214600", "1" ], [ "0.0026717", "25100", "1" ], [ "0.0026688", "328200", "1" ], [ "0.0026664", "36300", "1" ], [ "0.0026611", "39700", "1" ], [ "0.0026568", "489800", "2" ], [ "0.0026558", "17500", "1" ], [ "0.0026505", "26900", "1" ], [ "0.0026452", "43200", "1" ], [ "0.0026406", "214600", "1" ], [ "0.0026404", "575400", "1" ], [ "0.0026399", "21500", "1" ], [ "0.0026346", "31200", "1" ], [ "0.0026293", "23200", "1" ], [ "0.0026241", "38500", "1" ], [ "0.0026240", "997500", "1" ], [ "0.0026189", "38300", "1" ], [ "0.0026137", "68800", "1" ], [ "0.0026085", "57200", "1" ], [ "0.0026076", "1816800", "1" ], [ "0.0026033", "45600", "1" ], [ "0.0025981", "46100", "1" ], [ "0.0025929", "55700", "1" ], [ "0.0025912", "2177400", "1" ], [ "0.0025877", "17500", "1" ], [ "0.0025825", "17600", "1" ], [ "0.0025773", "46200", "1" ], [ "0.0025748", "2177400", "1" ], [ "0.0025722", "32500", "1" ], [ "0.0025671", "21400", "1" ], [ "0.0025620", "56800", "1" ], [ "0.0025569", "34900", "1" ], [ "0.0025000", "6000", "1" ], [ "0.0021610", "42900", "1" ], [ "0.0021411", "221900", "1" ], [ "0.0020862", "644700", "1" ], [ "0.0020313", "1100200", "1" ], [ "0.0020000", "50000", "1" ], [ "0.0019764", "1970900", "1" ], [ "0.0019215", "7091400", "1" ] ],
      "asks" : [ [ "0.0027202", "39000", "1" ], [ "0.0027257", "40400", "1" ], [ "0.0027311", "17300", "1" ], [ "0.0027365", "26800", "1" ], [ "0.0027401", "328200", "1" ], [ "0.0027420", "31000", "1" ], [ "0.0027475", "68100", "1" ], [ "0.0027530", "28500", "1" ], [ "0.0027552", "222300", "1" ], [ "0.0027586", "43700", "1" ], [ "0.0027641", "50500", "1" ], [ "0.0027696", "42900", "1" ], [ "0.0027716", "595400", "2" ], [ "0.0027752", "19000", "1" ], [ "0.0027807", "16400", "1" ], [ "0.0027862", "16300", "1" ], [ "0.0027880", "1305800", "3" ], [ "0.0027918", "48600", "1" ], [ "0.0027974", "28000", "1" ], [ "0.0028030", "37400", "1" ], [ "0.0028044", "1305800", "3" ], [ "0.0028087", "21800", "1" ], [ "0.0028143", "16200", "1" ], [ "0.0028199", "43600", "1" ], [ "0.0028208", "1305800", "3" ], [ "0.0028256", "2600", "1" ], [ "0.0028312", "31600", "1" ], [ "0.0028368", "200", "1" ], [ "0.0028372", "2106500", "1" ], [ "0.0028425", "19400", "1" ], [ "0.0028482", "29400", "1" ], [ "0.0028539", "41800", "1" ], [ "0.0028597", "15900", "1" ], [ "0.0028654", "15900", "1" ], [ "0.0028711", "200", "1" ], [ "0.0028769", "41700", "1" ], [ "0.0028826", "300", "1" ], [ "0.0028963", "256400", "1" ], [ "0.0028998", "253500", "1" ], [ "0.0029160", "270500", "1" ], [ "0.0029322", "252700", "1" ], [ "0.0032491", "42900", "1" ], [ "0.0032940", "146500", "1" ], [ "0.0033489", "431100", "2" ], [ "0.0034038", "431100", "2" ], [ "0.0034587", "1216900", "3" ], [ "0.0035136", "4035700", "4" ], [ "0.0037288", "5900", "1" ], [ "0.0044028", "24000", "1" ], [ "0.0048000", "93000", "1" ] ],
      "t" : 1756460911033
    } ],
    "instrument_name" : "FOXY_USD"
  }
}