{
  "id" : -1,
  "method" : "public/get-book",
  "code" : 0,
  "result" : {
    "depth" : 50,
    "data" : [ {
      "bids" : [ [ "0.010266", "1460", "1" ], [ "0.010265", "14130", "1" ], [ "0.010261", "42130", "1" ], [ "0.010253", "52600", "1" ], [ "0.010252", "71080", "2" ], [ "0.010250", "56820", "1" ], [ "0.010230", "14130", "1" ], [ "0.010226", "62280", "1" ], [ "0.010225", "56820", "1" ], [ "0.010208", "17870", "1" ], [ "0.010200", "134190", "3" ], [ "0.010191", "53210", "1" ], [ "0.010186", "17870", "1" ], [ "0.010175", "72700", "2" ], [ "0.010164", "23910", "2" ], [ "0.010156", "71430", "1" ], [ "0.010150", "56820", "1" ], [ "0.010142", "17870", "1" ], [ "0.010140", "85630", "1" ], [ "0.010132", "144750", "2" ], [ "0.010125", "72700", "2" ], [ "0.010120", "17870", "1" ], [ "0.010112", "99300", "2" ], [ "0.010100", "56820", "1" ], [ "0.010098", "23910", "2" ], [ "0.010080", "85630", "1" ], [ "0.010076", "24170", "1" ], [ "0.010075", "60960", "1" ], [ "0.010064", "202060", "1" ], [ "0.010054", "24170", "1" ], [ "0.010050", "60960", "1" ], [ "0.010040", "1000", "1" ], [ "0.010033", "165200", "1" ], [ "0.010032", "24170", "1" ], [ "0.010025", "60960", "1" ], [ "0.010020", "71430", "1" ], [ "0.010010", "24170", "1" ], [ "0.010000", "60960", "1" ], [ "0.009996", "2000", "1" ], [ "0.009988", "24170", "1" ], [ "0.009975", "60960", "1" ], [ "0.009966", "24170", "1" ], [ "0.009960", "65920", "1" ], [ "0.009950", "60960", "1" ], [ "0.009944", "24170", "1" ], [ "0.009925", "60960", "1" ], [ "0.009900", "126880", "2" ], [ "0.009855", "5000", "1" ], [ "0.009840", "65920", "1" ], [ "0.009780", "65920", "1" ] ],
      "asks" : [ [ "0.010386", "49170", "2" ], [ "0.010387", "14170", "1" ], [ "0.010400", "42170", "1" ], [ "0.010406", "23220", "1" ], [ "0.010425", "65980", "1" ], [ "0.010428", "17770", "1" ], [ "0.010450", "91800", "2" ], [ "0.010472", "17540", "1" ], [ "0.010475", "65980", "1" ], [ "0.010477", "71430", "1" ], [ "0.010494", "76420", "2" ], [ "0.010500", "132710", "2" ], [ "0.010507", "55030", "1" ], [ "0.010516", "21280", "1" ], [ "0.010518", "62280", "1" ], [ "0.010525", "67940", "1" ], [ "0.010538", "23210", "1" ], [ "0.010540", "61420", "1" ], [ "0.010550", "70420", "1" ], [ "0.010560", "95700", "2" ], [ "0.010575", "54240", "1" ], [ "0.010582", "18870", "1" ], [ "0.010586", "101420", "2" ], [ "0.010600", "54350", "1" ], [ "0.010604", "21230", "1" ], [ "0.010608", "139510", "2" ], [ "0.010620", "71430", "1" ], [ "0.010625", "52510", "1" ], [ "0.010626", "21150", "1" ], [ "0.010648", "19660", "1" ], [ "0.010650", "57220", "1" ], [ "0.010665", "101420", "1" ], [ "0.010670", "21970", "1" ], [ "0.010675", "62280", "1" ], [ "0.010676", "139510", "1" ], [ "0.010680", "76940", "1" ], [ "0.010692", "17450", "1" ], [ "0.010700", "64360", "1" ], [ "0.010714", "22480", "1" ], [ "0.010725", "67780", "1" ], [ "0.010740", "76940", "1" ], [ "0.010750", "55720", "1" ], [ "0.010800", "71430", "1" ], [ "0.010860", "71430", "1" ], [ "0.010920", "76940", "1" ], [ "0.010980", "76940", "1" ], [ "0.011040", "76940", "1" ], [ "0.011100", "76940", "1" ], [ "0.011160", "76940", "1" ], [ "0.011220", "84990", "1" ] ],
      "t" : 1756461066582
    } ],
    "instrument_name" : "FUL_USD"
  }
}