{
  "id" : -1,
  "method" : "public/get-book",
  "code" : 0,
  "result" : {
    "depth" : 50,
    "data" : [ {
      "bids" : [ [ "0.04096", "10", "1" ], [ "0.04085", "10", "1" ], [ "0.04082", "10", "1" ], [ "0.04017", "1080", "1" ], [ "0.03975", "1080", "1" ], [ "0.03934", "1080", "1" ], [ "0.03588", "1390", "1" ], [ "0.03587", "1390", "1" ], [ "0.03586", "1390", "1" ], [ "0.03585", "1390", "1" ], [ "0.03500", "10", "1" ], [ "0.03465", "3600", "1" ], [ "0.03464", "3600", "1" ], [ "0.03463", "3600", "1" ], [ "0.03462", "3610", "1" ], [ "0.03440", "4360", "1" ], [ "0.03438", "4360", "1" ], [ "0.03436", "4360", "1" ], [ "0.03434", "4360", "1" ], [ "0.03432", "4370", "1" ], [ "0.03430", "4370", "1" ], [ "0.03276", "10830", "1" ], [ "0.03219", "10810", "1" ], [ "0.03132", "35240", "1" ], [ "0.03045", "56590", "1" ], [ "0.02958", "78680", "1" ], [ "0.02871", "102790", "1" ], [ "0.02784", "127200", "1" ] ],
      "asks" : [ [ "0.04099", "2150", "1" ], [ "0.04124", "10", "1" ], [ "0.04129", "3520", "2" ], [ "0.04140", "2150", "1" ], [ "0.04143", "1200", "1" ], [ "0.04144", "1200", "1" ], [ "0.04145", "1200", "1" ], [ "0.04146", "1190", "1" ], [ "0.04171", "2280", "1" ], [ "0.04182", "2150", "1" ], [ "0.04221", "2960", "1" ], [ "0.04222", "2960", "1" ], [ "0.04223", "2950", "1" ], [ "0.04224", "2950", "1" ], [ "0.04244", "3530", "1" ], [ "0.04246", "3530", "1" ], [ "0.04248", "3530", "1" ], [ "0.04250", "3520", "1" ], [ "0.04252", "3520", "1" ], [ "0.04254", "3520", "1" ], [ "0.04965", "10830", "1" ], [ "0.05046", "12830", "1" ], [ "0.05133", "34930", "2" ], [ "0.05220", "58170", "3" ], [ "0.05307", "82140", "4" ], [ "0.05394", "102740", "4" ], [ "0.05481", "125140", "1" ], [ "0.09000", "10", "1" ] ],
      "t" : 1756461074104
    } ],
    "instrument_name" : "FWOGUSD-PERP"
  }
}