{
  "id" : -1,
  "method" : "public/get-book",
  "code" : 0,
  "result" : {
    "depth" : 50,
    "data" : [ {
      "bids" : [ [ "0.04072", "1190", "1" ], [ "0.03999", "6961", "1" ], [ "0.03980", "308", "1" ], [ "0.03979", "7452", "1" ], [ "0.03958", "2578", "1" ], [ "0.03957", "321", "1" ], [ "0.03956", "21873", "1" ], [ "0.03938", "18189", "1" ], [ "0.03933", "35043", "2" ], [ "0.03920", "16426", "1" ], [ "0.03910", "47449", "1" ], [ "0.03900", "37797", "1" ], [ "0.03880", "58659", "1" ], [ "0.03860", "84042", "1" ], [ "0.03626", "60", "1" ], [ "0.03381", "37", "1" ], [ "0.03281", "2959", "1" ], [ "0.03219", "13434", "1" ], [ "0.03132", "51247", "1" ], [ "0.03045", "51247", "1" ], [ "0.02958", "51247", "1" ], [ "0.02871", "168430", "1" ] ],
      "asks" : [ [ "0.04173", "7120", "1" ], [ "0.04174", "2040", "1" ], [ "0.04175", "5679", "1" ], [ "0.04176", "12126", "1" ], [ "0.04178", "29342", "1" ], [ "0.04227", "6961", "1" ], [ "0.04231", "33674", "1" ], [ "0.04232", "5667", "1" ], [ "0.04251", "33204", "1" ], [ "0.04252", "1453", "1" ], [ "0.04255", "20213", "2" ], [ "0.04278", "33972", "2" ], [ "0.04289", "18189", "1" ], [ "0.04300", "18022", "2" ], [ "0.04301", "33972", "2" ], [ "0.04319", "2441", "2" ], [ "0.04320", "38726", "2" ], [ "0.04340", "38726", "1" ], [ "0.04360", "86044", "2" ], [ "0.04948", "2959", "1" ], [ "0.04959", "9447", "1" ], [ "0.05000", "100829", "1" ], [ "0.05046", "27877", "3" ], [ "0.05133", "27877", "2" ], [ "0.05220", "27877", "2" ], [ "0.05307", "95286", "3" ], [ "0.05500", "49909", "1" ], [ "0.19974", "550", "1" ], [ "0.21000", "1235", "1" ], [ "0.25000", "92103", "2" ], [ "0.30000", "625", "1" ], [ "0.44000", "8700", "1" ], [ "0.45000", "514", "2" ], [ "0.53000", "204", "1" ], [ "0.59000", "405", "1" ], [ "0.65000", "381", "1" ], [ "0.86000", "1781", "1" ], [ "1.49000", "859", "1" ] ],
      "t" : 1756461074089
    } ],
    "instrument_name" : "FWOG_USDT"
  }
}