{
  "id" : -1,
  "method" : "public/get-book",
  "code" : 0,
  "result" : {
    "depth" : 50,
    "data" : [ {
      "bids" : [ [ "0.04095", "3170", "1" ], [ "0.04094", "4214", "1" ], [ "0.04061", "10114", "2" ], [ "0.04045", "643", "1" ], [ "0.04030", "1510", "2" ], [ "0.04028", "753", "1" ], [ "0.04025", "155", "1" ], [ "0.04020", "755", "1" ], [ "0.04002", "6834", "1" ], [ "0.04000", "300", "1" ], [ "0.03989", "2653", "4" ], [ "0.03988", "32592", "1" ], [ "0.03979", "7288", "1" ], [ "0.03958", "428", "1" ], [ "0.03957", "34888", "1" ], [ "0.03956", "20142", "1" ], [ "0.03955", "158", "1" ], [ "0.03941", "20339", "1" ], [ "0.03939", "18189", "1" ], [ "0.03933", "33225", "2" ], [ "0.03920", "15443", "1" ], [ "0.03910", "46538", "1" ], [ "0.03900", "38723", "1" ], [ "0.03885", "160", "1" ], [ "0.03883", "3724", "2" ], [ "0.03880", "58925", "1" ], [ "0.03860", "80280", "1" ], [ "0.03815", "163", "1" ], [ "0.03745", "1516", "2" ], [ "0.03744", "166", "1" ], [ "0.03734", "394", "1" ], [ "0.03711", "45", "1" ], [ "0.03681", "3928", "2" ], [ "0.03675", "808", "1" ], [ "0.03674", "170", "1" ], [ "0.03659", "405", "1" ], [ "0.03539", "612", "1" ], [ "0.03525", "284", "1" ], [ "0.03479", "4157", "2" ], [ "0.03277", "4413", "2" ], [ "0.03275", "2904", "1" ], [ "0.03219", "13341", "1" ], [ "0.03132", "43010", "1" ], [ "0.03092", "346", "1" ], [ "0.03045", "64060", "1" ], [ "0.03000", "5666", "1" ], [ "0.02958", "64060", "1" ], [ "0.02871", "183477", "1" ], [ "0.02500", "850", "1" ] ],
      "asks" : [ [ "0.04137", "23702", "2" ], [ "0.04138", "265", "1" ], [ "0.04139", "17876", "2" ], [ "0.04162", "259", "1" ], [ "0.04164", "152", "1" ], [ "0.04168", "895", "1" ], [ "0.04179", "2418", "1" ], [ "0.04182", "50", "2" ], [ "0.04224", "243", "1" ], [ "0.04225", "18728", "1" ], [ "0.04226", "9208", "3" ], [ "0.04230", "6834", "1" ], [ "0.04231", "1038", "2" ], [ "0.04232", "7888", "1" ], [ "0.04234", "150", "1" ], [ "0.04242", "25", "1" ], [ "0.04247", "881", "1" ], [ "0.04254", "2207", "1" ], [ "0.04255", "21600", "2" ], [ "0.04259", "6308", "3" ], [ "0.04278", "21600", "1" ], [ "0.04286", "3541", "2" ], [ "0.04290", "18669", "2" ], [ "0.04300", "16926", "2" ], [ "0.04301", "41447", "6" ], [ "0.04304", "147", "1" ], [ "0.04320", "43307", "2" ], [ "0.04339", "1151", "1" ], [ "0.04340", "59151", "1" ], [ "0.04343", "6272", "3" ], [ "0.04359", "881", "1" ], [ "0.04360", "86988", "2" ], [ "0.04374", "145", "1" ], [ "0.04444", "676", "1" ], [ "0.04445", "142", "1" ], [ "0.04487", "676", "1" ], [ "0.04488", "3374", "2" ], [ "0.04500", "13280", "1" ], [ "0.04515", "140", "1" ], [ "0.04585", "138", "1" ], [ "0.04606", "67", "1" ], [ "0.04655", "136", "1" ], [ "0.04691", "3222", "2" ], [ "0.04725", "134", "1" ], [ "0.04794", "132", "1" ], [ "0.04807", "1036", "1" ], [ "0.04864", "130", "1" ], [ "0.04893", "3083", "2" ], [ "0.04934", "150", "1" ], [ "0.04938", "2904", "1" ] ],
      "t" : 1756461055598
    } ],
    "instrument_name" : "FWOG_USD"
  }
}