{
  "id" : -1,
  "method" : "public/get-book",
  "code" : 0,
  "result" : {
    "depth" : 50,
    "data" : [ {
      "bids" : [ [ "0.011520", "59310", "1" ], [ "0.011508", "53280", "1" ], [ "0.011501", "75910", "2" ], [ "0.011487", "53280", "1" ], [ "0.011470", "39490", "1" ], [ "0.011466", "80340", "1" ], [ "0.011439", "136210", "2" ], [ "0.011409", "13440", "1" ], [ "0.011408", "136210", "1" ], [ "0.011377", "401530", "2" ], [ "0.011346", "319000", "1" ], [ "0.011315", "501130", "1" ], [ "0.010973", "5200", "1" ], [ "0.009248", "10930", "1" ], [ "0.009243", "63310", "1" ], [ "0.009006", "162640", "2" ], [ "0.008769", "291440", "2" ], [ "0.008532", "601510", "2" ], [ "0.008295", "1684290", "2" ] ],
      "asks" : [ [ "0.011616", "59310", "1" ], [ "0.011633", "18430", "1" ], [ "0.011634", "84190", "2" ], [ "0.011635", "75910", "1" ], [ "0.011655", "60040", "1" ], [ "0.011656", "36030", "1" ], [ "0.011675", "4200", "1" ], [ "0.011676", "60040", "1" ], [ "0.011687", "134640", "1" ], [ "0.011718", "219230", "1" ], [ "0.011749", "406760", "1" ], [ "0.011780", "489210", "2" ], [ "0.011811", "489210", "1" ], [ "0.013887", "10930", "1" ], [ "0.013983", "42110", "1" ], [ "0.014220", "101130", "2" ], [ "0.014457", "178490", "3" ], [ "0.014694", "376140", "4" ], [ "0.014931", "911500", "5" ], [ "0.016792", "2140", "1" ], [ "0.029000", "70", "1" ], [ "0.045000", "950", "1" ], [ "0.049047", "20", "1" ], [ "0.055800", "10", "1" ], [ "0.060000", "3480", "1" ], [ "0.064700", "2500", "1" ] ],
      "t" : 1756461087655
    } ],
    "instrument_name" : "G_USD"
  }
}