{
  "id" : -1,
  "method" : "public/get-book",
  "code" : 0,
  "result" : {
    "depth" : 50,
    "data" : [ {
      "bids" : [ [ "0.016264", "73", "1" ], [ "0.016252", "30763", "1" ], [ "0.016250", "15383", "1" ], [ "0.016247", "15386", "1" ], [ "0.016246", "14912", "1" ], [ "0.016233", "54119", "2" ], [ "0.016232", "76513", "2" ], [ "0.016219", "14912", "1" ], [ "0.016206", "14912", "1" ], [ "0.016193", "14912", "1" ], [ "0.016135", "8421", "1" ], [ "0.016130", "38984", "1" ], [ "0.016121", "13867", "1" ], [ "0.016094", "2856", "1" ], [ "0.016093", "10792", "1" ], [ "0.016072", "15743", "1" ], [ "0.016038", "3961", "1" ], [ "0.016023", "18220", "1" ], [ "0.015997", "217", "1" ], [ "0.015972", "625247", "2" ], [ "0.015906", "22065", "1" ], [ "0.015840", "40513", "2" ], [ "0.015807", "644", "1" ], [ "0.015797", "4119", "1" ], [ "0.015774", "40513", "1" ], [ "0.015710", "221", "1" ], [ "0.015582", "196", "2" ], [ "0.015424", "225", "1" ], [ "0.015342", "4242", "1" ], [ "0.015136", "229", "1" ], [ "0.015107", "203", "2" ], [ "0.014899", "4368", "1" ], [ "0.014850", "234", "1" ], [ "0.014630", "209", "2" ], [ "0.014562", "238", "1" ], [ "0.014470", "4497", "1" ], [ "0.014276", "243", "1" ], [ "0.014154", "217", "2" ], [ "0.014052", "4631", "1" ], [ "0.013988", "248", "1" ], [ "0.013702", "253", "1" ], [ "0.013679", "224", "2" ], [ "0.013647", "4768", "1" ], [ "0.013414", "259", "1" ], [ "0.013254", "4910", "1" ], [ "0.013202", "233", "2" ], [ "0.013129", "5560", "1" ], [ "0.013128", "15118", "2" ], [ "0.013009", "24424", "2" ], [ "0.013008", "58445", "2" ] ],
      "asks" : [ [ "0.016265", "73", "1" ], [ "0.016281", "26298", "1" ], [ "0.016282", "46059", "2" ], [ "0.016289", "46039", "1" ], [ "0.016291", "14912", "1" ], [ "0.016299", "61353", "1" ], [ "0.016300", "61347", "1" ], [ "0.016306", "14912", "1" ], [ "0.016315", "30861", "1" ], [ "0.016321", "14912", "1" ], [ "0.016347", "14912", "1" ], [ "0.016357", "631", "1" ], [ "0.016374", "14912", "1" ], [ "0.016401", "14912", "1" ], [ "0.016402", "8421", "1" ], [ "0.016415", "13328", "1" ], [ "0.016444", "10792", "1" ], [ "0.016464", "13328", "1" ], [ "0.016500", "4001", "1" ], [ "0.016513", "12455", "1" ], [ "0.016535", "190", "2" ], [ "0.016558", "610821", "1" ], [ "0.016566", "12308", "1" ], [ "0.016571", "212", "1" ], [ "0.016632", "22345", "2" ], [ "0.016698", "31614", "1" ], [ "0.016764", "39137", "2" ], [ "0.016819", "777", "1" ], [ "0.016820", "3992", "1" ], [ "0.016858", "209", "1" ], [ "0.016906", "610", "1" ], [ "0.017010", "184", "2" ], [ "0.017146", "205", "1" ], [ "0.017181", "601", "1" ], [ "0.017318", "1472", "2" ], [ "0.017319", "3877", "1" ], [ "0.017433", "201", "1" ], [ "0.017457", "612", "1" ], [ "0.017486", "180", "2" ], [ "0.017719", "199", "1" ], [ "0.017732", "612", "1" ], [ "0.017833", "3766", "1" ], [ "0.017962", "175", "2" ], [ "0.018006", "808", "2" ], [ "0.018281", "612", "1" ], [ "0.018300", "191", "1" ], [ "0.018362", "3657", "1" ], [ "0.018439", "169", "2" ], [ "0.018565", "612", "1" ], [ "0.018908", "3553", "1" ] ],
      "t" : 1756461096354
    } ],
    "instrument_name" : "GALA_USDT"
  }
}