{
  "id" : -1,
  "method" : "public/get-book",
  "code" : 0,
  "result" : {
    "depth" : 50,
    "data" : [ {
      "bids" : [ [ "0.016275", "73", "1" ], [ "0.016268", "15367", "1" ], [ "0.016265", "6328", "1" ], [ "0.016262", "51091", "2" ], [ "0.016261", "81821", "3" ], [ "0.016260", "79784", "1" ], [ "0.016259", "6328", "1" ], [ "0.016257", "6328", "1" ], [ "0.016254", "6328", "1" ], [ "0.016253", "14912", "1" ], [ "0.016252", "37092", "2" ], [ "0.016246", "6328", "1" ], [ "0.016244", "6328", "1" ], [ "0.016243", "46172", "1" ], [ "0.016241", "6328", "1" ], [ "0.016239", "21240", "2" ], [ "0.016235", "6328", "1" ], [ "0.016233", "31226", "1" ], [ "0.016228", "6328", "1" ], [ "0.016226", "21240", "2" ], [ "0.016215", "6328", "1" ], [ "0.016212", "21240", "2" ], [ "0.016201", "6328", "1" ], [ "0.016198", "21240", "2" ], [ "0.016182", "21240", "2" ], [ "0.016144", "8421", "1" ], [ "0.016102", "10792", "1" ], [ "0.016100", "15855", "1" ], [ "0.016081", "6296", "1" ], [ "0.016080", "3423", "1" ], [ "0.016050", "14778", "1" ], [ "0.016013", "9564", "1" ], [ "0.016000", "14778", "1" ], [ "0.015974", "610821", "1" ], [ "0.015946", "15287", "1" ], [ "0.015941", "184", "1" ], [ "0.015931", "145", "1" ], [ "0.015901", "929", "1" ], [ "0.015879", "21772", "1" ], [ "0.015812", "29205", "2" ], [ "0.015801", "1236", "1" ], [ "0.015750", "2127", "1" ], [ "0.015746", "1094", "2" ], [ "0.015745", "34900", "3" ], [ "0.015723", "187", "1" ], [ "0.015679", "1131", "1" ], [ "0.015504", "190", "1" ], [ "0.015461", "149", "1" ], [ "0.015412", "1622", "1" ], [ "0.015287", "192", "1" ] ],
      "asks" : [ [ "0.016276", "6328", "1" ], [ "0.016278", "6401", "2" ], [ "0.016279", "15357", "1" ], [ "0.016284", "615", "1" ], [ "0.016285", "6328", "1" ], [ "0.016286", "51020", "2" ], [ "0.016287", "67726", "2" ], [ "0.016289", "6328", "1" ], [ "0.016290", "15401", "1" ], [ "0.016291", "86112", "2" ], [ "0.016293", "6328", "1" ], [ "0.016294", "46031", "1" ], [ "0.016295", "6328", "1" ], [ "0.016297", "21240", "2" ], [ "0.016299", "6328", "1" ], [ "0.016306", "67658", "2" ], [ "0.016308", "6870", "2" ], [ "0.016312", "6328", "1" ], [ "0.016314", "6328", "1" ], [ "0.016315", "14912", "1" ], [ "0.016316", "6328", "1" ], [ "0.016317", "29803", "1" ], [ "0.016318", "6328", "1" ], [ "0.016328", "6328", "1" ], [ "0.016330", "21240", "2" ], [ "0.016340", "6328", "1" ], [ "0.016356", "21240", "2" ], [ "0.016366", "542", "1" ], [ "0.016368", "6328", "1" ], [ "0.016376", "182", "1" ], [ "0.016383", "14912", "1" ], [ "0.016384", "6328", "1" ], [ "0.016399", "542", "1" ], [ "0.016410", "14912", "1" ], [ "0.016417", "8421", "1" ], [ "0.016450", "15223", "1" ], [ "0.016460", "10792", "1" ], [ "0.016482", "3129", "1" ], [ "0.016500", "13867", "1" ], [ "0.016549", "8660", "1" ], [ "0.016550", "17668", "1" ], [ "0.016561", "610821", "1" ], [ "0.016594", "179", "1" ], [ "0.016616", "15345", "1" ], [ "0.016683", "21619", "1" ], [ "0.016749", "893", "1" ], [ "0.016750", "27961", "2" ], [ "0.016813", "177", "1" ], [ "0.016816", "826", "1" ], [ "0.016817", "33905", "2" ] ],
      "t" : 1756461092672
    } ],
    "instrument_name" : "GALA_USD"
  }
}