{
  "id" : -1,
  "method" : "public/get-book",
  "code" : 0,
  "result" : {
    "depth" : 50,
    "data" : [ {
      "bids" : [ [ "0.016258", "14801", "1" ], [ "0.016257", "5000", "1" ], [ "0.016256", "14628", "1" ], [ "0.016255", "5000", "1" ], [ "0.016254", "14900", "1" ], [ "0.016252", "29812", "3" ], [ "0.016244", "1", "1" ], [ "0.016241", "14758", "1" ], [ "0.016239", "26986", "2" ], [ "0.016237", "15118", "1" ], [ "0.016236", "27229", "2" ], [ "0.016231", "15119", "1" ], [ "0.016227", "14669", "1" ], [ "0.016222", "14812", "1" ], [ "0.016221", "14911", "1" ], [ "0.016220", "14812", "1" ], [ "0.016214", "14641", "1" ], [ "0.016209", "15007", "1" ], [ "0.016208", "14911", "1" ], [ "0.016207", "14812", "1" ], [ "0.016206", "3085", "1" ], [ "0.016203", "3085", "1" ], [ "0.016201", "14660", "1" ], [ "0.016200", "3086", "1" ], [ "0.016197", "18183", "2" ], [ "0.016190", "15275", "1" ], [ "0.016189", "14911", "1" ], [ "0.016188", "14639", "1" ], [ "0.016186", "14660", "1" ], [ "0.016182", "14812", "1" ], [ "0.016180", "14642", "1" ], [ "0.016178", "15097", "1" ], [ "0.016174", "15130", "1" ], [ "0.016172", "30257", "2" ], [ "0.016168", "15004", "1" ], [ "0.016164", "15148", "1" ], [ "0.016161", "14633", "1" ], [ "0.016159", "30009", "2" ], [ "0.016155", "15211", "1" ], [ "0.016148", "15018", "1" ], [ "0.016122", "74181", "1" ], [ "0.016019", "2000", "1" ], [ "0.016000", "750", "1" ], [ "0.015860", "2000", "1" ], [ "0.015703", "2000", "1" ], [ "0.015548", "2000", "1" ], [ "0.015394", "2000", "1" ], [ "0.014990", "10000", "1" ], [ "0.013990", "10000", "1" ], [ "0.013008", "29053", "1" ] ],
      "asks" : [ [ "0.016260", "2", "2" ], [ "0.016272", "27650", "1" ], [ "0.016273", "92167", "1" ], [ "0.016275", "5000", "1" ], [ "0.016279", "43736", "2" ], [ "0.016280", "185655", "4" ], [ "0.016281", "95770", "1" ], [ "0.016285", "24376", "1" ], [ "0.016286", "81252", "1" ], [ "0.016294", "14911", "1" ], [ "0.016303", "40416", "1" ], [ "0.016307", "17478", "1" ], [ "0.016308", "61325", "3" ], [ "0.016311", "3065", "1" ], [ "0.016314", "3064", "1" ], [ "0.016317", "3064", "1" ], [ "0.016323", "14911", "1" ], [ "0.016326", "43090", "1" ], [ "0.016331", "57737", "1" ], [ "0.016337", "14911", "1" ], [ "0.016344", "50017", "1" ], [ "0.016356", "67734", "1" ], [ "0.016362", "54752", "3" ], [ "0.016364", "14911", "1" ], [ "0.016379", "14911", "1" ], [ "0.016380", "53168", "2" ], [ "0.016385", "106615", "1" ], [ "0.016389", "2000", "1" ], [ "0.016406", "14911", "1" ], [ "0.016414", "163398", "2" ], [ "0.016443", "224056", "2" ], [ "0.016472", "290934", "2" ], [ "0.016553", "2000", "1" ], [ "0.016719", "2000", "1" ], [ "0.016886", "2000", "1" ], [ "0.017055", "2000", "1" ], [ "0.017225", "2000", "1" ], [ "0.017264", "150421", "1" ], [ "0.017347", "150421", "1" ], [ "0.019524", "29053", "1" ], [ "0.019662", "23619", "1" ], [ "0.020001", "81701", "2" ], [ "0.020340", "141015", "3" ], [ "0.020679", "204041", "4" ], [ "0.020750", "150421", "1" ], [ "0.020833", "150421", "1" ], [ "0.021018", "264301", "5" ], [ "0.021357", "314537", "1" ] ],
      "t" : 1756461099534
    } ],
    "instrument_name" : "GALAUSD-PERP"
  }
}