{
  "id" : -1,
  "method" : "public/get-book",
  "code" : 0,
  "result" : {
    "depth" : 50,
    "data" : [ {
      "bids" : [ [ "0.005271", "9143", "1" ], [ "0.005270", "64103", "2" ], [ "0.005262", "12492", "1" ], [ "0.005237", "117204", "1" ], [ "0.005202", "141683", "1" ], [ "0.005201", "150018", "1" ], [ "0.005162", "145614", "1" ], [ "0.005151", "118195", "1" ], [ "0.005131", "53932", "1" ], [ "0.005104", "350839", "2" ], [ "0.005100", "154158", "1" ], [ "0.005046", "626907", "2" ], [ "0.004988", "626907", "1" ], [ "0.004951", "6059", "1" ], [ "0.004242", "20305", "1" ], [ "0.004220", "10664", "1" ], [ "0.004200", "99317", "1" ], [ "0.004080", "335280", "1" ], [ "0.003960", "542502", "1" ], [ "0.003840", "2001503", "1" ], [ "0.003720", "7056811", "1" ], [ "0.001717", "3000", "1" ], [ "0.001669", "3000", "1" ] ],
      "asks" : [ [ "0.005405", "129316", "2" ], [ "0.005406", "98037", "1" ], [ "0.005410", "150018", "1" ], [ "0.005452", "53138", "1" ], [ "0.005457", "127387", "1" ], [ "0.005508", "98037", "1" ], [ "0.005510", "316049", "2" ], [ "0.005568", "569848", "2" ], [ "0.005626", "800059", "1" ], [ "0.005716", "13595", "1" ], [ "0.005800", "403", "1" ], [ "0.006367", "20305", "1" ], [ "0.006400", "3980", "1" ], [ "0.006480", "69173", "1" ], [ "0.006580", "980", "1" ], [ "0.006600", "187543", "2" ], [ "0.006700", "99939", "1" ], [ "0.006720", "324713", "3" ], [ "0.006840", "1636031", "4" ], [ "0.006960", "4096488", "1" ], [ "0.007500", "10240", "2" ], [ "0.007950", "4095", "1" ], [ "0.008210", "108598", "3" ], [ "0.008500", "308", "1" ], [ "0.010000", "6567", "1" ], [ "0.011729", "86", "1" ], [ "0.011977", "30000", "1" ], [ "0.013000", "76923", "1" ], [ "0.013100", "76335", "1" ], [ "0.013200", "33903", "1" ], [ "0.013948", "8000", "1" ], [ "0.014000", "49154", "1" ], [ "0.015000", "169719", "4" ], [ "0.017000", "13846", "2" ], [ "0.017849", "15035", "1" ], [ "0.018000", "18061", "2" ], [ "0.018099", "2895", "1" ], [ "0.018100", "4841", "1" ], [ "0.018500", "8371", "1" ], [ "0.019000", "995", "1" ], [ "0.020000", "57214", "3" ], [ "0.022000", "18906", "1" ], [ "0.022680", "20000", "1" ], [ "0.025000", "16168", "2" ], [ "0.026000", "36332", "2" ], [ "0.028000", "15586", "1" ], [ "0.032000", "9453", "1" ], [ "0.032890", "30", "1" ], [ "0.036000", "1000", "1" ], [ "0.038000", "2000", "1" ] ],
      "t" : 1756461101549
    } ],
    "instrument_name" : "GARI_USD"
  }
}