{
  "id" : -1,
  "method" : "public/get-book",
  "code" : 0,
  "result" : {
    "depth" : 50,
    "data" : [ {
      "bids" : [ [ "0.0000016700", "15400000", "1" ], [ "0.0000016500", "21800000", "1" ], [ "0.0000016291", "291800000", "1" ], [ "0.0000016245", "1535600000", "1" ], [ "0.0000016210", "219200000", "1" ], [ "0.0000016150", "356500000", "1" ], [ "0.0000016128", "294100000", "1" ], [ "0.0000016100", "1280000000", "1" ], [ "0.0000015980", "268300000", "1" ], [ "0.0000015936", "823900000", "1" ], [ "0.0000015925", "3378400000", "1" ], [ "0.0000015810", "352500000", "1" ], [ "0.0000015750", "5164800000", "1" ], [ "0.0000015744", "1434800000", "1" ], [ "0.0000015640", "318300000", "1" ], [ "0.0000015470", "351100000", "1" ], [ "0.0000015300", "295100000", "1" ], [ "0.0000015130", "273000000", "1" ], [ "0.0000014990", "219200000", "1" ], [ "0.0000014960", "325900000", "1" ], [ "0.0000014790", "354000000", "1" ], [ "0.0000014750", "307200000", "1" ], [ "0.0000014620", "354000000", "1" ], [ "0.0000014500", "307200000", "1" ], [ "0.0000014450", "354000000", "1" ], [ "0.0000014280", "354000000", "1" ], [ "0.0000014250", "319200000", "1" ], [ "0.0000014110", "354000000", "1" ], [ "0.0000014000", "319200000", "1" ], [ "0.0000013940", "354000000", "1" ], [ "0.0000013770", "354000000", "1" ], [ "0.0000013750", "319200000", "1" ], [ "0.0000013500", "319200000", "1" ], [ "0.0000013250", "319200000", "1" ], [ "0.0000013193", "58400000", "1" ], [ "0.0000013000", "319200000", "1" ], [ "0.0000012913", "71900000", "1" ], [ "0.0000012750", "319200000", "1" ], [ "0.0000012564", "216200000", "1" ], [ "0.0000012500", "319200000", "1" ], [ "0.0000012250", "319200000", "1" ], [ "0.0000012215", "386300000", "1" ], [ "0.0000012000", "319200000", "1" ], [ "0.0000011866", "18900700000", "1" ], [ "0.0000011750", "319200000", "1" ], [ "0.0000011517", "56067000000", "1" ], [ "0.0000011500", "319200000", "1" ], [ "0.0000011250", "319200000", "1" ], [ "0.0000005000", "2000000", "1" ] ],
      "asks" : [ [ "0.0000016793", "37800000", "1" ], [ "0.0000016794", "291800000", "1" ], [ "0.0000016810", "219200000", "1" ], [ "0.0000016830", "302100000", "1" ], [ "0.0000016847", "319100000", "3" ], [ "0.0000016848", "1535600000", "1" ], [ "0.0000016896", "280000000", "1" ], [ "0.0000016975", "1377700000", "1" ], [ "0.0000017000", "302100000", "1" ], [ "0.0000017050", "219200000", "1" ], [ "0.0000017088", "866100000", "2" ], [ "0.0000017150", "3680800000", "2" ], [ "0.0000017170", "302100000", "1" ], [ "0.0000017250", "357500000", "1" ], [ "0.0000017280", "1467300000", "3" ], [ "0.0000017325", "5440200000", "1" ], [ "0.0000017340", "302100000", "1" ], [ "0.0000017349", "7300000", "1" ], [ "0.0000017500", "300200000", "1" ], [ "0.0000017510", "378300000", "2" ], [ "0.0000017680", "302100000", "1" ], [ "0.0000017750", "256500000", "1" ], [ "0.0000017850", "302100000", "1" ], [ "0.0000018000", "366800000", "1" ], [ "0.0000018020", "302100000", "1" ], [ "0.0000018190", "378300000", "1" ], [ "0.0000018250", "378500000", "1" ], [ "0.0000018360", "315700000", "1" ], [ "0.0000018500", "376200000", "1" ], [ "0.0000018530", "306700000", "1" ], [ "0.0000018700", "288100000", "1" ], [ "0.0000018750", "271600000", "1" ], [ "0.0000018760", "1089000000", "1" ], [ "0.0000018870", "273600000", "1" ], [ "0.0000019000", "308000000", "1" ], [ "0.0000019040", "256000000", "1" ], [ "0.0000019210", "307800000", "1" ], [ "0.0000019250", "376400000", "1" ], [ "0.0000019500", "302700000", "1" ], [ "0.0000019750", "341700000", "1" ], [ "0.0000019920", "58400000", "1" ], [ "0.0000020000", "327000000", "2" ], [ "0.0000020242", "47900000", "1" ], [ "0.0000020250", "366700000", "1" ], [ "0.0000020500", "293200000", "1" ], [ "0.0000020591", "142100000", "2" ], [ "0.0000020750", "378500000", "1" ], [ "0.0000020940", "246900000", "3" ], [ "0.0000021289", "10993400000", "4" ], [ "0.0000021638", "30336800000", "1" ] ],
      "t" : 1756461104290
    } ],
    "instrument_name" : "GEKKO_USD"
  }
}