{
  "id" : -1,
  "method" : "public/get-book",
  "code" : 0,
  "result" : {
    "depth" : 50,
    "data" : [ {
      "bids" : [ [ "0.05261", "96", "1" ], [ "0.05227", "1147", "1" ], [ "0.05221", "1903", "2" ], [ "0.05217", "672", "1" ], [ "0.05216", "1391", "1" ], [ "0.05213", "706", "1" ], [ "0.05210", "2273", "2" ], [ "0.05206", "779", "1" ], [ "0.05204", "1687", "1" ], [ "0.05202", "818", "1" ], [ "0.05200", "8507", "1" ], [ "0.05199", "2718", "2" ], [ "0.05195", "904", "1" ], [ "0.05193", "2046", "1" ], [ "0.05188", "2253", "1" ], [ "0.05182", "2481", "1" ], [ "0.05176", "2732", "1" ], [ "0.05116", "1667", "1" ], [ "0.05115", "1667", "1" ], [ "0.05105", "4167", "1" ], [ "0.05104", "5878", "2" ], [ "0.05093", "13820", "3" ], [ "0.05082", "21641", "2" ], [ "0.05071", "21641", "1" ], [ "0.05060", "28534", "1" ], [ "0.05049", "37755", "1" ], [ "0.04932", "73", "1" ], [ "0.04800", "10189", "1" ], [ "0.04723", "76", "1" ], [ "0.04513", "79", "1" ], [ "0.04304", "83", "1" ], [ "0.04118", "2350", "1" ], [ "0.04096", "88", "1" ], [ "0.04066", "13014", "1" ], [ "0.03959", "20533", "1" ], [ "0.03887", "92", "1" ], [ "0.03852", "62779", "2" ], [ "0.03745", "20533", "1" ], [ "0.03678", "98", "1" ], [ "0.03638", "78966", "1" ], [ "0.03531", "126856", "1" ], [ "0.03468", "103", "1" ], [ "0.03424", "228660", "1" ], [ "0.03317", "228660", "1" ], [ "0.03259", "110", "1" ], [ "0.03050", "118", "1" ], [ "0.02842", "126", "1" ], [ "0.02632", "137", "1" ] ],
      "asks" : [ [ "0.05266", "285", "1" ], [ "0.05298", "1667", "1" ], [ "0.05300", "2416", "1" ], [ "0.05302", "1966", "1" ], [ "0.05305", "1343", "1" ], [ "0.05306", "2654", "1" ], [ "0.05308", "5576", "2" ], [ "0.05312", "4396", "2" ], [ "0.05313", "6505", "2" ], [ "0.05315", "1551", "1" ], [ "0.05317", "3205", "1" ], [ "0.05319", "1628", "1" ], [ "0.05323", "5230", "2" ], [ "0.05324", "14986", "2" ], [ "0.05326", "1792", "1" ], [ "0.05329", "3870", "1" ], [ "0.05330", "1880", "1" ], [ "0.05334", "4252", "1" ], [ "0.05335", "21574", "1" ], [ "0.05340", "4672", "1" ], [ "0.05345", "5134", "1" ], [ "0.05346", "29965", "1" ], [ "0.05351", "5641", "1" ], [ "0.05357", "37842", "1" ], [ "0.05368", "45450", "1" ], [ "0.05602", "240", "1" ], [ "0.06179", "98", "1" ], [ "0.06180", "356", "1" ], [ "0.06320", "2350", "1" ], [ "0.06420", "6885", "1" ], [ "0.06527", "24500", "2" ], [ "0.06634", "37529", "2" ], [ "0.06741", "12951", "1" ], [ "0.06848", "40423", "2" ], [ "0.06955", "69100", "2" ], [ "0.07062", "118441", "2" ], [ "0.07169", "115443", "1" ], [ "0.07200", "431", "1" ], [ "0.07700", "654", "1" ], [ "0.09310", "1114", "1" ], [ "0.18000", "11079", "1" ], [ "0.28000", "108", "1" ], [ "0.35000", "77", "1" ], [ "0.36000", "1", "1" ], [ "0.36500", "1", "1" ], [ "0.36968", "2", "1" ], [ "0.37000", "1", "1" ], [ "0.37500", "1", "1" ], [ "0.39000", "500", "1" ], [ "0.40000", "125", "1" ] ],
      "t" : 1756461098983
    } ],
    "instrument_name" : "GEL_USD"
  }
}