{
  "id" : -1,
  "method" : "public/get-book",
  "code" : 0,
  "result" : {
    "depth" : 50,
    "data" : [ {
      "bids" : [ [ "0.23450", "2906", "1" ], [ "0.23440", "2959", "1" ], [ "0.23421", "3720", "1" ], [ "0.23420", "3155", "1" ], [ "0.23400", "3155", "1" ], [ "0.23392", "1143", "1" ], [ "0.23358", "2720", "2" ], [ "0.23325", "718", "1" ], [ "0.23324", "5032", "2" ], [ "0.23290", "8771", "2" ], [ "0.23256", "6863", "1" ], [ "0.23222", "10679", "1" ], [ "0.22260", "55", "1" ], [ "0.18792", "515", "1" ], [ "0.18354", "2591", "1" ], [ "0.17871", "11006", "1" ], [ "0.17388", "11006", "1" ], [ "0.16905", "11006", "1" ], [ "0.16422", "38549", "1" ] ],
      "asks" : [ [ "0.23554", "359", "1" ], [ "0.23555", "2906", "1" ], [ "0.23560", "2767", "1" ], [ "0.23580", "2767", "1" ], [ "0.23583", "3720", "1" ], [ "0.23596", "969", "1" ], [ "0.23600", "2767", "1" ], [ "0.23630", "2686", "2" ], [ "0.23664", "4917", "2" ], [ "0.23698", "4917", "1" ], [ "0.23732", "6812", "1" ], [ "0.23766", "10453", "1" ], [ "0.28000", "8492", "1" ], [ "0.28212", "515", "1" ], [ "0.28497", "1491", "1" ], [ "0.28980", "4904", "2" ], [ "0.29463", "8570", "3" ], [ "0.29946", "4904", "2" ], [ "0.30000", "16634", "1" ], [ "0.30429", "21928", "1" ], [ "0.33000", "49902", "1" ], [ "0.35000", "125", "1" ], [ "0.37000", "2488", "1" ], [ "0.40000", "62", "1" ], [ "0.45000", "63", "1" ], [ "0.48489", "56", "1" ], [ "0.49777", "118", "1" ], [ "0.50000", "500", "2" ], [ "0.50198", "117", "1" ], [ "0.50241", "54", "1" ], [ "0.50622", "115", "1" ], [ "0.51051", "114", "1" ], [ "0.51484", "114", "1" ], [ "0.51920", "112", "1" ], [ "0.52056", "52", "1" ], [ "0.52359", "112", "1" ], [ "0.52803", "111", "1" ], [ "0.53250", "110", "1" ], [ "0.53701", "109", "1" ], [ "0.53937", "50", "1" ], [ "0.55000", "250", "1" ], [ "0.55600", "18", "1" ], [ "0.55884", "52", "1" ], [ "0.57903", "52", "1" ], [ "0.59630", "250", "1" ], [ "0.59999", "52", "1" ], [ "0.60000", "493", "1" ], [ "0.68000", "2217", "1" ], [ "0.69990", "250", "1" ], [ "0.79300", "2000", "1" ] ],
      "t" : 1756461074694
    } ],
    "instrument_name" : "GLM_USDT"
  }
}