{
  "id" : -1,
  "method" : "public/get-book",
  "code" : 0,
  "result" : {
    "depth" : 50,
    "data" : [ {
      "bids" : [ [ "0.23456", "639", "1" ], [ "0.23455", "2828", "1" ], [ "0.23450", "2906", "1" ], [ "0.23430", "3718", "1" ], [ "0.23421", "3720", "2" ], [ "0.23408", "3718", "1" ], [ "0.23386", "3718", "1" ], [ "0.23384", "1070", "1" ], [ "0.23347", "3091", "1" ], [ "0.23310", "4741", "1" ], [ "0.23273", "6741", "1" ], [ "0.23236", "8899", "1" ], [ "0.23199", "10497", "1" ], [ "0.22840", "59", "1" ], [ "0.22839", "73", "1" ], [ "0.22838", "90", "1" ], [ "0.18794", "524", "1" ], [ "0.18793", "520", "1" ], [ "0.18775", "1611", "1" ], [ "0.18354", "2319", "1" ], [ "0.17871", "11538", "1" ], [ "0.17388", "11538", "1" ], [ "0.16905", "11538", "1" ], [ "0.16422", "40636", "1" ] ],
      "asks" : [ [ "0.23561", "2828", "1" ], [ "0.23562", "2906", "1" ], [ "0.23584", "3380", "1" ], [ "0.23590", "3720", "1" ], [ "0.23605", "61", "1" ], [ "0.23606", "4336", "2" ], [ "0.23628", "2642", "1" ], [ "0.23642", "61", "1" ], [ "0.23643", "2993", "2" ], [ "0.23679", "1535", "2" ], [ "0.23680", "2993", "1" ], [ "0.23717", "4918", "1" ], [ "0.23754", "6776", "1" ], [ "0.23791", "10457", "1" ], [ "0.24286", "124", "1" ], [ "0.24287", "61", "1" ], [ "0.24869", "121", "1" ], [ "0.24870", "61", "1" ], [ "0.25491", "60", "1" ], [ "0.27437", "395", "1" ], [ "0.28218", "520", "1" ], [ "0.28497", "1843", "2" ], [ "0.28980", "4918", "2" ], [ "0.29463", "8419", "3" ], [ "0.29946", "4918", "2" ], [ "0.30000", "205", "1" ], [ "0.30429", "21222", "1" ], [ "0.32158", "417", "1" ], [ "0.35361", "792", "1" ], [ "0.37550", "38", "1" ], [ "0.50000", "3084", "2" ], [ "0.51294", "4746", "1" ], [ "0.55000", "4230", "1" ], [ "0.60000", "991", "1" ], [ "0.67759", "1", "1" ], [ "0.79000", "2", "1" ], [ "0.80000", "8760", "1" ], [ "0.89870", "2", "1" ], [ "1.06900", "4", "1" ], [ "2.00000", "20", "1" ], [ "3.00000", "20", "1" ], [ "3.50000", "20", "1" ] ],
      "t" : 1756461120468
    } ],
    "instrument_name" : "GLM_USD"
  }
}