{
  "id" : -1,
  "method" : "public/get-book",
  "code" : 0,
  "result" : {
    "depth" : 50,
    "data" : [ {
      "bids" : [ [ "0.07282", "4476.5", "1" ], [ "0.07281", "10377.7", "1" ], [ "0.07253", "1878.7", "1" ], [ "0.07238", "1788.2", "1" ], [ "0.07233", "2404.7", "1" ], [ "0.07223", "947.6", "1" ], [ "0.07216", "1788.2", "1" ], [ "0.07195", "5880.4", "1" ], [ "0.07194", "2158.7", "1" ], [ "0.07192", "2766.1", "2" ], [ "0.07161", "2766.1", "1" ], [ "0.07130", "4424.5", "1" ], [ "0.07099", "7709.0", "2" ], [ "0.07068", "9641.7", "2" ], [ "0.05848", "1669.5", "1" ], [ "0.05738", "9043.1", "1" ], [ "0.05587", "25890.1", "1" ], [ "0.05436", "43006.9", "1" ], [ "0.05285", "61563.9", "1" ], [ "0.05134", "156621.6", "1" ] ],
      "asks" : [ [ "0.07344", "1600.6", "1" ], [ "0.07345", "11432.5", "1" ], [ "0.07377", "1878.7", "1" ], [ "0.07391", "13878.6", "1" ], [ "0.07392", "1709.7", "1" ], [ "0.07398", "2404.7", "1" ], [ "0.07409", "951.0", "1" ], [ "0.07414", "2308.2", "1" ], [ "0.07436", "2308.2", "1" ], [ "0.07440", "2387.1", "1" ], [ "0.07471", "4144.5", "1" ], [ "0.07502", "5868.2", "1" ], [ "0.07533", "7515.7", "2" ], [ "0.07564", "9252.9", "2" ], [ "0.08784", "1669.5", "1" ], [ "0.08909", "4859.9", "1" ], [ "0.09060", "16703.2", "3" ], [ "0.09211", "28087.0", "3" ], [ "0.09362", "28087.0", "3" ], [ "0.09513", "88870.7", "1" ], [ "0.31957", "129.0", "1" ], [ "0.38900", "2570.3", "1" ], [ "0.46500", "100.0", "1" ], [ "0.46840", "15.0", "1" ], [ "0.49646", "14.1", "1" ], [ "0.52451", "13.3", "1" ], [ "0.55256", "12.6", "1" ], [ "0.58060", "11.9", "1" ], [ "0.58800", "100.0", "1" ], [ "0.60000", "125.0", "1" ], [ "0.60865", "11.9", "1" ], [ "0.63670", "11.9", "1" ], [ "0.65000", "10.0", "1" ], [ "0.66481", "11.9", "1" ], [ "0.70000", "142.8", "1" ], [ "0.72000", "200.0", "1" ], [ "0.80000", "250.0", "1" ], [ "1.00000", "34.0", "1" ], [ "1.20000", "500.0", "1" ], [ "2.10000", "27.8", "1" ], [ "2.37000", "125.0", "1" ], [ "2.50000", "49.6", "1" ], [ "2.73000", "6.1", "1" ], [ "3.00000", "2.0", "1" ], [ "3.83000", "6.2", "1" ], [ "4.00000", "25.0", "1" ], [ "4.50000", "50.0", "1" ] ],
      "t" : 1756461073012
    } ],
    "instrument_name" : "GLMR_USDT"
  }
}