{
  "id" : -1,
  "method" : "public/get-book",
  "code" : 0,
  "result" : {
    "depth" : 50,
    "data" : [ {
      "bids" : [ [ "0.07276", "4712.0", "1" ], [ "0.07275", "1713.4", "1" ], [ "0.07273", "11023.3", "1" ], [ "0.07254", "1936.0", "1" ], [ "0.07253", "1878.7", "1" ], [ "0.07245", "2113.3", "1" ], [ "0.07232", "2404.7", "1" ], [ "0.07223", "1025.1", "1" ], [ "0.07222", "1772.8", "1" ], [ "0.07199", "2647.1", "1" ], [ "0.07192", "2544.2", "1" ], [ "0.07167", "17.1", "1" ], [ "0.07161", "4363.6", "1" ], [ "0.07130", "6043.9", "1" ], [ "0.07099", "7945.0", "2" ], [ "0.07077", "17.3", "1" ], [ "0.07068", "9682.0", "2" ], [ "0.06995", "17.5", "1" ], [ "0.06909", "17.7", "1" ], [ "0.06823", "18.0", "1" ], [ "0.06715", "18.2", "1" ], [ "0.06651", "18.4", "1" ], [ "0.06565", "18.7", "1" ], [ "0.06479", "18.9", "1" ], [ "0.06393", "19.2", "1" ], [ "0.06307", "19.4", "1" ], [ "0.06276", "16.0", "1" ], [ "0.06221", "19.7", "1" ], [ "0.06135", "20.0", "1" ], [ "0.06093", "16.5", "1" ], [ "0.06049", "20.3", "1" ], [ "0.06000", "150.0", "1" ], [ "0.05963", "20.6", "1" ], [ "0.05950", "84.1", "1" ], [ "0.05900", "84.8", "1" ], [ "0.05877", "20.9", "1" ], [ "0.05850", "85.5", "1" ], [ "0.05848", "1666.9", "1" ], [ "0.05800", "86.3", "1" ], [ "0.05791", "21.2", "1" ], [ "0.05776", "9104.1", "1" ], [ "0.05750", "87.0", "1" ], [ "0.05705", "21.5", "1" ], [ "0.05700", "87.8", "1" ], [ "0.05650", "88.5", "1" ], [ "0.05630", "690.4", "1" ], [ "0.05624", "26170.1", "1" ], [ "0.05619", "21.8", "1" ], [ "0.05600", "89.3", "1" ], [ "0.05472", "53112.0", "1" ] ],
      "asks" : [ [ "0.07340", "16.9", "1" ], [ "0.07342", "4712.0", "1" ], [ "0.07343", "6318.2", "1" ], [ "0.07345", "3429.8", "1" ], [ "0.07347", "9523.3", "1" ], [ "0.07349", "4554.7", "1" ], [ "0.07379", "1878.7", "1" ], [ "0.07383", "1759.1", "1" ], [ "0.07400", "2404.7", "1" ], [ "0.07406", "2397.5", "1" ], [ "0.07409", "821.0", "1" ], [ "0.07426", "16.7", "1" ], [ "0.07429", "2543.6", "1" ], [ "0.07440", "2404.3", "2" ], [ "0.07471", "4084.7", "2" ], [ "0.07502", "4084.7", "1" ], [ "0.07512", "16.5", "1" ], [ "0.07533", "7441.8", "2" ], [ "0.07564", "9026.8", "2" ], [ "0.07598", "16.3", "1" ], [ "0.07684", "16.0", "1" ], [ "0.07770", "15.8", "1" ], [ "0.07856", "15.8", "1" ], [ "0.07942", "15.6", "1" ], [ "0.08010", "1816.1", "1" ], [ "0.08028", "15.4", "1" ], [ "0.08114", "15.3", "1" ], [ "0.08223", "15.0", "1" ], [ "0.08600", "170.6", "1" ], [ "0.08786", "1666.9", "1" ], [ "0.08816", "5468.1", "1" ], [ "0.08968", "17004.8", "2" ], [ "0.09120", "17004.8", "2" ], [ "0.09272", "28568.1", "3" ], [ "0.09424", "92324.1", "4" ], [ "0.09749", "3434.2", "1" ], [ "0.12399", "79.0", "1" ], [ "0.12773", "76.6", "1" ], [ "0.13148", "74.3", "1" ], [ "0.13522", "72.2", "1" ], [ "0.13896", "70.2", "1" ], [ "0.14200", "316.2", "1" ], [ "0.14269", "71.8", "1" ], [ "0.14643", "71.8", "1" ], [ "0.15018", "71.8", "1" ], [ "0.15392", "71.8", "1" ], [ "0.15765", "71.8", "1" ], [ "0.16139", "71.8", "1" ], [ "0.16514", "71.8", "1" ], [ "0.16888", "71.8", "1" ] ],
      "t" : 1756461081424
    } ],
    "instrument_name" : "GLMR_USD"
  }
}