{
  "id" : -1,
  "method" : "public/get-book",
  "code" : 0,
  "result" : {
    "depth" : 50,
    "data" : [ {
      "bids" : [ [ "0.04164", "19653.1", "2" ], [ "0.04163", "15280.0", "1" ], [ "0.04161", "2359.6", "1" ], [ "0.04159", "15254.4", "1" ], [ "0.04158", "15100.6", "1" ], [ "0.04154", "2359.6", "1" ], [ "0.04147", "2359.6", "1" ], [ "0.04141", "3081.6", "1" ], [ "0.04140", "2359.6", "1" ], [ "0.04137", "19036.8", "1" ], [ "0.04135", "1138.3", "1" ], [ "0.04134", "19817.7", "1" ], [ "0.04129", "47619.1", "1" ], [ "0.04123", "8407.1", "1" ], [ "0.04116", "16438.8", "1" ], [ "0.04092", "21593.0", "1" ], [ "0.04061", "35311.4", "2" ], [ "0.04050", "35.0", "1" ], [ "0.04030", "50773.8", "2" ], [ "0.03999", "64375.1", "2" ], [ "0.03968", "79075.5", "2" ], [ "0.03500", "714.2", "1" ], [ "0.03360", "2741.9", "1" ], [ "0.03276", "13384.2", "1" ], [ "0.03250", "800.0", "1" ], [ "0.03185", "41316.9", "1" ], [ "0.03094", "88292.9", "1" ], [ "0.03003", "88292.9", "1" ], [ "0.02912", "270741.7", "1" ], [ "0.02000", "50.0", "1" ] ],
      "asks" : [ [ "0.04232", "3966.3", "1" ], [ "0.04233", "7481.7", "1" ], [ "0.04235", "18077.3", "2" ], [ "0.04239", "2359.6", "1" ], [ "0.04245", "16000.7", "1" ], [ "0.04246", "2359.6", "1" ], [ "0.04251", "2359.6", "1" ], [ "0.04258", "2359.6", "1" ], [ "0.04265", "2359.6", "1" ], [ "0.04282", "47619.1", "1" ], [ "0.04670", "15280.0", "1" ], [ "0.04683", "13388.1", "1" ], [ "0.04704", "18104.9", "1" ], [ "0.04725", "18302.3", "1" ], [ "0.04888", "19817.7", "1" ], [ "0.04898", "5676.3", "1" ], [ "0.04929", "20485.4", "2" ], [ "0.04960", "20485.4", "2" ], [ "0.04991", "45784.5", "2" ], [ "0.05022", "61492.2", "2" ], [ "0.05053", "45784.5", "1" ], [ "0.05896", "2741.9", "1" ], [ "0.05915", "7987.7", "1" ], [ "0.06006", "26778.8", "2" ], [ "0.06097", "57239.2", "3" ], [ "0.06188", "57239.2", "3" ], [ "0.06279", "158630.4", "1" ], [ "0.06999", "100.0", "1" ], [ "0.07999", "99.5", "1" ], [ "0.08100", "498.8", "1" ], [ "0.08800", "229.4", "1" ], [ "0.10000", "2401.6", "3" ], [ "0.10500", "33333.4", "3" ], [ "0.11000", "70909.1", "7" ], [ "0.11182", "82.8", "1" ], [ "0.11500", "20869.6", "2" ], [ "0.12000", "80823.7", "9" ], [ "0.12210", "75.3", "1" ], [ "0.13239", "68.9", "1" ], [ "0.14269", "63.5", "1" ], [ "0.14700", "2217.4", "1" ], [ "0.15000", "17113.0", "1" ], [ "0.15610", "29204.7", "1" ], [ "0.19000", "1488.8", "1" ], [ "0.24700", "24.2", "1" ], [ "0.24760", "24.2", "1" ], [ "0.25446", "8.2", "1" ], [ "0.26799", "7.7", "1" ], [ "0.27629", "3.6", "1" ], [ "0.28035", "3.5", "1" ] ],
      "t" : 1756461127455
    } ],
    "instrument_name" : "GMT_USD"
  }
}