{
  "id" : -1,
  "method" : "public/get-book",
  "code" : 0,
  "result" : {
    "depth" : 50,
    "data" : [ {
      "bids" : [ [ "0.04199", "2", "2" ], [ "0.04191", "4772", "1" ], [ "0.04190", "5913", "1" ], [ "0.04187", "22665", "1" ], [ "0.04186", "36393", "2" ], [ "0.04185", "1194", "1" ], [ "0.04184", "1195", "1" ], [ "0.04183", "1195", "1" ], [ "0.04182", "1195", "1" ], [ "0.04181", "5913", "1" ], [ "0.04177", "5913", "1" ], [ "0.04173", "5913", "1" ], [ "0.03360", "11211", "1" ], [ "0.03293", "4831", "1" ], [ "0.03204", "14588", "1" ], [ "0.03115", "23407", "1" ], [ "0.03026", "33219", "1" ], [ "0.02937", "41946", "1" ], [ "0.02848", "51941", "1" ] ],
      "asks" : [ [ "0.04201", "1", "1" ], [ "0.04203", "1", "1" ], [ "0.04209", "35183", "2" ], [ "0.04210", "5913", "1" ], [ "0.04214", "7099", "2" ], [ "0.04215", "1186", "1" ], [ "0.04216", "1185", "1" ], [ "0.04217", "1185", "1" ], [ "0.04218", "5913", "1" ], [ "0.04222", "5913", "1" ], [ "0.04225", "28512", "1" ], [ "0.04227", "5913", "1" ], [ "0.04234", "5913", "1" ], [ "0.04241", "5913", "1" ], [ "0.04648", "15695", "1" ], [ "0.04653", "17273", "1" ], [ "0.04662", "16479", "1" ], [ "0.04671", "19493", "2" ], [ "0.04680", "17619", "1" ], [ "0.04689", "23492", "2" ], [ "0.04874", "22422", "1" ], [ "0.04879", "12261", "1" ], [ "0.04896", "22006", "2" ], [ "0.04913", "33579", "2" ], [ "0.04930", "44742", "2" ], [ "0.04947", "51845", "2" ], [ "0.04950", "57077", "1" ], [ "0.05052", "11211", "1" ], [ "0.05060", "57077", "1" ], [ "0.05073", "4285", "1" ], [ "0.05082", "57077", "1" ], [ "0.05162", "14600", "2" ], [ "0.05251", "23963", "3" ], [ "0.05258", "57077", "1" ], [ "0.05340", "33369", "4" ], [ "0.05429", "41893", "5" ], [ "0.05518", "51571", "1" ], [ "0.30000", "2817", "1" ] ],
      "t" : 1756461139808
    } ],
    "instrument_name" : "GMTUSD-PERP"
  }
}