{
  "id" : -1,
  "method" : "public/get-book",
  "code" : 0,
  "result" : {
    "depth" : 50,
    "data" : [ {
      "bids" : [ [ "0.08367", "14", "1" ], [ "0.08356", "11932", "1" ], [ "0.08355", "2991", "2" ], [ "0.08349", "5861", "1" ], [ "0.08348", "3032", "1" ], [ "0.08347", "8146", "1" ], [ "0.08345", "2995", "1" ], [ "0.08340", "6942", "1" ], [ "0.08336", "10432", "1" ], [ "0.08328", "6942", "1" ], [ "0.08323", "3003", "1" ], [ "0.08320", "4480", "1" ], [ "0.08316", "6942", "1" ], [ "0.08304", "14821", "2" ], [ "0.08301", "3011", "1" ], [ "0.08289", "14278", "1" ], [ "0.08288", "25365", "3" ], [ "0.08276", "3020", "1" ], [ "0.08272", "25365", "3" ], [ "0.08256", "46654", "3" ], [ "0.08240", "46654", "2" ], [ "0.08210", "12178", "1" ], [ "0.08037", "3054", "1" ], [ "0.08010", "2489", "1" ], [ "0.07965", "8910", "2" ], [ "0.07920", "8910", "2" ], [ "0.07879", "204", "1" ], [ "0.07878", "4284", "1" ], [ "0.07875", "21885", "1" ], [ "0.07839", "9903", "2" ], [ "0.07800", "9903", "2" ], [ "0.07761", "20114", "1" ], [ "0.06693", "1455", "1" ], [ "0.06574", "8647", "1" ], [ "0.06401", "22809", "2" ], [ "0.06228", "22809", "1" ], [ "0.06055", "74356", "2" ], [ "0.05882", "251334", "2" ] ],
      "asks" : [ [ "0.08368", "14", "1" ], [ "0.08373", "3032", "1" ], [ "0.08374", "8", "1" ], [ "0.08375", "1193", "1" ], [ "0.08377", "3032", "1" ], [ "0.08380", "3032", "1" ], [ "0.08382", "1789", "1" ], [ "0.08383", "3032", "1" ], [ "0.08386", "3032", "1" ], [ "0.08393", "1743", "1" ], [ "0.08394", "2978", "1" ], [ "0.08412", "2971", "1" ], [ "0.08450", "2958", "1" ], [ "0.08473", "5900", "1" ], [ "0.08525", "3294", "1" ], [ "0.08526", "11728", "1" ], [ "0.08657", "1523", "1" ], [ "0.08658", "897", "1" ], [ "0.08659", "17920", "1" ], [ "0.08660", "15462", "1" ], [ "0.08665", "3054", "1" ], [ "0.08685", "2988", "1" ], [ "0.08730", "9725", "2" ], [ "0.08775", "9725", "1" ], [ "0.08814", "3423", "1" ], [ "0.08819", "168", "1" ], [ "0.08820", "20899", "1" ], [ "0.08853", "8679", "2" ], [ "0.08864", "167", "1" ], [ "0.08892", "14811", "2" ], [ "0.08894", "8146", "1" ], [ "0.08904", "9887", "1" ], [ "0.08916", "9521", "1" ], [ "0.08928", "9521", "1" ], [ "0.08931", "20382", "1" ], [ "0.09072", "10432", "2" ], [ "0.09088", "4978", "1" ], [ "0.09104", "15649", "1" ], [ "0.09120", "35942", "1" ], [ "0.09136", "45558", "1" ], [ "0.09152", "56453", "1" ], [ "0.09168", "56453", "1" ], [ "0.10047", "1455", "1" ], [ "0.10207", "5135", "1" ], [ "0.10380", "14189", "2" ], [ "0.10553", "14189", "2" ], [ "0.10726", "53364", "3" ], [ "0.10899", "138874", "1" ], [ "0.18900", "250", "1" ], [ "0.25000", "869", "1" ] ],
      "t" : 1756461159516
    } ],
    "instrument_name" : "GOAT_USDT"
  }
}