{
  "id" : -1,
  "method" : "public/get-book",
  "code" : 0,
  "result" : {
    "depth" : 50,
    "data" : [ {
      "bids" : [ [ "0.08370", "1", "1" ], [ "0.08369", "1", "1" ], [ "0.08356", "3030", "1" ], [ "0.08354", "18520", "2" ], [ "0.08353", "3030", "1" ], [ "0.08352", "19555", "3" ], [ "0.08350", "3628", "2" ], [ "0.08346", "599", "1" ], [ "0.08335", "13269", "1" ], [ "0.08322", "1502", "1" ], [ "0.08319", "1502", "1" ], [ "0.08316", "1503", "1" ], [ "0.08313", "1503", "1" ], [ "0.08304", "1806", "1" ], [ "0.08300", "1807", "1" ], [ "0.08296", "1808", "1" ], [ "0.08292", "1808", "1" ], [ "0.08288", "1809", "1" ], [ "0.08284", "1810", "1" ], [ "0.08224", "4036", "1" ], [ "0.08216", "930", "1" ], [ "0.08203", "930", "1" ], [ "0.08198", "4036", "1" ], [ "0.08190", "1296", "3" ], [ "0.08184", "4223", "2" ], [ "0.08177", "1215", "2" ], [ "0.08164", "1254", "1" ], [ "0.08160", "7426", "2" ], [ "0.08136", "11934", "3" ], [ "0.08112", "17001", "3" ], [ "0.08088", "19956", "4" ], [ "0.06696", "4036", "1" ], [ "0.06688", "5650", "1" ], [ "0.06512", "14694", "2" ], [ "0.06336", "24865", "2" ], [ "0.06160", "33292", "2" ], [ "0.05984", "42648", "2" ], [ "0.05808", "52771", "2" ] ],
      "asks" : [ [ "0.08372", "1", "1" ], [ "0.08377", "1", "1" ], [ "0.08378", "3030", "1" ], [ "0.08382", "3030", "1" ], [ "0.08385", "5415", "2" ], [ "0.08388", "3030", "1" ], [ "0.08390", "591", "1" ], [ "0.08391", "20952", "2" ], [ "0.08392", "591", "1" ], [ "0.08393", "13249", "1" ], [ "0.08394", "595", "1" ], [ "0.08395", "16560", "1" ], [ "0.08396", "591", "1" ], [ "0.08403", "4036", "1" ], [ "0.08411", "862", "1" ], [ "0.08418", "1484", "1" ], [ "0.08421", "1484", "1" ], [ "0.08424", "2597", "3" ], [ "0.08427", "1483", "1" ], [ "0.08436", "1778", "1" ], [ "0.08437", "1175", "3" ], [ "0.08440", "1777", "1" ], [ "0.08444", "1776", "1" ], [ "0.08448", "1775", "1" ], [ "0.08450", "1214", "3" ], [ "0.08452", "1774", "1" ], [ "0.08456", "1773", "1" ], [ "0.08463", "1244", "3" ], [ "0.08465", "4036", "1" ], [ "0.08472", "4027", "1" ], [ "0.08496", "7753", "1" ], [ "0.08520", "11936", "1" ], [ "0.08544", "15708", "1" ], [ "0.08568", "20045", "1" ], [ "0.10050", "4036", "1" ], [ "0.10208", "5374", "1" ], [ "0.10384", "14794", "2" ], [ "0.10560", "24511", "3" ], [ "0.10736", "34208", "4" ], [ "0.10912", "43938", "4" ], [ "0.11088", "52098", "1" ] ],
      "t" : 1756461163266
    } ],
    "instrument_name" : "GOATUSD-PERP"
  }
}