{
  "id" : -1,
  "method" : "public/get-book",
  "code" : 0,
  "result" : {
    "depth" : 50,
    "data" : [ {
      "bids" : [ [ "0.08370", "14", "1" ], [ "0.08356", "2991", "2" ], [ "0.08355", "3033", "1" ], [ "0.08352", "3033", "1" ], [ "0.08350", "5991", "1" ], [ "0.08347", "8146", "1" ], [ "0.08346", "6028", "2" ], [ "0.08340", "11288", "2" ], [ "0.08336", "10432", "1" ], [ "0.08329", "6013", "1" ], [ "0.08328", "8255", "1" ], [ "0.08320", "4603", "1" ], [ "0.08316", "8255", "1" ], [ "0.08308", "3009", "1" ], [ "0.08304", "15244", "2" ], [ "0.08288", "27271", "3" ], [ "0.08280", "3019", "1" ], [ "0.08274", "6042", "1" ], [ "0.08272", "27271", "3" ], [ "0.08256", "47066", "3" ], [ "0.08240", "47066", "2" ], [ "0.08222", "12161", "1" ], [ "0.08114", "329", "1" ], [ "0.08037", "3054", "1" ], [ "0.08011", "453", "1" ], [ "0.08010", "3054", "1" ], [ "0.08000", "1230", "1" ], [ "0.07966", "456", "1" ], [ "0.07965", "9540", "2" ], [ "0.07921", "458", "1" ], [ "0.07920", "9540", "2" ], [ "0.07913", "4255", "1" ], [ "0.07878", "3770", "1" ], [ "0.07875", "21743", "1" ], [ "0.07839", "8912", "2" ], [ "0.07800", "19230", "3" ], [ "0.07762", "226", "1" ], [ "0.07761", "19230", "1" ], [ "0.07000", "200", "1" ], [ "0.06694", "1461", "1" ], [ "0.06574", "6866", "1" ], [ "0.06401", "21681", "2" ], [ "0.06228", "39014", "2" ], [ "0.06055", "80030", "2" ], [ "0.05882", "243491", "2" ], [ "0.05700", "5263", "1" ] ],
      "asks" : [ [ "0.08371", "14", "1" ], [ "0.08378", "4226", "2" ], [ "0.08381", "3033", "1" ], [ "0.08382", "1789", "1" ], [ "0.08384", "3033", "1" ], [ "0.08387", "3033", "1" ], [ "0.08402", "2975", "1" ], [ "0.08404", "6059", "1" ], [ "0.08411", "2972", "1" ], [ "0.08452", "2958", "1" ], [ "0.08488", "5890", "1" ], [ "0.08542", "11707", "1" ], [ "0.08665", "3216", "2" ], [ "0.08685", "3524", "1" ], [ "0.08721", "4834", "1" ], [ "0.08722", "18932", "2" ], [ "0.08723", "13720", "2" ], [ "0.08730", "8959", "2" ], [ "0.08775", "8959", "1" ], [ "0.08777", "159", "1" ], [ "0.08791", "4255", "1" ], [ "0.08814", "4640", "1" ], [ "0.08818", "12", "1" ], [ "0.08820", "14689", "1" ], [ "0.08851", "12", "1" ], [ "0.08853", "9959", "2" ], [ "0.08872", "8", "1" ], [ "0.08879", "162", "1" ], [ "0.08892", "9959", "1" ], [ "0.08897", "8146", "1" ], [ "0.08904", "8994", "1" ], [ "0.08916", "8683", "1" ], [ "0.08928", "8771", "2" ], [ "0.08931", "19274", "1" ], [ "0.09075", "10432", "1" ], [ "0.09088", "4561", "1" ], [ "0.09104", "16513", "1" ], [ "0.09120", "25368", "1" ], [ "0.09136", "45490", "1" ], [ "0.09152", "56283", "1" ], [ "0.09161", "86", "1" ], [ "0.09168", "56283", "1" ], [ "0.09239", "149", "1" ], [ "0.09394", "742", "1" ], [ "0.09395", "83", "1" ], [ "0.09481", "110", "1" ], [ "0.09591", "104", "1" ], [ "0.09629", "81", "1" ], [ "0.09861", "79", "1" ], [ "0.10049", "1461", "1" ] ],
      "t" : 1756461155514
    } ],
    "instrument_name" : "GOAT_USD"
  }
}