{
  "id" : -1,
  "method" : "public/get-book",
  "code" : 0,
  "result" : {
    "depth" : 50,
    "data" : [ {
      "bids" : [ [ "0.11836", "25", "1" ], [ "0.11832", "25", "1" ], [ "0.11828", "25", "1" ], [ "0.11824", "1", "1" ], [ "0.11820", "25", "1" ], [ "0.11816", "25", "1" ], [ "0.11812", "25", "1" ], [ "0.11808", "25", "1" ], [ "0.11804", "25", "1" ], [ "0.11801", "4032", "1" ], [ "0.11800", "25", "1" ], [ "0.11796", "25", "1" ], [ "0.11792", "25", "1" ], [ "0.11790", "5563", "1" ], [ "0.11789", "1861", "1" ], [ "0.11788", "5407", "2" ], [ "0.11784", "25", "1" ], [ "0.11782", "25", "1" ], [ "0.11781", "5445", "2" ], [ "0.11779", "1283", "1" ], [ "0.11778", "25", "1" ], [ "0.11775", "7156", "2" ], [ "0.11772", "25", "1" ], [ "0.11769", "25", "1" ], [ "0.11766", "25", "1" ], [ "0.11763", "26", "1" ], [ "0.11760", "11425", "3" ], [ "0.11757", "26", "1" ], [ "0.11754", "26", "1" ], [ "0.11751", "26", "1" ], [ "0.11748", "26", "1" ], [ "0.11745", "26", "1" ], [ "0.11742", "26", "1" ], [ "0.11739", "7101", "2" ], [ "0.11736", "13886", "1" ], [ "0.11735", "26", "1" ], [ "0.11731", "26", "1" ], [ "0.11712", "30247", "1" ], [ "0.11688", "39487", "1" ], [ "0.11664", "39487", "1" ], [ "0.11663", "13236", "1" ], [ "0.11622", "28698", "1" ], [ "0.11576", "608", "1" ], [ "0.11545", "13371", "1" ], [ "0.11192", "16553", "1" ], [ "0.10900", "10", "1" ], [ "0.10367", "23826", "1" ], [ "0.10000", "176", "2" ], [ "0.09440", "996", "1" ], [ "0.09287", "4390", "1" ] ],
      "asks" : [ [ "0.11852", "25", "1" ], [ "0.11856", "25", "1" ], [ "0.11860", "25", "1" ], [ "0.11863", "25", "1" ], [ "0.11866", "25", "1" ], [ "0.11867", "85", "1" ], [ "0.11868", "5563", "1" ], [ "0.11869", "25", "1" ], [ "0.11872", "25", "1" ], [ "0.11875", "25", "1" ], [ "0.11878", "25", "1" ], [ "0.11881", "25", "1" ], [ "0.11884", "7156", "2" ], [ "0.11886", "5679", "1" ], [ "0.11887", "25", "1" ], [ "0.11890", "25", "1" ], [ "0.11893", "25", "1" ], [ "0.11896", "25", "1" ], [ "0.11899", "363", "2" ], [ "0.11900", "8023", "2" ], [ "0.11901", "8671", "1" ], [ "0.11902", "25", "1" ], [ "0.11903", "9116", "1" ], [ "0.11904", "4097", "1" ], [ "0.11906", "25", "1" ], [ "0.11907", "6435", "1" ], [ "0.11910", "25", "1" ], [ "0.11914", "25", "1" ], [ "0.11918", "25", "1" ], [ "0.11922", "25", "1" ], [ "0.11926", "25", "1" ], [ "0.11928", "19560", "2" ], [ "0.11930", "25", "1" ], [ "0.11934", "25", "1" ], [ "0.11938", "25", "1" ], [ "0.11942", "25", "1" ], [ "0.11946", "25", "1" ], [ "0.11950", "25", "1" ], [ "0.11952", "21653", "1" ], [ "0.11954", "25", "1" ], [ "0.11958", "25", "1" ], [ "0.11976", "30079", "1" ], [ "0.12000", "39568", "1" ], [ "0.12073", "28698", "1" ], [ "0.12215", "3979", "1" ], [ "0.12487", "10419", "1" ], [ "0.14169", "996", "1" ], [ "0.14307", "2650", "1" ], [ "0.14558", "9907", "2" ], [ "0.14690", "7667", "1" ] ],
      "t" : 1756461165935
    } ],
    "instrument_name" : "GODS_USD"
  }
}