{
  "id" : -1,
  "method" : "public/get-book",
  "code" : 0,
  "result" : {
    "depth" : 50,
    "data" : [ {
      "bids" : [ [ "0.11837", "13", "1" ], [ "0.11833", "13", "1" ], [ "0.11829", "13", "1" ], [ "0.11825", "13", "1" ], [ "0.11821", "13", "1" ], [ "0.11817", "13", "1" ], [ "0.11813", "13", "1" ], [ "0.11809", "13", "1" ], [ "0.11805", "13", "1" ], [ "0.11801", "13", "1" ], [ "0.11797", "13", "1" ], [ "0.11793", "13", "1" ], [ "0.11790", "5563", "1" ], [ "0.11789", "13", "1" ], [ "0.11785", "13", "1" ], [ "0.11782", "13", "1" ], [ "0.11781", "4879", "1" ], [ "0.11779", "13", "1" ], [ "0.11776", "13", "1" ], [ "0.11775", "7131", "1" ], [ "0.11773", "13", "1" ], [ "0.11770", "13", "1" ], [ "0.11767", "13", "1" ], [ "0.11764", "13", "1" ], [ "0.11761", "13", "1" ], [ "0.11760", "6269", "1" ], [ "0.11758", "13", "1" ], [ "0.11755", "13", "1" ], [ "0.11753", "3041", "1" ], [ "0.11752", "13", "1" ], [ "0.11749", "13", "1" ], [ "0.11746", "13", "1" ], [ "0.11743", "13", "1" ], [ "0.11740", "13", "1" ], [ "0.11739", "6693", "1" ], [ "0.11736", "13", "1" ], [ "0.11732", "13", "1" ], [ "0.11730", "8597", "1" ], [ "0.11728", "13", "1" ], [ "0.11724", "13", "1" ], [ "0.11720", "13", "1" ], [ "0.11707", "20836", "1" ], [ "0.11684", "27911", "1" ], [ "0.11661", "33820", "1" ], [ "0.11638", "33820", "1" ], [ "0.09439", "996", "1" ], [ "0.09287", "4131", "1" ], [ "0.09036", "16238", "1" ], [ "0.08785", "24934", "1" ], [ "0.08534", "47029", "1" ] ],
      "asks" : [ [ "0.11845", "459", "2" ], [ "0.11849", "13", "1" ], [ "0.11853", "13", "1" ], [ "0.11857", "13", "1" ], [ "0.11861", "13", "1" ], [ "0.11864", "13", "1" ], [ "0.11865", "5563", "1" ], [ "0.11867", "13", "1" ], [ "0.11870", "13", "1" ], [ "0.11873", "13", "1" ], [ "0.11876", "13", "1" ], [ "0.11878", "527", "1" ], [ "0.11879", "13432", "2" ], [ "0.11880", "7131", "1" ], [ "0.11882", "13", "1" ], [ "0.11885", "13", "1" ], [ "0.11886", "5382", "1" ], [ "0.11888", "13", "1" ], [ "0.11891", "2688", "2" ], [ "0.11894", "13", "1" ], [ "0.11897", "13", "1" ], [ "0.11900", "13", "1" ], [ "0.11903", "13", "1" ], [ "0.11907", "5131", "2" ], [ "0.11911", "13", "1" ], [ "0.11914", "9503", "2" ], [ "0.11915", "13", "1" ], [ "0.11919", "13", "1" ], [ "0.11923", "13", "1" ], [ "0.11927", "13", "1" ], [ "0.11928", "6615", "1" ], [ "0.11931", "13", "1" ], [ "0.11935", "13", "1" ], [ "0.11937", "9503", "1" ], [ "0.11939", "13", "1" ], [ "0.11943", "13", "1" ], [ "0.11947", "13", "1" ], [ "0.11951", "13", "1" ], [ "0.11955", "13", "1" ], [ "0.11959", "13", "1" ], [ "0.11960", "15024", "1" ], [ "0.11963", "13", "1" ], [ "0.11983", "21375", "1" ], [ "0.12006", "26759", "1" ], [ "0.14166", "996", "1" ], [ "0.14307", "2612", "1" ], [ "0.14558", "9701", "2" ], [ "0.14809", "9701", "2" ], [ "0.15060", "27436", "3" ], [ "0.15311", "78235", "4" ] ],
      "t" : 1756461170178
    } ],
    "instrument_name" : "GODS_USDT"
  }
}