{
  "id" : -1,
  "method" : "public/get-book",
  "code" : 0,
  "result" : {
    "depth" : 50,
    "data" : [ {
      "bids" : [ [ "0.74676", "1", "1" ], [ "0.74672", "1", "1" ], [ "0.74538", "326", "1" ], [ "0.74493", "326", "1" ], [ "0.74437", "326", "1" ], [ "0.74333", "1435", "1" ], [ "0.74319", "1593", "1" ], [ "0.74306", "1511", "1" ], [ "0.74262", "1106", "1" ], [ "0.74060", "270", "1" ], [ "0.74025", "440", "1" ], [ "0.73995", "67", "1" ], [ "0.73980", "67", "1" ], [ "0.73965", "67", "1" ], [ "0.73950", "67", "1" ], [ "0.73935", "93", "1" ], [ "0.73842", "93", "1" ], [ "0.73749", "122", "3" ], [ "0.73744", "169", "1" ], [ "0.73722", "169", "1" ], [ "0.73700", "169", "1" ], [ "0.73678", "169", "1" ], [ "0.73656", "108", "1" ], [ "0.73593", "203", "1" ], [ "0.73563", "119", "1" ], [ "0.73556", "203", "1" ], [ "0.73519", "204", "1" ], [ "0.73482", "204", "1" ], [ "0.73445", "204", "1" ], [ "0.73408", "204", "1" ], [ "0.73176", "440", "1" ], [ "0.73048", "593", "1" ], [ "0.72864", "1279", "2" ], [ "0.72680", "1991", "3" ], [ "0.72496", "2713", "4" ], [ "0.72312", "3455", "1" ], [ "0.59824", "440", "1" ], [ "0.59592", "567", "1" ], [ "0.58064", "1582", "2" ], [ "0.56536", "2567", "2" ], [ "0.55008", "3500", "2" ], [ "0.53480", "4430", "2" ], [ "0.51952", "5480", "2" ] ],
      "asks" : [ [ "0.74679", "1", "1" ], [ "0.74720", "1", "1" ], [ "0.74925", "133", "1" ], [ "0.74992", "266", "1" ], [ "0.75000", "66", "1" ], [ "0.75015", "66", "1" ], [ "0.75027", "1437", "1" ], [ "0.75030", "66", "1" ], [ "0.75045", "66", "1" ], [ "0.75052", "1106", "1" ], [ "0.75120", "1593", "1" ], [ "0.75209", "1514", "1" ], [ "0.75262", "166", "1" ], [ "0.75284", "166", "1" ], [ "0.75306", "165", "1" ], [ "0.75328", "165", "1" ], [ "0.75406", "198", "1" ], [ "0.75443", "198", "1" ], [ "0.75480", "198", "1" ], [ "0.75517", "198", "1" ], [ "0.75554", "198", "1" ], [ "0.75591", "198", "1" ], [ "0.76156", "440", "1" ], [ "0.76167", "76", "1" ], [ "0.76260", "92", "1" ], [ "0.76337", "440", "1" ], [ "0.76353", "89", "1" ], [ "0.76360", "737", "1" ], [ "0.76446", "97", "1" ], [ "0.76539", "136", "1" ], [ "0.76544", "1324", "1" ], [ "0.76728", "2089", "1" ], [ "0.76912", "2604", "1" ], [ "0.77096", "3341", "1" ], [ "0.89760", "440", "1" ], [ "0.90152", "495", "1" ], [ "0.91680", "1456", "2" ], [ "0.93208", "2540", "3" ], [ "0.94736", "3484", "3" ], [ "0.96264", "4376", "3" ], [ "0.97792", "5462", "1" ] ],
      "t" : 1756461181762
    } ],
    "instrument_name" : "GRASSUSD-PERP"
  }
}