{
  "id" : -1,
  "method" : "public/get-book",
  "code" : 0,
  "result" : {
    "depth" : 50,
    "data" : [ {
      "bids" : [ [ "0.74622", "917.9", "1" ], [ "0.74592", "609.4", "1" ], [ "0.74544", "352.5", "1" ], [ "0.74543", "1174.9", "1" ], [ "0.74535", "660.1", "1" ], [ "0.74520", "292.0", "1" ], [ "0.74508", "609.4", "1" ], [ "0.74424", "609.4", "1" ], [ "0.74405", "765.7", "2" ], [ "0.74340", "734.5", "1" ], [ "0.74290", "1317.9", "3" ], [ "0.74256", "890.1", "1" ], [ "0.74175", "1317.9", "3" ], [ "0.74172", "1251.9", "1" ], [ "0.74136", "0.1", "1" ], [ "0.74060", "2300.0", "3" ], [ "0.73945", "2300.0", "2" ], [ "0.72369", "18.6", "1" ], [ "0.70602", "256.4", "1" ], [ "0.70601", "19.1", "1" ], [ "0.68835", "19.6", "1" ], [ "0.67068", "20.1", "1" ], [ "0.65300", "20.6", "1" ], [ "0.63534", "21.2", "1" ], [ "0.61767", "21.8", "1" ], [ "0.59999", "22.5", "1" ], [ "0.59829", "165.2", "1" ], [ "0.59631", "782.3", "1" ], [ "0.58102", "2680.1", "2" ], [ "0.56573", "2862.3", "1" ], [ "0.55044", "2862.3", "1" ], [ "0.53515", "8827.0", "2" ] ],
      "asks" : [ [ "0.74929", "80.2", "1" ], [ "0.74960", "917.9", "1" ], [ "0.74978", "326.0", "1" ], [ "0.75012", "812.5", "1" ], [ "0.75043", "659.5", "1" ], [ "0.75050", "1174.9", "1" ], [ "0.75068", "326.0", "1" ], [ "0.75095", "295.2", "1" ], [ "0.75096", "855.2", "1" ], [ "0.75180", "1084.9", "1" ], [ "0.75210", "801.8", "2" ], [ "0.75264", "1092.6", "1" ], [ "0.75325", "801.8", "1" ], [ "0.75348", "1092.6", "1" ], [ "0.75432", "1092.6", "1" ], [ "0.75440", "1826.2", "1" ], [ "0.75555", "1826.2", "1" ], [ "0.75670", "2862.8", "1" ], [ "0.77669", "17.7", "1" ], [ "0.79437", "17.5", "1" ], [ "0.81203", "17.0", "1" ], [ "0.82970", "16.5", "1" ], [ "0.84738", "16.1", "1" ], [ "0.86504", "15.9", "1" ], [ "0.88271", "15.5", "1" ], [ "0.89249", "49.3", "1" ], [ "0.89778", "165.2", "1" ], [ "0.90039", "15.2", "1" ], [ "0.90211", "623.4", "1" ], [ "0.91740", "1593.0", "2" ], [ "0.91805", "15.1", "1" ], [ "0.93269", "2782.7", "3" ], [ "0.93572", "15.1", "1" ], [ "0.94798", "1593.0", "2" ], [ "0.95340", "15.1", "1" ], [ "0.96327", "4889.9", "1" ], [ "0.97106", "15.1", "1" ], [ "0.98019", "83.9", "1" ], [ "0.98873", "15.1", "1" ], [ "1.00641", "15.1", "1" ], [ "1.02408", "15.1", "1" ], [ "1.02876", "173.2", "2" ], [ "1.04174", "15.1", "1" ], [ "1.05942", "15.1", "1" ], [ "1.07709", "15.1", "1" ], [ "1.07868", "25.3", "1" ], [ "1.08000", "112.0", "1" ], [ "1.09475", "15.1", "1" ], [ "1.10901", "24.7", "1" ], [ "1.11243", "15.1", "1" ] ],
      "t" : 1756461171587
    } ],
    "instrument_name" : "GRASS_USD"
  }
}