{
  "id" : -1,
  "method" : "public/get-book",
  "code" : 0,
  "result" : {
    "depth" : 50,
    "data" : [ {
      "bids" : [ [ "0.08829", "27877", "2" ], [ "0.08827", "3306", "1" ], [ "0.08826", "28295", "1" ], [ "0.08791", "7665", "1" ], [ "0.08779", "1192", "1" ], [ "0.08778", "8932", "1" ], [ "0.08772", "15329", "1" ], [ "0.08771", "19272", "2" ], [ "0.08757", "8442", "1" ], [ "0.08742", "3715", "1" ], [ "0.08736", "8754", "1" ], [ "0.08711", "11480", "1" ], [ "0.08680", "26312", "1" ], [ "0.08679", "66", "1" ], [ "0.08677", "876874", "1" ], [ "0.08649", "34835", "2" ], [ "0.08618", "42457", "2" ], [ "0.08587", "42457", "1" ], [ "0.08555", "467", "1" ], [ "0.08550", "1488", "1" ], [ "0.08531", "235", "1" ], [ "0.08530", "5000", "1" ], [ "0.08385", "100", "1" ], [ "0.08366", "194", "1" ], [ "0.08340", "599", "1" ], [ "0.08000", "750", "3" ], [ "0.07980", "1002", "1" ], [ "0.07583", "14", "1" ], [ "0.07401", "120", "1" ], [ "0.07328", "409", "1" ], [ "0.07280", "69", "1" ], [ "0.07260", "69", "1" ], [ "0.07240", "70", "1" ], [ "0.07220", "70", "1" ], [ "0.07200", "70", "1" ], [ "0.07180", "70", "1" ], [ "0.07160", "70", "1" ], [ "0.07140", "71", "1" ], [ "0.07120", "71", "1" ], [ "0.07112", "15013", "1" ], [ "0.07100", "71", "1" ], [ "0.07080", "71", "1" ], [ "0.07064", "1363", "1" ], [ "0.07060", "71", "1" ], [ "0.07040", "72", "1" ], [ "0.07020", "72", "1" ], [ "0.07000", "50", "1" ], [ "0.06992", "6203", "2" ], [ "0.06850", "120", "1" ], [ "0.06808", "21784", "2" ] ],
      "asks" : [ [ "0.08886", "15473", "1" ], [ "0.08887", "20254", "1" ], [ "0.08889", "7665", "1" ], [ "0.08903", "7461", "1" ], [ "0.08904", "7176", "1" ], [ "0.08909", "9822", "1" ], [ "0.08925", "7834", "1" ], [ "0.08928", "4383", "1" ], [ "0.08945", "13117", "1" ], [ "0.08946", "8383", "1" ], [ "0.08959", "11140", "2" ], [ "0.08989", "15102", "1" ], [ "0.08990", "11140", "1" ], [ "0.08996", "876874", "1" ], [ "0.09021", "17936", "1" ], [ "0.09051", "266", "1" ], [ "0.09052", "25153", "1" ], [ "0.09082", "215", "1" ], [ "0.09083", "33571", "2" ], [ "0.09170", "31", "1" ], [ "0.09398", "142", "1" ], [ "0.09507", "108", "1" ], [ "0.09692", "142", "1" ], [ "0.09832", "1438", "2" ], [ "0.09842", "196", "1" ], [ "0.10000", "33", "1" ], [ "0.10590", "565", "1" ], [ "0.10611", "1363", "1" ], [ "0.10672", "3750", "1" ], [ "0.10856", "12717", "2" ], [ "0.11040", "22936", "3" ], [ "0.11224", "11093", "2" ], [ "0.11408", "31424", "3" ], [ "0.11960", "5000", "1" ], [ "0.12100", "663", "1" ], [ "0.12450", "9", "1" ], [ "0.12730", "4988", "1" ], [ "0.12900", "8", "1" ], [ "0.13200", "8", "1" ], [ "0.13500", "353", "1" ], [ "0.14858", "7", "1" ], [ "0.15000", "50", "1" ], [ "0.15900", "7957", "1" ], [ "0.17000", "3950", "2" ], [ "0.18000", "2000", "1" ], [ "0.18300", "30", "1" ], [ "0.18882", "107", "1" ], [ "0.19106", "1333", "1" ], [ "0.19289", "104", "1" ], [ "0.19300", "782", "1" ] ],
      "t" : 1756461184572
    } ],
    "instrument_name" : "GRT_USD"
  }
}