{
  "id" : -1,
  "method" : "public/get-book",
  "code" : 0,
  "result" : {
    "depth" : 50,
    "data" : [ {
      "bids" : [ [ "0.08831", "1918", "1" ], [ "0.08829", "13392", "1" ], [ "0.08828", "28295", "1" ], [ "0.08808", "11328", "1" ], [ "0.08807", "3422", "1" ], [ "0.08802", "4185", "1" ], [ "0.08801", "7665", "1" ], [ "0.08799", "6503", "1" ], [ "0.08797", "526", "1" ], [ "0.08795", "4345", "1" ], [ "0.08793", "1428", "1" ], [ "0.08783", "1309", "1" ], [ "0.08781", "9822", "1" ], [ "0.08778", "6503", "1" ], [ "0.08773", "3092", "1" ], [ "0.08757", "9554", "1" ], [ "0.08742", "11310", "2" ], [ "0.08711", "11310", "1" ], [ "0.08697", "172", "1" ], [ "0.08680", "25893", "1" ], [ "0.08675", "876874", "1" ], [ "0.08649", "33837", "2" ], [ "0.08618", "41717", "2" ], [ "0.08597", "174", "1" ], [ "0.08550", "5000", "1" ], [ "0.08497", "176", "1" ], [ "0.08397", "178", "1" ], [ "0.08297", "180", "1" ], [ "0.08198", "182", "1" ], [ "0.08099", "185", "1" ], [ "0.07999", "187", "1" ], [ "0.07899", "189", "1" ], [ "0.07799", "192", "1" ], [ "0.07699", "194", "1" ], [ "0.07599", "197", "1" ], [ "0.07501", "1999", "1" ], [ "0.07500", "66666", "1" ], [ "0.07499", "200", "1" ], [ "0.07200", "69444", "1" ], [ "0.07064", "1368", "1" ], [ "0.06992", "6654", "2" ], [ "0.06808", "20897", "2" ], [ "0.06624", "22306", "1" ], [ "0.06440", "22306", "1" ], [ "0.06256", "56743", "2" ], [ "0.05300", "1000", "1" ] ],
      "asks" : [ [ "0.08855", "1024", "1" ], [ "0.08858", "2990", "1" ], [ "0.08859", "4584", "1" ], [ "0.08862", "6633", "1" ], [ "0.08877", "3365", "1" ], [ "0.08884", "5640", "2" ], [ "0.08896", "13562", "2" ], [ "0.08897", "7665", "1" ], [ "0.08904", "8126", "1" ], [ "0.08916", "9822", "1" ], [ "0.08925", "7398", "1" ], [ "0.08928", "3168", "1" ], [ "0.08946", "7870", "1" ], [ "0.08959", "11184", "1" ], [ "0.08990", "18862", "1" ], [ "0.08995", "877042", "2" ], [ "0.09020", "279", "1" ], [ "0.09021", "26336", "1" ], [ "0.09052", "32989", "1" ], [ "0.09083", "40445", "2" ], [ "0.09095", "166", "1" ], [ "0.09195", "164", "1" ], [ "0.09295", "163", "1" ], [ "0.09395", "161", "1" ], [ "0.09495", "159", "1" ], [ "0.09594", "157", "1" ], [ "0.09693", "156", "1" ], [ "0.09793", "154", "1" ], [ "0.09893", "153", "1" ], [ "0.10000", "151", "1" ], [ "0.10125", "200", "1" ], [ "0.10249", "197", "1" ], [ "0.10373", "195", "1" ], [ "0.10498", "193", "1" ], [ "0.10608", "1368", "1" ], [ "0.10623", "190", "1" ], [ "0.10672", "4298", "1" ], [ "0.10748", "188", "1" ], [ "0.10856", "13691", "2" ], [ "0.10872", "186", "1" ], [ "0.10996", "183", "1" ], [ "0.11040", "13691", "3" ], [ "0.11121", "181", "1" ], [ "0.11224", "13691", "2" ], [ "0.11246", "179", "1" ], [ "0.11371", "177", "1" ], [ "0.11408", "31636", "3" ], [ "0.11496", "175", "1" ], [ "0.11620", "173", "1" ], [ "0.11744", "172", "1" ] ],
      "t" : 1756461189584
    } ],
    "instrument_name" : "GRT_USDT"
  }
}