{
  "id" : -1,
  "method" : "public/get-book",
  "code" : 0,
  "result" : {
    "depth" : 50,
    "data" : [ {
      "bids" : [ [ "0.08826", "1", "1" ], [ "0.08824", "1", "1" ], [ "0.08818", "22", "1" ], [ "0.08816", "39250", "3" ], [ "0.08815", "13816", "1" ], [ "0.08806", "567", "1" ], [ "0.08804", "567", "1" ], [ "0.08803", "7519", "1" ], [ "0.08802", "568", "1" ], [ "0.08790", "8871", "1" ], [ "0.08775", "8631", "1" ], [ "0.08760", "9300", "2" ], [ "0.08745", "10110", "3" ], [ "0.08730", "10100", "2" ], [ "0.08018", "19875", "1" ], [ "0.08000", "321", "1" ], [ "0.07064", "5371", "1" ], [ "0.07030", "4935", "1" ], [ "0.06845", "13568", "2" ], [ "0.06808", "27337", "1" ], [ "0.06762", "27337", "1" ], [ "0.06660", "21218", "2" ], [ "0.06624", "27337", "1" ], [ "0.06578", "27337", "1" ], [ "0.06500", "500", "1" ], [ "0.06475", "30797", "2" ], [ "0.06290", "39912", "2" ], [ "0.06105", "47839", "2" ] ],
      "asks" : [ [ "0.08827", "1", "1" ], [ "0.08832", "1", "1" ], [ "0.08837", "22", "1" ], [ "0.08840", "2262", "1" ], [ "0.08844", "565", "1" ], [ "0.08847", "16962", "1" ], [ "0.08848", "13816", "1" ], [ "0.08851", "20020", "1" ], [ "0.08858", "564", "1" ], [ "0.08860", "564", "1" ], [ "0.08867", "14362", "1" ], [ "0.08868", "563", "1" ], [ "0.08898", "10741", "1" ], [ "0.08903", "10757", "1" ], [ "0.08932", "20397", "2" ], [ "0.08951", "7519", "1" ], [ "0.08955", "6127", "1" ], [ "0.08961", "29011", "3" ], [ "0.08970", "8897", "3" ], [ "0.08985", "7669", "1" ], [ "0.08990", "41708", "3" ], [ "0.09000", "9901", "3" ], [ "0.09015", "9417", "1" ], [ "0.09019", "50982", "3" ], [ "0.09716", "19875", "1" ], [ "0.09752", "27337", "1" ], [ "0.09798", "27337", "1" ], [ "0.10608", "5371", "1" ], [ "0.10730", "4864", "1" ], [ "0.10915", "13646", "2" ], [ "0.10948", "27337", "1" ], [ "0.10994", "27337", "1" ], [ "0.11100", "22198", "3" ], [ "0.11285", "30800", "4" ], [ "0.11470", "39129", "4" ], [ "0.11655", "47703", "1" ] ],
      "t" : 1756461193303
    } ],
    "instrument_name" : "GRTUSD-PERP"
  }
}