{
  "id" : -1,
  "method" : "public/get-book",
  "code" : 0,
  "result" : {
    "depth" : 50,
    "data" : [ {
      "bids" : [ [ "0.022737", "1318", "1" ], [ "0.022714", "2752", "1" ], [ "0.022695", "925", "1" ], [ "0.022691", "1869", "1" ], [ "0.022668", "1924", "1" ], [ "0.022661", "576", "1" ], [ "0.022645", "1481", "1" ], [ "0.022627", "1180", "1" ], [ "0.022622", "870", "1" ], [ "0.022603", "30282", "1" ], [ "0.022599", "1387", "1" ], [ "0.022593", "518", "1" ], [ "0.022576", "1835", "1" ], [ "0.022559", "816", "1" ], [ "0.022553", "1519", "1" ], [ "0.022535", "38794", "1" ], [ "0.022530", "1169", "1" ], [ "0.022525", "940", "1" ], [ "0.022507", "1402", "1" ], [ "0.022504", "35185", "1" ], [ "0.022499", "12776", "1" ], [ "0.022491", "735", "1" ], [ "0.022485", "816", "1" ], [ "0.022464", "9257", "1" ], [ "0.022463", "817", "1" ], [ "0.022457", "653", "1" ], [ "0.022441", "1051", "1" ], [ "0.022423", "522", "1" ], [ "0.022419", "819", "1" ], [ "0.022397", "2239", "1" ], [ "0.022389", "574", "1" ], [ "0.022388", "35185", "1" ], [ "0.022375", "1815", "1" ], [ "0.022355", "576", "1" ], [ "0.022353", "2004", "1" ], [ "0.022348", "39267", "2" ], [ "0.022331", "822", "1" ], [ "0.022322", "1143", "1" ], [ "0.022309", "2546", "1" ], [ "0.022289", "669", "1" ], [ "0.022287", "1661", "1" ], [ "0.022272", "42687", "1" ], [ "0.022265", "2779", "1" ], [ "0.022256", "779", "1" ], [ "0.022243", "1820", "1" ], [ "0.022223", "600", "1" ], [ "0.022221", "1123", "1" ], [ "0.022199", "1247", "1" ], [ "0.022197", "67403", "3" ], [ "0.022190", "528", "1" ] ],
      "asks" : [ [ "0.022828", "86", "1" ], [ "0.022831", "806", "1" ], [ "0.022850", "385", "1" ], [ "0.022851", "1956", "1" ], [ "0.022865", "824", "1" ], [ "0.022874", "1884", "1" ], [ "0.022897", "917", "1" ], [ "0.022900", "704", "1" ], [ "0.022920", "1240", "1" ], [ "0.022934", "1087", "1" ], [ "0.022943", "1307", "1" ], [ "0.022966", "1349", "1" ], [ "0.022968", "943", "1" ], [ "0.022989", "1054", "1" ], [ "0.023002", "511", "1" ], [ "0.023013", "1022", "1" ], [ "0.023036", "1003", "1" ], [ "0.023037", "1593", "1" ], [ "0.023059", "867", "1" ], [ "0.023071", "1317", "1" ], [ "0.023082", "2002", "1" ], [ "0.023088", "30282", "1" ], [ "0.023105", "1725", "2" ], [ "0.023128", "1774", "1" ], [ "0.023139", "155", "1" ], [ "0.023151", "795", "1" ], [ "0.023157", "38794", "1" ], [ "0.023174", "1414", "2" ], [ "0.023198", "1572", "1" ], [ "0.023200", "40009", "1" ], [ "0.023209", "507", "1" ], [ "0.023221", "1691", "1" ], [ "0.023244", "2638", "2" ], [ "0.023254", "12454", "1" ], [ "0.023267", "1352", "1" ], [ "0.023280", "762", "1" ], [ "0.023290", "1198", "1" ], [ "0.023313", "1275", "1" ], [ "0.023315", "883", "1" ], [ "0.023316", "40009", "1" ], [ "0.023336", "1279", "1" ], [ "0.023350", "833", "1" ], [ "0.023359", "1910", "1" ], [ "0.023382", "2326", "1" ], [ "0.023385", "736", "1" ], [ "0.023405", "37075", "2" ], [ "0.023421", "1044", "1" ], [ "0.023432", "40009", "1" ], [ "0.023456", "718", "1" ], [ "0.023491", "717", "1" ] ],
      "t" : 1756461103618
    } ],
    "instrument_name" : "GUN_USD"
  }
}