{
  "id" : -1,
  "method" : "public/get-book",
  "code" : 0,
  "result" : {
    "depth" : 50,
    "data" : [ {
      "bids" : [ [ "0.022842", "10", "1" ], [ "0.022826", "10", "1" ], [ "0.022805", "4380", "1" ], [ "0.022785", "2190", "1" ], [ "0.022780", "2190", "1" ], [ "0.022775", "2190", "1" ], [ "0.022771", "4050", "1" ], [ "0.022770", "2190", "1" ], [ "0.022767", "29010", "1" ], [ "0.022761", "25950", "2" ], [ "0.022744", "4390", "1" ], [ "0.022734", "22020", "1" ], [ "0.022707", "26260", "2" ], [ "0.022701", "5500", "1" ], [ "0.022694", "5500", "1" ], [ "0.022687", "5500", "1" ], [ "0.022680", "35040", "4" ], [ "0.022660", "6610", "1" ], [ "0.022653", "28910", "1" ], [ "0.022649", "6620", "1" ], [ "0.022638", "6620", "1" ], [ "0.022627", "6620", "1" ], [ "0.022616", "6630", "1" ], [ "0.022605", "6630", "1" ], [ "0.022334", "41390", "1" ], [ "0.022288", "49450", "1" ], [ "0.022232", "78460", "2" ], [ "0.022176", "130190", "3" ], [ "0.022120", "162050", "4" ], [ "0.022064", "209490", "1" ], [ "0.018264", "20720", "1" ], [ "0.018164", "21090", "1" ], [ "0.017686", "61910", "2" ], [ "0.017208", "102600", "2" ], [ "0.016730", "142920", "2" ], [ "0.016252", "185760", "2" ], [ "0.015774", "226380", "2" ] ],
      "asks" : [ [ "0.022848", "10", "1" ], [ "0.022852", "10", "1" ], [ "0.022865", "2180", "1" ], [ "0.022870", "2180", "1" ], [ "0.022875", "2180", "1" ], [ "0.022880", "2180", "1" ], [ "0.022891", "4050", "1" ], [ "0.022892", "4360", "1" ], [ "0.022894", "29010", "1" ], [ "0.022896", "22970", "1" ], [ "0.022923", "26370", "2" ], [ "0.022950", "25910", "2" ], [ "0.022953", "5440", "1" ], [ "0.022956", "41390", "1" ], [ "0.022960", "38940", "2" ], [ "0.022967", "5440", "1" ], [ "0.022974", "5440", "1" ], [ "0.022977", "33490", "2" ], [ "0.023001", "6520", "1" ], [ "0.023004", "32990", "3" ], [ "0.023012", "6510", "1" ], [ "0.023016", "76620", "2" ], [ "0.023023", "6510", "1" ], [ "0.023034", "6510", "1" ], [ "0.023045", "6500", "1" ], [ "0.023056", "6500", "1" ], [ "0.023072", "118600", "2" ], [ "0.023128", "172150", "2" ], [ "0.023184", "212630", "2" ], [ "0.027420", "20720", "1" ], [ "0.027724", "23540", "1" ], [ "0.028202", "64690", "2" ], [ "0.028680", "104010", "3" ], [ "0.029158", "143710", "4" ], [ "0.029636", "187560", "4" ], [ "0.030114", "225440", "1" ] ],
      "t" : 1756461203078
    } ],
    "instrument_name" : "GUNUSD-PERP"
  }
}