{
  "id" : -1,
  "method" : "public/get-book",
  "code" : 0,
  "result" : {
    "depth" : 50,
    "data" : [ {
      "bids" : [ [ "0.002521", "400", "1" ], [ "0.002499", "16120", "1" ], [ "0.002495", "34310", "1" ], [ "0.002492", "33310", "2" ], [ "0.002488", "35390", "1" ], [ "0.002486", "1949880", "1" ], [ "0.002485", "72160", "3" ], [ "0.002480", "79950", "2" ], [ "0.002478", "72160", "2" ], [ "0.002472", "160720", "2" ], [ "0.002471", "72160", "1" ], [ "0.002464", "252980", "2" ], [ "0.002457", "112650", "1" ], [ "0.002456", "160720", "1" ], [ "0.002451", "45280", "1" ], [ "0.002450", "134350", "1" ], [ "0.002448", "242260", "1" ], [ "0.002022", "32330", "1" ], [ "0.001984", "42060", "1" ], [ "0.001922", "123620", "2" ], [ "0.001860", "210900", "2" ], [ "0.001801", "41900", "1" ], [ "0.001798", "4689900", "2" ], [ "0.001736", "17492330", "2" ], [ "0.000873", "1145400", "1" ] ],
      "asks" : [ [ "0.002548", "400", "1" ], [ "0.002562", "18340", "1" ], [ "0.002566", "34310", "1" ], [ "0.002568", "35040", "1" ], [ "0.002569", "32770", "2" ], [ "0.002576", "111380", "3" ], [ "0.002577", "186120", "1" ], [ "0.002578", "1949880", "1" ], [ "0.002583", "96490", "2" ], [ "0.002584", "157700", "2" ], [ "0.002590", "76070", "1" ], [ "0.002592", "198760", "2" ], [ "0.002597", "96490", "1" ], [ "0.002600", "157700", "1" ], [ "0.002604", "110170", "1" ], [ "0.002608", "243780", "1" ], [ "0.002611", "132150", "1" ], [ "0.002618", "169140", "1" ], [ "0.003000", "23820", "1" ], [ "0.003053", "32330", "1" ], [ "0.003100", "26520", "1" ], [ "0.003162", "83810", "2" ], [ "0.003224", "83810", "2" ], [ "0.003286", "2985160", "3" ], [ "0.003300", "2790", "1" ], [ "0.003348", "9554400", "1" ], [ "0.003512", "1230", "1" ], [ "0.004000", "2000", "1" ], [ "0.005000", "11670", "3" ], [ "0.006000", "2000", "1" ], [ "0.006481", "3010", "1" ], [ "0.008700", "190", "1" ], [ "0.008754", "4220", "1" ], [ "0.009200", "1690", "1" ], [ "0.009901", "5900", "1" ], [ "0.010000", "9880", "3" ], [ "0.010234", "11660", "1" ], [ "0.012800", "700", "1" ], [ "0.013140", "190", "1" ], [ "0.014000", "18000", "1" ], [ "0.015000", "510", "1" ], [ "0.015860", "4090", "1" ], [ "0.018123", "16070", "1" ], [ "0.021899", "40", "1" ], [ "0.025000", "2010", "1" ], [ "0.029999", "1800", "1" ], [ "0.030000", "2990", "1" ], [ "0.035000", "50", "1" ], [ "0.035479", "60", "1" ], [ "0.037000", "1060", "1" ] ],
      "t" : 1756461211585
    } ],
    "instrument_name" : "H2_USD"
  }
}