{
  "id" : -1,
  "method" : "public/get-book",
  "code" : 0,
  "result" : {
    "depth" : 50,
    "data" : [ {
      "bids" : [ [ "0.028440", "118", "1" ], [ "0.028362", "17467", "1" ], [ "0.028342", "2253", "1" ], [ "0.028334", "24174", "1" ], [ "0.028314", "24174", "1" ], [ "0.028297", "31049", "1" ], [ "0.028294", "4895", "1" ], [ "0.028292", "7568", "1" ], [ "0.028288", "27051", "1" ], [ "0.028281", "9508", "1" ], [ "0.028277", "13645", "1" ], [ "0.028262", "27051", "1" ], [ "0.028248", "23948", "2" ], [ "0.028217", "18212", "1" ], [ "0.028204", "42719", "3" ], [ "0.028160", "42719", "3" ], [ "0.028143", "23296", "1" ], [ "0.028116", "58374", "1" ], [ "0.028072", "92902", "1" ], [ "0.026676", "4952", "1" ], [ "0.026675", "535", "1" ], [ "0.025000", "800", "1" ], [ "0.024355", "586", "1" ], [ "0.022706", "2500", "1" ], [ "0.022542", "13525", "1" ], [ "0.021964", "38710", "2" ], [ "0.021386", "64907", "2" ], [ "0.020808", "131272", "2" ], [ "0.020230", "387222", "2" ] ],
      "asks" : [ [ "0.028468", "2197", "1" ], [ "0.028479", "7252", "1" ], [ "0.028480", "24174", "1" ], [ "0.028495", "4492", "1" ], [ "0.028496", "28495", "1" ], [ "0.028512", "14133", "1" ], [ "0.028517", "31049", "1" ], [ "0.028521", "8472", "1" ], [ "0.028522", "28240", "1" ], [ "0.028548", "45507", "2" ], [ "0.028556", "7594", "1" ], [ "0.028589", "3190", "1" ], [ "0.028600", "25198", "2" ], [ "0.028623", "14778", "1" ], [ "0.028644", "43479", "3" ], [ "0.028688", "73826", "3" ], [ "0.028732", "59336", "1" ], [ "0.028776", "92354", "1" ], [ "0.031313", "491", "1" ], [ "0.033632", "455", "1" ], [ "0.034075", "2500", "1" ], [ "0.034102", "8624", "1" ], [ "0.034680", "25927", "2" ], [ "0.035258", "25927", "2" ], [ "0.035836", "66218", "3" ], [ "0.035950", "422", "1" ], [ "0.036414", "240432", "4" ], [ "0.038269", "396", "1" ], [ "0.040589", "372", "1" ], [ "0.042908", "350", "1" ], [ "0.045227", "331", "1" ], [ "0.047528", "21175", "1" ], [ "0.047545", "314", "1" ], [ "0.049864", "299", "1" ], [ "0.052000", "1552", "1" ], [ "0.052184", "285", "1" ], [ "0.054503", "275", "1" ], [ "0.056821", "261", "1" ], [ "0.059140", "251", "1" ], [ "0.061000", "399", "1" ], [ "0.061460", "240", "1" ], [ "0.063779", "235", "1" ], [ "0.066098", "223", "1" ], [ "0.068417", "216", "1" ], [ "0.070735", "208", "1" ], [ "0.071000", "285", "1" ], [ "0.071414", "2102", "1" ], [ "0.073067", "200", "1" ], [ "0.078216", "13", "1" ], [ "0.081000", "249", "1" ] ],
      "t" : 1756461205551
    } ],
    "instrument_name" : "H_USD"
  }
}