{
  "id" : -1,
  "method" : "public/get-book",
  "code" : 0,
  "result" : {
    "depth" : 50,
    "data" : [ {
      "bids" : [ [ "0.13012", "10", "1" ], [ "0.13008", "760", "1" ], [ "0.13005", "10", "1" ], [ "0.12987", "380", "1" ], [ "0.12986", "1540", "1" ], [ "0.12984", "380", "1" ], [ "0.12981", "380", "1" ], [ "0.12978", "380", "1" ], [ "0.12948", "1610", "1" ], [ "0.12944", "960", "1" ], [ "0.12940", "960", "1" ], [ "0.12937", "4870", "1" ], [ "0.12936", "960", "1" ], [ "0.12932", "6050", "2" ], [ "0.12924", "5440", "1" ], [ "0.12915", "1160", "1" ], [ "0.12908", "1160", "1" ], [ "0.12901", "1160", "1" ], [ "0.12894", "1160", "1" ], [ "0.12888", "4430", "1" ], [ "0.12887", "1160", "1" ], [ "0.12880", "1160", "1" ], [ "0.12852", "6050", "2" ], [ "0.12816", "6840", "3" ], [ "0.12780", "6830", "3" ], [ "0.11798", "7280", "1" ], [ "0.11753", "8410", "1" ], [ "0.11680", "13900", "2" ], [ "0.11607", "20620", "2" ], [ "0.11534", "29260", "2" ], [ "0.11461", "37390", "2" ], [ "0.10400", "3640", "1" ], [ "0.10374", "3450", "1" ], [ "0.10101", "11130", "2" ], [ "0.09828", "18590", "2" ], [ "0.09555", "25060", "2" ], [ "0.09282", "32140", "2" ], [ "0.09009", "39510", "2" ] ],
      "asks" : [ [ "0.13013", "10", "1" ], [ "0.13020", "10", "1" ], [ "0.13056", "380", "1" ], [ "0.13059", "380", "1" ], [ "0.13062", "380", "1" ], [ "0.13065", "380", "1" ], [ "0.13071", "1530", "1" ], [ "0.13083", "1070", "1" ], [ "0.13091", "4870", "1" ], [ "0.13092", "5090", "1" ], [ "0.13104", "5090", "2" ], [ "0.13108", "950", "1" ], [ "0.13112", "950", "1" ], [ "0.13116", "950", "1" ], [ "0.13132", "1140", "1" ], [ "0.13139", "1140", "1" ], [ "0.13140", "4680", "2" ], [ "0.13146", "1140", "1" ], [ "0.13153", "1140", "1" ], [ "0.13160", "1130", "1" ], [ "0.13162", "7280", "1" ], [ "0.13167", "1130", "1" ], [ "0.13176", "6240", "2" ], [ "0.13212", "7190", "2" ], [ "0.13213", "6890", "1" ], [ "0.13248", "6290", "1" ], [ "0.13286", "15010", "2" ], [ "0.13359", "21070", "3" ], [ "0.13432", "29670", "4" ], [ "0.13505", "36180", "1" ], [ "0.15624", "3640", "1" ], [ "0.15834", "4150", "1" ], [ "0.16107", "10800", "2" ], [ "0.16380", "18660", "4" ], [ "0.16653", "25010", "4" ], [ "0.16926", "32250", "4" ], [ "0.17199", "40700", "1" ] ],
      "t" : 1756461214443
    } ],
    "instrument_name" : "HAEDALUSD-PERP"
  }
}