{
  "id" : -1,
  "method" : "public/get-book",
  "code" : 0,
  "result" : {
    "depth" : 50,
    "data" : [ {
      "bids" : [ [ "0.12892", "1800", "1" ], [ "0.12871", "4932", "1" ], [ "0.12832", "6317", "1" ], [ "0.12816", "4511", "1" ], [ "0.12744", "4511", "1" ], [ "0.12741", "3786", "1" ], [ "0.12672", "6000", "1" ], [ "0.12648", "10916", "2" ], [ "0.12556", "137", "1" ], [ "0.12555", "19747", "2" ], [ "0.12462", "26917", "1" ], [ "0.12369", "26917", "1" ], [ "0.12276", "42359", "1" ], [ "0.10401", "1123", "1" ], [ "0.10296", "6234", "1" ], [ "0.10010", "17483", "1" ], [ "0.09724", "28445", "1" ], [ "0.09438", "64120", "1" ], [ "0.09152", "189823", "1" ] ],
      "asks" : [ [ "0.13092", "1800", "1" ], [ "0.13153", "4932", "1" ], [ "0.13176", "5500", "1" ], [ "0.13191", "147", "1" ], [ "0.13192", "6317", "1" ], [ "0.13206", "3675", "1" ], [ "0.13248", "5500", "1" ], [ "0.13299", "10403", "1" ], [ "0.13320", "5018", "1" ], [ "0.13392", "25296", "1" ], [ "0.13485", "31849", "1" ], [ "0.13578", "40363", "1" ], [ "0.13671", "40363", "1" ], [ "0.15628", "1123", "1" ], [ "0.15730", "3562", "1" ], [ "0.16016", "11380", "2" ], [ "0.16302", "11380", "2" ], [ "0.16588", "32884", "3" ], [ "0.16874", "108845", "4" ] ],
      "t" : 1756461072819
    } ],
    "instrument_name" : "HAEDAL_USD"
  }
}