{
  "id" : -1,
  "method" : "public/get-book",
  "code" : 0,
  "result" : {
    "depth" : 50,
    "data" : [ {
      "bids" : [ [ "0.228125", "1485", "3" ], [ "0.228124", "6", "1" ], [ "0.228109", "2191", "1" ], [ "0.228102", "708", "1" ], [ "0.228038", "708", "1" ], [ "0.228037", "1095", "1" ], [ "0.227995", "708", "1" ], [ "0.227988", "180", "1" ], [ "0.227983", "2191", "1" ], [ "0.227975", "16180", "2" ], [ "0.227974", "6583", "1" ], [ "0.227973", "43874", "2" ], [ "0.227972", "4913", "1" ], [ "0.227962", "708", "1" ], [ "0.227948", "2222", "1" ], [ "0.227936", "2194", "1" ], [ "0.227928", "708", "1" ], [ "0.227926", "6628", "1" ], [ "0.227925", "9469", "1" ], [ "0.227924", "31563", "1" ], [ "0.227913", "1975", "1" ], [ "0.227910", "6583", "1" ], [ "0.227905", "708", "1" ], [ "0.227899", "438", "1" ], [ "0.227888", "7889", "1" ], [ "0.227887", "26297", "1" ], [ "0.227885", "1316", "1" ], [ "0.227881", "4388", "1" ], [ "0.227863", "1001", "1" ], [ "0.227862", "708", "1" ], [ "0.227856", "2630", "1" ], [ "0.227844", "2194", "1" ], [ "0.227839", "708", "1" ], [ "0.227830", "2231", "1" ], [ "0.227817", "2187", "1" ], [ "0.227816", "7291", "2" ], [ "0.227784", "3505", "1" ], [ "0.227783", "10974", "1" ], [ "0.227782", "4028", "1" ], [ "0.227781", "708", "1" ], [ "0.227761", "43874", "2" ], [ "0.227758", "708", "1" ], [ "0.227712", "708", "1" ], [ "0.227695", "2187", "1" ], [ "0.227694", "6583", "1" ], [ "0.227666", "708", "1" ], [ "0.227661", "2194", "1" ], [ "0.227655", "71474", "1" ], [ "0.227647", "31564", "1" ], [ "0.227645", "420202", "1" ] ],
      "asks" : [ [ "0.228126", "6", "1" ], [ "0.228174", "61", "1" ], [ "0.228175", "975", "1" ], [ "0.228182", "197", "1" ], [ "0.228202", "273", "1" ], [ "0.228209", "708", "1" ], [ "0.228230", "4912", "1" ], [ "0.228241", "2190", "1" ], [ "0.228244", "708", "1" ], [ "0.228253", "6628", "1" ], [ "0.228254", "31563", "1" ], [ "0.228262", "1095", "1" ], [ "0.228267", "708", "1" ], [ "0.228299", "2191", "1" ], [ "0.228322", "708", "1" ], [ "0.228330", "180", "1" ], [ "0.228345", "708", "1" ], [ "0.228346", "2194", "1" ], [ "0.228347", "6583", "1" ], [ "0.228354", "438", "1" ], [ "0.228362", "2630", "1" ], [ "0.228376", "4378", "1" ], [ "0.228380", "708", "1" ], [ "0.228399", "26295", "1" ], [ "0.228414", "10944", "1" ], [ "0.228418", "6583", "1" ], [ "0.228422", "708", "1" ], [ "0.228442", "24131", "2" ], [ "0.228443", "21937", "1" ], [ "0.228445", "708", "1" ], [ "0.228468", "4028", "1" ], [ "0.228477", "708", "1" ], [ "0.228480", "71474", "1" ], [ "0.228490", "2235", "1" ], [ "0.228492", "6583", "1" ], [ "0.228500", "708", "1" ], [ "0.228518", "31563", "1" ], [ "0.228539", "708", "1" ], [ "0.228549", "2630", "1" ], [ "0.228557", "6583", "1" ], [ "0.228561", "2194", "1" ], [ "0.228562", "708", "1" ], [ "0.228605", "420202", "1" ], [ "0.228612", "708", "1" ], [ "0.228625", "6583", "1" ], [ "0.228638", "708", "1" ], [ "0.228647", "2222", "1" ], [ "0.228653", "2194", "1" ], [ "0.228654", "43874", "2" ], [ "0.228684", "708", "1" ] ],
      "t" : 1756461226819
    } ],
    "instrument_name" : "HBAR_USDT"
  }
}