{
  "id" : -1,
  "method" : "public/get-book",
  "code" : 0,
  "result" : {
    "depth" : 50,
    "data" : [ {
      "bids" : [ [ "0.228159", "6", "1" ], [ "0.228140", "531", "1" ], [ "0.228117", "531", "1" ], [ "0.228113", "2038", "1" ], [ "0.228112", "4466", "1" ], [ "0.228108", "2327", "2" ], [ "0.228085", "531", "1" ], [ "0.228084", "164", "1" ], [ "0.228062", "123", "1" ], [ "0.228061", "531", "1" ], [ "0.228054", "1095", "1" ], [ "0.228018", "3865", "2" ], [ "0.228017", "11114", "1" ], [ "0.228008", "8556", "1" ], [ "0.227999", "6582", "1" ], [ "0.227997", "21939", "1" ], [ "0.227996", "1817", "1" ], [ "0.227993", "531", "1" ], [ "0.227990", "5525", "1" ], [ "0.227970", "531", "1" ], [ "0.227966", "2241", "1" ], [ "0.227964", "1315", "1" ], [ "0.227963", "4382", "1" ], [ "0.227945", "5681", "1" ], [ "0.227944", "18937", "1" ], [ "0.227930", "2134", "1" ], [ "0.227928", "531", "1" ], [ "0.227925", "6582", "1" ], [ "0.227915", "1316", "1" ], [ "0.227914", "4387", "1" ], [ "0.227905", "8683", "2" ], [ "0.227904", "26297", "1" ], [ "0.227898", "876", "1" ], [ "0.227882", "531", "1" ], [ "0.227880", "1053", "1" ], [ "0.227879", "3510", "1" ], [ "0.227857", "2172", "1" ], [ "0.227856", "1975", "1" ], [ "0.227855", "6582", "1" ], [ "0.227853", "531", "1" ], [ "0.227851", "6582", "1" ], [ "0.227850", "22377", "2" ], [ "0.227830", "531", "1" ], [ "0.227819", "3292", "1" ], [ "0.227818", "10973", "1" ], [ "0.227790", "2895", "1" ], [ "0.227789", "531", "1" ], [ "0.227788", "21939", "1" ], [ "0.227743", "531", "1" ], [ "0.227729", "6582", "1" ] ],
      "asks" : [ [ "0.228160", "6", "1" ], [ "0.228190", "49", "1" ], [ "0.228191", "147", "1" ], [ "0.228195", "531", "1" ], [ "0.228228", "265", "1" ], [ "0.228230", "531", "1" ], [ "0.228232", "2190", "1" ], [ "0.228257", "531", "1" ], [ "0.228278", "1095", "1" ], [ "0.228280", "531", "1" ], [ "0.228303", "531", "1" ], [ "0.228305", "1340", "1" ], [ "0.228306", "4466", "1" ], [ "0.228334", "531", "1" ], [ "0.228340", "11114", "1" ], [ "0.228341", "1061", "1" ], [ "0.228343", "18938", "1" ], [ "0.228347", "4382", "1" ], [ "0.228355", "6582", "1" ], [ "0.228357", "531", "1" ], [ "0.228358", "21939", "1" ], [ "0.228371", "438", "1" ], [ "0.228400", "531", "1" ], [ "0.228403", "876", "1" ], [ "0.228406", "4378", "1" ], [ "0.228414", "2636", "1" ], [ "0.228415", "26295", "1" ], [ "0.228423", "7113", "2" ], [ "0.228466", "531", "1" ], [ "0.228486", "6582", "1" ], [ "0.228502", "531", "1" ], [ "0.228508", "73649", "2" ], [ "0.228511", "10940", "1" ], [ "0.228531", "21939", "1" ], [ "0.228540", "531", "1" ], [ "0.228554", "6582", "1" ], [ "0.228574", "531", "1" ], [ "0.228580", "21939", "1" ], [ "0.228597", "531", "1" ], [ "0.228600", "7000", "1" ], [ "0.228617", "6582", "1" ], [ "0.228620", "531", "1" ], [ "0.228633", "18938", "1" ], [ "0.228639", "420202", "1" ], [ "0.228643", "531", "1" ], [ "0.228655", "10933", "1" ], [ "0.228661", "876", "1" ], [ "0.228666", "531", "1" ], [ "0.228672", "2140", "1" ], [ "0.228689", "531", "1" ] ],
      "t" : 1756461222965
    } ],
    "instrument_name" : "HBAR_USD"
  }
}