{
  "id" : -1,
  "method" : "public/get-book",
  "code" : 0,
  "result" : {
    "depth" : 50,
    "data" : [ {
      "bids" : [ [ "0.228156", "1", "1" ], [ "0.228120", "547", "1" ], [ "0.228104", "164", "1" ], [ "0.228091", "1", "1" ], [ "0.228050", "534", "1" ], [ "0.228028", "250", "1" ], [ "0.228027", "531", "1" ], [ "0.228026", "1095", "1" ], [ "0.228004", "534", "1" ], [ "0.227995", "250", "1" ], [ "0.227949", "518", "1" ], [ "0.227936", "1928", "1" ], [ "0.227935", "3067", "2" ], [ "0.227932", "2191", "1" ], [ "0.227931", "3796", "1" ], [ "0.227926", "534", "1" ], [ "0.227910", "9", "1" ], [ "0.227903", "531", "1" ], [ "0.227841", "4900", "1" ], [ "0.227840", "23957", "1" ], [ "0.227839", "79420", "2" ], [ "0.227724", "531", "1" ], [ "0.227716", "2100", "1" ], [ "0.227715", "7000", "1" ], [ "0.227688", "521", "1" ], [ "0.227687", "2629", "1" ], [ "0.227665", "534", "1" ], [ "0.227562", "219", "1" ], [ "0.227550", "513", "1" ], [ "0.227516", "219", "1" ], [ "0.227504", "512", "1" ], [ "0.227470", "219", "1" ], [ "0.227458", "525", "1" ], [ "0.227432", "4158", "1" ], [ "0.227426", "513", "1" ], [ "0.227424", "219", "1" ], [ "0.227421", "1803", "1" ], [ "0.227420", "3556", "1" ], [ "0.227380", "525", "1" ], [ "0.227357", "531", "1" ], [ "0.227345", "157819", "1" ], [ "0.227334", "534", "1" ], [ "0.227102", "528", "1" ], [ "0.227088", "7142", "2" ], [ "0.227010", "537", "1" ], [ "0.226978", "2930", "1" ], [ "0.226964", "531", "1" ], [ "0.226826", "538", "1" ], [ "0.226811", "890", "1" ], [ "0.226780", "533", "1" ] ],
      "asks" : [ [ "0.228168", "1", "1" ], [ "0.228207", "250", "1" ], [ "0.228208", "147", "1" ], [ "0.228217", "547", "1" ], [ "0.228236", "250", "1" ], [ "0.228237", "534", "1" ], [ "0.228252", "1", "1" ], [ "0.228284", "250", "1" ], [ "0.228299", "534", "1" ], [ "0.228303", "1095", "1" ], [ "0.228322", "4900", "1" ], [ "0.228323", "3796", "1" ], [ "0.228339", "2191", "1" ], [ "0.228340", "531", "1" ], [ "0.228357", "438", "1" ], [ "0.228363", "24993", "2" ], [ "0.228364", "78911", "1" ], [ "0.228371", "2630", "1" ], [ "0.228380", "9", "1" ], [ "0.228522", "526", "1" ], [ "0.228536", "2889", "1" ], [ "0.228537", "9630", "2" ], [ "0.228592", "515", "1" ], [ "0.228646", "1037", "1" ], [ "0.228647", "2930", "1" ], [ "0.228702", "531", "1" ], [ "0.228723", "921", "1" ], [ "0.228794", "524", "1" ], [ "0.228804", "218", "1" ], [ "0.228817", "531", "1" ], [ "0.228822", "157817", "1" ], [ "0.228840", "526", "1" ], [ "0.228850", "218", "1" ], [ "0.228863", "518", "1" ], [ "0.228896", "218", "1" ], [ "0.228898", "528", "1" ], [ "0.228925", "734", "1" ], [ "0.228942", "750", "2" ], [ "0.228958", "4158", "1" ], [ "0.228962", "1106", "1" ], [ "0.229078", "527", "1" ], [ "0.229080", "3220", "1" ], [ "0.229187", "536", "1" ], [ "0.229201", "1130", "1" ], [ "0.229391", "526", "1" ], [ "0.229412", "7581", "2" ], [ "0.229437", "526", "1" ], [ "0.229440", "1196", "2" ], [ "0.229494", "210422", "1" ], [ "0.229675", "528", "1" ] ],
      "t" : 1756461229644
    } ],
    "instrument_name" : "HBARUSD-PERP"
  }
}