{
  "id" : -1,
  "method" : "public/get-book",
  "code" : 0,
  "result" : {
    "depth" : 50,
    "data" : [ {
      "bids" : [ [ "0.0028308", "74900", "3" ], [ "0.0028017", "29590", "1" ], [ "0.0028016", "28950", "1" ], [ "0.0027975", "27450", "1" ], [ "0.0027894", "38250", "1" ], [ "0.0027864", "37710", "1" ], [ "0.0027863", "22010", "1" ], [ "0.0027735", "85740", "2" ], [ "0.0027714", "77880", "1" ], [ "0.0027606", "85740", "1" ], [ "0.0027565", "135040", "1" ], [ "0.0027477", "137400", "1" ], [ "0.0027416", "189900", "1" ], [ "0.0026011", "136200", "1" ], [ "0.0026010", "384460", "1" ], [ "0.0025010", "399840", "1" ], [ "0.0025000", "92280", "2" ], [ "0.0024010", "416490", "1" ], [ "0.0023010", "434590", "1" ], [ "0.0022522", "42630", "1" ], [ "0.0022306", "200390", "1" ], [ "0.0021719", "628310", "2" ], [ "0.0021132", "1126720", "2" ], [ "0.0021000", "238090", "1" ], [ "0.0020545", "979440", "1" ], [ "0.0019958", "2683400", "2" ] ],
      "asks" : [ [ "0.0028454", "126420", "1" ], [ "0.0028455", "27450", "1" ], [ "0.0028459", "25550", "1" ], [ "0.0028544", "38250", "1" ], [ "0.0028608", "85360", "2" ], [ "0.0028638", "38540", "1" ], [ "0.0028756", "7160", "1" ], [ "0.0028757", "142600", "2" ], [ "0.0028767", "78760", "1" ], [ "0.0028896", "130480", "1" ], [ "0.0028906", "192630", "2" ], [ "0.0029025", "179160", "1" ], [ "0.0029477", "44850", "2" ], [ "0.0029768", "46200", "2" ], [ "0.0030060", "51800", "2" ], [ "0.0031200", "70300", "1" ], [ "0.0032500", "9980", "1" ], [ "0.0033987", "42630", "1" ], [ "0.0034000", "17910", "1" ], [ "0.0034046", "157920", "1" ], [ "0.0034633", "403160", "1" ], [ "0.0035220", "714750", "2" ], [ "0.0035807", "403160", "2" ], [ "0.0036000", "17380", "1" ], [ "0.0036394", "1599840", "4" ], [ "0.0036500", "9980", "1" ], [ "0.0036750", "9980", "1" ], [ "0.0037000", "19960", "1" ], [ "0.0037210", "9980", "1" ], [ "0.0037351", "29920", "1" ], [ "0.0038210", "9980", "1" ], [ "0.0039250", "17200", "1" ], [ "0.0039520", "108630", "1" ], [ "0.0040000", "111220", "1" ], [ "0.0041000", "394950", "2" ], [ "0.0041500", "9650", "1" ], [ "0.0042500", "47190", "1" ], [ "0.0042836", "53560", "1" ], [ "0.0043000", "4510", "1" ], [ "0.0043120", "39200", "1" ], [ "0.0043500", "17440", "2" ], [ "0.0043750", "3750", "1" ], [ "0.0043999", "42680", "1" ], [ "0.0044000", "27640", "2" ], [ "0.0044100", "56330", "1" ], [ "0.0044250", "101500", "1" ], [ "0.0044500", "81880", "3" ], [ "0.0044660", "56330", "1" ], [ "0.0045000", "50980", "2" ], [ "0.0045100", "50000", "1" ] ],
      "t" : 1756461219701
    } ],
    "instrument_name" : "HEHE_USD"
  }
}