{
  "id" : -1,
  "method" : "public/get-book",
  "code" : 0,
  "result" : {
    "depth" : 50,
    "data" : [ {
      "bids" : [ [ "0.44604", "12.8", "1" ], [ "0.44603", "1532.4", "1" ], [ "0.44468", "1959.7", "1" ], [ "0.44426", "1749.7", "1" ], [ "0.44253", "1189.6", "1" ], [ "0.44197", "1722.0", "1" ], [ "0.43968", "1672.1", "1" ], [ "0.43956", "3581.7", "2" ], [ "0.43659", "6062.5", "3" ], [ "0.43362", "10655.8", "4" ], [ "0.43065", "10655.8", "3" ], [ "0.42768", "13383.6", "1" ], [ "0.36067", "282.9", "1" ], [ "0.35607", "1527.7", "1" ], [ "0.34694", "4249.5", "2" ], [ "0.33781", "7181.6", "3" ], [ "0.32868", "17768.0", "4" ], [ "0.31955", "63175.9", "4" ] ],
      "asks" : [ [ "0.45570", "14.3", "1" ], [ "0.45571", "1532.4", "1" ], [ "0.45691", "348.9", "1" ], [ "0.45706", "1959.7", "1" ], [ "0.45738", "1082.7", "1" ], [ "0.45800", "1936.3", "1" ], [ "0.46029", "1824.5", "1" ], [ "0.46035", "3346.0", "2" ], [ "0.46258", "1824.5", "1" ], [ "0.46332", "3346.0", "1" ], [ "0.46629", "5404.3", "1" ], [ "0.46926", "7766.5", "1" ], [ "0.47223", "12164.6", "1" ], [ "0.54143", "282.9", "1" ], [ "0.54780", "756.7", "1" ], [ "0.55693", "2618.9", "2" ], [ "0.56606", "4523.6", "2" ], [ "0.57519", "13645.0", "2" ], [ "0.58432", "37140.3", "1" ], [ "0.66396", "5500.0", "1" ], [ "0.70000", "42.4", "1" ], [ "0.81000", "112.7", "1" ], [ "1.49000", "200.6", "1" ], [ "2.00000", "15.0", "1" ] ],
      "t" : 1756461238173
    } ],
    "instrument_name" : "HEI_USD"
  }
}