{
  "id" : -1,
  "method" : "public/get-book",
  "code" : 0,
  "result" : {
    "depth" : 50,
    "data" : [ {
      "bids" : [ [ "0.07646", "14.5", "1" ], [ "0.07636", "6541.0", "1" ], [ "0.07599", "11158.6", "1" ], [ "0.07598", "9620.9", "1" ], [ "0.07597", "743.4", "1" ], [ "0.07595", "1382.1", "1" ], [ "0.07594", "10337.1", "1" ], [ "0.07591", "8586.8", "1" ], [ "0.07581", "7132.0", "1" ], [ "0.07573", "10977.5", "1" ], [ "0.07564", "3998.2", "1" ], [ "0.07560", "11907.9", "1" ], [ "0.07557", "8915.0", "1" ], [ "0.07539", "11907.9", "1" ], [ "0.07533", "11131.6", "1" ], [ "0.07524", "8910.2", "1" ], [ "0.07508", "104477.7", "1" ], [ "0.07502", "20263.2", "1" ], [ "0.07471", "27735.6", "2" ], [ "0.07440", "35958.1", "2" ], [ "0.07409", "43886.4", "1" ], [ "0.06112", "1530.4", "1" ], [ "0.06105", "6771.8", "1" ], [ "0.05940", "23954.3", "2" ], [ "0.05775", "23954.3", "1" ], [ "0.05610", "51802.4", "1" ], [ "0.05445", "180534.0", "2" ] ],
      "asks" : [ [ "0.07647", "14.5", "1" ], [ "0.07652", "6541.5", "1" ], [ "0.07689", "11158.6", "1" ], [ "0.07690", "8979.0", "2" ], [ "0.07691", "8586.8", "1" ], [ "0.07707", "9964.1", "1" ], [ "0.07709", "10977.5", "1" ], [ "0.07719", "3318.0", "1" ], [ "0.07728", "7675.7", "1" ], [ "0.07741", "8852.2", "1" ], [ "0.07749", "7675.7", "1" ], [ "0.07750", "12001.5", "2" ], [ "0.07771", "8823.4", "1" ], [ "0.07781", "12001.5", "1" ], [ "0.07784", "104477.7", "1" ], [ "0.07812", "19538.0", "1" ], [ "0.07843", "27130.7", "1" ], [ "0.07874", "33944.0", "2" ], [ "0.08888", "563.0", "1" ], [ "0.09182", "1530.4", "1" ], [ "0.09240", "4434.2", "1" ], [ "0.09405", "15345.3", "2" ], [ "0.09570", "15345.3", "2" ], [ "0.09735", "35423.0", "3" ], [ "0.09900", "104447.3", "4" ], [ "0.10250", "143.0", "1" ], [ "0.11813", "1297.4", "1" ], [ "0.12982", "1596.9", "1" ], [ "0.14499", "412.3", "1" ], [ "0.16000", "185.8", "2" ], [ "0.17999", "343.3", "1" ], [ "0.18500", "99.8", "1" ], [ "0.20000", "100.2", "1" ], [ "0.32476", "3.0", "1" ], [ "0.33000", "185.6", "1" ], [ "0.56095", "1.7", "1" ], [ "0.70000", "5.6", "1" ], [ "0.72900", "1377.0", "1" ], [ "0.79700", "918.0", "1" ], [ "0.87000", "161.2", "1" ], [ "1.23700", "918.0", "1" ], [ "1.67900", "1380.0", "1" ], [ "2.50000", "8.6", "1" ], [ "4.00000", "199.8", "1" ] ],
      "t" : 1756461241515
    } ],
    "instrument_name" : "HFT_USD"
  }
}