{
  "id" : -1,
  "method" : "public/get-book",
  "code" : 0,
  "result" : {
    "depth" : 50,
    "data" : [ {
      "bids" : [ [ "0.07649", "1", "1" ], [ "0.07644", "1", "1" ], [ "0.07639", "1309", "1" ], [ "0.07610", "657", "1" ], [ "0.07608", "657", "1" ], [ "0.07606", "657", "1" ], [ "0.07604", "657", "1" ], [ "0.07600", "12142", "1" ], [ "0.07599", "8663", "1" ], [ "0.07588", "9841", "2" ], [ "0.07574", "9755", "1" ], [ "0.07560", "11850", "3" ], [ "0.07546", "10818", "1" ], [ "0.07543", "12300", "1" ], [ "0.07532", "22743", "2" ], [ "0.07504", "24512", "2" ], [ "0.07476", "36877", "3" ], [ "0.07448", "47846", "4" ], [ "0.07420", "63104", "1" ], [ "0.06950", "16605", "1" ], [ "0.06112", "6188", "1" ], [ "0.06080", "5443", "1" ], [ "0.05920", "18755", "2" ], [ "0.05760", "29710", "2" ], [ "0.05600", "43260", "2" ], [ "0.05440", "56668", "2" ], [ "0.05280", "68842", "2" ] ],
      "asks" : [ [ "0.07650", "1", "1" ], [ "0.07654", "1", "1" ], [ "0.07657", "1305", "1" ], [ "0.07666", "652", "1" ], [ "0.07668", "652", "1" ], [ "0.07670", "651", "1" ], [ "0.07672", "651", "1" ], [ "0.07676", "6994", "1" ], [ "0.07678", "8663", "1" ], [ "0.07686", "7970", "1" ], [ "0.07700", "10397", "2" ], [ "0.07704", "12300", "1" ], [ "0.07714", "10512", "3" ], [ "0.07728", "21037", "2" ], [ "0.07742", "11974", "2" ], [ "0.07756", "26268", "2" ], [ "0.07784", "36001", "2" ], [ "0.07812", "51096", "1" ], [ "0.07840", "63676", "1" ], [ "0.08425", "16605", "1" ], [ "0.09180", "6188", "1" ], [ "0.09280", "6526", "1" ], [ "0.09440", "19788", "2" ], [ "0.09600", "30442", "4" ], [ "0.09760", "43765", "4" ], [ "0.09920", "55831", "4" ], [ "0.10080", "69290", "1" ] ],
      "t" : 1756461244806
    } ],
    "instrument_name" : "HFTUSD-PERP"
  }
}