{
  "id" : -1,
  "method" : "public/get-book",
  "code" : 0,
  "result" : {
    "depth" : 50,
    "data" : [ {
      "bids" : [ [ "0.000692", "72780", "1" ], [ "0.000691", "1038920", "2" ], [ "0.000690", "1039390", "2" ], [ "0.000689", "393010", "1" ], [ "0.000688", "1310020", "2" ], [ "0.000687", "984910", "1" ], [ "0.000686", "72780", "1" ], [ "0.000684", "1329210", "2" ], [ "0.000681", "1143650", "1" ], [ "0.000680", "961000", "1" ], [ "0.000676", "1490150", "2" ], [ "0.000672", "2086030", "2" ], [ "0.000668", "2754750", "2" ], [ "0.000557", "9530", "1" ], [ "0.000556", "15000", "1" ], [ "0.000555", "172650", "1" ], [ "0.000540", "793440", "1" ], [ "0.000525", "3229610", "1" ], [ "0.000510", "3229610", "1" ], [ "0.000495", "3229610", "1" ], [ "0.000480", "8529810", "1" ] ],
      "asks" : [ [ "0.000695", "72780", "1" ], [ "0.000697", "72780", "1" ], [ "0.000698", "37380", "1" ], [ "0.000699", "1069310", "3" ], [ "0.000700", "966610", "1" ], [ "0.000701", "1237240", "1" ], [ "0.000702", "958540", "1" ], [ "0.000704", "338190", "1" ], [ "0.000705", "1076070", "1" ], [ "0.000708", "1789590", "2" ], [ "0.000712", "1495420", "1" ], [ "0.000716", "2008410", "2" ], [ "0.000720", "2674380", "2" ], [ "0.000800", "17660", "1" ], [ "0.000813", "6420", "1" ], [ "0.000814", "61510", "1" ], [ "0.000815", "14120", "1" ], [ "0.000835", "172650", "1" ], [ "0.000840", "484510", "2" ], [ "0.000855", "1632830", "2" ], [ "0.000870", "2839360", "3" ], [ "0.000873", "5130", "1" ], [ "0.000885", "1546830", "2" ], [ "0.000900", "5107250", "2" ], [ "0.000997", "5540", "1" ], [ "0.001100", "40000", "1" ], [ "0.001150", "5970", "1" ], [ "0.001500", "19960", "1" ], [ "0.001760", "870", "1" ], [ "0.001900", "1480", "1" ], [ "0.002000", "22170", "1" ], [ "0.002050", "740", "1" ], [ "0.002200", "10000", "1" ], [ "0.002340", "630", "1" ], [ "0.002444", "5630", "1" ], [ "0.002629", "540", "1" ], [ "0.002800", "21380", "1" ], [ "0.002919", "480", "1" ], [ "0.003210", "430", "1" ], [ "0.003400", "63520", "1" ], [ "0.003500", "390", "1" ], [ "0.003780", "13770", "1" ], [ "0.003788", "13770", "1" ], [ "0.003789", "360", "1" ], [ "0.003797", "13770", "1" ], [ "0.003805", "13770", "1" ], [ "0.003813", "13770", "1" ], [ "0.003821", "13770", "1" ], [ "0.003829", "13770", "1" ], [ "0.003840", "13770", "1" ] ],
      "t" : 1756461245422
    } ],
    "instrument_name" : "HMSTR_USD"
  }
}