{
  "id" : -1,
  "method" : "public/get-book",
  "code" : 0,
  "result" : {
    "depth" : 50,
    "data" : [ {
      "bids" : [ [ "0.000694", "200", "2" ], [ "0.000693", "139700", "2" ], [ "0.000692", "289000", "1" ], [ "0.000691", "1590600", "4" ], [ "0.000690", "4041800", "4" ], [ "0.000689", "1135800", "3" ], [ "0.000688", "1945200", "3" ], [ "0.000687", "400200", "2" ], [ "0.000686", "218600", "1" ], [ "0.000685", "218900", "1" ], [ "0.000684", "219200", "1" ], [ "0.000683", "219600", "1" ], [ "0.000672", "1366100", "1" ], [ "0.000669", "356100", "1" ], [ "0.000666", "753100", "2" ], [ "0.000663", "1090000", "2" ], [ "0.000660", "1538900", "3" ], [ "0.000657", "1840800", "1" ], [ "0.000555", "683100", "1" ], [ "0.000540", "794000", "1" ], [ "0.000525", "2175100", "1" ], [ "0.000510", "3368100", "1" ], [ "0.000495", "4734700", "1" ], [ "0.000480", "6092400", "1" ], [ "0.000465", "7526100", "1" ] ],
      "asks" : [ [ "0.000695", "200", "2" ], [ "0.000696", "866800", "3" ], [ "0.000697", "2000700", "4" ], [ "0.000698", "1027900", "2" ], [ "0.000699", "250300", "2" ], [ "0.000700", "1299600", "3" ], [ "0.000701", "1758300", "3" ], [ "0.000702", "1639000", "4" ], [ "0.000703", "213300", "1" ], [ "0.000704", "1270400", "3" ], [ "0.000705", "952000", "3" ], [ "0.000706", "1343400", "3" ], [ "0.000708", "2572300", "5" ], [ "0.000711", "1452800", "2" ], [ "0.000714", "1852300", "2" ], [ "0.000834", "683100", "1" ], [ "0.000840", "756300", "1" ], [ "0.000855", "2038500", "1" ], [ "0.000870", "3322300", "1" ], [ "0.000885", "4744800", "1" ], [ "0.000900", "6099400", "1" ], [ "0.000915", "7573100", "1" ], [ "0.001063", "200000", "1" ] ],
      "t" : 1756461256539
    } ],
    "instrument_name" : "HMSTRUSD-PERP"
  }
}