{
  "id" : -1,
  "method" : "public/get-book",
  "code" : 0,
  "result" : {
    "depth" : 50,
    "data" : [ {
      "bids" : [ [ "0.0009315", "978400", "1" ], [ "0.0009314", "688300", "1" ], [ "0.0009310", "720700", "1" ], [ "0.0009303", "622000", "1" ], [ "0.0009292", "923500", "1" ], [ "0.0009282", "622000", "1" ], [ "0.0009269", "564500", "1" ], [ "0.0009261", "974900", "1" ], [ "0.0009239", "162200", "1" ], [ "0.0009238", "1622700", "2" ], [ "0.0009207", "2723100", "2" ], [ "0.0009176", "5093300", "2" ], [ "0.0009145", "3867100", "1" ], [ "0.0009114", "6172100", "1" ], [ "0.0009000", "210000", "1" ], [ "0.0008910", "54900", "1" ], [ "0.0008010", "12200", "1" ], [ "0.0007750", "95000", "1" ], [ "0.0007480", "128000", "1" ], [ "0.0007410", "705000", "1" ], [ "0.0007215", "1912000", "2" ], [ "0.0007020", "3347700", "2" ], [ "0.0006825", "16415500", "2" ], [ "0.0006630", "40068900", "2" ], [ "0.0006000", "256500", "1" ], [ "0.0005000", "282600", "1" ], [ "0.0003802", "2700", "1" ], [ "0.0000925", "11000", "1" ], [ "0.0000859", "11800", "1" ], [ "0.0000810", "12500", "1" ] ],
      "asks" : [ [ "0.0009407", "739800", "1" ], [ "0.0009408", "813700", "1" ], [ "0.0009418", "720700", "1" ], [ "0.0009429", "756600", "1" ], [ "0.0009437", "923500", "1" ], [ "0.0009450", "819100", "1" ], [ "0.0009455", "514000", "1" ], [ "0.0009471", "819100", "1" ], [ "0.0009486", "1718900", "2" ], [ "0.0009517", "1718900", "1" ], [ "0.0009548", "2772600", "1" ], [ "0.0009579", "4844200", "2" ], [ "0.0009610", "5934600", "1" ], [ "0.0011147", "1422000", "1" ], [ "0.0011247", "128000", "1" ], [ "0.0011310", "334500", "1" ], [ "0.0011505", "1326300", "2" ], [ "0.0011700", "1326300", "2" ], [ "0.0011895", "7041100", "3" ], [ "0.0012090", "23362000", "3" ], [ "0.0013000", "1999300", "2" ], [ "0.0017000", "303600", "1" ], [ "0.0018700", "29000", "1" ], [ "0.0019000", "6700", "1" ], [ "0.0019789", "355100", "1" ], [ "0.0021000", "86900", "1" ], [ "0.0021063", "34200", "1" ], [ "0.0025000", "308500", "3" ], [ "0.0028000", "400300", "1" ], [ "0.0028500", "184100", "1" ], [ "0.0029750", "888600", "1" ], [ "0.0030000", "400", "1" ], [ "0.0030500", "840800", "1" ], [ "0.0031000", "400", "1" ], [ "0.0034000", "16800", "2" ], [ "0.0035000", "394000", "1" ], [ "0.0037200", "2700", "1" ], [ "0.0039000", "500", "1" ], [ "0.0040000", "429500", "5" ], [ "0.0041022", "600", "1" ], [ "0.0043000", "64200", "1" ], [ "0.0044000", "170500", "1" ], [ "0.0044999", "700", "1" ], [ "0.0045000", "14000", "1" ], [ "0.0045400", "738500", "1" ], [ "0.0045499", "700", "1" ], [ "0.0045500", "3300", "1" ], [ "0.0045999", "700", "1" ], [ "0.0046000", "48100", "1" ], [ "0.0046499", "700", "1" ] ],
      "t" : 1756461268040
    } ],
    "instrument_name" : "HOT_USD"
  }
}