{
  "id" : -1,
  "method" : "public/get-book",
  "code" : 0,
  "result" : {
    "depth" : 50,
    "data" : [ {
      "bids" : [ [ "0.028376", "10", "1" ], [ "0.028350", "10", "1" ], [ "0.028341", "2270", "1" ], [ "0.028326", "1760", "1" ], [ "0.028320", "8820", "2" ], [ "0.028314", "1760", "1" ], [ "0.028308", "1760", "1" ], [ "0.028262", "36720", "1" ], [ "0.028243", "32890", "1" ], [ "0.028242", "4420", "1" ], [ "0.028233", "4420", "1" ], [ "0.028228", "6780", "1" ], [ "0.028224", "4420", "1" ], [ "0.028222", "27070", "1" ], [ "0.028215", "4430", "1" ], [ "0.028193", "19060", "1" ], [ "0.028182", "5320", "1" ], [ "0.028168", "5320", "1" ], [ "0.028154", "5320", "1" ], [ "0.028148", "39870", "1" ], [ "0.028140", "5330", "1" ], [ "0.028126", "5330", "1" ], [ "0.028112", "5330", "1" ], [ "0.027874", "23190", "1" ], [ "0.027832", "38240", "3" ], [ "0.027824", "21110", "1" ], [ "0.027783", "6250", "1" ], [ "0.027734", "6560", "2" ], [ "0.027730", "42360", "2" ], [ "0.027685", "9130", "1" ], [ "0.027636", "77210", "4" ], [ "0.027542", "91160", "3" ], [ "0.027448", "117350", "3" ], [ "0.022704", "16560", "1" ], [ "0.022274", "12120", "1" ], [ "0.021672", "33220", "1" ], [ "0.021070", "54810", "1" ], [ "0.020468", "76520", "1" ], [ "0.019866", "96230", "1" ], [ "0.019264", "118370", "1" ] ],
      "asks" : [ [ "0.028377", "10", "1" ], [ "0.028392", "10", "1" ], [ "0.028416", "820", "1" ], [ "0.028452", "1750", "1" ], [ "0.028455", "2350", "1" ], [ "0.028458", "1750", "1" ], [ "0.028464", "1750", "1" ], [ "0.028470", "8770", "2" ], [ "0.028502", "7160", "1" ], [ "0.028515", "23190", "1" ], [ "0.028518", "5710", "1" ], [ "0.028548", "4370", "1" ], [ "0.028557", "4370", "1" ], [ "0.028566", "4370", "1" ], [ "0.028567", "7460", "1" ], [ "0.028575", "4370", "1" ], [ "0.028592", "19080", "1" ], [ "0.028598", "37610", "1" ], [ "0.028603", "31830", "1" ], [ "0.028616", "13750", "3" ], [ "0.028630", "5230", "1" ], [ "0.028641", "26790", "1" ], [ "0.028644", "5230", "1" ], [ "0.028658", "5230", "1" ], [ "0.028665", "7380", "2" ], [ "0.028670", "19210", "1" ], [ "0.028672", "5230", "1" ], [ "0.028686", "5220", "1" ], [ "0.028714", "9530", "3" ], [ "0.028764", "50590", "2" ], [ "0.028858", "66170", "3" ], [ "0.028952", "93210", "2" ], [ "0.029046", "114250", "1" ], [ "0.034068", "16560", "1" ], [ "0.034314", "10330", "1" ], [ "0.034916", "33180", "2" ], [ "0.035518", "54440", "3" ], [ "0.036120", "76100", "4" ], [ "0.036722", "94810", "5" ], [ "0.037324", "117500", "5" ] ],
      "t" : 1756461269501
    } ],
    "instrument_name" : "HUSD-PERP"
  }
}