{
  "id" : -1,
  "method" : "public/get-book",
  "code" : 0,
  "result" : {
    "depth" : 50,
    "data" : [ {
      "bids" : [ [ "0.29669", "10", "1" ], [ "0.29646", "10", "1" ], [ "0.29610", "160", "1" ], [ "0.29604", "160", "1" ], [ "0.29598", "160", "1" ], [ "0.29592", "160", "1" ], [ "0.29580", "1680", "1" ], [ "0.29578", "5860", "1" ], [ "0.29563", "110", "1" ], [ "0.29506", "1240", "1" ], [ "0.29493", "420", "1" ], [ "0.29484", "420", "1" ], [ "0.29475", "420", "1" ], [ "0.29466", "420", "1" ], [ "0.29430", "500", "1" ], [ "0.29415", "500", "1" ], [ "0.29400", "510", "1" ], [ "0.29385", "510", "1" ], [ "0.29370", "510", "1" ], [ "0.29355", "510", "1" ], [ "0.29224", "310", "1" ], [ "0.29223", "2260", "1" ], [ "0.29222", "2150", "1" ], [ "0.29184", "2690", "2" ], [ "0.29146", "2150", "1" ], [ "0.29108", "3290", "3" ], [ "0.29070", "2910", "1" ], [ "0.23704", "1610", "1" ], [ "0.23332", "1790", "1" ], [ "0.22718", "4980", "1" ], [ "0.22104", "8160", "1" ], [ "0.21490", "11090", "1" ], [ "0.20876", "14210", "1" ], [ "0.20262", "17540", "1" ] ],
      "asks" : [ [ "0.29679", "10", "1" ], [ "0.29703", "10", "1" ], [ "0.29712", "330", "1" ], [ "0.29736", "160", "1" ], [ "0.29742", "160", "1" ], [ "0.29748", "160", "1" ], [ "0.29753", "2260", "1" ], [ "0.29754", "2710", "2" ], [ "0.29792", "2460", "1" ], [ "0.29822", "3230", "1" ], [ "0.29830", "2390", "1" ], [ "0.29844", "410", "1" ], [ "0.29853", "410", "1" ], [ "0.29862", "410", "1" ], [ "0.29868", "3220", "2" ], [ "0.29871", "410", "1" ], [ "0.29891", "2900", "1" ], [ "0.29906", "3040", "2" ], [ "0.29910", "500", "1" ], [ "0.29925", "500", "1" ], [ "0.29940", "500", "1" ], [ "0.29955", "500", "1" ], [ "0.29962", "6660", "1" ], [ "0.29970", "500", "1" ], [ "0.29985", "500", "1" ], [ "0.30033", "9810", "1" ], [ "0.30104", "13180", "1" ], [ "0.30175", "16020", "1" ], [ "0.35568", "1610", "1" ], [ "0.35612", "1780", "1" ], [ "0.36226", "5110", "2" ], [ "0.36840", "8360", "3" ], [ "0.37454", "11140", "4" ], [ "0.38068", "14310", "4" ], [ "0.38682", "17420", "4" ] ],
      "t" : 1756461276009
    } ],
    "instrument_name" : "HYPERUSD-PERP"
  }
}