{
  "id" : -1,
  "method" : "public/get-book",
  "code" : 0,
  "result" : {
    "depth" : 50,
    "data" : [ {
      "bids" : [ [ "0.29591", "2219", "1" ], [ "0.29580", "2841", "1" ], [ "0.29578", "1798", "1" ], [ "0.29568", "1690", "1" ], [ "0.29555", "2277", "1" ], [ "0.29536", "4797", "2" ], [ "0.29532", "2277", "1" ], [ "0.29504", "8750", "3" ], [ "0.29472", "8750", "3" ], [ "0.29440", "15155", "4" ], [ "0.29408", "18830", "1" ], [ "0.23707", "1148", "1" ], [ "0.23706", "395", "1" ], [ "0.23421", "2370", "1" ], [ "0.22788", "6162", "1" ], [ "0.22155", "10355", "1" ], [ "0.21522", "20860", "1" ], [ "0.20889", "66589", "1" ] ],
      "asks" : [ [ "0.29699", "19", "1" ], [ "0.29700", "2219", "1" ], [ "0.29716", "2072", "1" ], [ "0.29729", "2841", "1" ], [ "0.29739", "2072", "1" ], [ "0.29760", "1809", "1" ], [ "0.29762", "2346", "1" ], [ "0.29792", "5356", "2" ], [ "0.29824", "11962", "2" ], [ "0.29856", "11962", "1" ], [ "0.29888", "11962", "1" ], [ "0.29920", "18213", "1" ], [ "0.34032", "200", "1" ], [ "0.34754", "195", "1" ], [ "0.35476", "191", "1" ], [ "0.35576", "395", "1" ], [ "0.36081", "1492", "1" ], [ "0.36198", "187", "1" ], [ "0.36714", "4035", "2" ], [ "0.36919", "184", "1" ], [ "0.37347", "4035", "2" ], [ "0.37641", "180", "1" ], [ "0.37980", "10500", "3" ], [ "0.38363", "207", "1" ], [ "0.38613", "39911", "1" ], [ "0.39085", "207", "1" ], [ "0.39807", "207", "1" ], [ "0.40000", "67", "1" ], [ "0.40529", "207", "1" ], [ "0.41251", "207", "1" ], [ "0.41974", "207", "1" ], [ "0.42696", "207", "1" ], [ "0.43418", "207", "1" ], [ "0.44146", "207", "1" ], [ "0.50000", "159", "1" ], [ "0.55721", "2", "1" ], [ "0.73450", "210", "1" ], [ "0.90000", "1003", "2" ], [ "1.00000", "50", "1" ], [ "1.20000", "334", "1" ], [ "2.00000", "150", "1" ], [ "3.50000", "196", "1" ] ],
      "t" : 1756461243888
    } ],
    "instrument_name" : "HYPER_USD"
  }
}