{
  "id" : -1,
  "method" : "public/get-book",
  "code" : 0,
  "result" : {
    "depth" : 50,
    "data" : [ {
      "bids" : [ [ "0.12600", "5334", "1" ], [ "0.12584", "6012", "1" ], [ "0.12581", "6833", "1" ], [ "0.12563", "259", "1" ], [ "0.12562", "6012", "1" ], [ "0.12555", "4601", "1" ], [ "0.12540", "6840", "1" ], [ "0.12524", "12313", "2" ], [ "0.12493", "21213", "3" ], [ "0.12462", "36921", "4" ], [ "0.12431", "36921", "3" ], [ "0.12400", "44779", "1" ], [ "0.11371", "9", "1" ], [ "0.10113", "953", "1" ], [ "0.10032", "5428", "1" ], [ "0.09768", "15177", "1" ], [ "0.09504", "23701", "1" ], [ "0.09240", "203631", "1" ], [ "0.08981", "350", "1" ], [ "0.08976", "553039", "1" ], [ "0.08570", "300", "1" ] ],
      "asks" : [ [ "0.12700", "1902", "1" ], [ "0.12701", "1556", "1" ], [ "0.12704", "5334", "1" ], [ "0.12712", "6833", "1" ], [ "0.12716", "4745", "1" ], [ "0.12738", "6740", "1" ], [ "0.12741", "3202", "1" ], [ "0.12760", "6740", "1" ], [ "0.12772", "12672", "1" ], [ "0.12803", "19294", "1" ], [ "0.12834", "27515", "1" ], [ "0.12865", "44354", "1" ], [ "0.12896", "44354", "1" ], [ "0.15184", "953", "1" ], [ "0.15312", "3070", "1" ], [ "0.15576", "9827", "2" ], [ "0.15840", "9827", "2" ], [ "0.16104", "114616", "3" ], [ "0.16368", "319765", "3" ], [ "0.20000", "1197", "1" ], [ "0.25000", "671", "1" ], [ "0.27480", "486", "1" ], [ "0.28000", "449", "2" ], [ "0.29000", "150", "2" ], [ "0.29900", "326", "1" ], [ "0.30000", "1024", "1" ], [ "0.31100", "248", "1" ], [ "0.32000", "341", "1" ], [ "0.37416", "291", "1" ], [ "0.41000", "1255", "1" ], [ "0.57900", "1489", "1" ], [ "0.60000", "49", "1" ], [ "0.69110", "52", "1" ], [ "0.89000", "338", "1" ], [ "0.98000", "54912", "2" ], [ "1.00000", "7539", "2" ], [ "1.06000", "53", "1" ], [ "1.50000", "131", "1" ] ],
      "t" : 1756461295993
    } ],
    "instrument_name" : "ICX_USD"
  }
}