{
  "id" : -1,
  "method" : "public/get-book",
  "code" : 0,
  "result" : {
    "depth" : 50,
    "data" : [ {
      "bids" : [ [ "0.024279", "101394", "1" ], [ "0.024278", "46469", "2" ], [ "0.024265", "25023", "1" ], [ "0.024249", "36178", "1" ], [ "0.024244", "20232", "1" ], [ "0.024242", "25023", "1" ], [ "0.024219", "30323", "1" ], [ "0.024206", "63744", "2" ], [ "0.024168", "111804", "2" ], [ "0.024130", "111804", "1" ], [ "0.024092", "150999", "1" ], [ "0.024054", "193124", "1" ], [ "0.023995", "12850", "1" ], [ "0.023994", "2514", "1" ], [ "0.023940", "32921", "1" ], [ "0.023939", "3834", "1" ], [ "0.023692", "4048", "1" ], [ "0.023357", "942", "1" ], [ "0.023356", "2056", "1" ], [ "0.023349", "788", "1" ], [ "0.021698", "848", "1" ], [ "0.020049", "918", "1" ], [ "0.020000", "500", "1" ], [ "0.019449", "5051", "1" ], [ "0.019344", "26405", "1" ], [ "0.018848", "79052", "2" ], [ "0.018398", "1000", "1" ], [ "0.018352", "79052", "1" ], [ "0.017856", "545787", "2" ], [ "0.017360", "1525216", "2" ], [ "0.016748", "1099", "1" ], [ "0.016000", "63", "1" ], [ "0.015283", "66", "1" ], [ "0.012028", "100", "1" ] ],
      "asks" : [ [ "0.024389", "4458", "1" ], [ "0.024390", "43315", "1" ], [ "0.024419", "28287", "1" ], [ "0.024426", "31968", "1" ], [ "0.024448", "36178", "1" ], [ "0.024449", "30687", "1" ], [ "0.024472", "54044", "2" ], [ "0.024508", "25080", "1" ], [ "0.024509", "24142", "2" ], [ "0.024510", "63133", "1" ], [ "0.024548", "146234", "1" ], [ "0.024586", "191114", "1" ], [ "0.024624", "238015", "1" ], [ "0.024662", "238015", "1" ], [ "0.024756", "1039", "1" ], [ "0.024916", "669", "1" ], [ "0.024926", "940", "1" ], [ "0.024927", "8535", "2" ], [ "0.025017", "2127", "1" ], [ "0.025150", "1039", "1" ], [ "0.025172", "1164", "1" ], [ "0.025173", "11949", "3" ], [ "0.025221", "2109", "1" ], [ "0.025223", "662", "1" ], [ "0.025243", "2724", "1" ], [ "0.025419", "1152", "1" ], [ "0.025420", "10470", "3" ], [ "0.025531", "653", "1" ], [ "0.025575", "1039", "1" ], [ "0.025839", "646", "1" ], [ "0.025944", "758", "1" ], [ "0.025947", "2650", "1" ], [ "0.026148", "644", "1" ], [ "0.026456", "630", "1" ], [ "0.026648", "735", "1" ], [ "0.026670", "2578", "1" ], [ "0.026763", "622", "1" ], [ "0.027071", "615", "1" ], [ "0.027138", "770", "1" ], [ "0.027380", "608", "1" ], [ "0.027415", "2509", "1" ], [ "0.027688", "602", "1" ], [ "0.027751", "895", "1" ], [ "0.027948", "895", "1" ], [ "0.028000", "595", "1" ], [ "0.028179", "2441", "1" ], [ "0.028299", "689", "1" ], [ "0.028307", "588", "1" ], [ "0.028966", "2375", "1" ], [ "0.029214", "5051", "1" ] ],
      "t" : 1756461301542
    } ],
    "instrument_name" : "IDEX_USD"
  }
}