{
  "id" : -1,
  "method" : "public/get-book",
  "code" : 0,
  "result" : {
    "depth" : 50,
    "data" : [ {
      "bids" : [ [ "0.031894", "310", "1" ], [ "0.031885", "6530", "1" ], [ "0.031860", "12750", "1" ], [ "0.031840", "6210", "1" ], [ "0.031829", "31220", "1" ], [ "0.031828", "9160", "1" ], [ "0.031794", "13740", "1" ], [ "0.031793", "64040", "1" ], [ "0.031768", "16090", "1" ], [ "0.031765", "21100", "1" ], [ "0.031763", "14030", "1" ], [ "0.031754", "63770", "1" ], [ "0.031724", "18330", "1" ], [ "0.031698", "27010", "1" ], [ "0.031674", "111770", "1" ], [ "0.031648", "2950", "1" ], [ "0.031647", "18330", "1" ], [ "0.031639", "312830", "1" ], [ "0.031600", "19100", "1" ], [ "0.031598", "156100", "1" ], [ "0.031597", "111160", "1" ], [ "0.031583", "17060", "1" ], [ "0.031570", "21360", "1" ], [ "0.031538", "312200", "1" ], [ "0.031511", "35960", "1" ], [ "0.031500", "46370", "2" ], [ "0.031450", "146270", "1" ], [ "0.031400", "82750", "3" ], [ "0.031333", "313410", "1" ], [ "0.031300", "144940", "3" ], [ "0.031299", "145330", "1" ], [ "0.031271", "36810", "1" ], [ "0.031200", "144940", "2" ], [ "0.031100", "178630", "1" ], [ "0.030993", "62880", "1" ], [ "0.030919", "31650", "1" ], [ "0.030695", "61820", "1" ], [ "0.030551", "93480", "1" ], [ "0.029689", "94640", "1" ], [ "0.029320", "184930", "1" ], [ "0.025514", "3130", "1" ], [ "0.025308", "16530", "1" ], [ "0.024642", "51140", "1" ], [ "0.023976", "81620", "1" ], [ "0.023310", "231730", "1" ], [ "0.022644", "659940", "1" ] ],
      "asks" : [ [ "0.031958", "8570", "1" ], [ "0.031960", "310", "1" ], [ "0.031986", "12610", "1" ], [ "0.031998", "6350", "1" ], [ "0.032006", "8060", "1" ], [ "0.032008", "31220", "1" ], [ "0.032028", "63440", "1" ], [ "0.032067", "62730", "1" ], [ "0.032068", "21100", "1" ], [ "0.032083", "14420", "1" ], [ "0.032107", "17010", "1" ], [ "0.032109", "21560", "1" ], [ "0.032135", "27010", "1" ], [ "0.032145", "107160", "1" ], [ "0.032186", "21560", "1" ], [ "0.032200", "13510", "1" ], [ "0.032215", "312720", "1" ], [ "0.032223", "105710", "1" ], [ "0.032249", "156100", "1" ], [ "0.032263", "24090", "1" ], [ "0.032300", "48820", "2" ], [ "0.032318", "312200", "1" ], [ "0.032323", "18290", "1" ], [ "0.032376", "144780", "1" ], [ "0.032400", "48820", "2" ], [ "0.032483", "312540", "1" ], [ "0.032500", "112310", "3" ], [ "0.032510", "29750", "1" ], [ "0.032532", "142340", "1" ], [ "0.032600", "112310", "1" ], [ "0.032700", "174900", "1" ], [ "0.032758", "33020", "1" ], [ "0.032838", "61790", "1" ], [ "0.032940", "30950", "1" ], [ "0.033154", "60860", "1" ], [ "0.033656", "87610", "1" ], [ "0.034813", "81200", "1" ], [ "0.035955", "136470", "1" ], [ "0.038324", "3130", "1" ], [ "0.038628", "10900", "1" ], [ "0.039294", "30900", "2" ], [ "0.039960", "52930", "3" ], [ "0.040626", "125600", "4" ], [ "0.041292", "374530", "5" ], [ "0.041500", "3380", "1" ], [ "0.042000", "7600", "1" ], [ "0.044000", "500", "1" ], [ "0.046500", "110", "1" ], [ "0.050000", "5380", "1" ], [ "0.054700", "7580", "1" ] ],
      "t" : 1756461305170
    } ],
    "instrument_name" : "IKA_USD"
  }
}