{
  "id" : -1,
  "method" : "public/get-book",
  "code" : 0,
  "result" : {
    "depth" : 50,
    "data" : [ {
      "bids" : [ [ "0.031899", "100", "1" ], [ "0.031896", "100", "1" ], [ "0.031884", "3100", "1" ], [ "0.031854", "1500", "1" ], [ "0.031848", "1500", "1" ], [ "0.031842", "1500", "1" ], [ "0.031839", "12500", "1" ], [ "0.031836", "1500", "1" ], [ "0.031710", "3100", "1" ], [ "0.031700", "3100", "1" ], [ "0.031690", "3100", "1" ], [ "0.031680", "3100", "1" ], [ "0.031646", "14800", "1" ], [ "0.031627", "14800", "1" ], [ "0.031595", "3200", "1" ], [ "0.031524", "3600", "3" ], [ "0.031520", "3100", "1" ], [ "0.031504", "3100", "1" ], [ "0.031500", "8900", "1" ], [ "0.031488", "3100", "1" ], [ "0.031472", "3100", "1" ], [ "0.031456", "3100", "1" ], [ "0.031453", "3500", "2" ], [ "0.031440", "3100", "1" ], [ "0.031382", "3500", "2" ], [ "0.031360", "17600", "2" ], [ "0.031311", "4100", "1" ], [ "0.031220", "27500", "2" ], [ "0.031080", "33700", "2" ], [ "0.030940", "43300", "1" ], [ "0.025512", "14800", "1" ], [ "0.025308", "11500", "1" ], [ "0.024642", "40400", "1" ], [ "0.023976", "65100", "1" ], [ "0.023310", "93200", "1" ], [ "0.022644", "120300", "1" ], [ "0.021978", "147000", "1" ] ],
      "asks" : [ [ "0.031965", "100", "1" ], [ "0.031971", "100", "1" ], [ "0.032004", "1500", "1" ], [ "0.032010", "1500", "1" ], [ "0.032013", "12400", "1" ], [ "0.032016", "1500", "1" ], [ "0.032022", "1500", "1" ], [ "0.032080", "14800", "1" ], [ "0.032092", "2800", "1" ], [ "0.032140", "3100", "1" ], [ "0.032150", "3100", "1" ], [ "0.032160", "3100", "1" ], [ "0.032163", "2700", "1" ], [ "0.032170", "3100", "1" ], [ "0.032203", "14800", "1" ], [ "0.032234", "3400", "2" ], [ "0.032305", "4200", "3" ], [ "0.032336", "3000", "1" ], [ "0.032340", "10400", "1" ], [ "0.032352", "3000", "1" ], [ "0.032368", "3000", "1" ], [ "0.032376", "3800", "2" ], [ "0.032384", "3000", "1" ], [ "0.032400", "3000", "1" ], [ "0.032416", "3000", "1" ], [ "0.032480", "16500", "2" ], [ "0.032620", "27800", "2" ], [ "0.032760", "34400", "2" ], [ "0.032900", "42600", "2" ], [ "0.038316", "14800", "1" ], [ "0.038628", "16100", "2" ], [ "0.039294", "39500", "2" ], [ "0.039960", "67000", "3" ], [ "0.040626", "94100", "4" ], [ "0.041292", "121600", "4" ], [ "0.041958", "146200", "4" ] ],
      "t" : 1756461302519
    } ],
    "instrument_name" : "IKAUSD-PERP"
  }
}