{
  "id" : -1,
  "method" : "public/get-book",
  "code" : 0,
  "result" : {
    "depth" : 50,
    "data" : [ {
      "bids" : [ [ "0.52143", "287.6", "1" ], [ "0.52141", "172.1", "1" ], [ "0.52139", "686.8", "1" ], [ "0.52136", "953.8", "1" ], [ "0.52012", "1286.4", "1" ], [ "0.51915", "203.3", "1" ], [ "0.51914", "1467.8", "1" ], [ "0.51818", "1646.6", "1" ], [ "0.51772", "648.0", "1" ], [ "0.51712", "1340.9", "1" ], [ "0.51555", "24594.6", "1" ], [ "0.51510", "1498.5", "1" ], [ "0.51471", "1835.3", "1" ], [ "0.51170", "3109.8", "1" ], [ "0.50869", "4313.7", "2" ], [ "0.50568", "5541.8", "2" ], [ "0.50267", "6766.3", "2" ], [ "0.47725", "2516.5", "1" ], [ "0.41920", "228.8", "1" ], [ "0.41496", "1316.7", "1" ], [ "0.40404", "3735.0", "2" ], [ "0.39312", "5946.3", "2" ], [ "0.38220", "2556.6", "1" ], [ "0.37128", "7003.4", "2" ] ],
      "asks" : [ [ "0.52655", "789.7", "1" ], [ "0.52656", "951.8", "1" ], [ "0.52657", "647.3", "1" ], [ "0.52658", "1105.7", "1" ], [ "0.52664", "954.5", "1" ], [ "0.53016", "1286.4", "1" ], [ "0.53126", "1146.1", "1" ], [ "0.53211", "1646.6", "1" ], [ "0.53277", "576.2", "1" ], [ "0.53328", "1705.4", "1" ], [ "0.53445", "24594.6", "1" ], [ "0.53530", "1705.4", "1" ], [ "0.53578", "1621.7", "1" ], [ "0.53879", "2878.1", "1" ], [ "0.54180", "3951.1", "2" ], [ "0.54481", "5095.9", "2" ], [ "0.54782", "3951.1", "1" ], [ "0.57744", "2082.6", "1" ], [ "0.62100", "671.9", "1" ], [ "0.63000", "228.8", "1" ], [ "0.63336", "671.5", "1" ], [ "0.63900", "527.5", "1" ], [ "0.64428", "2374.7", "2" ], [ "0.65520", "3771.9", "3" ], [ "0.66612", "1456.9", "2" ], [ "0.67704", "3753.4", "1" ], [ "0.75000", "700.0", "1" ], [ "0.98000", "108.7", "1" ], [ "1.00000", "700.0", "1" ], [ "1.80000", "15.4", "1" ], [ "2.05000", "129.6", "1" ], [ "2.16221", "15.5", "1" ], [ "2.17871", "15.4", "1" ], [ "2.17900", "20.0", "1" ], [ "2.19534", "15.2", "1" ], [ "2.20000", "301.2", "1" ], [ "2.21209", "15.0", "1" ], [ "2.22898", "15.0", "1" ], [ "2.24599", "14.9", "1" ], [ "2.26313", "14.8", "1" ], [ "2.28040", "14.7", "1" ], [ "2.29781", "14.6", "1" ], [ "2.31535", "14.4", "1" ], [ "2.33302", "14.3", "1" ], [ "2.35082", "14.2", "1" ], [ "2.36876", "14.0", "1" ], [ "2.38684", "14.0", "1" ], [ "2.40506", "13.9", "1" ], [ "2.42342", "13.8", "1" ], [ "2.44191", "13.7", "1" ] ],
      "t" : 1756461321974
    } ],
    "instrument_name" : "IMX_USDT"
  }
}