{
  "id" : -1,
  "method" : "public/get-book",
  "code" : 0,
  "result" : {
    "depth" : 50,
    "data" : [ {
      "bids" : [ [ "0.52160", "257.3", "1" ], [ "0.52159", "287.7", "1" ], [ "0.52145", "973.5", "1" ], [ "0.52019", "2067.6", "1" ], [ "0.52018", "487.6", "1" ], [ "0.52012", "1286.4", "1" ], [ "0.51915", "20.0", "1" ], [ "0.51914", "1075.5", "1" ], [ "0.51818", "1646.6", "1" ], [ "0.51714", "700.8", "1" ], [ "0.51712", "1675.9", "1" ], [ "0.51562", "24594.6", "1" ], [ "0.51510", "1436.6", "1" ], [ "0.51408", "2638.2", "1" ], [ "0.51102", "4414.3", "2" ], [ "0.50796", "5982.3", "2" ], [ "0.50490", "7680.4", "2" ], [ "0.50000", "67.0", "1" ], [ "0.48300", "300.0", "1" ], [ "0.45000", "154.5", "2" ], [ "0.42000", "238.0", "1" ], [ "0.41924", "229.9", "1" ], [ "0.41600", "425.0", "1" ], [ "0.41496", "1398.3", "1" ], [ "0.40404", "3714.2", "2" ], [ "0.39312", "5961.0", "2" ], [ "0.38220", "2375.5", "1" ], [ "0.37128", "6592.7", "2" ], [ "0.20000", "2381.0", "2" ], [ "0.15000", "200.0", "1" ] ],
      "asks" : [ [ "0.52756", "6333.0", "2" ], [ "0.52757", "810.8", "1" ], [ "0.52765", "976.3", "1" ], [ "0.52767", "974.3", "1" ], [ "0.53032", "1286.4", "1" ], [ "0.53126", "1172.6", "1" ], [ "0.53227", "1646.6", "1" ], [ "0.53244", "725.1", "1" ], [ "0.53328", "1813.6", "2" ], [ "0.53453", "1106.0", "1" ], [ "0.53454", "24594.6", "1" ], [ "0.53530", "1353.6", "1" ], [ "0.53550", "2576.7", "1" ], [ "0.53856", "4255.6", "1" ], [ "0.54162", "5849.3", "2" ], [ "0.54468", "7504.2", "2" ], [ "0.58423", "33.3", "1" ], [ "0.63013", "229.9", "1" ], [ "0.63336", "618.2", "1" ], [ "0.64428", "2248.4", "2" ], [ "0.65520", "3654.0", "2" ], [ "0.66612", "1075.4", "2" ], [ "0.67704", "3770.2", "1" ], [ "0.68000", "220.6", "1" ], [ "0.70000", "500.0", "1" ], [ "0.75221", "6.3", "1" ], [ "0.78325", "5.9", "1" ], [ "0.80000", "657.6", "3" ], [ "0.89000", "6.7", "1" ], [ "0.89747", "2.7", "1" ], [ "0.89874", "1.2", "1" ], [ "0.90000", "656.4", "2" ], [ "1.00000", "798.8", "2" ], [ "1.05000", "49.9", "1" ], [ "1.10000", "369.4", "2" ], [ "1.21423", "4.3", "1" ], [ "1.30000", "83.9", "2" ], [ "1.34000", "6.0", "1" ], [ "1.38000", "12.0", "1" ], [ "1.40000", "89.7", "1" ], [ "1.41000", "149.8", "1" ], [ "1.44400", "138.7", "1" ], [ "1.50000", "90.0", "1" ], [ "1.53100", "6.5", "1" ], [ "1.60000", "1.4", "2" ], [ "1.67000", "15.6", "1" ], [ "1.70000", "122.6", "1" ], [ "1.79030", "18.7", "1" ], [ "1.84769", "8.7", "1" ], [ "1.88000", "18.0", "1" ] ],
      "t" : 1756461318667
    } ],
    "instrument_name" : "IMX_USD"
  }
}