{
  "id" : -1,
  "method" : "public/get-book",
  "code" : 0,
  "result" : {
    "depth" : 50,
    "data" : [ {
      "bids" : [ [ "0.52565", "1", "1" ], [ "0.52545", "1", "1" ], [ "0.52492", "4", "1" ], [ "0.52390", "381", "1" ], [ "0.52276", "1755", "1" ], [ "0.52275", "3364", "1" ], [ "0.52270", "2884", "1" ], [ "0.52220", "95", "1" ], [ "0.52210", "95", "1" ], [ "0.52200", "95", "1" ], [ "0.52190", "95", "1" ], [ "0.51000", "123", "1" ], [ "0.50274", "1792", "1" ], [ "0.50256", "1975", "1" ], [ "0.50112", "3412", "2" ], [ "0.49968", "5640", "3" ], [ "0.49824", "7407", "4" ], [ "0.49680", "8935", "5" ], [ "0.49593", "4610", "1" ], [ "0.49322", "4610", "1" ], [ "0.49051", "4610", "1" ], [ "0.48780", "4610", "1" ], [ "0.42000", "225", "2" ], [ "0.41920", "896", "1" ], [ "0.41800", "952", "1" ], [ "0.40700", "2845", "2" ], [ "0.39600", "4349", "2" ], [ "0.38500", "6254", "2" ], [ "0.37400", "8212", "2" ], [ "0.36300", "9936", "2" ] ],
      "asks" : [ [ "0.52570", "1", "1" ], [ "0.52575", "1", "1" ], [ "0.52623", "4", "1" ], [ "0.52695", "379", "1" ], [ "0.52739", "2884", "1" ], [ "0.52767", "94", "1" ], [ "0.52774", "1254", "1" ], [ "0.52778", "94", "1" ], [ "0.52779", "1464", "1" ], [ "0.52789", "94", "1" ], [ "0.52800", "94", "1" ], [ "0.52852", "1577", "1" ], [ "0.52912", "1792", "1" ], [ "0.52925", "1323", "1" ], [ "0.52992", "1677", "1" ], [ "0.52998", "1811", "2" ], [ "0.53071", "1707", "2" ], [ "0.53136", "3936", "2" ], [ "0.53280", "5514", "2" ], [ "0.53424", "7053", "2" ], [ "0.53568", "9152", "1" ], [ "0.62872", "4610", "1" ], [ "0.63000", "896", "1" ], [ "0.63143", "4610", "1" ], [ "0.63800", "784", "1" ], [ "0.64900", "2843", "2" ], [ "0.65040", "4610", "1" ], [ "0.65311", "4610", "1" ], [ "0.66000", "4441", "3" ], [ "0.67100", "6102", "4" ], [ "0.68200", "8116", "4" ], [ "0.69300", "9724", "1" ] ],
      "t" : 1756461326641
    } ],
    "instrument_name" : "IMXUSD-PERP"
  }
}