{
  "id" : -1,
  "method" : "public/get-book",
  "code" : 0,
  "result" : {
    "depth" : 50,
    "data" : [ {
      "bids" : [ [ "0.34175", "3.4", "1" ], [ "0.33954", "100.0", "1" ], [ "0.33953", "294.5", "1" ], [ "0.33918", "222.9", "1" ], [ "0.33917", "11500.0", "1" ], [ "0.33821", "1985.3", "1" ], [ "0.33807", "2303.2", "1" ], [ "0.33719", "2545.5", "1" ], [ "0.33662", "119871.2", "1" ], [ "0.33630", "2303.2", "1" ], [ "0.33589", "11500.0", "1" ], [ "0.33580", "648.2", "1" ], [ "0.33453", "2434.8", "1" ], [ "0.33350", "1978.7", "2" ], [ "0.33120", "3329.6", "3" ], [ "0.32890", "3329.6", "2" ], [ "0.32660", "6835.3", "4" ], [ "0.32430", "4844.1", "1" ], [ "0.30009", "3.4", "1" ], [ "0.27354", "156.3", "1" ], [ "0.26828", "873.1", "1" ], [ "0.26122", "2403.9", "1" ], [ "0.25416", "4122.7", "1" ], [ "0.24710", "7687.1", "1" ], [ "0.24004", "26206.9", "1" ], [ "0.07335", "286.3", "1" ], [ "0.06984", "14.4", "1" ] ],
      "asks" : [ [ "0.34176", "3.4", "1" ], [ "0.34227", "58.5", "1" ], [ "0.34445", "1968.0", "1" ], [ "0.34446", "9200.0", "1" ], [ "0.34529", "1985.3", "1" ], [ "0.34632", "2545.5", "1" ], [ "0.34688", "119871.2", "1" ], [ "0.34692", "2342.3", "1" ], [ "0.34730", "575.5", "1" ], [ "0.34821", "11500.0", "1" ], [ "0.34869", "2695.8", "1" ], [ "0.34960", "1842.2", "2" ], [ "0.35046", "2695.8", "1" ], [ "0.35190", "3200.9", "2" ], [ "0.35389", "74.0", "1" ], [ "0.35420", "5832.9", "2" ], [ "0.35650", "6992.0", "1" ], [ "0.35880", "6992.0", "1" ], [ "0.36099", "72.5", "1" ], [ "0.36357", "5.7", "1" ], [ "0.36809", "71.7", "1" ], [ "0.37519", "71.7", "1" ], [ "0.38151", "5.5", "1" ], [ "0.38229", "71.7", "1" ], [ "0.38940", "71.7", "1" ], [ "0.39650", "71.7", "1" ], [ "0.39945", "5.2", "1" ], [ "0.40360", "71.7", "1" ], [ "0.41049", "156.3", "1" ], [ "0.41070", "71.7", "1" ], [ "0.41654", "408.1", "1" ], [ "0.41738", "5.0", "1" ], [ "0.41780", "71.7", "1" ], [ "0.42360", "1526.8", "2" ], [ "0.42489", "71.7", "1" ], [ "0.42500", "1085.1", "1" ], [ "0.43066", "2573.9", "3" ], [ "0.43199", "71.7", "1" ], [ "0.43532", "4.7", "1" ], [ "0.43574", "287.8", "1" ], [ "0.43772", "4654.0", "4" ], [ "0.43909", "71.7", "1" ], [ "0.44478", "14195.5", "1" ], [ "0.44619", "71.7", "1" ], [ "0.44800", "1568.9", "1" ], [ "0.45221", "97.3", "1" ], [ "0.45327", "4.4", "1" ], [ "0.45329", "71.7", "1" ], [ "0.46039", "71.7", "1" ], [ "0.46750", "71.7", "1" ] ],
      "t" : 1756461331068
    } ],
    "instrument_name" : "INIT_USD"
  }
}