{
  "id" : -1,
  "method" : "public/get-book",
  "code" : 0,
  "result" : {
    "depth" : 50,
    "data" : [ {
      "bids" : [ [ "0.34157", "1", "1" ], [ "0.34143", "1", "1" ], [ "0.34137", "1141", "1" ], [ "0.34112", "2258", "1" ], [ "0.34111", "12646", "1" ], [ "0.34091", "1936", "1" ], [ "0.34069", "146", "1" ], [ "0.34062", "146", "1" ], [ "0.34056", "1433", "1" ], [ "0.34055", "146", "1" ], [ "0.34048", "143", "1" ], [ "0.34020", "1850", "2" ], [ "0.33984", "1633", "1" ], [ "0.33972", "20605", "1" ], [ "0.33950", "368", "1" ], [ "0.33948", "1849", "2" ], [ "0.33940", "368", "1" ], [ "0.33939", "28099", "1" ], [ "0.33930", "368", "1" ], [ "0.33920", "368", "1" ], [ "0.33912", "2310", "1" ], [ "0.33745", "444", "1" ], [ "0.33728", "444", "1" ], [ "0.33711", "444", "1" ], [ "0.33694", "445", "1" ], [ "0.33682", "1756", "1" ], [ "0.33677", "445", "1" ], [ "0.33660", "445", "1" ], [ "0.33309", "1756", "1" ], [ "0.27352", "1383", "1" ], [ "0.27018", "918", "1" ], [ "0.26307", "2899", "2" ], [ "0.25596", "4684", "2" ], [ "0.24885", "6580", "2" ], [ "0.24174", "8822", "2" ], [ "0.23463", "10498", "2" ] ],
      "asks" : [ [ "0.34165", "1", "1" ], [ "0.34173", "1", "1" ], [ "0.34206", "1141", "1" ], [ "0.34222", "2258", "1" ], [ "0.34223", "146", "1" ], [ "0.34224", "12642", "1" ], [ "0.34230", "146", "1" ], [ "0.34237", "146", "1" ], [ "0.34244", "146", "1" ], [ "0.34248", "1936", "1" ], [ "0.34272", "1650", "1" ], [ "0.34296", "20410", "1" ], [ "0.34308", "1760", "2" ], [ "0.34314", "2766", "1" ], [ "0.34340", "2708", "2" ], [ "0.34344", "1717", "2" ], [ "0.34350", "363", "1" ], [ "0.34360", "363", "1" ], [ "0.34370", "363", "1" ], [ "0.34380", "1812", "2" ], [ "0.34383", "28099", "1" ], [ "0.34408", "4073", "2" ], [ "0.34416", "2296", "1" ], [ "0.34476", "6689", "3" ], [ "0.34544", "9186", "4" ], [ "0.34561", "434", "1" ], [ "0.34578", "433", "1" ], [ "0.34595", "433", "1" ], [ "0.34612", "11224", "4" ], [ "0.34629", "433", "1" ], [ "0.34635", "1756", "1" ], [ "0.35015", "1755", "1" ], [ "0.41040", "1383", "1" ], [ "0.41238", "1133", "1" ], [ "0.41949", "2715", "2" ], [ "0.42660", "4775", "3" ], [ "0.43371", "6731", "4" ], [ "0.44082", "8534", "4" ], [ "0.44793", "10393", "1" ] ],
      "t" : 1756461333721
    } ],
    "instrument_name" : "INITUSD-PERP"
  }
}