{
  "id" : -1,
  "method" : "public/get-book",
  "code" : 0,
  "result" : {
    "depth" : 50,
    "data" : [ {
      "bids" : [ [ "0.0032690", "45880", "1" ], [ "0.0032688", "75200", "1" ], [ "0.0032687", "206440", "1" ], [ "0.0032676", "213300", "1" ], [ "0.0032648", "190070", "1" ], [ "0.0032635", "264310", "1" ], [ "0.0032620", "222040", "1" ], [ "0.0032604", "264010", "1" ], [ "0.0032552", "690660", "1" ], [ "0.0032500", "1108590", "1" ], [ "0.0032448", "1634920", "1" ], [ "0.0032396", "2005760", "1" ], [ "0.0030380", "130670", "1" ], [ "0.0030379", "71460", "1" ], [ "0.0030376", "330", "1" ], [ "0.0030000", "4000", "1" ], [ "0.0026202", "36860", "1" ], [ "0.0025840", "206930", "1" ], [ "0.0025160", "586160", "1" ], [ "0.0024480", "1277280", "1" ], [ "0.0023800", "1277280", "1" ], [ "0.0023120", "3454750", "1" ] ],
      "asks" : [ [ "0.0032810", "9370", "1" ], [ "0.0032812", "7800", "1" ], [ "0.0032813", "206440", "1" ], [ "0.0032816", "185450", "1" ], [ "0.0032844", "185450", "1" ], [ "0.0032865", "264310", "1" ], [ "0.0032872", "237730", "1" ], [ "0.0032916", "200670", "1" ], [ "0.0032968", "707710", "1" ], [ "0.0033019", "24330", "1" ], [ "0.0033020", "1560650", "1" ], [ "0.0033072", "1560650", "2" ], [ "0.0033124", "400630", "1" ], [ "0.0039320", "36860", "1" ], [ "0.0039440", "98280", "1" ], [ "0.0040120", "352820", "2" ], [ "0.0040800", "615710", "3" ], [ "0.0041480", "615710", "3" ], [ "0.0042160", "1849390", "3" ], [ "0.0043659", "300", "1" ], [ "0.0058000", "1620", "1" ], [ "0.0071000", "1990", "1" ], [ "0.0084370", "18900", "1" ], [ "0.0103000", "1950", "1" ], [ "0.0115000", "880", "1" ], [ "0.0143044", "60", "1" ], [ "0.0146000", "350", "1" ], [ "0.0170000", "910", "1" ], [ "0.0190000", "7630", "1" ], [ "0.0220000", "199000", "1" ], [ "0.0900000", "47610", "1" ], [ "0.1100000", "4210", "1" ] ],
      "t" : 1756461355998
    } ],
    "instrument_name" : "IOST_USD"
  }
}