{
  "id" : -1,
  "method" : "public/get-book",
  "code" : 0,
  "result" : {
    "depth" : 50,
    "data" : [ {
      "bids" : [ [ "0.027888", "220", "1" ], [ "0.027877", "220", "1" ], [ "0.027866", "220", "1" ], [ "0.027861", "69240", "1" ], [ "0.027860", "23310", "1" ], [ "0.027855", "220", "1" ], [ "0.027852", "19920", "1" ], [ "0.027844", "220", "1" ], [ "0.027833", "220", "1" ], [ "0.027830", "27590", "1" ], [ "0.027822", "220", "1" ], [ "0.027819", "29920", "1" ], [ "0.027811", "220", "1" ], [ "0.027808", "24550", "1" ], [ "0.027800", "220", "1" ], [ "0.027789", "220", "1" ], [ "0.027778", "20860", "2" ], [ "0.027767", "220", "1" ], [ "0.027756", "220", "1" ], [ "0.027745", "220", "1" ], [ "0.027735", "53440", "2" ], [ "0.027734", "220", "1" ], [ "0.027723", "220", "1" ], [ "0.027712", "220", "1" ], [ "0.027701", "220", "1" ], [ "0.027693", "2050", "1" ], [ "0.027692", "92640", "2" ], [ "0.027690", "220", "1" ], [ "0.027681", "2220", "1" ], [ "0.027679", "220", "1" ], [ "0.027668", "220", "1" ], [ "0.027657", "220", "1" ], [ "0.027649", "125160", "1" ], [ "0.027646", "220", "1" ], [ "0.027635", "220", "1" ], [ "0.027624", "220", "1" ], [ "0.027606", "125160", "1" ], [ "0.027563", "197980", "1" ], [ "0.027442", "2240", "1" ], [ "0.027206", "2260", "1" ], [ "0.026973", "2280", "1" ], [ "0.026966", "37080", "1" ], [ "0.026741", "2300", "1" ], [ "0.026510", "940", "1" ], [ "0.026283", "2340", "1" ], [ "0.026057", "2360", "1" ], [ "0.025832", "2380", "1" ], [ "0.025610", "2400", "1" ], [ "0.025391", "2420", "1" ], [ "0.025173", "2440", "1" ] ],
      "asks" : [ [ "0.027910", "220", "1" ], [ "0.027921", "220", "1" ], [ "0.027932", "220", "1" ], [ "0.027943", "220", "1" ], [ "0.027954", "220", "1" ], [ "0.027959", "69240", "1" ], [ "0.027960", "23310", "1" ], [ "0.027962", "18920", "1" ], [ "0.027965", "220", "1" ], [ "0.027976", "220", "1" ], [ "0.027984", "26990", "1" ], [ "0.027987", "220", "1" ], [ "0.027991", "29920", "1" ], [ "0.027993", "17110", "1" ], [ "0.027998", "220", "1" ], [ "0.028006", "30970", "1" ], [ "0.028009", "220", "1" ], [ "0.028020", "220", "1" ], [ "0.028031", "220", "1" ], [ "0.028036", "50260", "2" ], [ "0.028042", "220", "1" ], [ "0.028053", "220", "1" ], [ "0.028064", "220", "1" ], [ "0.028075", "220", "1" ], [ "0.028079", "87580", "3" ], [ "0.028086", "220", "1" ], [ "0.028097", "220", "1" ], [ "0.028108", "220", "1" ], [ "0.028119", "220", "1" ], [ "0.028122", "87580", "3" ], [ "0.028130", "220", "1" ], [ "0.028141", "220", "1" ], [ "0.028152", "220", "1" ], [ "0.028163", "2420", "2" ], [ "0.028165", "158030", "3" ], [ "0.028174", "220", "1" ], [ "0.028208", "194370", "1" ], [ "0.028407", "2180", "1" ], [ "0.028653", "2160", "1" ], [ "0.028902", "2140", "1" ], [ "0.029152", "2130", "1" ], [ "0.029406", "2110", "1" ], [ "0.029660", "2090", "1" ], [ "0.029918", "2070", "1" ], [ "0.030177", "2050", "1" ], [ "0.030439", "2040", "1" ], [ "0.030703", "2020", "1" ], [ "0.030999", "2000", "1" ], [ "0.031268", "1980", "1" ], [ "0.031539", "1970", "1" ] ],
      "t" : 1756461299447
    } ],
    "instrument_name" : "IOTX_USDT"
  }
}