{
  "id" : -1,
  "method" : "public/get-book",
  "code" : 0,
  "result" : {
    "depth" : 50,
    "data" : [ {
      "bids" : [ [ "0.027892", "170", "1" ], [ "0.027881", "170", "1" ], [ "0.027870", "170", "1" ], [ "0.027861", "84360", "1" ], [ "0.027860", "23310", "1" ], [ "0.027859", "170", "1" ], [ "0.027852", "19090", "1" ], [ "0.027848", "170", "1" ], [ "0.027837", "170", "1" ], [ "0.027830", "21080", "1" ], [ "0.027826", "170", "1" ], [ "0.027819", "29920", "1" ], [ "0.027815", "170", "1" ], [ "0.027808", "25980", "1" ], [ "0.027804", "170", "1" ], [ "0.027793", "170", "1" ], [ "0.027784", "20440", "1" ], [ "0.027782", "170", "1" ], [ "0.027771", "170", "1" ], [ "0.027760", "170", "1" ], [ "0.027749", "170", "1" ], [ "0.027738", "57190", "3" ], [ "0.027727", "170", "1" ], [ "0.027716", "170", "1" ], [ "0.027712", "910", "1" ], [ "0.027705", "170", "1" ], [ "0.027694", "170", "1" ], [ "0.027692", "57020", "1" ], [ "0.027683", "170", "1" ], [ "0.027672", "170", "1" ], [ "0.027661", "170", "1" ], [ "0.027650", "170", "1" ], [ "0.027646", "159560", "2" ], [ "0.027639", "170", "1" ], [ "0.027628", "170", "1" ], [ "0.027600", "127870", "1" ], [ "0.027554", "193150", "1" ], [ "0.027355", "930", "1" ], [ "0.026999", "940", "1" ], [ "0.026809", "41370", "1" ], [ "0.026631", "950", "1" ], [ "0.026276", "960", "1" ], [ "0.026000", "10000", "1" ], [ "0.025919", "980", "1" ], [ "0.025563", "990", "1" ], [ "0.025208", "1010", "1" ], [ "0.025000", "11100", "2" ], [ "0.024000", "10000", "1" ], [ "0.022322", "4180", "1" ], [ "0.022274", "24910", "1" ] ],
      "asks" : [ [ "0.027914", "170", "1" ], [ "0.027925", "170", "1" ], [ "0.027935", "3590", "1" ], [ "0.027936", "170", "1" ], [ "0.027947", "170", "1" ], [ "0.027958", "170", "1" ], [ "0.027967", "84360", "1" ], [ "0.027968", "23310", "1" ], [ "0.027969", "170", "1" ], [ "0.027980", "170", "1" ], [ "0.027984", "26600", "1" ], [ "0.027991", "170", "1" ], [ "0.027999", "1450", "1" ], [ "0.028000", "29920", "1" ], [ "0.028002", "170", "1" ], [ "0.028006", "25380", "1" ], [ "0.028013", "170", "1" ], [ "0.028014", "15690", "1" ], [ "0.028024", "170", "1" ], [ "0.028028", "31100", "1" ], [ "0.028035", "170", "1" ], [ "0.028046", "170", "1" ], [ "0.028057", "170", "1" ], [ "0.028060", "50380", "2" ], [ "0.028068", "170", "1" ], [ "0.028079", "170", "1" ], [ "0.028090", "170", "1" ], [ "0.028101", "170", "1" ], [ "0.028106", "86070", "3" ], [ "0.028112", "170", "1" ], [ "0.028123", "170", "1" ], [ "0.028134", "160", "1" ], [ "0.028145", "160", "1" ], [ "0.028152", "86070", "3" ], [ "0.028156", "160", "1" ], [ "0.028167", "160", "1" ], [ "0.028178", "160", "1" ], [ "0.028198", "159040", "3" ], [ "0.028244", "192100", "1" ], [ "0.028424", "900", "1" ], [ "0.028780", "890", "1" ], [ "0.029135", "880", "1" ], [ "0.029492", "870", "1" ], [ "0.029847", "860", "1" ], [ "0.030204", "850", "1" ], [ "0.030560", "840", "1" ], [ "0.030915", "830", "1" ], [ "0.031272", "820", "1" ], [ "0.031628", "810", "1" ], [ "0.031983", "810", "1" ] ],
      "t" : 1756461349886
    } ],
    "instrument_name" : "IOTX_USD"
  }
}