{
  "id" : -1,
  "method" : "public/get-book",
  "code" : 0,
  "result" : {
    "depth" : 50,
    "data" : [ {
      "bids" : [ [ "0.027896", "10", "1" ], [ "0.027876", "10", "1" ], [ "0.027870", "7170", "1" ], [ "0.027834", "1790", "1" ], [ "0.027828", "1790", "1" ], [ "0.027822", "1790", "1" ], [ "0.027816", "1790", "1" ], [ "0.027742", "23920", "1" ], [ "0.027712", "19120", "1" ], [ "0.027694", "24010", "1" ], [ "0.027690", "19230", "1" ], [ "0.027660", "21160", "2" ], [ "0.027630", "24840", "3" ], [ "0.027600", "24480", "2" ], [ "0.027570", "25710", "2" ], [ "0.027493", "34250", "1" ], [ "0.027450", "31780", "1" ], [ "0.027389", "73220", "2" ], [ "0.027328", "100680", "2" ], [ "0.027267", "134360", "2" ], [ "0.027206", "170930", "1" ], [ "0.025332", "44580", "1" ], [ "0.022320", "17120", "1" ], [ "0.022002", "14340", "1" ], [ "0.021423", "52670", "1" ], [ "0.020844", "88420", "1" ], [ "0.020265", "117780", "1" ], [ "0.019686", "154780", "1" ], [ "0.019107", "189090", "1" ] ],
      "asks" : [ [ "0.027897", "10", "1" ], [ "0.027911", "10", "1" ], [ "0.027998", "24010", "1" ], [ "0.028006", "33200", "1" ], [ "0.028010", "19200", "1" ], [ "0.028020", "19390", "1" ], [ "0.028026", "7130", "1" ], [ "0.028044", "1780", "1" ], [ "0.028050", "21170", "2" ], [ "0.028056", "36030", "2" ], [ "0.028060", "33260", "1" ], [ "0.028062", "1780", "1" ], [ "0.028080", "27520", "2" ], [ "0.028110", "22580", "1" ], [ "0.028121", "64870", "2" ], [ "0.028140", "30480", "1" ], [ "0.028182", "100900", "3" ], [ "0.028243", "141200", "3" ], [ "0.028304", "173510", "2" ], [ "0.030697", "44580", "1" ], [ "0.033492", "17120", "1" ], [ "0.033582", "14040", "1" ], [ "0.034161", "48720", "2" ], [ "0.034740", "86800", "3" ], [ "0.035319", "122670", "4" ], [ "0.035898", "156650", "4" ], [ "0.036477", "187690", "4" ] ],
      "t" : 1756461363312
    } ],
    "instrument_name" : "IOTXUSD-PERP"
  }
}