{
  "id" : -1,
  "method" : "public/get-book",
  "code" : 0,
  "result" : {
    "depth" : 50,
    "data" : [ {
      "bids" : [ [ "0.0032961", "40290", "2" ], [ "0.0032960", "209340", "1" ], [ "0.0032940", "209340", "1" ], [ "0.0032914", "268030", "1" ], [ "0.0032913", "229740", "1" ], [ "0.0032895", "118920", "1" ], [ "0.0032886", "279520", "1" ], [ "0.0032844", "468490", "2" ], [ "0.0032793", "468490", "1" ], [ "0.0032742", "1038410", "1" ], [ "0.0032691", "1038410", "1" ], [ "0.0032640", "1625800", "1" ], [ "0.0032208", "1000", "1" ], [ "0.0031766", "3000", "1" ], [ "0.0030000", "3330", "1" ], [ "0.0026509", "5000", "1" ], [ "0.0026410", "37500", "1" ], [ "0.0026130", "232050", "1" ], [ "0.0025460", "589600", "1" ], [ "0.0024790", "958810", "1" ], [ "0.0024120", "3355850", "1" ], [ "0.0023450", "9646840", "1" ], [ "0.0020000", "600", "1" ], [ "0.0013920", "720", "1" ], [ "0.0003550", "2820", "1" ] ],
      "asks" : [ [ "0.0033089", "51790", "1" ], [ "0.0033090", "209340", "1" ], [ "0.0033102", "233800", "1" ], [ "0.0033129", "237950", "1" ], [ "0.0033135", "105950", "1" ], [ "0.0033136", "268030", "1" ], [ "0.0033150", "159260", "1" ], [ "0.0033156", "229210", "1" ], [ "0.0033201", "460410", "2" ], [ "0.0033252", "460410", "2" ], [ "0.0033303", "994180", "3" ], [ "0.0033354", "994180", "3" ], [ "0.0033405", "994180", "2" ], [ "0.0038732", "5680", "1" ], [ "0.0039644", "37500", "1" ], [ "0.0040200", "130610", "1" ], [ "0.0040870", "359680", "2" ], [ "0.0041540", "359680", "2" ], [ "0.0042210", "1906220", "3" ], [ "0.0042880", "5401150", "3" ], [ "0.0060000", "200", "1" ], [ "0.0064805", "148600", "1" ], [ "0.0072000", "5610", "1" ], [ "0.0075272", "70000", "1" ], [ "0.0080000", "200", "1" ], [ "0.0105018", "500", "1" ], [ "0.0105500", "31470", "1" ], [ "0.0106150", "6000", "1" ], [ "0.0115018", "500", "1" ], [ "0.0120000", "200", "1" ], [ "0.0121000", "24850", "1" ], [ "0.0129224", "70", "1" ], [ "0.0130800", "900", "1" ], [ "0.0131500", "37870", "1" ], [ "0.0135000", "750", "1" ], [ "0.0150000", "4540", "3" ], [ "0.0160800", "1000", "1" ], [ "0.0161500", "28410", "1" ], [ "0.0165000", "1350", "1" ], [ "0.0170800", "3000", "2" ], [ "0.0180800", "500", "1" ], [ "0.0194000", "550", "1" ], [ "0.0198880", "1000", "1" ], [ "0.0200000", "105420", "3" ], [ "0.0200800", "500", "1" ], [ "0.0215000", "60", "1" ], [ "0.0243780", "1000", "1" ], [ "0.0270000", "400", "1" ], [ "0.0330000", "6590", "1" ], [ "0.0375435", "49520", "1" ] ],
      "t" : 1756461379209
    } ],
    "instrument_name" : "IQ_USD"
  }
}