{
  "id" : -1,
  "method" : "public/get-book",
  "code" : 0,
  "result" : {
    "depth" : 50,
    "data" : [ {
      "bids" : [ [ "0.0145123", "80", "1" ], [ "0.0144890", "724560", "1" ], [ "0.0144087", "11500", "2" ], [ "0.0143992", "42530", "1" ], [ "0.0143887", "9290", "1" ], [ "0.0143793", "11900", "1" ], [ "0.0143773", "7760", "1" ], [ "0.0143568", "252760", "1" ], [ "0.0143567", "37110", "2" ], [ "0.0143565", "61450", "1" ], [ "0.0143559", "4105840", "1" ], [ "0.0143451", "6110", "1" ], [ "0.0143336", "11700", "1" ], [ "0.0142968", "18170", "1" ], [ "0.0142899", "12250", "1" ], [ "0.0142485", "29070", "1" ], [ "0.0142145", "1560", "1" ], [ "0.0142074", "4347360", "1" ], [ "0.0142002", "52090", "1" ], [ "0.0141519", "63330", "2" ], [ "0.0141036", "63330", "1" ], [ "0.0134002", "1150", "1" ], [ "0.0134001", "6690", "1" ], [ "0.0134000", "79980", "1" ], [ "0.0116160", "8310", "1" ], [ "0.0114418", "35870", "1" ], [ "0.0111407", "123620", "2" ], [ "0.0108396", "220680", "2" ], [ "0.0105385", "853830", "2" ], [ "0.0102374", "2346870", "2" ], [ "0.0099700", "530", "1" ], [ "0.0074000", "13500", "1" ], [ "0.0065000", "15300", "1" ], [ "0.0035000", "11420", "1" ] ],
      "asks" : [ [ "0.0145177", "80", "1" ], [ "0.0145325", "40920", "1" ], [ "0.0145326", "724560", "1" ], [ "0.0146062", "1210", "1" ], [ "0.0146401", "9290", "1" ], [ "0.0146436", "252760", "1" ], [ "0.0146496", "11900", "1" ], [ "0.0146501", "50250", "2" ], [ "0.0146510", "56410", "1" ], [ "0.0146511", "4105840", "1" ], [ "0.0146832", "13870", "2" ], [ "0.0147269", "8770", "1" ], [ "0.0147315", "16630", "1" ], [ "0.0147517", "4269390", "1" ], [ "0.0147706", "12440", "1" ], [ "0.0147798", "27550", "1" ], [ "0.0148281", "38760", "1" ], [ "0.0148365", "1190", "1" ], [ "0.0148764", "50750", "1" ], [ "0.0149247", "61160", "2" ], [ "0.0150667", "1170", "1" ], [ "0.0152969", "1160", "1" ], [ "0.0155271", "1140", "1" ], [ "0.0155895", "2440", "1" ], [ "0.0155973", "2440", "1" ], [ "0.0156050", "2440", "1" ], [ "0.0156128", "2440", "1" ], [ "0.0156206", "2440", "1" ], [ "0.0156284", "2440", "1" ], [ "0.0156361", "2440", "1" ], [ "0.0156439", "2440", "1" ], [ "0.0156517", "2440", "1" ], [ "0.0156594", "2530", "1" ], [ "0.0157572", "1140", "1" ], [ "0.0159875", "1140", "1" ], [ "0.0162177", "1140", "1" ], [ "0.0164479", "1140", "1" ], [ "0.0166781", "1140", "1" ], [ "0.0169083", "1140", "1" ], [ "0.0171385", "1140", "1" ], [ "0.0173687", "1140", "1" ], [ "0.0174360", "8310", "1" ], [ "0.0174638", "31980", "1" ], [ "0.0175989", "1140", "1" ], [ "0.0177649", "83200", "2" ], [ "0.0178291", "1140", "1" ], [ "0.0180599", "1140", "1" ], [ "0.0180660", "83200", "2" ], [ "0.0183671", "423650", "3" ], [ "0.0184500", "1730", "1" ] ],
      "t" : 1756461390707
    } ],
    "instrument_name" : "JASMY_USDT"
  }
}