{
  "id" : -1,
  "method" : "public/get-book",
  "code" : 0,
  "result" : {
    "depth" : 50,
    "data" : [ {
      "bids" : [ [ "0.0145045", "80", "1" ], [ "0.0144905", "1210", "1" ], [ "0.0144805", "27850", "1" ], [ "0.0144804", "724560", "1" ], [ "0.0144502", "1210", "1" ], [ "0.0144085", "43560", "1" ], [ "0.0144083", "10790", "1" ], [ "0.0143993", "167570", "1" ], [ "0.0143992", "38430", "1" ], [ "0.0143990", "102520", "1" ], [ "0.0143988", "208490", "1" ], [ "0.0143983", "46490", "1" ], [ "0.0143883", "9290", "1" ], [ "0.0143789", "11900", "1" ], [ "0.0143771", "4105840", "1" ], [ "0.0143736", "10670", "1" ], [ "0.0143487", "1210", "1" ], [ "0.0143451", "8190", "1" ], [ "0.0143284", "8520", "1" ], [ "0.0142977", "1740", "1" ], [ "0.0142968", "23490", "1" ], [ "0.0142832", "11940", "1" ], [ "0.0142485", "39730", "1" ], [ "0.0142283", "4347360", "1" ], [ "0.0142002", "75030", "1" ], [ "0.0141788", "1210", "1" ], [ "0.0141519", "75030", "1" ], [ "0.0141133", "590", "1" ], [ "0.0141000", "5670", "1" ], [ "0.0140850", "1770", "1" ], [ "0.0138834", "11140", "1" ], [ "0.0138726", "370", "1" ], [ "0.0138725", "600", "1" ], [ "0.0138724", "1800", "1" ], [ "0.0137681", "2720", "1" ], [ "0.0131000", "310", "1" ], [ "0.0129979", "22620", "1" ], [ "0.0126675", "650", "1" ], [ "0.0125401", "400000", "1" ], [ "0.0124300", "20110", "1" ], [ "0.0120000", "27440", "1" ], [ "0.0119706", "46670", "1" ], [ "0.0119679", "90", "1" ], [ "0.0118800", "840", "1" ], [ "0.0118425", "90", "1" ], [ "0.0116171", "8300", "1" ], [ "0.0115008", "5000", "1" ], [ "0.0114456", "42330", "1" ], [ "0.0112218", "740", "1" ], [ "0.0111444", "130210", "2" ] ],
      "asks" : [ [ "0.0145099", "80", "1" ], [ "0.0145241", "1210", "1" ], [ "0.0145255", "724560", "1" ], [ "0.0145299", "1210", "1" ], [ "0.0145738", "1210", "1" ], [ "0.0146446", "4600", "1" ], [ "0.0146447", "19220", "1" ], [ "0.0146449", "144200", "2" ], [ "0.0146536", "198910", "1" ], [ "0.0146540", "4105840", "1" ], [ "0.0146544", "11900", "1" ], [ "0.0146832", "6630", "1" ], [ "0.0146900", "7810", "1" ], [ "0.0147169", "1210", "1" ], [ "0.0147232", "1720", "1" ], [ "0.0147315", "23770", "1" ], [ "0.0147352", "11550", "1" ], [ "0.0147649", "4269390", "1" ], [ "0.0147798", "40280", "1" ], [ "0.0147804", "11250", "1" ], [ "0.0148281", "55900", "1" ], [ "0.0148764", "70980", "1" ], [ "0.0149356", "1210", "1" ], [ "0.0149359", "1690", "1" ], [ "0.0151112", "1210", "1" ], [ "0.0151485", "1670", "1" ], [ "0.0153597", "1210", "1" ], [ "0.0153612", "1650", "1" ], [ "0.0153677", "14690", "1" ], [ "0.0154141", "1210", "1" ], [ "0.0154798", "9310", "1" ], [ "0.0155553", "9280", "1" ], [ "0.0155739", "1620", "1" ], [ "0.0156308", "9280", "1" ], [ "0.0157063", "9280", "1" ], [ "0.0157818", "9280", "1" ], [ "0.0157867", "1600", "1" ], [ "0.0159729", "2510", "1" ], [ "0.0159994", "1580", "1" ], [ "0.0162121", "1560", "1" ], [ "0.0164247", "1540", "1" ], [ "0.0166374", "1520", "1" ], [ "0.0167000", "7980", "1" ], [ "0.0168501", "1670", "1" ], [ "0.0169900", "9250", "1" ], [ "0.0170047", "530", "1" ], [ "0.0170628", "1670", "1" ], [ "0.0170753", "2360", "1" ], [ "0.0172755", "1670", "1" ], [ "0.0174395", "8300", "1" ] ],
      "t" : 1756461386514
    } ],
    "instrument_name" : "JASMY_USD"
  }
}