{
  "id" : -1,
  "method" : "public/get-book",
  "code" : 0,
  "result" : {
    "depth" : 50,
    "data" : [ {
      "bids" : [ [ "0.015037", "100", "1" ], [ "0.015028", "100", "1" ], [ "0.015021", "6600", "1" ], [ "0.015009", "3300", "1" ], [ "0.015006", "3300", "1" ], [ "0.015003", "3300", "1" ], [ "0.015000", "3300", "1" ], [ "0.014935", "8300", "1" ], [ "0.014930", "8300", "1" ], [ "0.014925", "8300", "1" ], [ "0.014920", "8300", "1" ], [ "0.014904", "10000", "1" ], [ "0.014896", "10000", "1" ], [ "0.014888", "10000", "1" ], [ "0.014880", "10000", "1" ], [ "0.014872", "10000", "1" ], [ "0.014864", "10000", "1" ], [ "0.014848", "25100", "1" ], [ "0.014832", "4400", "1" ], [ "0.014760", "4200", "1" ], [ "0.014734", "25100", "1" ], [ "0.014688", "4500", "2" ], [ "0.014645", "12900", "1" ], [ "0.014616", "5300", "3" ], [ "0.014544", "5700", "4" ], [ "0.014500", "23300", "2" ], [ "0.014355", "32300", "3" ], [ "0.014210", "44400", "3" ], [ "0.014065", "56500", "3" ], [ "0.012007", "25100", "1" ], [ "0.011968", "20500", "1" ], [ "0.011594", "61500", "2" ], [ "0.011220", "105600", "2" ], [ "0.010846", "157000", "2" ], [ "0.010472", "195700", "2" ], [ "0.010098", "244400", "2" ] ],
      "asks" : [ [ "0.015046", "3300", "2" ], [ "0.015049", "100", "1" ], [ "0.015096", "3200", "1" ], [ "0.015099", "3300", "1" ], [ "0.015102", "3300", "1" ], [ "0.015105", "3200", "1" ], [ "0.015165", "8200", "1" ], [ "0.015170", "8200", "1" ], [ "0.015175", "8200", "1" ], [ "0.015180", "8200", "1" ], [ "0.015200", "9800", "1" ], [ "0.015208", "9800", "1" ], [ "0.015216", "9800", "1" ], [ "0.015217", "29500", "1" ], [ "0.015224", "9800", "1" ], [ "0.015232", "9800", "1" ], [ "0.015240", "9800", "1" ], [ "0.015353", "25100", "1" ], [ "0.015360", "25100", "1" ], [ "0.015370", "11200", "1" ], [ "0.015408", "3400", "1" ], [ "0.015480", "3500", "1" ], [ "0.015515", "22300", "2" ], [ "0.015552", "5300", "2" ], [ "0.015624", "5100", "1" ], [ "0.015660", "32200", "3" ], [ "0.015696", "5700", "1" ], [ "0.015805", "44600", "2" ], [ "0.015950", "56200", "2" ], [ "0.018059", "25100", "1" ], [ "0.018326", "17900", "1" ], [ "0.018700", "69200", "2" ], [ "0.019074", "105700", "2" ], [ "0.019448", "152700", "2" ], [ "0.019822", "198300", "2" ], [ "0.020196", "238700", "1" ] ],
      "t" : 1756461392144
    } ],
    "instrument_name" : "JELLYJELLYUSD-PERP"
  }
}