{
  "id" : -1,
  "method" : "public/get-book",
  "code" : 0,
  "result" : {
    "depth" : 50,
    "data" : [ {
      "bids" : [ [ "0.015439", "190", "1" ], [ "0.014864", "2820", "1" ], [ "0.014863", "34320", "1" ], [ "0.014796", "48670", "1" ], [ "0.014774", "34320", "1" ], [ "0.014756", "22940", "1" ], [ "0.014686", "5240", "1" ], [ "0.014685", "36710", "1" ], [ "0.014637", "64830", "2" ], [ "0.014596", "46660", "1" ], [ "0.014518", "64830", "2" ], [ "0.014399", "141370", "2" ], [ "0.014280", "183850", "2" ], [ "0.014161", "141370", "1" ], [ "0.014000", "4000", "1" ], [ "0.012008", "6230", "1" ], [ "0.011808", "33100", "1" ], [ "0.011439", "93040", "2" ], [ "0.011070", "160370", "3" ], [ "0.010701", "160370", "3" ], [ "0.010332", "710690", "2" ] ],
      "asks" : [ [ "0.015440", "86620", "2" ], [ "0.015470", "21400", "1" ], [ "0.015486", "34410", "1" ], [ "0.015575", "42330", "1" ], [ "0.015589", "55950", "1" ], [ "0.015664", "38240", "1" ], [ "0.015708", "92750", "2" ], [ "0.015827", "136380", "2" ], [ "0.015946", "171730", "2" ], [ "0.016065", "136380", "2" ], [ "0.016541", "1330", "1" ], [ "0.018000", "1870", "1" ], [ "0.018063", "6230", "1" ], [ "0.018081", "23270", "1" ], [ "0.018450", "63850", "2" ], [ "0.018819", "63850", "2" ], [ "0.019188", "145390", "2" ], [ "0.019400", "8950", "1" ], [ "0.019557", "371330", "2" ], [ "0.020000", "210", "1" ], [ "0.020370", "1080", "1" ], [ "0.023500", "8800", "1" ], [ "0.024000", "267000", "1" ], [ "0.025000", "44890", "1" ], [ "0.026000", "452520", "1" ], [ "0.029000", "7210", "4" ], [ "0.037000", "550", "1" ], [ "0.039760", "30", "1" ], [ "0.063050", "140", "1" ] ],
      "t" : 1756461376533
    } ],
    "instrument_name" : "JELLYJELLY_USD"
  }
}