{
  "id" : -1,
  "method" : "public/get-book",
  "code" : 0,
  "result" : {
    "depth" : 50,
    "data" : [ {
      "bids" : [ [ "0.15314", "652", "1" ], [ "0.15312", "579", "1" ], [ "0.15311", "4336", "1" ], [ "0.15300", "3768", "1" ], [ "0.15291", "5553", "1" ], [ "0.15283", "3733", "1" ], [ "0.15270", "3768", "1" ], [ "0.15252", "10162", "2" ], [ "0.15240", "3768", "1" ], [ "0.15221", "10162", "2" ], [ "0.15190", "22834", "2" ], [ "0.15160", "244", "1" ], [ "0.15159", "30253", "2" ], [ "0.15128", "22834", "1" ], [ "0.12800", "20328", "1" ], [ "0.12281", "778", "1" ], [ "0.11988", "3635", "1" ], [ "0.11664", "11955", "1" ], [ "0.11340", "19315", "1" ], [ "0.11016", "122349", "1" ], [ "0.10692", "321416", "1" ] ],
      "asks" : [ [ "0.15404", "579", "1" ], [ "0.15405", "4336", "1" ], [ "0.15420", "5106", "1" ], [ "0.15425", "5553", "1" ], [ "0.15438", "3232", "1" ], [ "0.15450", "5106", "1" ], [ "0.15469", "9160", "1" ], [ "0.15480", "5106", "1" ], [ "0.15500", "15885", "1" ], [ "0.15531", "22602", "1" ], [ "0.15562", "36105", "1" ], [ "0.15593", "36105", "1" ], [ "0.18436", "778", "1" ], [ "0.18468", "2453", "1" ], [ "0.18792", "7488", "2" ], [ "0.19116", "7488", "2" ], [ "0.19440", "61741", "3" ], [ "0.19764", "169583", "1" ], [ "0.22000", "100", "1" ], [ "0.22500", "100", "1" ], [ "0.23000", "50", "1" ], [ "0.24000", "100", "1" ], [ "0.24500", "100", "1" ], [ "0.25000", "100", "1" ], [ "0.25500", "100", "1" ], [ "0.26000", "250", "1" ], [ "0.29000", "171", "1" ], [ "0.33630", "1480", "1" ], [ "0.49000", "724", "1" ], [ "0.60000", "69", "1" ], [ "0.70000", "40", "1" ], [ "0.70373", "1", "1" ], [ "0.76000", "14", "1" ], [ "0.78000", "458", "1" ], [ "0.80000", "40", "1" ], [ "0.90000", "191", "2" ], [ "0.95648", "232", "1" ], [ "0.99000", "13", "1" ], [ "1.00000", "1015", "2" ], [ "1.16250", "10", "1" ], [ "1.20000", "991", "1" ], [ "1.24000", "61", "1" ], [ "1.25000", "10", "1" ], [ "1.34000", "13", "1" ], [ "1.40657", "84", "1" ], [ "1.49000", "51", "1" ], [ "1.52990", "10", "1" ], [ "1.77000", "12", "1" ], [ "2.00000", "6", "1" ], [ "2.67700", "27", "1" ] ],
      "t" : 1756461373785
    } ],
    "instrument_name" : "JOE_USD"
  }
}