{
  "id" : -1,
  "method" : "public/get-book",
  "code" : 0,
  "result" : {
    "depth" : 50,
    "data" : [ {
      "bids" : [ [ "0.15350", "1", "1" ], [ "0.15348", "1", "1" ], [ "0.15330", "1304", "1" ], [ "0.15306", "480", "1" ], [ "0.15305", "4396", "1" ], [ "0.15293", "5586", "1" ], [ "0.15269", "6146", "1" ], [ "0.15226", "4993", "1" ], [ "0.15180", "11285", "1" ], [ "0.15160", "4294", "1" ], [ "0.15157", "4684", "1" ], [ "0.15134", "20475", "2" ], [ "0.15111", "4075", "1" ], [ "0.15088", "26131", "4" ], [ "0.15066", "15362", "1" ], [ "0.15065", "5308", "2" ], [ "0.15042", "27115", "1" ], [ "0.14988", "333", "1" ], [ "0.14985", "15695", "2" ], [ "0.14982", "333", "1" ], [ "0.14979", "333", "1" ], [ "0.14904", "15362", "1" ], [ "0.12280", "3073", "1" ], [ "0.12236", "1953", "1" ], [ "0.11914", "6674", "1" ], [ "0.11592", "12194", "1" ], [ "0.11270", "16538", "1" ], [ "0.10948", "21245", "1" ], [ "0.10626", "25861", "1" ] ],
      "asks" : [ [ "0.15355", "1", "1" ], [ "0.15360", "1", "1" ], [ "0.15396", "1299", "1" ], [ "0.15410", "480", "1" ], [ "0.15411", "4294", "1" ], [ "0.15433", "3628", "1" ], [ "0.15440", "6216", "1" ], [ "0.15455", "6146", "1" ], [ "0.15456", "10210", "2" ], [ "0.15479", "4072", "2" ], [ "0.15502", "15854", "4" ], [ "0.15525", "6266", "2" ], [ "0.15548", "16685", "2" ], [ "0.15552", "15362", "1" ], [ "0.15594", "22459", "2" ], [ "0.15633", "15362", "1" ], [ "0.15640", "27003", "2" ], [ "0.15690", "63", "1" ], [ "0.15714", "15362", "1" ], [ "0.15726", "317", "1" ], [ "0.15729", "317", "1" ], [ "0.15732", "317", "1" ], [ "0.15735", "317", "1" ], [ "0.15795", "15362", "1" ], [ "0.18432", "3073", "1" ], [ "0.18676", "2160", "1" ], [ "0.18998", "7056", "1" ], [ "0.19320", "11376", "1" ], [ "0.19642", "16035", "1" ], [ "0.19964", "20935", "1" ], [ "0.20286", "25637", "1" ] ],
      "t" : 1756461404770
    } ],
    "instrument_name" : "JOEUSD-PERP"
  }
}