{
  "id" : -1,
  "method" : "public/get-book",
  "code" : 0,
  "result" : {
    "depth" : 50,
    "data" : [ {
      "bids" : [ [ "0.51042", "2.4", "1" ], [ "0.51029", "979.8", "1" ], [ "0.50982", "1090.0", "1" ], [ "0.50981", "580.2", "1" ], [ "0.50980", "283.3", "1" ], [ "0.50975", "1057.7", "1" ], [ "0.50974", "3525.6", "1" ], [ "0.50960", "671.5", "1" ], [ "0.50959", "1962.3", "1" ], [ "0.50958", "276.0", "1" ], [ "0.50934", "297.5", "1" ], [ "0.50912", "4229.9", "1" ], [ "0.50908", "297.5", "1" ], [ "0.50882", "427.8", "1" ], [ "0.50881", "281.4", "1" ], [ "0.50839", "1966.9", "1" ], [ "0.50826", "353.8", "1" ], [ "0.50820", "94.5", "1" ], [ "0.50743", "319.0", "1" ], [ "0.50731", "39.8", "1" ], [ "0.50728", "344.3", "1" ], [ "0.50667", "2015.1", "1" ], [ "0.50666", "525.1", "1" ], [ "0.50629", "1975.1", "1" ], [ "0.50589", "777.0", "1" ], [ "0.50568", "315.6", "1" ], [ "0.50512", "965.7", "1" ], [ "0.50468", "341.0", "1" ], [ "0.50435", "1194.7", "1" ], [ "0.50365", "40.1", "1" ], [ "0.50176", "604.5", "1" ], [ "0.50127", "776.3", "1" ], [ "0.50104", "513113.3", "1" ], [ "0.50000", "440.4", "2" ], [ "0.49869", "10.0", "1" ], [ "0.49853", "50.1", "1" ], [ "0.49786", "1144.2", "1" ], [ "0.49784", "869.8", "1" ], [ "0.48999", "4.8", "1" ], [ "0.47802", "10.4", "1" ], [ "0.47088", "247.7", "1" ], [ "0.47087", "53.0", "1" ], [ "0.46000", "2472.8", "1" ], [ "0.45819", "10.9", "1" ], [ "0.45812", "1000.0", "1" ], [ "0.45000", "2077.7", "3" ], [ "0.44319", "56.4", "1" ], [ "0.43919", "11.3", "1" ], [ "0.43500", "2298.8", "1" ], [ "0.43348", "2463.0", "1" ] ],
      "asks" : [ [ "0.51043", "2.4", "1" ], [ "0.51050", "979.4", "1" ], [ "0.51075", "1090.0", "1" ], [ "0.51076", "1057.0", "1" ], [ "0.51078", "3526.7", "1" ], [ "0.51116", "1956.3", "1" ], [ "0.51122", "276.0", "1" ], [ "0.51142", "276.0", "1" ], [ "0.51153", "4232.1", "1" ], [ "0.51168", "402.7", "1" ], [ "0.51194", "447.2", "1" ], [ "0.51242", "281.4", "1" ], [ "0.51255", "353.8", "1" ], [ "0.51275", "1950.2", "1" ], [ "0.51282", "86.4", "1" ], [ "0.51352", "229.2", "1" ], [ "0.51359", "325.8", "2" ], [ "0.51395", "344.3", "1" ], [ "0.51423", "1944.6", "1" ], [ "0.51436", "325.8", "1" ], [ "0.51463", "39.5", "1" ], [ "0.51491", "412.7", "2" ], [ "0.51513", "742.4", "1" ], [ "0.51590", "958.3", "1" ], [ "0.51607", "36.2", "1" ], [ "0.51667", "1148.3", "1" ], [ "0.51744", "580.9", "2" ], [ "0.51829", "39.2", "1" ], [ "0.51832", "817.9", "2" ], [ "0.51942", "513113.3", "1" ], [ "0.52135", "28.2", "1" ], [ "0.52136", "879.3", "2" ], [ "0.52173", "817.9", "1" ], [ "0.52195", "38.9", "1" ], [ "0.52282", "39.3", "1" ], [ "0.52393", "39.3", "1" ], [ "0.52561", "38.6", "1" ], [ "0.52654", "65.0", "1" ], [ "0.52845", "31.1", "1" ], [ "0.52927", "38.4", "1" ], [ "0.53293", "38.2", "1" ], [ "0.53659", "37.8", "1" ], [ "0.53888", "4.5", "1" ], [ "0.54025", "37.5", "1" ], [ "0.54278", "9.6", "1" ], [ "0.54332", "38.9", "1" ], [ "0.54391", "37.3", "1" ], [ "0.54757", "37.0", "1" ], [ "0.54960", "26.9", "1" ], [ "0.55000", "698.6", "1" ] ],
      "t" : 1756461416527
    } ],
    "instrument_name" : "JUP_USD"
  }
}