{
  "id" : -1,
  "method" : "public/get-book",
  "code" : 0,
  "result" : {
    "depth" : 50,
    "data" : [ {
      "bids" : [ [ "0.51014", "2.4", "1" ], [ "0.50986", "980.6", "1" ], [ "0.50968", "513.1", "1" ], [ "0.50961", "955.2", "2" ], [ "0.50960", "287.0", "1" ], [ "0.50958", "588.7", "1" ], [ "0.50955", "2116.1", "1" ], [ "0.50941", "588.9", "1" ], [ "0.50940", "1962.9", "1" ], [ "0.50934", "332.7", "1" ], [ "0.50908", "373.9", "1" ], [ "0.50882", "373.9", "1" ], [ "0.50878", "1965.3", "1" ], [ "0.50870", "281.6", "1" ], [ "0.50839", "2468.7", "1" ], [ "0.50837", "353.8", "1" ], [ "0.50832", "109.9", "1" ], [ "0.50760", "308.7", "1" ], [ "0.50717", "344.3", "1" ], [ "0.50688", "549.7", "1" ], [ "0.50617", "2685.3", "2" ], [ "0.50616", "770.8", "1" ], [ "0.50569", "1660.0", "1" ], [ "0.50568", "304.4", "1" ], [ "0.50545", "1939.2", "1" ], [ "0.50544", "956.8", "1" ], [ "0.50472", "1190.6", "1" ], [ "0.50468", "303.6", "1" ], [ "0.50177", "397.5", "1" ], [ "0.50176", "573.0", "1" ], [ "0.50127", "729.1", "2" ], [ "0.50096", "513113.3", "1" ], [ "0.49786", "1158.0", "1" ], [ "0.49784", "829.2", "1" ], [ "0.45000", "1613.1", "2" ], [ "0.42770", "4.4", "1" ], [ "0.40848", "246.4", "1" ], [ "0.40760", "1464.3", "1" ], [ "0.39741", "3948.1", "2" ], [ "0.38722", "6362.9", "2" ], [ "0.37703", "2603.2", "1" ], [ "0.37500", "13333.0", "1" ], [ "0.36684", "6768.8", "2" ], [ "0.35000", "28570.7", "2" ] ],
      "asks" : [ [ "0.51016", "2.4", "1" ], [ "0.51031", "979.7", "1" ], [ "0.51047", "513.1", "1" ], [ "0.51084", "367.6", "1" ], [ "0.51085", "1957.4", "1" ], [ "0.51092", "2115.9", "1" ], [ "0.51105", "276.0", "1" ], [ "0.51116", "308.4", "1" ], [ "0.51142", "422.2", "1" ], [ "0.51145", "1955.1", "1" ], [ "0.51168", "343.7", "1" ], [ "0.51211", "2468.7", "1" ], [ "0.51237", "281.6", "1" ], [ "0.51248", "353.8", "1" ], [ "0.51264", "115.5", "1" ], [ "0.51336", "323.4", "2" ], [ "0.51352", "304.3", "1" ], [ "0.51390", "344.3", "1" ], [ "0.51408", "549.2", "2" ], [ "0.51479", "1171.5", "1" ], [ "0.51480", "763.8", "1" ], [ "0.51491", "276.5", "1" ], [ "0.51552", "942.3", "1" ], [ "0.51624", "1179.3", "1" ], [ "0.51744", "605.5", "2" ], [ "0.51832", "759.2", "2" ], [ "0.51934", "513113.3", "1" ], [ "0.52136", "857.6", "2" ], [ "0.52173", "759.2", "1" ], [ "0.54945", "102.9", "2" ], [ "0.55950", "351.6", "1" ], [ "0.58900", "200.0", "1" ], [ "0.61284", "246.4", "1" ], [ "0.62159", "848.4", "1" ], [ "0.63178", "2458.3", "2" ], [ "0.64197", "4041.2", "2" ], [ "0.65000", "231.5", "1" ], [ "0.65216", "848.4", "1" ], [ "0.66000", "200.0", "1" ], [ "0.66235", "3929.7", "1" ], [ "0.70000", "2915.6", "1" ], [ "0.70223", "1843.2", "1" ], [ "0.74987", "4.3", "1" ], [ "0.75000", "2433.3", "1" ], [ "0.79213", "4.0", "1" ], [ "0.83440", "3.8", "1" ], [ "0.87668", "3.6", "1" ], [ "0.89670", "1349.1", "1" ], [ "0.91895", "3.4", "1" ], [ "0.95900", "761.9", "1" ] ],
      "t" : 1756461420788
    } ],
    "instrument_name" : "JUP_USDT"
  }
}