{
  "id" : -1,
  "method" : "public/get-book",
  "code" : 0,
  "result" : {
    "depth" : 50,
    "data" : [ {
      "bids" : [ [ "0.50994", "1", "1" ], [ "0.50970", "1", "1" ], [ "0.50953", "485", "1" ], [ "0.50952", "1615", "1" ], [ "0.50941", "713", "1" ], [ "0.50914", "398", "1" ], [ "0.50913", "1326", "1" ], [ "0.50900", "392", "1" ], [ "0.50895", "392", "1" ], [ "0.50881", "451", "1" ], [ "0.50880", "1502", "1" ], [ "0.50860", "782", "2" ], [ "0.50851", "727", "1" ], [ "0.50850", "98", "1" ], [ "0.50840", "98", "1" ], [ "0.50830", "98", "1" ], [ "0.50827", "1655", "1" ], [ "0.50774", "1667", "2" ], [ "0.50735", "685", "1" ], [ "0.50734", "1891", "1" ], [ "0.50730", "2204", "1" ], [ "0.50721", "1969", "2" ], [ "0.50668", "2044", "2" ], [ "0.50641", "3709", "2" ], [ "0.50552", "5772", "2" ], [ "0.50463", "7414", "3" ], [ "0.50374", "9560", "3" ], [ "0.50115", "4857", "1" ], [ "0.49858", "4857", "1" ], [ "0.40848", "947", "1" ], [ "0.40521", "947", "1" ], [ "0.40349", "4857", "1" ], [ "0.40092", "4857", "1" ], [ "0.39482", "3015", "2" ], [ "0.38443", "4613", "2" ], [ "0.37404", "6638", "2" ], [ "0.36365", "8446", "2" ], [ "0.35326", "10501", "2" ] ],
      "asks" : [ [ "0.50999", "1", "1" ], [ "0.51000", "1", "1" ], [ "0.51047", "980", "1" ], [ "0.51050", "19", "1" ], [ "0.51080", "391", "1" ], [ "0.51099", "485", "1" ], [ "0.51100", "1615", "1" ], [ "0.51115", "707", "1" ], [ "0.51116", "2357", "1" ], [ "0.51117", "1037", "1" ], [ "0.51118", "3067", "1" ], [ "0.51138", "3832", "1" ], [ "0.51170", "97", "1" ], [ "0.51180", "97", "1" ], [ "0.51190", "97", "1" ], [ "0.51200", "97", "1" ], [ "0.51262", "1891", "1" ], [ "0.51264", "1803", "1" ], [ "0.51334", "1326", "1" ], [ "0.51353", "4030", "1" ], [ "0.51357", "1404", "1" ], [ "0.51400", "4857", "1" ], [ "0.51410", "1384", "1" ], [ "0.51442", "6016", "2" ], [ "0.51463", "1412", "1" ], [ "0.51516", "1641", "1" ], [ "0.51531", "7781", "3" ], [ "0.51569", "1976", "2" ], [ "0.51620", "9569", "2" ], [ "0.51657", "4857", "1" ], [ "0.51914", "4857", "1" ], [ "0.61284", "947", "1" ], [ "0.61301", "988", "1" ], [ "0.62340", "2802", "2" ], [ "0.63379", "4576", "3" ], [ "0.64418", "6506", "4" ], [ "0.65457", "8545", "5" ], [ "0.66496", "10476", "5" ] ],
      "t" : 1756461424523
    } ],
    "instrument_name" : "JUPUSD-PERP"
  }
}