{
  "id" : -1,
  "method" : "public/get-book",
  "code" : 0,
  "result" : {
    "depth" : 50,
    "data" : [ {
      "bids" : [ [ "0.14765", "949", "1" ], [ "0.14764", "4371", "1" ], [ "0.14760", "5001", "1" ], [ "0.14753", "5585", "1" ], [ "0.14740", "5097", "1" ], [ "0.14725", "3368", "1" ], [ "0.14720", "5278", "1" ], [ "0.14694", "10143", "1" ], [ "0.14663", "16857", "1" ], [ "0.14632", "23438", "1" ], [ "0.14602", "428", "1" ], [ "0.14601", "30289", "1" ], [ "0.14570", "37288", "1" ], [ "0.14548", "671356", "1" ], [ "0.13462", "45511", "1" ], [ "0.13333", "666244", "1" ], [ "0.11854", "781", "1" ], [ "0.11556", "4767", "1" ], [ "0.11235", "12127", "1" ], [ "0.10914", "20915", "1" ], [ "0.10593", "71406", "1" ], [ "0.10272", "210718", "1" ] ],
      "asks" : [ [ "0.14861", "4371", "1" ], [ "0.14877", "5585", "1" ], [ "0.14880", "8698", "2" ], [ "0.14900", "4593", "1" ], [ "0.14911", "10297", "1" ], [ "0.14920", "5577", "1" ], [ "0.14942", "16582", "1" ], [ "0.14973", "22839", "1" ], [ "0.15004", "29874", "1" ], [ "0.15035", "36402", "1" ], [ "0.15082", "671356", "1" ], [ "0.15841", "72", "1" ], [ "0.16296", "17447", "1" ], [ "0.16297", "666244", "1" ], [ "0.17790", "781", "1" ], [ "0.17976", "2567", "1" ], [ "0.18297", "7306", "2" ], [ "0.18618", "12977", "3" ], [ "0.18939", "36717", "4" ], [ "0.19260", "124194", "1" ], [ "0.29000", "63", "1" ], [ "0.31505", "2246", "1" ], [ "0.45000", "39", "1" ], [ "0.58000", "544", "1" ], [ "0.70000", "191", "1" ], [ "0.80000", "544", "1" ], [ "1.00000", "200", "1" ], [ "1.01000", "9", "1" ] ],
      "t" : 1756461431761
    } ],
    "instrument_name" : "KAIA_USDT"
  }
}