{
  "id" : -1,
  "method" : "public/get-book",
  "code" : 0,
  "result" : {
    "depth" : 50,
    "data" : [ {
      "bids" : [ [ "0.14807", "8", "1" ], [ "0.14801", "984", "1" ], [ "0.14763", "6940", "1" ], [ "0.14762", "4371", "1" ], [ "0.14753", "5585", "1" ], [ "0.14742", "4518", "1" ], [ "0.14725", "3984", "1" ], [ "0.14721", "4905", "1" ], [ "0.14700", "4905", "1" ], [ "0.14694", "9877", "1" ], [ "0.14663", "16656", "1" ], [ "0.14632", "24042", "1" ], [ "0.14601", "29489", "1" ], [ "0.14570", "36466", "1" ], [ "0.14550", "671356", "1" ], [ "0.14525", "266585", "1" ], [ "0.13326", "666244", "1" ], [ "0.11855", "774", "1" ], [ "0.11556", "3625", "1" ], [ "0.11235", "12307", "1" ], [ "0.10914", "19413", "1" ], [ "0.10593", "61963", "1" ], [ "0.10272", "218694", "1" ], [ "0.10053", "10", "1" ], [ "0.09653", "11", "1" ] ],
      "asks" : [ [ "0.14808", "8", "1" ], [ "0.14815", "970", "2" ], [ "0.14861", "6940", "1" ], [ "0.14862", "4371", "1" ], [ "0.14868", "4822", "1" ], [ "0.14881", "5585", "1" ], [ "0.14888", "352", "1" ], [ "0.14889", "4246", "1" ], [ "0.14910", "5877", "1" ], [ "0.14911", "2976", "1" ], [ "0.14942", "9293", "1" ], [ "0.14973", "16727", "1" ], [ "0.15004", "22593", "1" ], [ "0.15035", "29661", "1" ], [ "0.15066", "35971", "1" ], [ "0.15084", "671356", "1" ], [ "0.15090", "264662", "1" ], [ "0.16288", "666244", "1" ], [ "0.17794", "774", "1" ], [ "0.17976", "2115", "1" ], [ "0.18200", "280", "1" ], [ "0.18297", "7359", "2" ], [ "0.18500", "186", "1" ], [ "0.18618", "12510", "3" ], [ "0.18939", "42378", "4" ], [ "0.19260", "122447", "2" ], [ "0.23480", "50", "1" ], [ "0.24130", "5000", "1" ], [ "0.25000", "50", "1" ], [ "0.28000", "19", "1" ], [ "0.31500", "793", "1" ], [ "0.32160", "207", "1" ], [ "0.35000", "1000", "1" ], [ "0.36430", "2", "1" ], [ "0.40000", "1077", "2" ], [ "0.41000", "5806", "1" ], [ "0.45000", "426", "1" ], [ "0.50000", "1128", "2" ], [ "0.60800", "171", "1" ], [ "2.00000", "14", "1" ] ],
      "t" : 1756461427754
    } ],
    "instrument_name" : "KAIA_USD"
  }
}