{
  "id" : -1,
  "method" : "public/get-book",
  "code" : 0,
  "result" : {
    "depth" : 50,
    "data" : [ {
      "bids" : [ [ "0.05540", "3105.0", "1" ], [ "0.05514", "1182.0", "1" ], [ "0.05496", "4471.3", "1" ], [ "0.05429", "11427.6", "1" ], [ "0.05427", "26496.7", "2" ], [ "0.05413", "2517.1", "2" ], [ "0.05412", "15640.3", "1" ], [ "0.05375", "14627.0", "1" ], [ "0.05330", "15640.3", "1" ], [ "0.05294", "100.3", "1" ], [ "0.05293", "157.6", "1" ], [ "0.05292", "10227.7", "1" ], [ "0.05248", "15640.3", "1" ], [ "0.05208", "26344.0", "1" ], [ "0.05124", "45110.4", "1" ], [ "0.05040", "66950.4", "1" ], [ "0.05011", "538.8", "1" ], [ "0.04956", "103912.1", "1" ], [ "0.04872", "103912.1", "1" ], [ "0.04751", "884.0", "1" ], [ "0.04500", "400.0", "1" ], [ "0.04423", "2053.2", "1" ], [ "0.04356", "9161.9", "1" ], [ "0.04235", "30773.6", "1" ], [ "0.04114", "52413.1", "1" ], [ "0.03993", "162360.6", "1" ], [ "0.03872", "385625.2", "1" ], [ "0.03696", "1532.0", "1" ] ],
      "asks" : [ [ "0.05541", "1225.3", "1" ], [ "0.05565", "4324.7", "1" ], [ "0.05634", "1111.3", "1" ], [ "0.05635", "14870.0", "1" ], [ "0.05637", "11427.6", "1" ], [ "0.05651", "6115.2", "1" ], [ "0.05658", "12419.6", "1" ], [ "0.05691", "14627.0", "1" ], [ "0.05712", "9349.2", "1" ], [ "0.05740", "12419.6", "1" ], [ "0.05796", "23149.3", "2" ], [ "0.05822", "12419.6", "1" ], [ "0.05880", "40563.1", "3" ], [ "0.05964", "40563.1", "3" ], [ "0.06048", "71567.3", "4" ], [ "0.06132", "71567.3", "4" ], [ "0.06450", "6519.7", "1" ], [ "0.06500", "980.9", "1" ], [ "0.06644", "2053.2", "1" ], [ "0.06655", "6739.6", "1" ], [ "0.06776", "20765.6", "2" ], [ "0.06897", "20765.6", "2" ], [ "0.07018", "91631.9", "3" ], [ "0.07139", "241417.2", "4" ], [ "0.08500", "4908.4", "1" ], [ "0.08900", "1625.2", "2" ], [ "0.10000", "90.1", "1" ], [ "0.10400", "2896.9", "1" ], [ "0.12000", "11568.3", "2" ], [ "0.14000", "142.4", "1" ], [ "0.16000", "129.7", "1" ], [ "0.20800", "2900.0", "1" ], [ "0.60000", "385.0", "1" ], [ "0.68900", "1523.6", "2" ], [ "0.70213", "9.4", "1" ], [ "0.72500", "124.7", "1" ], [ "0.73461", "1.3", "1" ], [ "1.23000", "102.4", "1" ], [ "1.28000", "157.9", "1" ], [ "1.88900", "218.0", "1" ], [ "2.88900", "290.0", "1" ] ],
      "t" : 1756461373262
    } ],
    "instrument_name" : "KARRAT_USD"
  }
}