{
  "id" : -1,
  "method" : "public/get-book",
  "code" : 0,
  "result" : {
    "depth" : 50,
    "data" : [ {
      "bids" : [ [ "0.35481", "8.9", "1" ], [ "0.35480", "1911.1", "1" ], [ "0.35466", "1853.5", "1" ], [ "0.35444", "667.1", "1" ], [ "0.35443", "2223.5", "1" ], [ "0.35421", "734.9", "1" ], [ "0.35420", "2449.8", "1" ], [ "0.35417", "734.4", "1" ], [ "0.35416", "2448.1", "1" ], [ "0.35392", "1195.1", "1" ], [ "0.35336", "3405.4", "2" ], [ "0.35280", "3405.4", "2" ], [ "0.35224", "7417.0", "3" ], [ "0.35168", "7417.0", "2" ], [ "0.35112", "11894.5", "1" ], [ "0.33853", "666.2", "1" ], [ "0.33852", "6794.1", "1" ], [ "0.28434", "342.1", "1" ], [ "0.27968", "2110.2", "1" ], [ "0.27232", "5119.3", "2" ], [ "0.26496", "8744.3", "2" ], [ "0.25760", "8435.4", "1" ], [ "0.25024", "22949.4", "2" ], [ "0.22500", "11111.1", "1" ], [ "0.20000", "7000.0", "1" ] ],
      "asks" : [ [ "0.35584", "270.0", "1" ], [ "0.35585", "2741.1", "1" ], [ "0.35590", "1911.1", "1" ], [ "0.35604", "1630.7", "1" ], [ "0.35627", "2038.1", "1" ], [ "0.35644", "2448.1", "1" ], [ "0.35650", "2492.0", "1" ], [ "0.35672", "1013.2", "1" ], [ "0.35728", "3288.3", "2" ], [ "0.35784", "3288.3", "1" ], [ "0.35840", "5154.7", "1" ], [ "0.35896", "7551.4", "1" ], [ "0.35952", "11807.0", "1" ], [ "0.36198", "8.9", "1" ], [ "0.37397", "8.6", "1" ], [ "0.38596", "8.2", "1" ], [ "0.39795", "7.9", "1" ], [ "0.40792", "273.0", "1" ], [ "0.40994", "7.7", "1" ], [ "0.42193", "7.7", "1" ], [ "0.42681", "342.1", "1" ], [ "0.42688", "1300.5", "1" ], [ "0.43392", "7.7", "1" ], [ "0.43424", "3320.2", "2" ], [ "0.43438", "257.0", "1" ], [ "0.44160", "5616.5", "3" ], [ "0.44591", "7.7", "1" ], [ "0.44896", "3320.2", "2" ], [ "0.45632", "13348.4", "1" ], [ "0.45790", "7.7", "1" ], [ "0.46000", "869.0", "1" ], [ "0.46413", "47.4", "1" ], [ "0.46999", "7.7", "1" ], [ "0.50000", "100.0", "1" ], [ "0.55000", "870.0", "1" ], [ "0.59499", "90.9", "1" ], [ "0.59500", "37.5", "1" ], [ "0.60000", "1109.5", "4" ], [ "0.63000", "102.5", "2" ], [ "0.65000", "200.0", "1" ], [ "0.69000", "112.5", "1" ], [ "0.70000", "1200.0", "2" ], [ "0.80000", "1332.5", "4" ], [ "0.81000", "29.9", "1" ], [ "0.85000", "544.6", "1" ], [ "0.85900", "1097.2", "1" ], [ "0.90000", "2443.6", "5" ], [ "0.92520", "1022.1", "1" ], [ "1.00000", "246.7", "2" ], [ "1.10000", "288.9", "3" ] ],
      "t" : 1756461456231
    } ],
    "instrument_name" : "KDA_USD"
  }
}