{
  "id" : -1,
  "method" : "public/get-book",
  "code" : 0,
  "result" : {
    "depth" : 50,
    "data" : [ {
      "bids" : [ [ "0.18358", "47", "1" ], [ "0.18357", "1100", "1" ], [ "0.18356", "2157", "1" ], [ "0.18350", "136", "1" ], [ "0.18331", "3843", "2" ], [ "0.18323", "4580", "1" ], [ "0.18312", "3090", "1" ], [ "0.18304", "2719", "1" ], [ "0.18288", "3878", "1" ], [ "0.18285", "2500", "1" ], [ "0.18272", "7717", "2" ], [ "0.18264", "3878", "1" ], [ "0.18240", "13662", "3" ], [ "0.18239", "16405", "1" ], [ "0.18214", "1200", "1" ], [ "0.18213", "5439", "1" ], [ "0.18208", "13662", "2" ], [ "0.18176", "24721", "2" ], [ "0.18175", "10000", "1" ], [ "0.18144", "30204", "1" ], [ "0.18110", "2500", "1" ], [ "0.18083", "35495", "1" ], [ "0.18064", "25000", "2" ], [ "0.18049", "2500", "1" ], [ "0.18013", "111", "1" ], [ "0.17890", "80", "1" ], [ "0.17777", "73", "1" ], [ "0.17147", "83", "1" ], [ "0.16406", "87", "1" ], [ "0.15664", "91", "1" ], [ "0.14921", "96", "1" ], [ "0.14705", "639", "1" ], [ "0.14541", "3613", "1" ], [ "0.14180", "101", "1" ], [ "0.14148", "9993", "2" ], [ "0.13755", "16844", "2" ], [ "0.13362", "41410", "2" ], [ "0.12969", "111110", "2" ] ],
      "asks" : [ [ "0.18402", "1376", "2" ], [ "0.18405", "2213", "1" ], [ "0.18415", "135", "1" ], [ "0.18435", "3578", "1" ], [ "0.18453", "4580", "1" ], [ "0.18456", "3446", "1" ], [ "0.18464", "2939", "1" ], [ "0.18480", "4453", "1" ], [ "0.18493", "2500", "1" ], [ "0.18496", "8113", "2" ], [ "0.18504", "4453", "1" ], [ "0.18521", "18007", "1" ], [ "0.18522", "5504", "1" ], [ "0.18528", "8113", "1" ], [ "0.18560", "24609", "2" ], [ "0.18592", "19331", "1" ], [ "0.18603", "10000", "1" ], [ "0.18624", "29058", "1" ], [ "0.18663", "2500", "1" ], [ "0.18678", "38305", "1" ], [ "0.18712", "227", "1" ], [ "0.18723", "12500", "1" ], [ "0.18725", "12500", "2" ], [ "0.18731", "2500", "1" ], [ "0.19022", "1649", "3" ], [ "0.19112", "222", "1" ], [ "0.19210", "2135", "4" ], [ "0.19331", "69", "1" ], [ "0.19373", "76", "1" ], [ "0.19398", "1735", "3" ], [ "0.19514", "218", "1" ], [ "0.19914", "215", "1" ], [ "0.20108", "67", "1" ], [ "0.20116", "74", "1" ], [ "0.20316", "215", "1" ], [ "0.20716", "215", "1" ], [ "0.20857", "71", "1" ], [ "0.20885", "64", "1" ], [ "0.21118", "215", "1" ], [ "0.21518", "215", "1" ], [ "0.21599", "68", "1" ], [ "0.21662", "62", "1" ], [ "0.21920", "215", "1" ], [ "0.22073", "639", "1" ], [ "0.22320", "215", "1" ], [ "0.22342", "66", "1" ], [ "0.22401", "1767", "1" ], [ "0.22439", "60", "1" ], [ "0.22722", "215", "1" ], [ "0.22794", "6293", "2" ] ],
      "t" : 1756461461533
    } ],
    "instrument_name" : "KERNEL_USD"
  }
}