{
  "id" : -1,
  "method" : "public/get-book",
  "code" : 0,
  "result" : {
    "depth" : 50,
    "data" : [ {
      "bids" : [ [ "0.055498", "215", "1" ], [ "0.055497", "12419", "1" ], [ "0.055488", "12972", "1" ], [ "0.055437", "12972", "1" ], [ "0.055386", "12677", "1" ], [ "0.055368", "15908", "1" ], [ "0.055335", "7954", "1" ], [ "0.055250", "29862", "2" ], [ "0.055165", "29862", "2" ], [ "0.055080", "68070", "3" ], [ "0.054995", "68070", "3" ], [ "0.054910", "68070", "1" ], [ "0.052611", "26178", "1" ], [ "0.044460", "2500", "1" ], [ "0.044148", "12134", "1" ], [ "0.043016", "37963", "2" ], [ "0.041884", "64213", "2" ], [ "0.040752", "134846", "2" ], [ "0.039620", "412806", "2" ] ],
      "asks" : [ [ "0.055669", "12419", "1" ], [ "0.055692", "10876", "1" ], [ "0.055743", "12341", "1" ], [ "0.055748", "15908", "1" ], [ "0.055760", "8276", "1" ], [ "0.055794", "16790", "1" ], [ "0.055845", "29623", "2" ], [ "0.055929", "926", "1" ], [ "0.055930", "65348", "2" ], [ "0.056015", "65348", "1" ], [ "0.056100", "65348", "1" ], [ "0.056185", "104537", "1" ], [ "0.060000", "4990", "1" ], [ "0.062000", "3405", "1" ], [ "0.062880", "44", "1" ], [ "0.063000", "3817", "1" ], [ "0.066000", "3353", "1" ], [ "0.066710", "2500", "1" ], [ "0.066788", "8991", "1" ], [ "0.067920", "25297", "2" ], [ "0.068000", "3000", "1" ], [ "0.069052", "42299", "3" ], [ "0.070184", "78539", "4" ], [ "0.071316", "234856", "5" ] ],
      "t" : 1756461455973
    } ],
    "instrument_name" : "KMNO_USD"
  }
}