{
  "id" : -1,
  "method" : "public/get-book",
  "code" : 0,
  "result" : {
    "depth" : 50,
    "data" : [ {
      "bids" : [ [ "0.33850", "72", "1" ], [ "0.33849", "2012", "1" ], [ "0.33804", "28", "1" ], [ "0.33803", "1771", "1" ], [ "0.33791", "2576", "1" ], [ "0.33726", "3952", "2" ], [ "0.33649", "7058", "2" ], [ "0.33572", "7544", "1" ], [ "0.33495", "10809", "1" ], [ "0.33418", "14182", "1" ], [ "0.33341", "16821", "1" ], [ "0.32578", "4", "1" ], [ "0.30000", "2353", "1" ], [ "0.29318", "4", "1" ], [ "0.28720", "4", "1" ], [ "0.28679", "4", "1" ], [ "0.27114", "361", "1" ], [ "0.27105", "1675", "1" ], [ "0.26410", "5549", "2" ], [ "0.25715", "5549", "1" ], [ "0.25020", "32503", "2" ], [ "0.25000", "2000", "1" ], [ "0.24325", "80110", "2" ], [ "0.20000", "5000", "1" ] ],
      "asks" : [ [ "0.34240", "816", "1" ], [ "0.34241", "389", "1" ], [ "0.34242", "2012", "1" ], [ "0.34265", "1963", "1" ], [ "0.34300", "2576", "1" ], [ "0.34342", "3582", "2" ], [ "0.34419", "6583", "2" ], [ "0.34496", "7397", "1" ], [ "0.34573", "10849", "1" ], [ "0.34650", "13443", "1" ], [ "0.34727", "16390", "1" ], [ "0.41037", "361", "1" ], [ "0.41700", "1115", "1" ], [ "0.42395", "3385", "2" ], [ "0.43090", "5845", "2" ], [ "0.43785", "15770", "2" ], [ "0.44480", "50017", "1" ], [ "0.49000", "4", "1" ], [ "0.60000", "1031", "2" ], [ "0.65000", "1000", "1" ], [ "0.70000", "1030", "2" ], [ "0.74700", "14", "1" ], [ "0.74820", "2305", "1" ], [ "0.75000", "1000", "1" ], [ "0.78000", "10", "1" ], [ "0.79180", "2359", "1" ], [ "0.80000", "1000", "1" ], [ "0.81000", "3000", "1" ], [ "0.82000", "3000", "1" ], [ "0.83000", "3000", "1" ], [ "0.83561", "1", "1" ], [ "0.84000", "3000", "1" ], [ "0.85000", "3000", "1" ], [ "0.85470", "12", "1" ], [ "0.86000", "3000", "1" ], [ "0.87000", "3000", "1" ], [ "0.88000", "3000", "1" ], [ "0.88900", "66", "1" ], [ "0.89000", "3000", "1" ], [ "0.89180", "4556", "1" ], [ "0.89998", "41", "1" ], [ "0.90000", "6815", "2" ], [ "0.90500", "684", "1" ], [ "0.91000", "4000", "1" ], [ "0.92000", "4000", "1" ], [ "0.92153", "150", "1" ], [ "0.93000", "4000", "1" ], [ "0.94000", "4000", "1" ], [ "0.95000", "4000", "1" ], [ "0.96000", "4000", "1" ] ],
      "t" : 1756461472231
    } ],
    "instrument_name" : "KRL_USD"
  }
}