{
  "id" : -1,
  "method" : "public/get-book",
  "code" : 0,
  "result" : {
    "depth" : 50,
    "data" : [ {
      "bids" : [ [ "0.007475", "1110", "1" ], [ "0.007460", "2130", "1" ], [ "0.007444", "2430", "1" ], [ "0.007438", "2630", "1" ], [ "0.007434", "89080", "1" ], [ "0.007429", "106480", "1" ], [ "0.007428", "2610", "1" ], [ "0.007419", "2630", "1" ], [ "0.007417", "113600", "1" ], [ "0.007410", "146330", "2" ], [ "0.007407", "2090", "1" ], [ "0.007393", "2200", "1" ], [ "0.007391", "81980", "1" ], [ "0.007384", "130020", "2" ], [ "0.007376", "2470", "1" ], [ "0.007367", "2470", "1" ], [ "0.007358", "226480", "2" ], [ "0.007356", "2450", "1" ], [ "0.007348", "2120", "1" ], [ "0.007335", "2610", "1" ], [ "0.007332", "226480", "1" ], [ "0.007323", "2310", "1" ], [ "0.007309", "2340", "1" ], [ "0.007306", "320790", "1" ], [ "0.007304", "10410", "1" ], [ "0.007296", "2070", "1" ], [ "0.007285", "2540", "1" ], [ "0.007280", "420110", "1" ], [ "0.007279", "2710", "1" ], [ "0.007272", "2550", "1" ], [ "0.007257", "2360", "1" ], [ "0.007218", "68380", "4" ], [ "0.007217", "24310", "1" ], [ "0.007000", "2000", "1" ], [ "0.005972", "15940", "1" ], [ "0.005846", "66670", "1" ], [ "0.005688", "242120", "1" ], [ "0.005530", "404590", "1" ], [ "0.005372", "680740", "1" ], [ "0.005214", "2082910", "1" ] ],
      "asks" : [ [ "0.007524", "2650", "1" ], [ "0.007534", "89080", "1" ], [ "0.007539", "2570", "1" ], [ "0.007543", "96290", "1" ], [ "0.007551", "115740", "2" ], [ "0.007562", "103630", "1" ], [ "0.007565", "170", "1" ], [ "0.007566", "40890", "1" ], [ "0.007580", "2180", "1" ], [ "0.007581", "120530", "1" ], [ "0.007586", "2400", "1" ], [ "0.007592", "129240", "1" ], [ "0.007597", "2150", "1" ], [ "0.007605", "2600", "1" ], [ "0.007618", "231300", "1" ], [ "0.007621", "2530", "1" ], [ "0.007631", "2340", "1" ], [ "0.007643", "2240", "1" ], [ "0.007644", "316260", "1" ], [ "0.007650", "2520", "1" ], [ "0.007661", "2440", "1" ], [ "0.007670", "392480", "1" ], [ "0.007676", "2170", "1" ], [ "0.007692", "2390", "1" ], [ "0.007696", "494160", "1" ], [ "0.007705", "2450", "1" ], [ "0.007719", "2040", "1" ], [ "0.007736", "2300", "1" ], [ "0.007747", "2290", "1" ], [ "0.007760", "2380", "1" ], [ "0.007817", "7770", "1" ], [ "0.007832", "6790", "1" ], [ "0.007839", "5590", "1" ], [ "0.007851", "4350", "1" ], [ "0.007868", "5550", "1" ], [ "0.007875", "4490", "1" ], [ "0.007891", "4950", "1" ], [ "0.007905", "7880", "1" ], [ "0.007922", "8360", "1" ], [ "0.007930", "6130", "1" ], [ "0.007937", "5470", "1" ], [ "0.007948", "1250", "1" ], [ "0.007953", "7630", "1" ], [ "0.007966", "5910", "1" ], [ "0.007973", "5830", "1" ], [ "0.007987", "6830", "1" ], [ "0.007998", "2340", "1" ], [ "0.008004", "8040", "1" ], [ "0.008019", "3910", "1" ], [ "0.008030", "6140", "1" ] ],
      "t" : 1756461372864
    } ],
    "instrument_name" : "KYVE_USD"
  }
}