{
  "id" : -1,
  "method" : "public/get-book",
  "code" : 0,
  "result" : {
    "depth" : 50,
    "data" : [ {
      "bids" : [ [ "0.03997", "30813", "2" ], [ "0.03996", "18969", "1" ], [ "0.03990", "5009", "1" ], [ "0.03984", "23978", "2" ], [ "0.03972", "34697", "3" ], [ "0.03960", "15078", "1" ], [ "0.03949", "369", "1" ], [ "0.03948", "24826", "1" ], [ "0.03936", "46292", "1" ], [ "0.03924", "55426", "1" ], [ "0.03841", "607", "1" ], [ "0.03809", "2", "1" ], [ "0.03609", "2", "1" ], [ "0.03509", "3", "1" ], [ "0.03500", "400", "1" ], [ "0.03309", "3", "1" ], [ "0.03209", "3088", "1" ], [ "0.03159", "18044", "1" ], [ "0.03078", "50535", "1" ], [ "0.03009", "3", "1" ], [ "0.02997", "81602", "1" ], [ "0.02916", "203832", "1" ], [ "0.02835", "504325", "1" ] ],
      "asks" : [ [ "0.04045", "17526", "1" ], [ "0.04050", "5009", "1" ], [ "0.04055", "25677", "2" ], [ "0.04056", "22657", "2" ], [ "0.04067", "11370", "1" ], [ "0.04068", "34062", "2" ], [ "0.04080", "47853", "2" ], [ "0.04092", "35494", "1" ], [ "0.04104", "43969", "1" ], [ "0.04116", "54311", "1" ], [ "0.04830", "911", "1" ], [ "0.04831", "3088", "1" ], [ "0.04860", "8830", "2" ], [ "0.04941", "31249", "2" ], [ "0.05022", "31249", "2" ], [ "0.05103", "98164", "3" ], [ "0.05184", "310321", "4" ], [ "0.05800", "4988", "1" ], [ "0.05999", "1221", "3" ], [ "0.06000", "3415", "1" ], [ "0.08100", "199", "1" ], [ "0.09410", "6467", "1" ], [ "0.09500", "17282", "1" ], [ "0.10000", "2338", "1" ], [ "0.13800", "2468", "1" ], [ "0.15600", "12", "1" ] ],
      "t" : 1756461478945
    } ],
    "instrument_name" : "L3_USD"
  }
}