{
  "id" : -1,
  "method" : "public/get-book",
  "code" : 0,
  "result" : {
    "depth" : 50,
    "data" : [ {
      "bids" : [ [ "0.00000002958", "1690000000", "1" ], [ "0.00000002956", "1691000000", "1" ], [ "0.00000002948", "9175000000", "1" ], [ "0.00000002947", "1156000000", "1" ], [ "0.00000002940", "1593000000", "2" ], [ "0.00000002935", "9175000000", "1" ], [ "0.00000002933", "1637000000", "2" ], [ "0.00000002926", "5786000000", "3" ], [ "0.00000002919", "1958000000", "1" ], [ "0.00000002912", "9999000000", "2" ], [ "0.00000002898", "14155000000", "2" ], [ "0.00000002884", "18111000000", "2" ], [ "0.00000002870", "22805000000", "1" ], [ "0.00000002518", "11939000000", "1" ], [ "0.00000002374", "9175000000", "1" ], [ "0.00000002356", "9689000000", "1" ], [ "0.00000002294", "34652000000", "1" ], [ "0.00000002232", "55056000000", "1" ], [ "0.00000002170", "77505000000", "1" ], [ "0.00000002108", "100546000000", "1" ], [ "0.00000002046", "120263000000", "1" ] ],
      "asks" : [ [ "0.00000002998", "3109000000", "1" ], [ "0.00000003000", "1666000000", "1" ], [ "0.00000003002", "1665000000", "1" ], [ "0.00000003004", "1664000000", "1" ], [ "0.00000003012", "9175000000", "1" ], [ "0.00000003017", "1631000000", "1" ], [ "0.00000003019", "12116000000", "1" ], [ "0.00000003024", "1631000000", "1" ], [ "0.00000003026", "9175000000", "1" ], [ "0.00000003031", "1848000000", "2" ], [ "0.00000003038", "6587000000", "3" ], [ "0.00000003045", "1990000000", "1" ], [ "0.00000003052", "9699000000", "1" ], [ "0.00000003066", "13854000000", "1" ], [ "0.00000003080", "19607000000", "1" ], [ "0.00000003094", "22746000000", "1" ], [ "0.00000003584", "9175000000", "1" ], [ "0.00000003596", "13186000000", "1" ], [ "0.00000003658", "33586000000", "2" ], [ "0.00000003720", "53929000000", "2" ], [ "0.00000003782", "78397000000", "2" ], [ "0.00000003844", "98185000000", "2" ], [ "0.00000003906", "119769000000", "2" ], [ "0.00000004000", "1000000", "1" ] ],
      "t" : 1756461507817
    } ],
    "instrument_name" : "LADYSUSD-PERP"
  }
}