{
  "id" : -1,
  "method" : "public/get-book",
  "code" : 0,
  "result" : {
    "depth" : 50,
    "data" : [ {
      "bids" : [ [ "0.00000002941", "20401000000", "1" ], [ "0.00000002933", "9900000000", "1" ], [ "0.00000002909", "22885000000", "1" ], [ "0.00000002904", "25323000000", "1" ], [ "0.00000002898", "23313000000", "1" ], [ "0.00000002892", "31130000000", "1" ], [ "0.00000002868", "29283000000", "1" ], [ "0.00000002863", "4925000000", "1" ], [ "0.00000002856", "16868000000", "1" ], [ "0.00000002849", "26588000000", "1" ], [ "0.00000002842", "36592000000", "1" ], [ "0.00000002835", "47976000000", "1" ], [ "0.00000002828", "59026000000", "1" ], [ "0.00000002771", "2361000000", "1" ], [ "0.00000002500", "1400000000", "1" ], [ "0.00000002374", "4164000000", "1" ], [ "0.00000002356", "21941000000", "1" ], [ "0.00000002333", "7458000000", "1" ], [ "0.00000002294", "63780000000", "2" ], [ "0.00000002232", "106884000000", "2" ], [ "0.00000002170", "106884000000", "1" ], [ "0.00000002108", "244413000000", "2" ] ],
      "asks" : [ [ "0.00000003054", "22885000000", "1" ], [ "0.00000003060", "18734000000", "1" ], [ "0.00000003066", "28172000000", "1" ], [ "0.00000003072", "23470000000", "1" ], [ "0.00000003097", "29283000000", "1" ], [ "0.00000003101", "4583000000", "1" ], [ "0.00000003108", "14899000000", "1" ], [ "0.00000003115", "26242000000", "1" ], [ "0.00000003122", "37497000000", "1" ], [ "0.00000003129", "48212000000", "1" ], [ "0.00000003136", "58371000000", "1" ], [ "0.00000003584", "4164000000", "1" ], [ "0.00000003596", "15913000000", "1" ], [ "0.00000003658", "43271000000", "2" ], [ "0.00000003720", "43271000000", "3" ], [ "0.00000003782", "43271000000", "2" ], [ "0.00000003844", "111973000000", "3" ], [ "0.00000004000", "917000000", "1" ], [ "0.00000008402", "10066000000", "1" ], [ "0.00000008450", "344000000", "1" ], [ "0.00000009980", "1573000000", "1" ], [ "0.00000011900", "3591000000", "1" ], [ "0.00000014055", "225000000", "1" ], [ "0.00000014572", "1019000000", "1" ], [ "0.00000015000", "889000000", "1" ], [ "0.00000018392", "150000000", "1" ], [ "0.00000020008", "25000000", "1" ], [ "0.00000022937", "9000000", "1" ], [ "0.00000024050", "880000000", "1" ], [ "0.00000024581", "878000000", "1" ], [ "0.00000024585", "66000000", "1" ], [ "0.00000025521", "871000000", "1" ], [ "0.00000027700", "28000000", "1" ], [ "0.00000030350", "2110000000", "1" ], [ "0.00000031147", "64000000", "1" ], [ "0.00000033000", "174000000", "1" ], [ "0.00000036170", "28000000", "1" ], [ "0.00000038700", "38000000", "1" ], [ "0.00000041082", "25000000", "1" ], [ "0.00000045070", "84000000", "1" ], [ "0.00000050000", "75000000", "1" ], [ "0.00000051370", "74000000", "1" ], [ "0.00000053507", "56000000", "1" ], [ "0.00000075060", "85000000", "1" ], [ "0.00000076900", "37000000", "1" ], [ "0.00000090000", "15000000", "1" ], [ "0.00000099800", "1000000000", "1" ], [ "0.00000111880", "506000000", "1" ], [ "0.00000147800", "1517000000", "1" ], [ "0.00000224760", "617000000", "1" ] ],
      "t" : 1756461503846
    } ],
    "instrument_name" : "LADYS_USDT"
  }
}