{
  "id" : -1,
  "method" : "public/get-book",
  "code" : 0,
  "result" : {
    "depth" : 50,
    "data" : [ {
      "bids" : [ [ "0.00000002972", "10371000000", "1" ], [ "0.00000002971", "17901000000", "1" ], [ "0.00000002970", "4216000000", "1" ], [ "0.00000002957", "29283000000", "1" ], [ "0.00000002954", "4321000000", "1" ], [ "0.00000002947", "17022000000", "1" ], [ "0.00000002940", "26121000000", "1" ], [ "0.00000002933", "36652000000", "1" ], [ "0.00000002926", "48723000000", "1" ], [ "0.00000002919", "59141000000", "1" ], [ "0.00000002909", "22885000000", "1" ], [ "0.00000002904", "22433000000", "1" ], [ "0.00000002900", "6896000000", "1" ], [ "0.00000002898", "24744000000", "1" ], [ "0.00000002892", "28097000000", "1" ], [ "0.00000002800", "3000000000", "2" ], [ "0.00000002700", "1850000000", "1" ], [ "0.00000002600", "1950000000", "1" ], [ "0.00000002500", "2000000000", "1" ], [ "0.00000002400", "2100000000", "1" ], [ "0.00000002374", "4099000000", "1" ], [ "0.00000002356", "21158000000", "1" ], [ "0.00000002300", "2200000000", "1" ], [ "0.00000002294", "67542000000", "2" ], [ "0.00000002281", "44000000", "1" ], [ "0.00000002232", "67542000000", "1" ], [ "0.00000002170", "105530000000", "1" ], [ "0.00000002108", "246950000000", "2" ], [ "0.00000002000", "5000000000", "1" ], [ "0.00000001000", "100000000", "1" ] ],
      "asks" : [ [ "0.00000003005", "30598000000", "2" ], [ "0.00000003007", "29283000000", "1" ], [ "0.00000003010", "5347000000", "1" ], [ "0.00000003017", "15232000000", "1" ], [ "0.00000003021", "1977000000", "1" ], [ "0.00000003022", "67000000", "1" ], [ "0.00000003024", "25615000000", "1" ], [ "0.00000003031", "48063000000", "1" ], [ "0.00000003036", "2243000000", "1" ], [ "0.00000003038", "56885000000", "1" ], [ "0.00000003044", "62000000", "1" ], [ "0.00000003045", "56885000000", "1" ], [ "0.00000003055", "22885000000", "1" ], [ "0.00000003060", "27052000000", "1" ], [ "0.00000003066", "21823000000", "1" ], [ "0.00000003072", "29102000000", "1" ], [ "0.00000003090", "65000000", "1" ], [ "0.00000003102", "2195000000", "1" ], [ "0.00000003133", "61000000", "1" ], [ "0.00000003149", "10000000000", "1" ], [ "0.00000003159", "64000000", "1" ], [ "0.00000003166", "63000000", "1" ], [ "0.00000003221", "59000000", "1" ], [ "0.00000003228", "66000000", "1" ], [ "0.00000003232", "2105000000", "1" ], [ "0.00000003296", "2277000000", "1" ], [ "0.00000003298", "66000000", "1" ], [ "0.00000003309", "57000000", "1" ], [ "0.00000003311", "1520000000", "1" ], [ "0.00000003353", "719000000", "1" ], [ "0.00000003365", "2277000000", "1" ], [ "0.00000003368", "66000000", "1" ], [ "0.00000003382", "1418000000", "1" ], [ "0.00000003396", "57000000", "1" ], [ "0.00000003410", "1406000000", "1" ], [ "0.00000003439", "1394000000", "1" ], [ "0.00000003469", "1379000000", "1" ], [ "0.00000003484", "57000000", "1" ], [ "0.00000003498", "1394000000", "1" ], [ "0.00000003511", "1457000000", "1" ], [ "0.00000003529", "1359000000", "1" ], [ "0.00000003559", "1356000000", "1" ], [ "0.00000003574", "57000000", "1" ], [ "0.00000003584", "4099000000", "1" ], [ "0.00000003589", "344000000", "1" ], [ "0.00000003595", "75000000", "1" ], [ "0.00000003596", "13179000000", "1" ], [ "0.00000003605", "18713000000", "1" ], [ "0.00000003620", "1325000000", "1" ], [ "0.00000003626", "606000000", "1" ] ],
      "t" : 1756461497884
    } ],
    "instrument_name" : "LADYS_USD"
  }
}