{
  "id" : -1,
  "method" : "public/get-book",
  "code" : 0,
  "result" : {
    "depth" : 50,
    "data" : [ {
      "bids" : [ [ "0.53685", "1", "1" ], [ "0.53682", "1", "1" ], [ "0.53649", "89", "1" ], [ "0.53648", "203", "1" ], [ "0.53637", "2234", "1" ], [ "0.53603", "93", "1" ], [ "0.53600", "186", "1" ], [ "0.53592", "93", "1" ], [ "0.53581", "93", "1" ], [ "0.53570", "93", "1" ], [ "0.53502", "3351", "1" ], [ "0.53408", "234", "1" ], [ "0.53392", "234", "1" ], [ "0.53376", "234", "1" ], [ "0.53360", "234", "1" ], [ "0.53331", "189", "1" ], [ "0.53308", "1251", "1" ], [ "0.53298", "281", "1" ], [ "0.53271", "281", "1" ], [ "0.53256", "926", "1" ], [ "0.53244", "281", "1" ], [ "0.53217", "281", "1" ], [ "0.53200", "768", "1" ], [ "0.53190", "282", "1" ], [ "0.53163", "282", "1" ], [ "0.53144", "978", "1" ], [ "0.53088", "1018", "2" ], [ "0.53086", "189", "1" ], [ "0.53032", "1177", "2" ], [ "0.52949", "1785", "1" ], [ "0.52866", "1123", "1" ], [ "0.52777", "2561", "2" ], [ "0.52738", "189", "1" ], [ "0.52688", "3966", "3" ], [ "0.52599", "5494", "4" ], [ "0.52510", "6636", "4" ], [ "0.42928", "893", "1" ], [ "0.42028", "530", "1" ], [ "0.40922", "1619", "1" ], [ "0.39816", "2877", "1" ], [ "0.38710", "3934", "1" ], [ "0.37604", "5100", "1" ], [ "0.36498", "6298", "1" ] ],
      "asks" : [ [ "0.53689", "1", "1" ], [ "0.53725", "1", "1" ], [ "0.53759", "89", "1" ], [ "0.53760", "186", "1" ], [ "0.53764", "176", "1" ], [ "0.53776", "2234", "1" ], [ "0.53790", "92", "1" ], [ "0.53797", "1251", "1" ], [ "0.53801", "92", "1" ], [ "0.53812", "92", "1" ], [ "0.53816", "785", "1" ], [ "0.53823", "92", "1" ], [ "0.53872", "1037", "1" ], [ "0.53881", "1785", "1" ], [ "0.53909", "3351", "1" ], [ "0.53928", "1065", "2" ], [ "0.53934", "1336", "1" ], [ "0.53984", "1159", "3" ], [ "0.54000", "231", "1" ], [ "0.54016", "231", "1" ], [ "0.54023", "2710", "1" ], [ "0.54032", "231", "1" ], [ "0.54040", "1217", "1" ], [ "0.54077", "189", "1" ], [ "0.54081", "277", "1" ], [ "0.54108", "277", "1" ], [ "0.54112", "3842", "2" ], [ "0.54135", "277", "1" ], [ "0.54162", "276", "1" ], [ "0.54189", "276", "1" ], [ "0.54201", "5211", "2" ], [ "0.54216", "276", "1" ], [ "0.54290", "6446", "1" ], [ "0.54319", "189", "1" ], [ "0.54666", "189", "1" ], [ "0.64404", "893", "1" ], [ "0.65254", "507", "1" ], [ "0.66360", "1660", "2" ], [ "0.67466", "2891", "3" ], [ "0.68572", "4099", "4" ], [ "0.69678", "5151", "4" ], [ "0.70784", "6458", "1" ] ],
      "t" : 1756461514179
    } ],
    "instrument_name" : "LAYERUSD-PERP"
  }
}