{
  "id" : -1,
  "method" : "public/get-book",
  "code" : 0,
  "result" : {
    "depth" : 50,
    "data" : [ {
      "bids" : [ [ "0.53491", "55.1", "1" ], [ "0.53490", "893.7", "1" ], [ "0.53489", "715.0", "1" ], [ "0.53478", "426.4", "1" ], [ "0.53247", "11.2", "1" ], [ "0.53246", "549.6", "1" ], [ "0.53168", "1270.8", "1" ], [ "0.53007", "1627.8", "1" ], [ "0.52992", "1516.8", "1" ], [ "0.52920", "550.0", "1" ], [ "0.52716", "1288.5", "1" ], [ "0.52561", "366.0", "1" ], [ "0.52560", "1955.5", "2" ], [ "0.52440", "1727.7", "1" ], [ "0.52200", "3309.5", "3" ], [ "0.51840", "3309.5", "3" ], [ "0.51480", "5710.3", "3" ], [ "0.51122", "2079.5", "1" ], [ "0.51121", "424.6", "1" ], [ "0.51120", "4575.9", "1" ], [ "0.42932", "228.0", "1" ], [ "0.42028", "1380.1", "1" ], [ "0.40922", "3432.3", "1" ], [ "0.39816", "6069.5", "2" ], [ "0.38710", "3432.3", "1" ], [ "0.37604", "8996.2", "1" ] ],
      "asks" : [ [ "0.53873", "715.6", "1" ], [ "0.53888", "427.9", "1" ], [ "0.53890", "567.0", "1" ], [ "0.53963", "893.7", "1" ], [ "0.54258", "1270.8", "1" ], [ "0.54372", "1070.4", "1" ], [ "0.54420", "1627.8", "1" ], [ "0.54648", "1364.2", "1" ], [ "0.54720", "702.8", "1" ], [ "0.54924", "1389.3", "1" ], [ "0.55080", "1800.7", "1" ], [ "0.55440", "2946.7", "1" ], [ "0.55800", "4197.2", "1" ], [ "0.56160", "6561.6", "1" ], [ "0.56520", "6561.6", "1" ], [ "0.64429", "228.0", "1" ], [ "0.65254", "838.6", "1" ], [ "0.66360", "2342.6", "2" ], [ "0.67466", "2342.6", "2" ], [ "0.68572", "1896.6", "2" ], [ "0.69000", "25.5", "1" ], [ "0.69678", "5169.0", "1" ], [ "0.86070", "46.6", "1" ], [ "1.00000", "58.7", "1" ], [ "1.20000", "20.0", "1" ], [ "1.30425", "0.8", "1" ], [ "1.34759", "40.6", "1" ], [ "1.45523", "63.6", "1" ], [ "1.46642", "40.8", "1" ], [ "1.58525", "40.8", "1" ], [ "1.59475", "11.2", "1" ], [ "1.60000", "12.5", "1" ], [ "1.67097", "10.6", "1" ], [ "1.70409", "40.8", "1" ], [ "1.74720", "10.2", "1" ], [ "1.82295", "40.8", "1" ], [ "1.82342", "9.7", "1" ], [ "1.89963", "9.2", "1" ], [ "1.90000", "644.4", "2" ], [ "1.97585", "8.9", "1" ], [ "2.00000", "1769.0", "1" ], [ "2.05208", "8.6", "1" ], [ "2.12829", "8.8", "1" ], [ "2.20452", "1.0", "1" ], [ "2.28074", "7.6", "1" ], [ "2.35695", "7.3", "1" ], [ "2.40000", "8.4", "1" ], [ "2.43318", "7.1", "1" ], [ "2.50939", "7.0", "1" ], [ "2.58562", "6.7", "1" ] ],
      "t" : 1756461506918
    } ],
    "instrument_name" : "LAYER_USD"
  }
}