{
  "id" : -1,
  "method" : "public/get-book",
  "code" : 0,
  "result" : {
    "depth" : 50,
    "data" : [ {
      "bids" : [ [ "0.022283", "30552.0", "1" ], [ "0.022135", "15570.6", "1" ], [ "0.022134", "35835.4", "1" ], [ "0.022083", "39105.9", "1" ], [ "0.021945", "11483.9", "1" ], [ "0.021917", "35835.4", "1" ], [ "0.021700", "35835.4", "1" ], [ "0.021660", "39370.0", "2" ], [ "0.021375", "39370.0", "1" ], [ "0.021090", "61776.9", "2" ], [ "0.021087", "3363.9", "1" ], [ "0.020805", "89309.2", "2" ], [ "0.020520", "117239.6", "2" ], [ "0.018121", "5687.3", "1" ], [ "0.017862", "29496.4", "1" ], [ "0.017404", "89965.2", "2" ], [ "0.016946", "89965.2", "1" ], [ "0.016488", "129093.8", "1" ], [ "0.016030", "509305.9", "2" ] ],
      "asks" : [ [ "0.023330", "30552.0", "1" ], [ "0.023434", "901.9", "1" ], [ "0.023436", "28052.8", "1" ], [ "0.023532", "39105.9", "1" ], [ "0.023653", "35444.0", "1" ], [ "0.023655", "12949.9", "1" ], [ "0.023870", "28052.8", "1" ], [ "0.023940", "33594.7", "1" ], [ "0.024000", "969.4", "1" ], [ "0.024225", "56383.4", "1" ], [ "0.024510", "76671.1", "2" ], [ "0.024795", "102652.2", "2" ], [ "0.025080", "76671.1", "2" ], [ "0.026380", "210.7", "1" ], [ "0.026956", "201.5", "1" ], [ "0.027532", "201.5", "1" ], [ "0.027547", "5687.3", "1" ], [ "0.027938", "16068.6", "1" ], [ "0.028108", "187.0", "1" ], [ "0.028396", "52580.2", "1" ], [ "0.028684", "177.5", "1" ], [ "0.028854", "92313.9", "1" ], [ "0.028905", "761.1", "1" ], [ "0.029260", "177.4", "1" ], [ "0.029312", "106751.2", "1" ], [ "0.029770", "284012.5", "1" ], [ "0.029836", "177.5", "1" ], [ "0.030000", "11314.6", "1" ], [ "0.030412", "41.3", "1" ], [ "0.030475", "44.7", "1" ], [ "0.030988", "89.0", "1" ], [ "0.031572", "160.9", "1" ], [ "0.033000", "5500.0", "1" ], [ "0.033070", "40.9", "1" ], [ "0.035000", "2017.1", "1" ], [ "0.035664", "38.9", "1" ], [ "0.038258", "34.9", "1" ], [ "0.040000", "6415.9", "1" ], [ "0.040579", "30158.5", "1" ], [ "0.040851", "32.5", "1" ], [ "0.043202", "1031.5", "1" ], [ "0.043445", "30.4", "1" ], [ "0.043533", "901.9", "1" ], [ "0.045000", "2138.7", "1" ], [ "0.046015", "964.4", "1" ], [ "0.046039", "28.6", "1" ], [ "0.046251", "3416.0", "1" ], [ "0.048633", "27.0", "1" ], [ "0.048827", "43.3", "1" ], [ "0.050000", "20038.1", "1" ] ],
      "t" : 1756461481610
    } ],
    "instrument_name" : "LBR_USD"
  }
}