{
  "id" : -1,
  "method" : "public/get-book",
  "code" : 0,
  "result" : {
    "depth" : 50,
    "data" : [ {
      "bids" : [ [ "0.35183", "662", "1" ], [ "0.35133", "1683", "1" ], [ "0.35072", "1446", "1" ], [ "0.35031", "500", "1" ], [ "0.35028", "828", "1" ], [ "0.34889", "2285", "2" ], [ "0.34816", "3778", "2" ], [ "0.34750", "3214", "1" ], [ "0.34560", "3778", "1" ], [ "0.29001", "3095", "9" ], [ "0.29000", "674", "1" ], [ "0.28345", "314", "1" ], [ "0.27825", "1417", "1" ], [ "0.27030", "4572", "2" ], [ "0.26235", "8123", "2" ], [ "0.25440", "74521", "2" ], [ "0.24645", "227129", "2" ] ],
      "asks" : [ [ "0.35783", "1683", "1" ], [ "0.35840", "1800", "1" ], [ "0.35886", "500", "1" ], [ "0.36001", "895", "1" ], [ "0.36096", "3876", "2" ], [ "0.36140", "2376", "2" ], [ "0.36279", "3215", "1" ], [ "0.36352", "3876", "2" ], [ "0.42268", "2189", "1" ], [ "0.42779", "314", "1" ], [ "0.42930", "1047", "1" ], [ "0.43725", "2903", "2" ], [ "0.44100", "10000", "1" ], [ "0.44520", "5252", "3" ], [ "0.45314", "4579", "2" ], [ "0.45315", "42821", "4" ], [ "0.45900", "10000", "1" ], [ "0.46110", "120371", "2" ], [ "0.46500", "10000", "1" ], [ "0.47000", "213", "1" ], [ "0.47500", "12500", "2" ], [ "0.51890", "2460", "1" ] ],
      "t" : 1756461525447
    } ],
    "instrument_name" : "LCRO_USD"
  }
}