{
  "id" : -1,
  "method" : "public/get-book",
  "code" : 0,
  "result" : {
    "depth" : 50,
    "data" : [ {
      "bids" : [ [ "0.00021275", "0.51", "2" ], [ "0.00021274", "21.84", "1" ], [ "0.00021265", "642.32", "1" ], [ "0.00021223", "5.00", "1" ], [ "0.00021169", "1.68", "1" ], [ "0.00021165", "5.88", "1" ], [ "0.00021150", "6.66", "1" ], [ "0.00021133", "11.32", "1" ], [ "0.00021132", "11.75", "1" ], [ "0.00021119", "144.74", "1" ], [ "0.00021112", "3.74", "1" ], [ "0.00021105", "6.66", "1" ], [ "0.00021104", "0.17", "1" ], [ "0.00021085", "0.17", "1" ], [ "0.00021060", "6.66", "1" ], [ "0.00021054", "9.91", "2" ], [ "0.00021016", "7689.16", "1" ], [ "0.00020996", "17.27", "2" ], [ "0.00020938", "17.27", "1" ], [ "0.00020935", "1.70", "1" ], [ "0.00020880", "24.48", "1" ], [ "0.00020855", "1.84", "1" ], [ "0.00020822", "31.29", "1" ], [ "0.00020797", "5695.68", "1" ], [ "0.00020702", "1.72", "1" ], [ "0.00020509", "1.87", "1" ], [ "0.00020467", "1.74", "1" ], [ "0.00020233", "1.76", "1" ], [ "0.00020163", "1.90", "1" ], [ "0.00020000", "1.78", "1" ], [ "0.00019817", "1.94", "1" ], [ "0.00019766", "1.80", "1" ], [ "0.00019531", "1.82", "1" ], [ "0.00019471", "1.97", "1" ], [ "0.00019298", "1.85", "1" ], [ "0.00019124", "2.01", "1" ], [ "0.00019064", "1.87", "1" ], [ "0.00018829", "1.89", "1" ], [ "0.00018778", "2.04", "1" ], [ "0.00018595", "1.92", "1" ], [ "0.00018432", "2.08", "1" ], [ "0.00018362", "1.94", "1" ], [ "0.00018127", "1.97", "1" ], [ "0.00018091", "4.62", "1" ], [ "0.00018086", "2.12", "1" ], [ "0.00018000", "11.11", "1" ], [ "0.00017893", "1.99", "1" ], [ "0.00017740", "2.16", "1" ], [ "0.00017660", "2.02", "1" ], [ "0.00017426", "2.04", "1" ] ],
      "asks" : [ [ "0.00021325", "640.72", "1" ], [ "0.00021328", "21.33", "1" ], [ "0.00021357", "5.00", "1" ], [ "0.00021416", "5.88", "1" ], [ "0.00021419", "18.11", "1" ], [ "0.00021420", "6.40", "1" ], [ "0.00021430", "144.11", "1" ], [ "0.00021443", "7689.16", "1" ], [ "0.00021449", "11.75", "1" ], [ "0.00021460", "3.61", "1" ], [ "0.00021465", "6.11", "1" ], [ "0.00021497", "0.17", "1" ], [ "0.00021506", "0.17", "1" ], [ "0.00021510", "6.11", "1" ], [ "0.00021518", "10.01", "1" ], [ "0.00021576", "16.16", "1" ], [ "0.00021634", "29.94", "1" ], [ "0.00021638", "1.66", "1" ], [ "0.00021668", "5695.68", "1" ], [ "0.00021692", "36.39", "1" ], [ "0.00021750", "36.39", "1" ], [ "0.00021871", "1.65", "1" ], [ "0.00022105", "9.96", "1" ], [ "0.00022106", "1.63", "1" ], [ "0.00022340", "1.61", "1" ], [ "0.00022573", "1.59", "1" ], [ "0.00022577", "3.81", "1" ], [ "0.00022807", "1.58", "1" ], [ "0.00023042", "1.56", "1" ], [ "0.00023090", "2.26", "1" ], [ "0.00023141", "2.25", "1" ], [ "0.00023275", "1.54", "1" ], [ "0.00023474", "3.66", "1" ], [ "0.00023509", "1.53", "1" ], [ "0.00023744", "1.51", "1" ], [ "0.00023927", "0.07", "1" ], [ "0.00023978", "2.16", "1" ], [ "0.00024000", "260.75", "1" ], [ "0.00024211", "2.16", "1" ], [ "0.00024310", "0.15", "1" ], [ "0.00024446", "2.16", "1" ], [ "0.00024590", "2.12", "1" ], [ "0.00024699", "2.16", "1" ], [ "0.00025533", "5.23", "1" ], [ "0.00025680", "16.71", "1" ], [ "0.00025748", "1.09", "1" ], [ "0.00025855", "1.08", "1" ], [ "0.00025963", "1.08", "1" ], [ "0.00025982", "3.78", "1" ], [ "0.00026072", "1.07", "1" ] ],
      "t" : 1756461545100
    } ],
    "instrument_name" : "LINK_BTC"
  }
}