{
  "id" : -1,
  "method" : "public/get-book",
  "code" : 0,
  "result" : {
    "depth" : 50,
    "data" : [ {
      "bids" : [ [ "0.022692", "100", "1" ], [ "0.022620", "100", "1" ], [ "0.022455", "2200", "1" ], [ "0.022450", "2200", "1" ], [ "0.022445", "2200", "1" ], [ "0.022440", "2200", "1" ], [ "0.022393", "4400", "1" ], [ "0.022386", "4400", "1" ], [ "0.022379", "4400", "1" ], [ "0.022372", "4400", "1" ], [ "0.022253", "4400", "1" ], [ "0.022242", "4400", "1" ], [ "0.022231", "4400", "1" ], [ "0.022224", "41900", "1" ], [ "0.022220", "4500", "1" ], [ "0.022209", "4500", "1" ], [ "0.022200", "15500", "1" ], [ "0.022198", "4500", "1" ], [ "0.022015", "14600", "1" ], [ "0.021928", "44900", "1" ], [ "0.021830", "17300", "2" ], [ "0.021720", "42700", "1" ], [ "0.021645", "19200", "3" ], [ "0.021460", "17500", "1" ], [ "0.021358", "72600", "2" ], [ "0.020996", "111300", "2" ], [ "0.020634", "152300", "2" ], [ "0.020272", "184200", "2" ], [ "0.018100", "29900", "1" ], [ "0.017871", "30700", "1" ], [ "0.017388", "84300", "2" ], [ "0.016905", "154800", "2" ], [ "0.016422", "209600", "2" ], [ "0.015939", "265300", "2" ], [ "0.015456", "332900", "2" ] ],
      "asks" : [ [ "0.022714", "100", "1" ], [ "0.022725", "4200", "1" ], [ "0.022730", "17500", "1" ], [ "0.022745", "2000", "1" ], [ "0.022750", "2100", "1" ], [ "0.022755", "2000", "1" ], [ "0.022760", "2000", "1" ], [ "0.022777", "100", "1" ], [ "0.022820", "4300", "1" ], [ "0.022827", "4300", "1" ], [ "0.022834", "4300", "1" ], [ "0.022841", "4300", "1" ], [ "0.022957", "4300", "1" ], [ "0.022968", "4300", "1" ], [ "0.022979", "4300", "1" ], [ "0.022990", "4300", "1" ], [ "0.023001", "4200", "1" ], [ "0.023012", "4200", "1" ], [ "0.023197", "41900", "1" ], [ "0.023310", "12600", "1" ], [ "0.023407", "44900", "1" ], [ "0.023495", "16000", "2" ], [ "0.023530", "41700", "1" ], [ "0.023680", "13400", "2" ], [ "0.023865", "15600", "2" ], [ "0.023892", "76200", "2" ], [ "0.024050", "17300", "1" ], [ "0.024254", "104400", "3" ], [ "0.024616", "148800", "4" ], [ "0.024978", "191200", "2" ], [ "0.027266", "29900", "1" ], [ "0.027531", "32100", "1" ], [ "0.028014", "88700", "2" ], [ "0.028497", "151400", "3" ], [ "0.028980", "207500", "4" ], [ "0.029463", "274500", "5" ], [ "0.029946", "333900", "1" ] ],
      "t" : 1756461567794
    } ],
    "instrument_name" : "LIONUSD-PERP"
  }
}