{
  "id" : -1,
  "method" : "public/get-book",
  "code" : 0,
  "result" : {
    "depth" : 50,
    "data" : [ {
      "bids" : [ [ "0.022628", "22090", "1" ], [ "0.022627", "770", "1" ], [ "0.022617", "33170", "1" ], [ "0.022602", "120170", "1" ], [ "0.022600", "45500", "1" ], [ "0.022575", "50890", "1" ], [ "0.022572", "183670", "1" ], [ "0.022558", "330170", "1" ], [ "0.022555", "572480", "1" ], [ "0.022550", "45980", "2" ], [ "0.022534", "183670", "1" ], [ "0.022527", "660170", "1" ], [ "0.022525", "45500", "1" ], [ "0.022500", "1650010", "2" ], [ "0.022496", "212450", "1" ], [ "0.022490", "572480", "1" ], [ "0.022475", "45500", "1" ], [ "0.022462", "92110", "1" ], [ "0.022458", "183670", "1" ], [ "0.022450", "45500", "1" ], [ "0.022425", "627210", "2" ], [ "0.022420", "183670", "1" ], [ "0.022400", "1758500", "3" ], [ "0.022382", "212450", "1" ], [ "0.022375", "43110", "1" ], [ "0.022360", "408080", "1" ], [ "0.022350", "58790", "1" ], [ "0.022344", "212450", "1" ], [ "0.022325", "54400", "1" ], [ "0.022307", "2242090", "1" ], [ "0.022306", "183670", "1" ], [ "0.022300", "1642230", "2" ], [ "0.022295", "408080", "1" ], [ "0.022275", "54400", "1" ], [ "0.022268", "212450", "1" ], [ "0.022250", "43110", "1" ], [ "0.022240", "195880", "2" ], [ "0.022230", "779630", "2" ], [ "0.022200", "1599120", "1" ], [ "0.022192", "216650", "1" ], [ "0.022165", "408080", "1" ], [ "0.022154", "226280", "1" ], [ "0.022116", "230600", "1" ], [ "0.022114", "410", "1" ], [ "0.022100", "2100040", "2" ], [ "0.022081", "27570", "1" ], [ "0.022080", "195880", "1" ], [ "0.022078", "226280", "1" ], [ "0.022040", "226280", "1" ], [ "0.022035", "548490", "1" ] ],
      "asks" : [ [ "0.022717", "5000", "1" ], [ "0.022718", "33170", "1" ], [ "0.022725", "33170", "1" ], [ "0.022727", "970", "1" ], [ "0.022728", "120170", "1" ], [ "0.022750", "47950", "1" ], [ "0.022752", "1390", "1" ], [ "0.022762", "183910", "1" ], [ "0.022764", "330170", "1" ], [ "0.022775", "46360", "1" ], [ "0.022800", "211250", "2" ], [ "0.022815", "452090", "1" ], [ "0.022825", "52660", "1" ], [ "0.022838", "207820", "1" ], [ "0.022850", "43340", "1" ], [ "0.022875", "41460", "1" ], [ "0.022876", "193610", "1" ], [ "0.022880", "452090", "1" ], [ "0.022900", "51180", "1" ], [ "0.022914", "180100", "1" ], [ "0.022925", "40780", "1" ], [ "0.022936", "24450", "1" ], [ "0.022945", "452090", "1" ], [ "0.022950", "42260", "1" ], [ "0.022952", "162380", "1" ], [ "0.022975", "52550", "1" ], [ "0.022990", "168650", "1" ], [ "0.022991", "92110", "1" ], [ "0.023000", "76890", "2" ], [ "0.023010", "452090", "1" ], [ "0.023025", "60000", "1" ], [ "0.023028", "204230", "1" ], [ "0.023040", "90210", "1" ], [ "0.023050", "43010", "1" ], [ "0.023066", "163570", "1" ], [ "0.023075", "521600", "2" ], [ "0.023104", "181520", "1" ], [ "0.023126", "2242090", "1" ], [ "0.023140", "561420", "1" ], [ "0.023142", "162990", "1" ], [ "0.023180", "226930", "1" ], [ "0.023184", "56310", "2" ], [ "0.023200", "188900", "2" ], [ "0.023205", "477710", "1" ], [ "0.023218", "198910", "1" ], [ "0.023256", "191840", "1" ], [ "0.023270", "407200", "1" ], [ "0.023294", "191840", "1" ], [ "0.023335", "402140", "1" ], [ "0.023338", "660170", "1" ] ],
      "t" : 1756461563504
    } ],
    "instrument_name" : "LION_USD"
  }
}