{
  "id" : -1,
  "method" : "public/get-book",
  "code" : 0,
  "result" : {
    "depth" : 50,
    "data" : [ {
      "bids" : [ [ "0.07692", "33170", "1" ], [ "0.07680", "33170", "1" ], [ "0.07665", "41150", "1" ], [ "0.07664", "120170", "1" ], [ "0.07659", "212940", "2" ], [ "0.07650", "53760", "1" ], [ "0.07649", "330170", "1" ], [ "0.07640", "595710", "1" ], [ "0.07636", "167630", "1" ], [ "0.07635", "46170", "1" ], [ "0.07620", "134830", "2" ], [ "0.07613", "171810", "1" ], [ "0.07605", "53390", "1" ], [ "0.07600", "468090", "1" ], [ "0.07590", "242620", "2" ], [ "0.07584", "92110", "1" ], [ "0.07575", "56510", "1" ], [ "0.07567", "169940", "1" ], [ "0.07560", "632410", "2" ], [ "0.07545", "41610", "1" ], [ "0.07544", "179440", "1" ], [ "0.07536", "210220", "2" ], [ "0.07530", "41960", "1" ], [ "0.07521", "205190", "1" ], [ "0.07520", "476780", "1" ], [ "0.07515", "41960", "1" ], [ "0.07508", "660170", "1" ], [ "0.07500", "1492740", "2" ], [ "0.07498", "212250", "1" ], [ "0.07488", "296050", "1" ], [ "0.07485", "53180", "1" ], [ "0.07480", "534990", "1" ], [ "0.07475", "179230", "1" ], [ "0.07470", "53180", "1" ], [ "0.07452", "173620", "1" ], [ "0.07440", "1992970", "3" ], [ "0.07429", "222550", "1" ], [ "0.07406", "175410", "1" ], [ "0.07400", "472410", "1" ], [ "0.07383", "176710", "1" ], [ "0.07380", "1439560", "2" ], [ "0.07360", "670160", "2" ], [ "0.07337", "162450", "1" ], [ "0.07320", "1899740", "2" ], [ "0.07300", "470", "1" ], [ "0.07280", "506160", "1" ], [ "0.07260", "1439560", "2" ], [ "0.07240", "427250", "1" ], [ "0.07200", "2031050", "3" ], [ "0.07160", "458440", "1" ] ],
      "asks" : [ [ "0.07737", "620", "1" ], [ "0.07738", "33170", "1" ], [ "0.07740", "153340", "2" ], [ "0.07751", "209380", "1" ], [ "0.07755", "50520", "1" ], [ "0.07770", "50520", "1" ], [ "0.07774", "209380", "1" ], [ "0.07777", "15070", "1" ], [ "0.07780", "330170", "1" ], [ "0.07785", "42210", "1" ], [ "0.07797", "191660", "1" ], [ "0.07800", "684680", "3" ], [ "0.07812", "16770", "1" ], [ "0.07815", "55260", "1" ], [ "0.07820", "220580", "1" ], [ "0.07824", "106040", "1" ], [ "0.07830", "719270", "2" ], [ "0.07840", "539730", "1" ], [ "0.07843", "194320", "1" ], [ "0.07845", "55680", "1" ], [ "0.07854", "32420", "1" ], [ "0.07859", "9490", "1" ], [ "0.07860", "1247780", "2" ], [ "0.07866", "201880", "1" ], [ "0.07872", "204620", "2" ], [ "0.07875", "46730", "1" ], [ "0.07880", "420820", "1" ], [ "0.07889", "199050", "1" ], [ "0.07890", "56390", "1" ], [ "0.07896", "52930", "1" ], [ "0.07905", "56450", "1" ], [ "0.07912", "194640", "1" ], [ "0.07920", "1816670", "4" ], [ "0.07935", "227300", "2" ], [ "0.07938", "69850", "1" ], [ "0.07950", "57980", "1" ], [ "0.07958", "168960", "1" ], [ "0.07960", "515540", "1" ], [ "0.07980", "1397850", "1" ], [ "0.07981", "194290", "1" ], [ "0.08000", "533240", "1" ], [ "0.08004", "211180", "1" ], [ "0.08027", "224060", "1" ], [ "0.08040", "2001990", "2" ], [ "0.08050", "202740", "1" ], [ "0.08073", "211960", "1" ], [ "0.08080", "578150", "1" ], [ "0.08100", "1242000", "1" ], [ "0.08120", "508980", "1" ], [ "0.08160", "2044330", "2" ] ],
      "t" : 1756461410151
    } ],
    "instrument_name" : "LION_CRO"
  }
}