{
  "id" : -1,
  "method" : "public/get-book",
  "code" : 0,
  "result" : {
    "depth" : 50,
    "data" : [ {
      "bids" : [ [ "0.084525", "113.3", "1" ], [ "0.084519", "700.0", "1" ], [ "0.084506", "20.0", "1" ], [ "0.084451", "118.0", "1" ], [ "0.084448", "20.0", "1" ], [ "0.084408", "1555.9", "1" ], [ "0.084390", "20.0", "1" ], [ "0.084357", "1508.4", "1" ], [ "0.084332", "20.0", "1" ], [ "0.084294", "1560.6", "1" ], [ "0.084274", "20.0", "1" ], [ "0.084231", "1560.6", "1" ], [ "0.084216", "20.0", "1" ], [ "0.084188", "1990.4", "1" ], [ "0.084158", "20.0", "1" ], [ "0.084142", "1182.4", "1" ], [ "0.084132", "2788.3", "1" ], [ "0.084105", "735.7", "1" ], [ "0.084100", "20.0", "1" ], [ "0.084043", "8061.1", "1" ], [ "0.084042", "8312.7", "2" ], [ "0.084013", "8428.6", "1" ], [ "0.084007", "7090.0", "1" ], [ "0.083984", "20.0", "1" ], [ "0.083970", "2523.0", "1" ], [ "0.083873", "364.3", "1" ], [ "0.083872", "2088.3", "1" ], [ "0.083868", "20.0", "1" ], [ "0.083835", "4270.9", "1" ], [ "0.083772", "2057.2", "1" ], [ "0.083759", "4729.0", "1" ], [ "0.083700", "6333.2", "1" ], [ "0.083694", "20.0", "1" ], [ "0.083565", "8164.9", "1" ], [ "0.083520", "20.0", "1" ], [ "0.083430", "9672.5", "1" ], [ "0.083417", "35470.0", "1" ], [ "0.083346", "20.0", "1" ], [ "0.083228", "43568.3", "1" ], [ "0.083172", "20.0", "1" ], [ "0.082998", "20.0", "1" ], [ "0.082830", "3328.5", "1" ], [ "0.082824", "20.0", "1" ], [ "0.081499", "175.2", "1" ], [ "0.081494", "7649.1", "1" ], [ "0.078081", "182.9", "1" ], [ "0.075000", "333.3", "1" ], [ "0.070000", "300.0", "1" ], [ "0.067638", "1388.9", "1" ], [ "0.066563", "8328.8", "1" ] ],
      "asks" : [ [ "0.084590", "794.2", "1" ], [ "0.084612", "111.2", "1" ], [ "0.084626", "150.0", "1" ], [ "0.084642", "700.0", "1" ], [ "0.084738", "20.0", "1" ], [ "0.084757", "118.3", "1" ], [ "0.084758", "2528.3", "2" ], [ "0.084796", "20.0", "1" ], [ "0.084798", "1555.9", "1" ], [ "0.084854", "20.0", "1" ], [ "0.084861", "1851.7", "1" ], [ "0.084912", "20.0", "1" ], [ "0.084924", "1775.8", "1" ], [ "0.084970", "20.0", "1" ], [ "0.084988", "1990.4", "1" ], [ "0.085028", "20.0", "1" ], [ "0.085037", "2057.1", "1" ], [ "0.085038", "117.6", "1" ], [ "0.085050", "959.5", "1" ], [ "0.085086", "20.0", "1" ], [ "0.085144", "444.1", "2" ], [ "0.085182", "7648.9", "1" ], [ "0.085183", "7090.0", "1" ], [ "0.085185", "2658.7", "1" ], [ "0.085260", "20.0", "1" ], [ "0.085318", "20.0", "1" ], [ "0.085320", "4339.5", "1" ], [ "0.085369", "1176.6", "1" ], [ "0.085434", "20.0", "1" ], [ "0.085455", "5943.0", "1" ], [ "0.085572", "2381.2", "1" ], [ "0.085590", "7780.3", "1" ], [ "0.085608", "20.0", "1" ], [ "0.085635", "2213.7", "1" ], [ "0.085725", "9534.5", "1" ], [ "0.085772", "35470.0", "1" ], [ "0.085782", "20.0", "1" ], [ "0.085850", "4706.2", "1" ], [ "0.085956", "20.0", "1" ], [ "0.086130", "20.0", "1" ], [ "0.086304", "20.0", "1" ], [ "0.086652", "3227.5", "1" ], [ "0.086676", "43540.3", "1" ], [ "0.087947", "23421.5", "1" ], [ "0.088270", "6286.6", "1" ], [ "0.088332", "168.2", "1" ], [ "0.089654", "35098.4", "1" ], [ "0.090935", "52672.6", "1" ], [ "0.091748", "161.7", "1" ], [ "0.095166", "155.7", "1" ] ],
      "t" : 1756461570746
    } ],
    "instrument_name" : "LMWR_USD"
  }
}