{
  "id" : -1,
  "method" : "public/get-book",
  "code" : 0,
  "result" : {
    "depth" : 50,
    "data" : [ {
      "bids" : [ [ "0.084497", "700.0", "1" ], [ "0.084490", "20.0", "1" ], [ "0.084473", "118.0", "1" ], [ "0.084411", "1555.9", "1" ], [ "0.084357", "1410.2", "1" ], [ "0.084350", "20.0", "1" ], [ "0.084294", "1839.1", "1" ], [ "0.084280", "20.0", "1" ], [ "0.084231", "1839.1", "1" ], [ "0.084210", "20.0", "1" ], [ "0.084191", "1990.4", "1" ], [ "0.084169", "1113.8", "1" ], [ "0.084168", "944.9", "1" ], [ "0.084140", "20.0", "1" ], [ "0.084139", "1182.3", "1" ], [ "0.084123", "2316.0", "1" ], [ "0.084070", "20.0", "1" ], [ "0.084042", "2710.8", "1" ], [ "0.084000", "20.0", "1" ], [ "0.083990", "7090.0", "1" ], [ "0.083931", "1512.6", "1" ], [ "0.083930", "20.0", "1" ], [ "0.083917", "5275.4", "1" ], [ "0.083916", "10831.3", "2" ], [ "0.083860", "20.0", "1" ], [ "0.083858", "2836.7", "1" ], [ "0.083790", "6358.8", "2" ], [ "0.083758", "4730.0", "1" ], [ "0.083664", "8163.7", "1" ], [ "0.083580", "20.0", "1" ], [ "0.083538", "9674.1", "1" ], [ "0.083400", "35470.0", "1" ], [ "0.083370", "20.0", "1" ], [ "0.083231", "43578.1", "1" ], [ "0.083160", "20.0", "1" ], [ "0.082950", "20.0", "1" ], [ "0.082817", "3777.9", "1" ], [ "0.082740", "20.0", "1" ], [ "0.082530", "20.0", "1" ], [ "0.082184", "23597.8", "1" ], [ "0.081471", "710.1", "1" ], [ "0.081470", "6626.7", "1" ], [ "0.080824", "35210.5", "1" ], [ "0.079129", "4275.0", "1" ], [ "0.067632", "1389.5", "1" ], [ "0.066526", "6462.9", "1" ], [ "0.064728", "14555.4", "1" ], [ "0.062930", "35109.2", "2" ], [ "0.061132", "14555.4", "1" ], [ "0.059334", "44916.5", "1" ] ],
      "asks" : [ [ "0.084567", "1040.9", "1" ], [ "0.084622", "700.0", "1" ], [ "0.084729", "144.0", "1" ], [ "0.084730", "1555.9", "1" ], [ "0.084735", "1472.8", "1" ], [ "0.084737", "952.2", "1" ], [ "0.084770", "20.0", "1" ], [ "0.084798", "1472.8", "1" ], [ "0.084840", "20.0", "1" ], [ "0.084861", "1423.0", "1" ], [ "0.084910", "20.0", "1" ], [ "0.084960", "1990.4", "1" ], [ "0.084980", "20.0", "1" ], [ "0.085007", "2229.3", "1" ], [ "0.085036", "117.5", "1" ], [ "0.085050", "1018.1", "2" ], [ "0.085120", "20.0", "1" ], [ "0.085163", "7090.0", "1" ], [ "0.085176", "2615.3", "1" ], [ "0.085190", "20.0", "1" ], [ "0.085260", "20.0", "1" ], [ "0.085302", "4371.6", "1" ], [ "0.085330", "20.0", "1" ], [ "0.085363", "1176.0", "1" ], [ "0.085400", "20.0", "1" ], [ "0.085428", "5962.8", "1" ], [ "0.085470", "20.0", "1" ], [ "0.085551", "1923.9", "1" ], [ "0.085554", "12487.0", "3" ], [ "0.085679", "6318.3", "1" ], [ "0.085680", "9791.5", "2" ], [ "0.085754", "35470.0", "1" ], [ "0.085845", "4699.0", "1" ], [ "0.085890", "20.0", "1" ], [ "0.086100", "20.0", "1" ], [ "0.086310", "20.0", "1" ], [ "0.086520", "20.0", "1" ], [ "0.086628", "3888.0", "1" ], [ "0.086671", "43589.6", "1" ], [ "0.087941", "23409.4", "1" ], [ "0.088248", "6015.7", "1" ], [ "0.089649", "35124.8", "1" ], [ "0.090929", "52648.0", "1" ], [ "0.101520", "1389.5", "1" ], [ "0.102486", "4612.0", "1" ], [ "0.103306", "32.7", "1" ], [ "0.104284", "14212.0", "2" ], [ "0.106082", "14212.0", "2" ], [ "0.107880", "9049.5", "2" ], [ "0.109678", "25515.1", "3" ] ],
      "t" : 1756461570779
    } ],
    "instrument_name" : "LMWR_USDT"
  }
}