{
  "id" : -1,
  "method" : "public/get-book",
  "code" : 0,
  "result" : {
    "depth" : 50,
    "data" : [ {
      "bids" : [ [ "0.022887", "25860", "1" ], [ "0.022802", "95260", "1" ], [ "0.022776", "91020", "1" ], [ "0.022733", "23050", "1" ], [ "0.022620", "227880", "2" ], [ "0.022554", "55880", "2" ], [ "0.022464", "307930", "1" ], [ "0.022376", "4070", "1" ], [ "0.022375", "76360", "1" ], [ "0.018413", "4530", "1" ], [ "0.018292", "20400", "1" ], [ "0.017754", "71760", "2" ], [ "0.017216", "71760", "1" ], [ "0.016678", "806240", "2" ], [ "0.016140", "2732070", "2" ] ],
      "asks" : [ [ "0.023275", "25860", "1" ], [ "0.023334", "95260", "1" ], [ "0.023400", "83500", "1" ], [ "0.023449", "23170", "1" ], [ "0.023555", "840", "1" ], [ "0.023556", "207350", "2" ], [ "0.023628", "55850", "1" ], [ "0.023712", "207350", "1" ], [ "0.023807", "74630", "1" ], [ "0.027501", "1080", "1" ], [ "0.027788", "4530", "1" ], [ "0.027976", "13520", "1" ], [ "0.028514", "44930", "2" ], [ "0.029052", "44930", "2" ], [ "0.029590", "471670", "3" ], [ "0.030000", "450", "1" ], [ "0.030128", "1484010", "1" ], [ "0.030948", "40", "1" ], [ "0.034000", "11790", "1" ], [ "0.040000", "2260", "1" ], [ "0.166660", "90", "1" ] ],
      "t" : 1756461574051
    } ],
    "instrument_name" : "LOAF_USD"
  }
}