{
  "id" : -1,
  "method" : "public/get-book",
  "code" : 0,
  "result" : {
    "depth" : 50,
    "data" : [ {
      "bids" : [ [ "0.08670", "7184", "1" ], [ "0.08669", "10186", "1" ], [ "0.08667", "77249", "1" ], [ "0.08641", "7632", "1" ], [ "0.08632", "9779", "1" ], [ "0.08631", "6224", "1" ], [ "0.08618", "9086", "1" ], [ "0.08610", "8659", "1" ], [ "0.08608", "57936", "1" ], [ "0.08590", "1341", "1" ], [ "0.08589", "9291", "1" ], [ "0.08587", "14945", "1" ], [ "0.08556", "28914", "1" ], [ "0.08539", "231533", "1" ], [ "0.08525", "35325", "1" ], [ "0.08508", "265", "1" ], [ "0.08507", "96561", "1" ], [ "0.08494", "39828", "2" ], [ "0.08463", "39828", "1" ], [ "0.08000", "10000", "1" ], [ "0.07026", "1500", "1" ], [ "0.06952", "1361", "1" ], [ "0.06808", "8053", "1" ], [ "0.06624", "26473", "1" ], [ "0.06440", "26473", "1" ], [ "0.06256", "26473", "1" ], [ "0.06072", "70334", "1" ] ],
      "asks" : [ [ "0.08710", "11571", "1" ], [ "0.08711", "9238", "1" ], [ "0.08712", "9802", "1" ], [ "0.08714", "77249", "1" ], [ "0.08743", "7632", "1" ], [ "0.08757", "8630", "1" ], [ "0.08762", "9779", "1" ], [ "0.08773", "9527", "1" ], [ "0.08778", "7788", "1" ], [ "0.08784", "58043", "2" ], [ "0.08799", "10460", "1" ], [ "0.08804", "9527", "1" ], [ "0.08835", "14505", "1" ], [ "0.08852", "96561", "1" ], [ "0.08853", "231533", "1" ], [ "0.08855", "107", "1" ], [ "0.08865", "180", "1" ], [ "0.08866", "20628", "1" ], [ "0.08897", "28414", "1" ], [ "0.08928", "33599", "2" ], [ "0.08983", "107", "1" ], [ "0.09166", "232", "1" ], [ "0.09167", "108", "1" ], [ "0.09212", "108", "1" ], [ "0.09501", "119", "1" ], [ "0.09685", "131", "1" ], [ "0.09832", "948", "1" ], [ "0.09833", "119", "1" ], [ "0.10000", "320", "1" ], [ "0.10200", "708", "1" ], [ "0.10443", "1361", "1" ], [ "0.10488", "5124", "1" ], [ "0.10672", "12819", "2" ], [ "0.10856", "21663", "3" ], [ "0.11040", "21663", "3" ], [ "0.11224", "40623", "4" ], [ "0.16000", "182", "1" ], [ "0.20000", "760", "1" ], [ "0.26000", "127", "2" ], [ "0.27500", "479", "1" ], [ "0.28500", "391", "1" ], [ "0.29600", "68", "1" ], [ "0.30000", "117", "1" ], [ "0.33000", "3", "1" ], [ "0.35000", "164", "3" ], [ "0.39243", "500", "1" ], [ "0.40000", "64", "2" ], [ "0.43000", "942", "1" ], [ "0.44960", "274", "1" ], [ "0.44999", "19", "1" ] ],
      "t" : 1756461585495
    } ],
    "instrument_name" : "LRC_USD"
  }
}