{
  "id" : -1,
  "method" : "public/get-book",
  "code" : 0,
  "result" : {
    "depth" : 50,
    "data" : [ {
      "bids" : [ [ "0.08667", "8565", "2" ], [ "0.08666", "77249", "1" ], [ "0.08664", "8217", "1" ], [ "0.08661", "11519", "1" ], [ "0.08642", "117", "1" ], [ "0.08641", "7632", "1" ], [ "0.08632", "9779", "1" ], [ "0.08631", "6735", "1" ], [ "0.08618", "12996", "1" ], [ "0.08610", "7839", "1" ], [ "0.08607", "57936", "1" ], [ "0.08589", "8963", "1" ], [ "0.08587", "15891", "1" ], [ "0.08556", "22012", "1" ], [ "0.08538", "231533", "1" ], [ "0.08525", "29363", "1" ], [ "0.08521", "96561", "1" ], [ "0.08494", "32927", "2" ], [ "0.08463", "36973", "2" ], [ "0.07890", "8481", "1" ], [ "0.06952", "1370", "1" ], [ "0.06808", "7826", "1" ], [ "0.06624", "27893", "1" ], [ "0.06440", "27893", "1" ], [ "0.06256", "27893", "1" ], [ "0.06072", "70465", "1" ] ],
      "asks" : [ [ "0.08704", "20", "1" ], [ "0.08711", "420", "1" ], [ "0.08712", "77249", "1" ], [ "0.08740", "8282", "1" ], [ "0.08741", "7632", "1" ], [ "0.08756", "7378", "1" ], [ "0.08757", "8011", "1" ], [ "0.08760", "9779", "1" ], [ "0.08773", "9766", "1" ], [ "0.08778", "9468", "1" ], [ "0.08782", "57936", "1" ], [ "0.08799", "10188", "1" ], [ "0.08804", "15930", "1" ], [ "0.08835", "19526", "1" ], [ "0.08850", "96561", "1" ], [ "0.08852", "231533", "1" ], [ "0.08866", "26620", "1" ], [ "0.08896", "149", "1" ], [ "0.08897", "30933", "1" ], [ "0.08928", "38388", "2" ], [ "0.09557", "8481", "1" ], [ "0.10440", "1370", "1" ], [ "0.10488", "4813", "1" ], [ "0.10672", "12653", "2" ], [ "0.10856", "21763", "3" ], [ "0.11040", "12653", "3" ], [ "0.11224", "38568", "3" ], [ "0.20000", "1038", "1" ], [ "0.30000", "19", "1" ], [ "0.35000", "318", "1" ], [ "0.36578", "4229", "1" ], [ "0.41500", "4230", "1" ], [ "0.42170", "29", "1" ], [ "0.45300", "299", "1" ], [ "0.49800", "16", "1" ], [ "0.50000", "6", "1" ], [ "0.58390", "662", "1" ], [ "0.70000", "50", "1" ], [ "0.80000", "400", "2" ], [ "0.83100", "30", "1" ], [ "0.90000", "350", "2" ], [ "0.95000", "198", "1" ], [ "1.00000", "50", "1" ], [ "1.10000", "25", "1" ], [ "1.20000", "35", "1" ], [ "1.29000", "25", "1" ], [ "1.30000", "45", "1" ], [ "1.35000", "1099", "2" ], [ "1.40000", "75", "1" ], [ "1.50000", "254", "1" ] ],
      "t" : 1756461596397
    } ],
    "instrument_name" : "LRC_USDT"
  }
}