{
  "id" : -1,
  "method" : "public/get-book",
  "code" : 0,
  "result" : {
    "depth" : 50,
    "data" : [ {
      "bids" : [ [ "0.08676", "2", "2" ], [ "0.08669", "23", "1" ], [ "0.08666", "2307", "1" ], [ "0.08638", "5760", "1" ], [ "0.08636", "578", "1" ], [ "0.08634", "579", "1" ], [ "0.08632", "579", "1" ], [ "0.08630", "579", "1" ], [ "0.08558", "8250", "1" ], [ "0.08557", "7735", "1" ], [ "0.08550", "7415", "1" ], [ "0.08535", "7040", "1" ], [ "0.08520", "9575", "2" ], [ "0.08505", "9346", "3" ], [ "0.08492", "11050", "1" ], [ "0.08490", "22755", "3" ], [ "0.08460", "22824", "2" ], [ "0.08430", "32917", "3" ], [ "0.08400", "43035", "4" ], [ "0.08370", "82673", "5" ], [ "0.08325", "27876", "1" ], [ "0.08280", "27876", "1" ], [ "0.08235", "27876", "1" ], [ "0.06952", "5525", "1" ], [ "0.06840", "5925", "1" ], [ "0.06660", "17027", "1" ], [ "0.06480", "26612", "1" ], [ "0.06300", "38797", "1" ], [ "0.06120", "49502", "1" ], [ "0.05940", "61648", "1" ] ],
      "asks" : [ [ "0.08677", "1", "1" ], [ "0.08680", "1", "1" ], [ "0.08688", "23", "1" ], [ "0.08704", "2297", "1" ], [ "0.08716", "573", "1" ], [ "0.08718", "573", "1" ], [ "0.08720", "573", "1" ], [ "0.08722", "573", "1" ], [ "0.08727", "5760", "1" ], [ "0.08728", "8250", "1" ], [ "0.08730", "12372", "1" ], [ "0.08735", "7735", "1" ], [ "0.08745", "19708", "2" ], [ "0.08760", "7704", "2" ], [ "0.08764", "11050", "1" ], [ "0.08775", "9559", "2" ], [ "0.08790", "22040", "4" ], [ "0.08805", "12193", "3" ], [ "0.08820", "20631", "2" ], [ "0.08850", "34755", "2" ], [ "0.08880", "42900", "2" ], [ "0.08910", "56009", "2" ], [ "0.10440", "33401", "3" ], [ "0.10485", "27876", "1" ], [ "0.10620", "4779", "1" ], [ "0.10800", "17648", "2" ], [ "0.10980", "27525", "3" ], [ "0.11160", "66876", "4" ], [ "0.11205", "27876", "1" ], [ "0.11340", "48875", "3" ], [ "0.11520", "60202", "1" ] ],
      "t" : 1756461604858
    } ],
    "instrument_name" : "LRCUSD-PERP"
  }
}