{
  "id" : -1,
  "method" : "public/get-book",
  "code" : 0,
  "result" : {
    "depth" : 50,
    "data" : [ {
      "bids" : [ [ "0.0010036", "0.018", "1" ], [ "0.0010035", "0.369", "1" ], [ "0.0010034", "1.500", "1" ], [ "0.0010031", "0.010", "1" ], [ "0.0010030", "58.497", "1" ], [ "0.0010029", "122.071", "2" ], [ "0.0009956", "0.036", "1" ], [ "0.0009953", "0.036", "1" ], [ "0.0009934", "2.225", "1" ], [ "0.0009933", "14.345", "2" ], [ "0.0009932", "458.648", "1" ], [ "0.0009904", "1.240", "1" ], [ "0.0009900", "0.449", "1" ], [ "0.0009895", "0.140", "1" ], [ "0.0009886", "2.482", "1" ], [ "0.0009858", "1.422", "1" ], [ "0.0009840", "0.499", "1" ], [ "0.0009810", "20.566", "1" ], [ "0.0009805", "1.676", "1" ], [ "0.0009790", "382.206", "1" ], [ "0.0009780", "1.115", "1" ], [ "0.0009763", "0.142", "1" ], [ "0.0009752", "1.772", "1" ], [ "0.0009720", "1.720", "2" ], [ "0.0009660", "2.180", "2" ], [ "0.0009631", "0.144", "1" ], [ "0.0009600", "2.746", "2" ], [ "0.0009540", "3.501", "2" ], [ "0.0009499", "0.146", "1" ], [ "0.0009368", "0.148", "1" ], [ "0.0009236", "0.150", "1" ], [ "0.0009104", "0.152", "1" ], [ "0.0009000", "0.024", "1" ], [ "0.0008972", "0.154", "1" ], [ "0.0008840", "0.157", "1" ], [ "0.0008777", "10.000", "1" ], [ "0.0008569", "0.111", "1" ], [ "0.0008300", "0.115", "1" ], [ "0.0008032", "1.105", "1" ], [ "0.0007878", "6.833", "1" ], [ "0.0007676", "18.041", "1" ], [ "0.0007474", "29.197", "1" ], [ "0.0007272", "30.566", "1" ], [ "0.0007070", "109.170", "1" ] ],
      "asks" : [ [ "0.0010051", "1.500", "1" ], [ "0.0010055", "79.525", "1" ], [ "0.0010056", "7.335", "1" ], [ "0.0010060", "114.662", "1" ], [ "0.0010136", "0.036", "1" ], [ "0.0010140", "14.458", "2" ], [ "0.0010141", "458.648", "1" ], [ "0.0010144", "0.036", "1" ], [ "0.0010159", "0.137", "1" ], [ "0.0010179", "1.240", "1" ], [ "0.0010199", "2.482", "1" ], [ "0.0010200", "0.470", "1" ], [ "0.0010229", "1.459", "1" ], [ "0.0010241", "382.206", "1" ], [ "0.0010260", "1.051", "2" ], [ "0.0010282", "1.847", "1" ], [ "0.0010292", "0.136", "1" ], [ "0.0010320", "1.051", "1" ], [ "0.0010335", "1.736", "1" ], [ "0.0010380", "2.062", "2" ], [ "0.0010423", "0.135", "1" ], [ "0.0010440", "2.666", "2" ], [ "0.0010500", "3.113", "2" ], [ "0.0010555", "2.490", "1" ], [ "0.0010556", "0.132", "1" ], [ "0.0010687", "0.130", "1" ], [ "0.0010779", "0.101", "1" ], [ "0.0010821", "0.130", "1" ], [ "0.0011000", "0.065", "1" ], [ "0.0011107", "6.266", "1" ], [ "0.0011111", "50.810", "1" ], [ "0.0011142", "2.149", "1" ], [ "0.0011283", "1.738", "1" ], [ "0.0011412", "0.242", "1" ], [ "0.0011467", "0.242", "1" ], [ "0.0011500", "10.000", "1" ], [ "0.0011589", "1.155", "1" ], [ "0.0011624", "0.092", "1" ], [ "0.0011631", "1.738", "1" ], [ "0.0011900", "8.000", "1" ], [ "0.0012000", "10.935", "1" ], [ "0.0012050", "1.105", "1" ], [ "0.0012120", "4.277", "1" ], [ "0.0012322", "10.444", "2" ], [ "0.0012500", "0.035", "2" ], [ "0.0012524", "18.258", "2" ], [ "0.0012625", "1.018", "1" ], [ "0.0012726", "17.900", "1" ], [ "0.0012926", "1.022", "1" ], [ "0.0012928", "58.859", "2" ] ],
      "t" : 1756461608191
    } ],
    "instrument_name" : "LTC_BTC"
  }
}