{
  "id" : -1,
  "method" : "public/get-book",
  "code" : 0,
  "result" : {
    "depth" : 50,
    "data" : [ {
      "bids" : [ [ "0.00005862", "10000", "1" ], [ "0.00005861", "10000", "1" ], [ "0.00005859", "3410000", "1" ], [ "0.00005858", "3410000", "1" ], [ "0.00005840", "19920000", "1" ], [ "0.00005815", "8090000", "1" ], [ "0.00005812", "19920000", "1" ], [ "0.00005786", "860000", "1" ], [ "0.00005784", "860000", "1" ], [ "0.00005782", "860000", "1" ], [ "0.00005780", "860000", "1" ], [ "0.00005764", "11520000", "1" ], [ "0.00005761", "4440000", "1" ], [ "0.00005754", "6790000", "2" ], [ "0.00005747", "4440000", "1" ], [ "0.00005740", "7240000", "3" ], [ "0.00005733", "7070000", "2" ], [ "0.00005700", "16460000", "1" ], [ "0.00005690", "16000000", "1" ], [ "0.00005680", "26900000", "1" ], [ "0.00005670", "37910000", "2" ], [ "0.00005660", "53900000", "2" ], [ "0.00005650", "69020000", "1" ], [ "0.00005000", "1570000", "3" ], [ "0.00004686", "8230000", "1" ], [ "0.00004598", "8190000", "1" ], [ "0.00004477", "24010000", "1" ], [ "0.00004356", "40550000", "1" ], [ "0.00004235", "58420000", "1" ], [ "0.00004114", "73790000", "1" ], [ "0.00003993", "90280000", "1" ] ],
      "asks" : [ [ "0.00005863", "10000", "1" ], [ "0.00005865", "10000", "1" ], [ "0.00005881", "8090000", "1" ], [ "0.00005882", "16460000", "1" ], [ "0.00005883", "11520000", "1" ], [ "0.00005887", "5900000", "2" ], [ "0.00005890", "12510000", "1" ], [ "0.00005894", "5430000", "1" ], [ "0.00005899", "3390000", "1" ], [ "0.00005900", "27900000", "3" ], [ "0.00005901", "6950000", "1" ], [ "0.00005908", "7000000", "2" ], [ "0.00005910", "39880000", "2" ], [ "0.00005915", "7740000", "1" ], [ "0.00005920", "51600000", "2" ], [ "0.00005930", "66450000", "1" ], [ "0.00005937", "1540000", "1" ], [ "0.00005952", "840000", "1" ], [ "0.00005954", "830000", "1" ], [ "0.00005956", "830000", "1" ], [ "0.00005958", "830000", "1" ], [ "0.00007032", "8230000", "1" ], [ "0.00007139", "8920000", "1" ], [ "0.00007260", "24630000", "2" ], [ "0.00007381", "42010000", "3" ], [ "0.00007502", "58100000", "3" ], [ "0.00007623", "75090000", "3" ], [ "0.00007744", "89030000", "1" ] ],
      "t" : 1756461649040
    } ],
    "instrument_name" : "LUNCUSD-PERP"
  }
}