{
  "id" : -1,
  "method" : "public/get-book",
  "code" : 0,
  "result" : {
    "depth" : 50,
    "data" : [ {
      "bids" : [ [ "0.00005734", "8411000", "1" ], [ "0.00005733", "6762000", "1" ], [ "0.00005667", "511000", "1" ], [ "0.00005666", "953000", "1" ], [ "0.00005665", "156044000", "1" ], [ "0.00005414", "11689000", "1" ], [ "0.00005412", "11689000", "1" ], [ "0.00005409", "10833000", "1" ], [ "0.00005406", "10833000", "1" ], [ "0.00005284", "14984000", "1" ], [ "0.00005283", "14044000", "1" ], [ "0.00005274", "39625000", "2" ], [ "0.00005265", "39625000", "1" ], [ "0.00005256", "63890000", "1" ], [ "0.00005247", "90400000", "1" ], [ "0.00004686", "2076000", "1" ], [ "0.00004680", "12816000", "2" ], [ "0.00004560", "33895000", "2" ], [ "0.00004500", "509000", "1" ], [ "0.00004440", "33895000", "1" ], [ "0.00004320", "45624000", "1" ], [ "0.00004200", "145595000", "2" ] ],
      "asks" : [ [ "0.00005952", "945000", "1" ], [ "0.00005953", "11689000", "1" ], [ "0.00005955", "12767000", "1" ], [ "0.00005958", "13788000", "1" ], [ "0.00005961", "13788000", "1" ], [ "0.00005965", "171028000", "2" ], [ "0.00005967", "10998000", "1" ], [ "0.00005976", "37758000", "2" ], [ "0.00005985", "65918000", "2" ], [ "0.00005994", "87676000", "1" ], [ "0.00006003", "112680000", "1" ], [ "0.00006130", "848000", "1" ], [ "0.00006430", "16497000", "1" ], [ "0.00007032", "2076000", "1" ], [ "0.00007080", "7751000", "1" ], [ "0.00007200", "19894000", "2" ], [ "0.00007320", "19894000", "2" ], [ "0.00007440", "19894000", "1" ], [ "0.00007560", "81603000", "2" ], [ "0.00008000", "48000", "1" ], [ "0.00010469", "941000", "1" ], [ "0.00012000", "360000", "1" ], [ "0.00012016", "401000", "1" ], [ "0.00012500", "2982000", "1" ], [ "0.00013564", "699000", "1" ], [ "0.00015000", "763000", "1" ], [ "0.00015112", "310000", "1" ], [ "0.00016000", "88000", "1" ], [ "0.00016661", "278000", "1" ], [ "0.00017500", "3643000", "1" ], [ "0.00018000", "755000", "1" ], [ "0.00018209", "252000", "1" ], [ "0.00019761", "230000", "1" ], [ "0.00019984", "2400000", "1" ], [ "0.00020000", "1565000", "1" ], [ "0.00023000", "33681000", "1" ], [ "0.00025000", "125000", "1" ], [ "0.00027000", "500000", "1" ], [ "0.00033000", "63000", "1" ], [ "0.00056940", "200000", "1" ], [ "0.00064000", "883000", "1" ], [ "0.00089000", "37000", "1" ], [ "0.00090000", "610000", "1" ], [ "0.00110000", "398000", "1" ] ],
      "t" : 1756461644209
    } ],
    "instrument_name" : "LUNC_USDT"
  }
}