{
  "id" : -1,
  "method" : "public/get-book",
  "code" : 0,
  "result" : {
    "depth" : 50,
    "data" : [ {
      "bids" : [ [ "0.00005743", "6367000", "1" ], [ "0.00005742", "8499000", "1" ], [ "0.00005671", "7782000", "1" ], [ "0.00005666", "156375000", "2" ], [ "0.00005665", "590000", "2" ], [ "0.00005550", "1000000", "1" ], [ "0.00005500", "12285000", "4" ], [ "0.00005492", "342000", "1" ], [ "0.00005432", "615000", "2" ], [ "0.00005414", "11689000", "1" ], [ "0.00005412", "11689000", "1" ], [ "0.00005409", "14020000", "1" ], [ "0.00005406", "14020000", "1" ], [ "0.00005400", "1000000", "1" ], [ "0.00005322", "353000", "1" ], [ "0.00005284", "14984000", "1" ], [ "0.00005283", "8209000", "1" ], [ "0.00005274", "27645000", "2" ], [ "0.00005265", "27645000", "1" ], [ "0.00005256", "44812000", "1" ], [ "0.00005250", "182000", "1" ], [ "0.00005247", "60860000", "1" ], [ "0.00005238", "82145000", "1" ], [ "0.00005199", "643000", "2" ], [ "0.00005158", "364000", "1" ], [ "0.00005000", "567000", "2" ], [ "0.00004966", "673000", "2" ], [ "0.00004733", "706000", "2" ], [ "0.00004686", "2095000", "1" ], [ "0.00004680", "10353000", "1" ], [ "0.00004560", "31189000", "2" ], [ "0.00004500", "743000", "2" ], [ "0.00004440", "55070000", "2" ], [ "0.00004320", "53116000", "1" ], [ "0.00004200", "153478000", "2" ], [ "0.00003499", "29000", "1" ], [ "0.00003000", "7000", "1" ], [ "0.00001000", "100000", "1" ] ],
      "asks" : [ [ "0.00005903", "2810000", "1" ], [ "0.00005905", "836000", "1" ], [ "0.00005953", "7782000", "1" ], [ "0.00005954", "11689000", "1" ], [ "0.00005955", "13150000", "1" ], [ "0.00005958", "11833000", "1" ], [ "0.00005961", "14906000", "1" ], [ "0.00005966", "156044000", "1" ], [ "0.00005967", "14984000", "2" ], [ "0.00005976", "7068000", "1" ], [ "0.00005985", "25505000", "1" ], [ "0.00005994", "60726000", "1" ], [ "0.00006000", "166000", "1" ], [ "0.00006003", "80341000", "1" ], [ "0.00006012", "97770000", "1" ], [ "0.00006021", "97770000", "1" ], [ "0.00006031", "320000", "1" ], [ "0.00006130", "565000", "2" ], [ "0.00006137", "550000", "1" ], [ "0.00006223", "310000", "1" ], [ "0.00006250", "158000", "1" ], [ "0.00006345", "3592000", "1" ], [ "0.00006363", "544000", "2" ], [ "0.00006405", "40000", "1" ], [ "0.00006420", "301000", "1" ], [ "0.00006473", "519000", "1" ], [ "0.00006498", "153000", "1" ], [ "0.00006596", "524000", "2" ], [ "0.00006624", "325000", "1" ], [ "0.00006747", "146000", "1" ], [ "0.00006810", "492000", "1" ], [ "0.00006830", "506000", "2" ], [ "0.00006834", "325000", "1" ], [ "0.00006855", "6000000", "1" ], [ "0.00006999", "141000", "1" ], [ "0.00007000", "2255000", "1" ], [ "0.00007034", "2095000", "1" ], [ "0.00007051", "325000", "1" ], [ "0.00007063", "489000", "2" ], [ "0.00007080", "6683000", "1" ], [ "0.00007148", "468000", "1" ], [ "0.00007176", "214000", "1" ], [ "0.00007200", "19180000", "2" ], [ "0.00007276", "325000", "1" ], [ "0.00007296", "471000", "2" ], [ "0.00007320", "35313000", "3" ], [ "0.00007357", "208000", "1" ], [ "0.00007440", "35313000", "2" ], [ "0.00007485", "445000", "1" ], [ "0.00007500", "12969000", "1" ] ],
      "t" : 1756461641693
    } ],
    "instrument_name" : "LUNC_USD"
  }
}