{
  "id" : -1,
  "method" : "public/get-book",
  "code" : 0,
  "result" : {
    "depth" : 50,
    "data" : [ {
      "bids" : [ [ "0.0025517", "200", "1" ], [ "0.0025440", "7500", "1" ], [ "0.0025390", "4400", "1" ], [ "0.0025364", "4000", "1" ], [ "0.0025337", "4300", "1" ], [ "0.0025313", "4600", "1" ], [ "0.0025289", "7900", "1" ], [ "0.0025288", "5800", "1" ], [ "0.0025262", "5300", "1" ], [ "0.0025236", "5500", "1" ], [ "0.0025210", "5400", "1" ], [ "0.0025184", "4000", "1" ], [ "0.0025158", "5200", "1" ], [ "0.0025142", "280000", "1" ], [ "0.0025132", "5300", "1" ], [ "0.0025106", "5200", "1" ], [ "0.0025098", "289000", "1" ], [ "0.0025080", "5200", "1" ], [ "0.0025041", "360300", "1" ], [ "0.0024957", "292800", "1" ], [ "0.0024915", "189500", "1" ], [ "0.0024816", "323000", "1" ], [ "0.0024764", "492600", "1" ], [ "0.0024613", "782900", "1" ], [ "0.0024462", "1149200", "1" ], [ "0.0024311", "1478600", "1" ], [ "0.0024160", "1798000", "1" ], [ "0.0023955", "22700", "1" ], [ "0.0023481", "33000", "1" ], [ "0.0022973", "24800", "1" ], [ "0.0022523", "24600", "1" ], [ "0.0022073", "25600", "1" ], [ "0.0021623", "35700", "1" ], [ "0.0021173", "37000", "1" ], [ "0.0020723", "44400", "1" ], [ "0.0020273", "39900", "1" ], [ "0.0020266", "50300", "1" ], [ "0.0019836", "288500", "1" ], [ "0.0019823", "31300", "1" ], [ "0.0019373", "30700", "1" ], [ "0.0019285", "797900", "1" ], [ "0.0018923", "39500", "1" ], [ "0.0018734", "1335200", "1" ], [ "0.0018500", "10000", "1" ], [ "0.0018473", "34900", "1" ], [ "0.0018183", "2541600", "1" ], [ "0.0017632", "8678200", "1" ], [ "0.0017000", "294100", "1" ] ],
      "asks" : [ [ "0.0025593", "4000", "1" ], [ "0.0025611", "7700", "1" ], [ "0.0025633", "3900", "1" ], [ "0.0025660", "11400", "1" ], [ "0.0025687", "3400", "1" ], [ "0.0025713", "4100", "1" ], [ "0.0025740", "287000", "2" ], [ "0.0025766", "4600", "1" ], [ "0.0025790", "4100", "1" ], [ "0.0025803", "251200", "1" ], [ "0.0025816", "3900", "1" ], [ "0.0025842", "364300", "2" ], [ "0.0025868", "4100", "1" ], [ "0.0025894", "4800", "1" ], [ "0.0025922", "7100", "1" ], [ "0.0025943", "129200", "1" ], [ "0.0025944", "357000", "1" ], [ "0.0025948", "6600", "1" ], [ "0.0025972", "124900", "1" ], [ "0.0026085", "251200", "1" ], [ "0.0026123", "439900", "1" ], [ "0.0026274", "765100", "2" ], [ "0.0026425", "1079600", "2" ], [ "0.0026576", "1333700", "2" ], [ "0.0026727", "1333700", "1" ], [ "0.0027125", "21600", "1" ], [ "0.0027672", "34600", "1" ], [ "0.0028136", "30300", "1" ], [ "0.0028660", "23500", "1" ], [ "0.0029166", "32600", "1" ], [ "0.0029702", "22300", "1" ], [ "0.0030000", "108800", "1" ], [ "0.0030223", "21700", "1" ], [ "0.0030631", "50300", "1" ], [ "0.0030767", "27600", "1" ], [ "0.0030856", "147400", "1" ], [ "0.0031279", "19500", "1" ], [ "0.0031407", "513800", "2" ], [ "0.0031819", "25400", "1" ], [ "0.0031958", "513800", "2" ], [ "0.0032329", "23200", "1" ], [ "0.0032509", "1363600", "3" ], [ "0.0032866", "23200", "1" ], [ "0.0033060", "4818000", "3" ], [ "0.0033377", "23000", "1" ], [ "0.0033888", "18700", "1" ], [ "0.0034399", "15400", "1" ], [ "0.0036155", "900", "1" ], [ "0.0040000", "90900", "3" ], [ "0.0040740", "64000", "1" ] ],
      "t" : 1756461650191
    } ],
    "instrument_name" : "LVVA_USD"
  }
}