{
  "id" : -1,
  "method" : "public/get-book",
  "code" : 0,
  "result" : {
    "depth" : 50,
    "data" : [ {
      "bids" : [ [ "0.19934", "1", "1" ], [ "0.19927", "586", "1" ], [ "0.19926", "1", "1" ], [ "0.19890", "7260", "1" ], [ "0.19889", "5409", "1" ], [ "0.19885", "606", "1" ], [ "0.19883", "6830", "1" ], [ "0.19879", "605", "1" ], [ "0.19876", "8700", "1" ], [ "0.19875", "607", "1" ], [ "0.19872", "503", "1" ], [ "0.19867", "603", "1" ], [ "0.19862", "5089", "1" ], [ "0.19861", "586", "1" ], [ "0.19851", "606", "1" ], [ "0.19847", "606", "1" ], [ "0.19845", "606", "1" ], [ "0.19837", "603", "1" ], [ "0.19833", "610", "1" ], [ "0.19831", "610", "1" ], [ "0.19819", "606", "1" ], [ "0.19811", "606", "1" ], [ "0.19791", "614", "1" ], [ "0.19506", "601", "1" ], [ "0.18977", "4744", "1" ], [ "0.18963", "2496", "1" ], [ "0.18920", "6069", "2" ], [ "0.18877", "8960", "3" ], [ "0.18834", "10897", "4" ], [ "0.18791", "14744", "5" ], [ "0.18512", "12029", "1" ], [ "0.18408", "12029", "1" ], [ "0.15936", "2372", "1" ], [ "0.15540", "1387", "1" ], [ "0.15120", "3627", "1" ], [ "0.15080", "12029", "1" ], [ "0.14976", "12029", "1" ], [ "0.14700", "6455", "1" ], [ "0.14280", "8661", "1" ], [ "0.13860", "11094", "1" ], [ "0.13440", "13719", "1" ], [ "0.11000", "3796", "1" ] ],
      "asks" : [ [ "0.19942", "1", "1" ], [ "0.19944", "1", "1" ], [ "0.19958", "603", "1" ], [ "0.19961", "5410", "1" ], [ "0.19962", "607", "1" ], [ "0.19968", "603", "1" ], [ "0.19970", "9286", "2" ], [ "0.19972", "597", "1" ], [ "0.19976", "600", "1" ], [ "0.19978", "605", "1" ], [ "0.19984", "1100", "2" ], [ "0.19988", "3321", "1" ], [ "0.19990", "600", "1" ], [ "0.19996", "586", "1" ], [ "0.19998", "3394", "1" ], [ "0.20002", "590", "1" ], [ "0.20016", "613", "1" ], [ "0.20018", "606", "1" ], [ "0.20020", "4386", "2" ], [ "0.20030", "613", "1" ], [ "0.20038", "4744", "2" ], [ "0.20040", "613", "1" ], [ "0.20042", "3602", "1" ], [ "0.20060", "613", "1" ], [ "0.20064", "4114", "2" ], [ "0.20066", "593", "1" ], [ "0.20081", "3389", "1" ], [ "0.20086", "4660", "3" ], [ "0.20124", "3389", "1" ], [ "0.20167", "5483", "1" ], [ "0.20210", "8870", "1" ], [ "0.20253", "13929", "1" ], [ "0.20280", "12029", "1" ], [ "0.20384", "12029", "1" ], [ "0.23916", "2372", "1" ], [ "0.23940", "1469", "1" ], [ "0.24360", "3608", "2" ], [ "0.24440", "12029", "1" ], [ "0.24544", "12029", "1" ], [ "0.24780", "6467", "3" ], [ "0.25200", "8898", "4" ], [ "0.25620", "11576", "5" ], [ "0.26040", "13818", "5" ] ],
      "t" : 1756461664394
    } ],
    "instrument_name" : "MAGICUSD-PERP"
  }
}