{
  "id" : -1,
  "method" : "public/get-book",
  "code" : 0,
  "result" : {
    "depth" : 50,
    "data" : [ {
      "bids" : [ [ "0.19898", "618.6", "1" ], [ "0.19888", "754.2", "1" ], [ "0.19886", "15862.5", "1" ], [ "0.19885", "1550.4", "1" ], [ "0.19882", "3274.8", "1" ], [ "0.19872", "4193.6", "1" ], [ "0.19866", "5601.1", "2" ], [ "0.19844", "2977.4", "1" ], [ "0.19833", "7850.9", "2" ], [ "0.19826", "3315.9", "1" ], [ "0.19825", "3146.6", "1" ], [ "0.19822", "3569.2", "1" ], [ "0.19821", "408.0", "1" ], [ "0.19800", "7850.9", "2" ], [ "0.19768", "1536.8", "1" ], [ "0.19767", "17944.8", "3" ], [ "0.19748", "5548.1", "1" ], [ "0.19734", "17944.8", "3" ], [ "0.19718", "8484.6", "1" ], [ "0.19701", "17944.8", "2" ], [ "0.19678", "8381.8", "1" ], [ "0.19625", "11261.7", "1" ], [ "0.19529", "100.3", "1" ], [ "0.19500", "30.0", "1" ], [ "0.19016", "158.9", "1" ], [ "0.19015", "177.7", "2" ], [ "0.19000", "30.0", "1" ], [ "0.18500", "30.0", "1" ], [ "0.18000", "130.0", "2" ], [ "0.17500", "30.0", "1" ], [ "0.17000", "30.0", "1" ], [ "0.16500", "30.0", "1" ], [ "0.16000", "30.0", "1" ], [ "0.15937", "586.1", "1" ], [ "0.15873", "2514.8", "2" ], [ "0.15444", "9007.2", "2" ], [ "0.15015", "15184.4", "2" ], [ "0.15000", "1000.0", "1" ], [ "0.14586", "37073.2", "2" ], [ "0.14157", "116119.9", "2" ], [ "0.14000", "500.0", "1" ], [ "0.13500", "50.0", "1" ], [ "0.13000", "50.0", "1" ], [ "0.12500", "50.0", "1" ], [ "0.12000", "50.0", "1" ], [ "0.11500", "100.0", "1" ], [ "0.11000", "100.0", "1" ] ],
      "asks" : [ [ "0.19962", "86.4", "1" ], [ "0.19965", "850.0", "1" ], [ "0.19984", "3274.8", "1" ], [ "0.19994", "10009.2", "2" ], [ "0.19995", "487.0", "1" ], [ "0.19996", "13523.1", "1" ], [ "0.19997", "14044.5", "2" ], [ "0.19998", "4096.9", "1" ], [ "0.20004", "4193.6", "1" ], [ "0.20020", "4096.9", "1" ], [ "0.20021", "408.0", "1" ], [ "0.20025", "1930.5", "1" ], [ "0.20030", "86.4", "1" ], [ "0.20031", "2029.2", "1" ], [ "0.20042", "4096.9", "1" ], [ "0.20064", "7098.5", "1" ], [ "0.20090", "3881.4", "1" ], [ "0.20096", "172.8", "2" ], [ "0.20097", "17657.6", "1" ], [ "0.20124", "7147.0", "1" ], [ "0.20130", "17657.6", "1" ], [ "0.20163", "27345.5", "1" ], [ "0.20183", "13155.4", "1" ], [ "0.20196", "27345.5", "1" ], [ "0.20236", "13520.6", "1" ], [ "0.20447", "86.4", "1" ], [ "0.20671", "86.4", "1" ], [ "0.21024", "86.4", "1" ], [ "0.21103", "146.6", "1" ], [ "0.21104", "192.4", "1" ], [ "0.21281", "181.8", "1" ], [ "0.21287", "253.3", "1" ], [ "0.21377", "86.4", "1" ], [ "0.21689", "70.7", "1" ], [ "0.23729", "378.8", "1" ], [ "0.23921", "586.1", "1" ], [ "0.24024", "2290.2", "1" ], [ "0.24453", "5450.6", "2" ], [ "0.24882", "9737.4", "3" ], [ "0.25000", "8500.1", "1" ], [ "0.25311", "18268.2", "4" ], [ "0.25740", "65617.1", "5" ], [ "0.28238", "32.6", "1" ], [ "0.35000", "2000.0", "1" ], [ "0.36000", "391.0", "1" ], [ "0.41000", "641.8", "2" ], [ "0.43000", "46.9", "1" ], [ "0.51400", "1180.0", "1" ], [ "0.60000", "591.0", "1" ], [ "0.68300", "29.3", "1" ] ],
      "t" : 1756461652006
    } ],
    "instrument_name" : "MAGIC_USD"
  }
}