{
  "id" : -1,
  "method" : "public/get-book",
  "code" : 0,
  "result" : {
    "depth" : 50,
    "data" : [ {
      "bids" : [ [ "0.28194", "354.7", "1" ], [ "0.28191", "3244.9", "1" ], [ "0.28190", "2405.0", "1" ], [ "0.28186", "3542.0", "1" ], [ "0.28185", "48257.8", "1" ], [ "0.28182", "3215.7", "1" ], [ "0.28161", "3215.7", "1" ], [ "0.28148", "3078.0", "1" ], [ "0.28140", "3215.7", "1" ], [ "0.28126", "1499.0", "1" ], [ "0.28085", "4295.7", "2" ], [ "0.28044", "7625.2", "2" ], [ "0.28020", "256.9", "1" ], [ "0.28019", "273461.1", "1" ], [ "0.28003", "13472.8", "2" ], [ "0.27962", "10787.3", "1" ], [ "0.27921", "16624.7", "1" ], [ "0.27736", "107288.9", "1" ], [ "0.27645", "482578.4", "1" ], [ "0.27200", "367.7", "1" ], [ "0.22616", "431.9", "1" ], [ "0.22192", "1996.9", "1" ], [ "0.21608", "6289.4", "1" ], [ "0.21024", "11237.2", "1" ], [ "0.20440", "29602.4", "1" ], [ "0.20000", "1225.0", "1" ], [ "0.19856", "89667.3", "1" ] ],
      "asks" : [ [ "0.28267", "1072.0", "2" ], [ "0.28271", "48257.8", "1" ], [ "0.28285", "3542.0", "1" ], [ "0.28290", "2405.0", "1" ], [ "0.28308", "2085.1", "1" ], [ "0.28329", "2085.1", "1" ], [ "0.28332", "3078.0", "1" ], [ "0.28350", "2675.3", "1" ], [ "0.28372", "1267.3", "1" ], [ "0.28413", "4387.7", "2" ], [ "0.28454", "7825.0", "2" ], [ "0.28495", "10769.1", "1" ], [ "0.28527", "273461.1", "1" ], [ "0.28536", "10769.1", "1" ], [ "0.28577", "16276.8", "1" ], [ "0.28754", "107288.9", "1" ], [ "0.28771", "482578.4", "1" ], [ "0.33936", "431.9", "1" ], [ "0.34456", "1196.8", "1" ], [ "0.35000", "749.6", "1" ], [ "0.35040", "4331.0", "2" ], [ "0.35624", "4331.0", "2" ], [ "0.36208", "18350.7", "3" ], [ "0.36792", "51580.1", "1" ], [ "0.39318", "39.7", "1" ], [ "0.39999", "3000.0", "1" ], [ "0.40000", "44.3", "2" ], [ "0.41194", "37.8", "1" ], [ "0.43070", "36.1", "1" ], [ "0.44946", "34.5", "1" ], [ "0.46822", "33.1", "1" ], [ "0.46915", "14.8", "1" ], [ "0.48698", "31.7", "1" ], [ "0.49630", "13.9", "1" ], [ "0.50575", "30.5", "1" ], [ "0.52346", "26.4", "1" ], [ "0.52451", "29.4", "1" ], [ "0.54327", "28.3", "1" ], [ "0.55064", "12.5", "1" ], [ "0.56203", "27.3", "1" ], [ "0.58000", "209.2", "1" ], [ "0.58079", "26.4", "1" ], [ "0.58967", "5.0", "1" ], [ "0.59955", "25.5", "1" ], [ "0.60000", "629.4", "3" ], [ "0.61831", "24.7", "1" ], [ "0.62385", "9.4", "1" ], [ "0.63053", "340.0", "1" ], [ "0.63707", "24.0", "1" ], [ "0.64990", "3339.3", "1" ] ],
      "t" : 1756461671563
    } ],
    "instrument_name" : "MANA_USDT"
  }
}