{
  "id" : -1,
  "method" : "public/get-book",
  "code" : 0,
  "result" : {
    "depth" : 50,
    "data" : [ {
      "bids" : [ [ "0.28221", "1", "1" ], [ "0.28215", "1", "1" ], [ "0.28209", "5550", "1" ], [ "0.28206", "354", "1" ], [ "0.28186", "5309", "1" ], [ "0.28185", "2367", "1" ], [ "0.28170", "744", "2" ], [ "0.28146", "177", "1" ], [ "0.28140", "871", "2" ], [ "0.28134", "177", "1" ], [ "0.28128", "3561", "2" ], [ "0.28110", "916", "2" ], [ "0.28084", "183", "1" ], [ "0.28080", "936", "1" ], [ "0.28050", "1077", "1" ], [ "0.28025", "452", "2" ], [ "0.27988", "8310", "1" ], [ "0.27966", "697", "3" ], [ "0.27907", "860", "3" ], [ "0.27848", "1112", "1" ], [ "0.27695", "8624", "1" ], [ "0.27550", "8624", "1" ], [ "0.22592", "1692", "1" ], [ "0.22475", "8624", "1" ], [ "0.22330", "8624", "1" ], [ "0.22192", "131", "1" ], [ "0.21608", "421", "1" ], [ "0.21024", "696", "1" ], [ "0.20440", "964", "1" ], [ "0.20000", "60", "1" ], [ "0.19856", "1286", "1" ], [ "0.19272", "1537", "1" ] ],
      "asks" : [ [ "0.28222", "1", "1" ], [ "0.28242", "1", "1" ], [ "0.28278", "353", "1" ], [ "0.28287", "8310", "1" ], [ "0.28288", "11392", "2" ], [ "0.28304", "5309", "1" ], [ "0.28305", "3584", "1" ], [ "0.28321", "2367", "1" ], [ "0.28338", "176", "1" ], [ "0.28344", "176", "1" ], [ "0.28350", "808", "2" ], [ "0.28356", "176", "1" ], [ "0.28380", "798", "2" ], [ "0.28410", "932", "3" ], [ "0.28425", "3384", "1" ], [ "0.28438", "187", "1" ], [ "0.28440", "897", "2" ], [ "0.28470", "1053", "1" ], [ "0.28497", "422", "2" ], [ "0.28556", "718", "3" ], [ "0.28615", "927", "3" ], [ "0.28674", "1103", "2" ], [ "0.28710", "8624", "1" ], [ "0.28855", "8624", "1" ], [ "0.33900", "1692", "1" ], [ "0.34456", "164", "1" ], [ "0.35040", "424", "2" ], [ "0.35624", "715", "3" ], [ "0.36208", "994", "3" ], [ "0.36792", "1275", "3" ], [ "0.37376", "1533", "1" ], [ "0.45000", "500", "1" ] ],
      "t" : 1756461675148
    } ],
    "instrument_name" : "MANAUSD-PERP"
  }
}