{
  "id" : -1,
  "method" : "public/get-book",
  "code" : 0,
  "result" : {
    "depth" : 50,
    "data" : [ {
      "bids" : [ [ "0.28205", "69.2", "1" ], [ "0.28204", "7291.9", "1" ], [ "0.28203", "48257.8", "1" ], [ "0.28200", "2405.0", "1" ], [ "0.28186", "1767.7", "1" ], [ "0.28182", "3007.9", "1" ], [ "0.28169", "173.0", "1" ], [ "0.28168", "3078.0", "1" ], [ "0.28161", "3007.9", "1" ], [ "0.28160", "1752.1", "1" ], [ "0.28158", "254713.0", "1" ], [ "0.28140", "3007.9", "1" ], [ "0.28116", "4382.0", "2" ], [ "0.28072", "7588.5", "3" ], [ "0.28028", "7588.5", "2" ], [ "0.27984", "13837.7", "2" ], [ "0.27963", "273461.1", "1" ], [ "0.27940", "17042.2", "1" ], [ "0.27740", "107288.9", "1" ], [ "0.27736", "25.0", "1" ], [ "0.27648", "482578.4", "1" ], [ "0.27481", "25.0", "1" ], [ "0.27169", "25.0", "1" ], [ "0.26920", "25.0", "1" ], [ "0.26653", "25.0", "1" ], [ "0.26389", "11.0", "1" ], [ "0.25100", "80.0", "1" ], [ "0.25000", "1350.0", "3" ], [ "0.22618", "428.8", "1" ], [ "0.22192", "1887.5", "1" ], [ "0.22000", "1380.0", "2" ], [ "0.21608", "6268.1", "1" ], [ "0.21024", "11174.2", "1" ], [ "0.20440", "34568.2", "1" ], [ "0.20000", "10505.0", "3" ], [ "0.19856", "87028.4", "1" ], [ "0.19810", "252.3", "1" ], [ "0.18000", "1.0", "1" ], [ "0.16270", "15.9", "1" ], [ "0.15000", "1037.3", "1" ], [ "0.11667", "26.9", "1" ], [ "0.11000", "454.5", "1" ], [ "0.10000", "4.0", "1" ], [ "0.06816", "38.1", "1" ] ],
      "asks" : [ [ "0.28287", "441.8", "1" ], [ "0.28290", "7291.9", "1" ], [ "0.28291", "48257.8", "1" ], [ "0.28309", "2405.0", "1" ], [ "0.28327", "1767.5", "1" ], [ "0.28329", "2405.0", "1" ], [ "0.28350", "2334.0", "1" ], [ "0.28351", "3078.0", "1" ], [ "0.28371", "2890.4", "1" ], [ "0.28380", "1461.6", "1" ], [ "0.28424", "4625.2", "2" ], [ "0.28467", "1085.1", "1" ], [ "0.28468", "10315.1", "2" ], [ "0.28512", "10315.1", "1" ], [ "0.28556", "10315.1", "1" ], [ "0.28572", "273461.1", "1" ], [ "0.28600", "16762.1", "1" ], [ "0.28758", "107288.9", "1" ], [ "0.28787", "482578.4", "1" ], [ "0.28982", "21.0", "1" ], [ "0.30000", "625.2", "1" ], [ "0.30034", "25.0", "1" ], [ "0.30334", "25.0", "1" ], [ "0.30637", "25.0", "1" ], [ "0.30943", "25.0", "1" ], [ "0.31252", "25.0", "1" ], [ "0.31565", "25.0", "1" ], [ "0.31881", "25.0", "1" ], [ "0.32200", "25.0", "1" ], [ "0.32522", "25.0", "1" ], [ "0.32847", "25.0", "1" ], [ "0.33000", "6.0", "1" ], [ "0.33175", "25.0", "1" ], [ "0.33507", "25.0", "1" ], [ "0.33943", "428.8", "1" ], [ "0.34456", "1387.4", "1" ], [ "0.34499", "99.0", "1" ], [ "0.35040", "4228.4", "2" ], [ "0.35624", "4228.4", "2" ], [ "0.36208", "20151.7", "3" ], [ "0.36500", "63.6", "1" ], [ "0.36792", "51438.1", "1" ], [ "0.38000", "54.0", "2" ], [ "0.38773", "296.8", "1" ], [ "0.39300", "96.2", "1" ], [ "0.40000", "178.8", "3" ], [ "0.42000", "2222.4", "1" ], [ "0.43669", "21.0", "1" ], [ "0.44451", "20.7", "1" ], [ "0.45000", "399.5", "2" ] ],
      "t" : 1756461664733
    } ],
    "instrument_name" : "MANA_USD"
  }
}