{
  "id" : -1,
  "method" : "public/get-book",
  "code" : 0,
  "result" : {
    "depth" : 50,
    "data" : [ {
      "bids" : [ [ "0.0013495", "44450", "1" ], [ "0.0013491", "100000", "1" ], [ "0.0013490", "6170", "1" ], [ "0.0013451", "148680", "1" ], [ "0.0013384", "100000", "1" ], [ "0.0013383", "149430", "1" ], [ "0.0013324", "910", "1" ], [ "0.0013321", "150110", "1" ], [ "0.0013313", "6620", "1" ], [ "0.0013278", "68400", "1" ], [ "0.0013248", "57720", "1" ], [ "0.0013232", "151130", "1" ], [ "0.0013198", "6310", "1" ], [ "0.0013176", "215800", "2" ], [ "0.0013135", "151220", "1" ], [ "0.0013134", "551600", "1" ], [ "0.0013129", "6720", "1" ], [ "0.0013104", "215800", "1" ], [ "0.0013097", "152700", "1" ], [ "0.0013033", "868970", "1" ], [ "0.0013032", "473440", "2" ], [ "0.0013007", "95310", "1" ], [ "0.0012991", "6410", "1" ], [ "0.0012978", "90380", "1" ], [ "0.0012953", "940", "1" ], [ "0.0012946", "6810", "1" ], [ "0.0012915", "220710", "2" ], [ "0.0012880", "621070", "1" ], [ "0.0012852", "220710", "1" ], [ "0.0012849", "1170", "1" ], [ "0.0012799", "6510", "1" ], [ "0.0012789", "453880", "2" ], [ "0.0012766", "6910", "1" ], [ "0.0012589", "7000", "1" ], [ "0.0012582", "970", "1" ], [ "0.0012493", "6670", "1" ], [ "0.0012477", "11470", "1" ], [ "0.0012414", "7100", "1" ], [ "0.0012398", "6720", "1" ], [ "0.0012242", "7200", "1" ], [ "0.0012230", "6550", "1" ], [ "0.0012134", "20600", "1" ], [ "0.0012107", "10660", "1" ], [ "0.0012072", "7300", "1" ], [ "0.0011999", "6940", "1" ], [ "0.0011993", "6940", "1" ], [ "0.0011961", "10610", "1" ], [ "0.0011904", "7410", "1" ], [ "0.0011739", "7510", "1" ], [ "0.0011598", "7180", "1" ] ],
      "asks" : [ [ "0.0013558", "100000", "1" ], [ "0.0013634", "15090", "1" ], [ "0.0013635", "146680", "1" ], [ "0.0013692", "6520", "1" ], [ "0.0013703", "145950", "1" ], [ "0.0013739", "145570", "1" ], [ "0.0013879", "144130", "1" ], [ "0.0013884", "6430", "1" ], [ "0.0013891", "68400", "1" ], [ "0.0013896", "76380", "1" ], [ "0.0013968", "213290", "1" ], [ "0.0013992", "142930", "1" ], [ "0.0013998", "6120", "1" ], [ "0.0014039", "553890", "1" ], [ "0.0014040", "346080", "1" ], [ "0.0014067", "880", "1" ], [ "0.0014081", "6340", "1" ], [ "0.0014112", "482740", "2" ], [ "0.0014133", "1110", "1" ], [ "0.0014164", "95310", "1" ], [ "0.0014175", "99370", "1" ], [ "0.0014238", "217960", "1" ], [ "0.0014242", "561720", "1" ], [ "0.0014278", "6250", "1" ], [ "0.0014301", "336180", "1" ], [ "0.0014364", "452550", "1" ], [ "0.0014408", "5950", "1" ], [ "0.0014438", "870", "1" ], [ "0.0014499", "12100", "2" ], [ "0.0014532", "2130", "1" ], [ "0.0014600", "333230", "1" ], [ "0.0014766", "19240", "1" ], [ "0.0014775", "1050", "1" ], [ "0.0014809", "830", "1" ], [ "0.0014841", "2130", "1" ], [ "0.0014997", "5730", "1" ], [ "0.0015000", "10230", "2" ], [ "0.0015150", "2130", "1" ], [ "0.0015180", "820", "1" ], [ "0.0015418", "1010", "1" ], [ "0.0015459", "2130", "1" ], [ "0.0015496", "5540", "1" ], [ "0.0015551", "800", "1" ], [ "0.0015768", "2130", "1" ], [ "0.0015921", "780", "1" ], [ "0.0016000", "9950", "1" ], [ "0.0016060", "960", "1" ], [ "0.0016292", "760", "1" ], [ "0.0016342", "91860", "1" ], [ "0.0016343", "251750", "1" ] ],
      "t" : 1756461678400
    } ],
    "instrument_name" : "MANEKI_USD"
  }
}