{
  "id" : -1,
  "method" : "public/get-book",
  "code" : 0,
  "result" : {
    "depth" : 50,
    "data" : [ {
      "bids" : [ [ "0.15680", "4304.0", "1" ], [ "0.15663", "4588.0", "1" ], [ "0.15661", "5519.2", "1" ], [ "0.15656", "75.7", "1" ], [ "0.15655", "1049.1", "1" ], [ "0.15640", "5079.9", "1" ], [ "0.15628", "94.6", "1" ], [ "0.15624", "3319.3", "2" ], [ "0.15617", "5001.2", "1" ], [ "0.15603", "68.8", "1" ], [ "0.15593", "5690.3", "3" ], [ "0.15591", "310.5", "1" ], [ "0.15577", "383.6", "1" ], [ "0.15572", "88.8", "1" ], [ "0.15562", "5690.3", "2" ], [ "0.15560", "88.6", "1" ], [ "0.15556", "417.6", "1" ], [ "0.15542", "81.4", "1" ], [ "0.15532", "351.6", "1" ], [ "0.15531", "7564.7", "1" ], [ "0.15522", "308.8", "1" ], [ "0.15520", "91.3", "1" ], [ "0.15500", "10125.2", "2" ], [ "0.15495", "65.8", "1" ], [ "0.15481", "423.8", "1" ], [ "0.15473", "80.9", "1" ], [ "0.15464", "319.7", "1" ], [ "0.15461", "89.7", "1" ], [ "0.15445", "227.1", "1" ], [ "0.15433", "79.1", "1" ], [ "0.15424", "428.8", "1" ], [ "0.15404", "89.7", "1" ], [ "0.15401", "360.5", "1" ], [ "0.15385", "197.5", "1" ], [ "0.15381", "200.0", "1" ], [ "0.15375", "71.4", "1" ], [ "0.15364", "372.9", "1" ], [ "0.15350", "409.3", "1" ], [ "0.15342", "84.1", "1" ], [ "0.15335", "227.1", "1" ], [ "0.15321", "248.6", "1" ], [ "0.15312", "66.3", "1" ], [ "0.15287", "296.6", "1" ], [ "0.15264", "311.3", "1" ], [ "0.15242", "301.2", "1" ], [ "0.15220", "220.8", "1" ], [ "0.15218", "13.1", "1" ], [ "0.15192", "371.5", "1" ], [ "0.15169", "314.0", "1" ], [ "0.15154", "314.6", "1" ] ],
      "asks" : [ [ "0.15725", "425.2", "1" ], [ "0.15737", "69.4", "1" ], [ "0.15749", "367.9", "1" ], [ "0.15759", "1.1", "1" ], [ "0.15771", "377.3", "1" ], [ "0.15780", "71.5", "1" ], [ "0.15791", "302.8", "1" ], [ "0.15796", "4304.0", "1" ], [ "0.15797", "84.1", "1" ], [ "0.15801", "4005.4", "1" ], [ "0.15811", "327.2", "1" ], [ "0.15814", "5519.2", "1" ], [ "0.15823", "72.9", "1" ], [ "0.15824", "4150.3", "1" ], [ "0.15832", "293.7", "1" ], [ "0.15841", "940.3", "1" ], [ "0.15843", "88.1", "1" ], [ "0.15847", "5440.3", "1" ], [ "0.15859", "192.7", "1" ], [ "0.15872", "3520.1", "2" ], [ "0.15893", "198.8", "1" ], [ "0.15903", "7622.2", "1" ], [ "0.15904", "81.9", "1" ], [ "0.15908", "370.3", "1" ], [ "0.15931", "85.3", "1" ], [ "0.15933", "368.7", "1" ], [ "0.15934", "9739.3", "1" ], [ "0.15943", "75.4", "1" ], [ "0.15953", "213.3", "1" ], [ "0.15965", "11957.0", "1" ], [ "0.15966", "358.0", "1" ], [ "0.15978", "82.7", "1" ], [ "0.15996", "11957.0", "1" ], [ "0.15997", "382.7", "1" ], [ "0.16003", "63.5", "1" ], [ "0.16015", "292.3", "1" ], [ "0.16033", "75.0", "1" ], [ "0.16045", "200.2", "1" ], [ "0.16061", "344.4", "1" ], [ "0.16063", "70.7", "1" ], [ "0.16094", "368.9", "1" ], [ "0.16099", "76.7", "1" ], [ "0.16114", "375.9", "1" ], [ "0.16137", "373.8", "1" ], [ "0.16151", "200.3", "1" ], [ "0.16163", "356.1", "1" ], [ "0.16189", "320.6", "1" ], [ "0.16215", "195.7", "1" ], [ "0.16230", "313.6", "1" ], [ "0.16260", "414.8", "1" ] ],
      "t" : 1756461692503
    } ],
    "instrument_name" : "MAVIA_USD"
  }
}