{
  "id" : -1,
  "method" : "public/get-book",
  "code" : 0,
  "result" : {
    "depth" : 50,
    "data" : [ {
      "bids" : [ [ "0.15726", "7.4", "1" ], [ "0.15680", "4304.0", "1" ], [ "0.15663", "4316.6", "1" ], [ "0.15661", "5519.2", "1" ], [ "0.15660", "947.7", "1" ], [ "0.15640", "5529.6", "1" ], [ "0.15630", "3412.9", "2" ], [ "0.15617", "4578.6", "1" ], [ "0.15600", "3412.9", "2" ], [ "0.15570", "7733.3", "2" ], [ "0.15540", "7733.3", "1" ], [ "0.15510", "10046.3", "1" ], [ "0.15301", "65.3", "1" ], [ "0.14880", "12.1", "1" ], [ "0.14615", "52.6", "1" ], [ "0.13730", "284.0", "1" ], [ "0.12898", "59.6", "1" ], [ "0.12576", "768.3", "1" ], [ "0.12350", "3777.6", "1" ], [ "0.12025", "11291.1", "2" ], [ "0.11700", "20359.1", "2" ], [ "0.11375", "23367.2", "1" ], [ "0.11182", "68.7", "1" ], [ "0.11050", "65964.8", "2" ] ],
      "asks" : [ [ "0.15744", "7.4", "1" ], [ "0.15791", "4304.0", "1" ], [ "0.15801", "3808.5", "1" ], [ "0.15810", "5519.2", "2" ], [ "0.15824", "4792.9", "1" ], [ "0.15839", "203.4", "1" ], [ "0.15840", "1178.9", "1" ], [ "0.15847", "5025.6", "1" ], [ "0.15870", "3093.1", "1" ], [ "0.15900", "7456.0", "1" ], [ "0.15930", "9673.9", "1" ], [ "0.15960", "11957.9", "1" ], [ "0.15990", "11957.9", "1" ], [ "0.18046", "46.9", "1" ], [ "0.18888", "768.3", "1" ], [ "0.19175", "2435.6", "1" ], [ "0.19500", "7112.8", "2" ], [ "0.19763", "42.5", "1" ], [ "0.19825", "12800.4", "3" ], [ "0.20000", "3898.8", "1" ], [ "0.20150", "12208.0", "3" ], [ "0.20475", "37746.5", "1" ], [ "0.21479", "38.8", "1" ], [ "0.23194", "35.7", "1" ], [ "0.24910", "33.0", "1" ], [ "0.25000", "3051.8", "2" ], [ "0.26627", "30.7", "1" ], [ "0.28343", "28.7", "1" ], [ "0.30000", "2500.0", "1" ], [ "0.30059", "27.0", "1" ], [ "0.31774", "25.4", "1" ], [ "0.33494", "24.1", "1" ], [ "0.40000", "2000.0", "1" ], [ "1.10000", "18.5", "1" ], [ "1.70000", "16.4", "1" ], [ "1.80000", "82.0", "1" ], [ "2.10000", "8.0", "1" ], [ "2.25684", "50.0", "1" ], [ "2.50000", "12.3", "1" ], [ "2.60000", "28.6", "1" ], [ "2.80000", "75.0", "2" ], [ "2.90000", "22.4", "1" ], [ "3.00000", "61.9", "2" ], [ "4.10000", "2.5", "1" ], [ "6.00000", "8.3", "1" ] ],
      "t" : 1756461696525
    } ],
    "instrument_name" : "MAVIA_USDT"
  }
}