{
  "id" : -1,
  "method" : "public/get-book",
  "code" : 0,
  "result" : {
    "depth" : 50,
    "data" : [ {
      "bids" : [ [ "0.0021670", "314800", "1" ], [ "0.0021651", "318000", "1" ], [ "0.0021647", "403000", "1" ], [ "0.0021630", "395400", "1" ], [ "0.0021624", "200200", "1" ], [ "0.0021609", "411200", "1" ], [ "0.0021590", "755200", "1" ], [ "0.0021556", "1238300", "1" ], [ "0.0021523", "175000", "1" ], [ "0.0021522", "1689300", "1" ], [ "0.0021488", "2132100", "1" ], [ "0.0021454", "2681600", "1" ], [ "0.0017369", "56500", "1" ], [ "0.0016948", "331600", "1" ], [ "0.0016502", "870400", "1" ], [ "0.0016056", "1481200", "1" ], [ "0.0015610", "2962300", "1" ], [ "0.0015164", "8799400", "1" ] ],
      "asks" : [ [ "0.0021765", "95800", "1" ], [ "0.0021766", "314800", "1" ], [ "0.0021777", "253300", "1" ], [ "0.0021790", "403000", "1" ], [ "0.0021794", "204000", "1" ], [ "0.0021798", "403500", "1" ], [ "0.0021819", "388700", "1" ], [ "0.0021828", "735500", "1" ], [ "0.0021862", "1148500", "1" ], [ "0.0021896", "1702800", "1" ], [ "0.0021930", "2156400", "1" ], [ "0.0021964", "2610400", "1" ], [ "0.0025456", "19000", "1" ], [ "0.0026070", "56500", "1" ], [ "0.0026314", "174800", "1" ], [ "0.0026760", "582400", "2" ], [ "0.0027206", "582400", "2" ], [ "0.0027652", "1802200", "3" ], [ "0.0028098", "5430900", "1" ], [ "0.0029000", "157400", "1" ], [ "0.0046000", "63200", "1" ], [ "0.0049772", "200", "1" ], [ "0.0050000", "50000", "1" ], [ "0.0063000", "50000", "1" ], [ "0.0095000", "54700", "1" ], [ "0.0098944", "249900", "1" ], [ "0.0120000", "8300", "1" ], [ "0.0420000", "200", "1" ] ],
      "t" : 1756461678215
    } ],
    "instrument_name" : "MBL_USD"
  }
}