{
  "id" : -1,
  "method" : "public/get-book",
  "code" : 0,
  "result" : {
    "depth" : 50,
    "data" : [ {
      "bids" : [ [ "0.024451", "68340", "1" ], [ "0.024450", "26640", "1" ], [ "0.024435", "31510", "1" ], [ "0.024416", "7620", "1" ], [ "0.024408", "32340", "1" ], [ "0.024400", "6180", "1" ], [ "0.024381", "36400", "1" ], [ "0.024360", "22290", "1" ], [ "0.024321", "11310", "2" ], [ "0.024320", "37730", "1" ], [ "0.024280", "55010", "1" ], [ "0.024240", "67820", "1" ], [ "0.024200", "85300", "1" ], [ "0.023523", "380", "1" ], [ "0.023403", "710", "1" ], [ "0.022582", "1280", "1" ], [ "0.020400", "810", "1" ], [ "0.020000", "750", "1" ], [ "0.019901", "1450", "1" ], [ "0.019593", "4740", "1" ], [ "0.019462", "20340", "1" ], [ "0.018936", "69350", "2" ], [ "0.018410", "119850", "2" ], [ "0.017884", "311830", "2" ], [ "0.017399", "950", "1" ], [ "0.017358", "854540", "2" ], [ "0.012597", "500", "1" ], [ "0.011470", "300", "1" ] ],
      "asks" : [ [ "0.024597", "1520", "1" ], [ "0.024598", "20600", "1" ], [ "0.024599", "26640", "1" ], [ "0.024624", "25670", "1" ], [ "0.024634", "7620", "1" ], [ "0.024640", "6090", "1" ], [ "0.024651", "31480", "1" ], [ "0.024677", "13130", "1" ], [ "0.024678", "33490", "1" ], [ "0.024680", "22870", "2" ], [ "0.024720", "22870", "1" ], [ "0.024760", "36680", "1" ], [ "0.024800", "68270", "1" ], [ "0.024840", "68270", "1" ], [ "0.025957", "350", "1" ], [ "0.027175", "340", "1" ], [ "0.027942", "33450", "3" ], [ "0.028299", "2380", "1" ], [ "0.028392", "320", "1" ], [ "0.029406", "630", "1" ], [ "0.029454", "4740", "1" ], [ "0.029456", "14210", "1" ], [ "0.029608", "310", "1" ], [ "0.029982", "45840", "2" ], [ "0.030508", "77410", "3" ], [ "0.030621", "1030", "1" ], [ "0.030825", "300", "1" ], [ "0.031034", "165100", "4" ], [ "0.031560", "458020", "2" ], [ "0.032044", "300", "1" ], [ "0.032409", "560", "1" ], [ "0.033305", "940", "1" ], [ "0.035413", "510", "1" ], [ "0.042500", "260", "1" ], [ "0.045000", "9920", "1" ], [ "0.049000", "170", "1" ], [ "0.050000", "680", "1" ], [ "0.060000", "19350", "3" ], [ "0.069000", "170", "1" ], [ "0.074023", "10", "1" ], [ "0.090000", "450", "1" ], [ "0.099000", "170", "1" ], [ "0.120001", "490", "1" ], [ "0.144220", "10", "1" ], [ "0.170000", "1510", "1" ], [ "0.190000", "500", "1" ], [ "0.220000", "750", "1" ], [ "0.340000", "760", "1" ] ],
      "t" : 1756461691382
    } ],
    "instrument_name" : "MDT_USD"
  }
}