{
  "id" : -1,
  "method" : "public/get-book",
  "code" : 0,
  "result" : {
    "depth" : 50,
    "data" : [ {
      "bids" : [ [ "0.000965", "3337.27", "1" ], [ "0.000962", "4277.75", "1" ], [ "0.000960", "3010.76", "1" ], [ "0.000959", "979.36", "1" ], [ "0.000955", "3010.76", "1" ], [ "0.000952", "2682.73", "2" ], [ "0.000950", "3750.49", "2" ], [ "0.000945", "2682.73", "1" ], [ "0.000938", "4138.45", "1" ], [ "0.000932", "478.83", "1" ], [ "0.000931", "7794.46", "1" ], [ "0.000930", "478.83", "1" ], [ "0.000928", "1079.09", "1" ], [ "0.000927", "1634.49", "1" ], [ "0.000924", "10995.73", "2" ], [ "0.000918", "3332.10", "2" ], [ "0.000912", "7439.81", "1" ], [ "0.000906", "7439.81", "1" ], [ "0.000780", "620.59", "1" ], [ "0.000777", "3015.77", "2" ], [ "0.000756", "10158.68", "2" ], [ "0.000735", "10158.68", "2" ], [ "0.000714", "563.04", "1" ], [ "0.000693", "1757.44", "2" ] ],
      "asks" : [ [ "0.000986", "3337.27", "1" ], [ "0.000989", "4552.26", "2" ], [ "0.000990", "3318.93", "1" ], [ "0.000994", "833.06", "1" ], [ "0.000995", "3318.93", "2" ], [ "0.001001", "2443.12", "2" ], [ "0.001006", "496.45", "1" ], [ "0.001008", "2939.57", "2" ], [ "0.001010", "400.73", "1" ], [ "0.001012", "1634.49", "1" ], [ "0.001014", "1634.49", "1" ], [ "0.001015", "7059.13", "3" ], [ "0.001020", "3723.90", "2" ], [ "0.001022", "7059.13", "2" ], [ "0.001026", "3723.90", "1" ], [ "0.001029", "654.53", "1" ], [ "0.001032", "1634.49", "1" ], [ "0.001172", "620.59", "1" ], [ "0.001176", "1934.86", "2" ], [ "0.001188", "5.74", "1" ], [ "0.001197", "6180.47", "2" ], [ "0.001218", "6180.47", "2" ], [ "0.001247", "13.30", "1" ], [ "0.001301", "12.72", "1" ], [ "0.001307", "75.41", "1" ], [ "0.001311", "5.53", "1" ], [ "0.001479", "70.32", "1" ], [ "0.001931", "31.50", "1" ], [ "0.002289", "29.41", "1" ] ],
      "t" : 1756461675223
    } ],
    "instrument_name" : "MELANIA_SOL"
  }
}