{
  "id" : -1,
  "method" : "public/get-book",
  "code" : 0,
  "result" : {
    "depth" : 50,
    "data" : [ {
      "bids" : [ [ "0.20220", "2967.35", "1" ], [ "0.20198", "1001.18", "1" ], [ "0.20197", "3337.27", "1" ], [ "0.20196", "3236.22", "1" ], [ "0.20165", "1283.33", "1" ], [ "0.20164", "4277.75", "1" ], [ "0.20162", "3236.22", "1" ], [ "0.20139", "694.14", "1" ], [ "0.20128", "3236.22", "1" ], [ "0.20090", "2623.76", "2" ], [ "0.20041", "2623.76", "2" ], [ "0.19992", "5985.40", "3" ], [ "0.19943", "5985.40", "3" ], [ "0.19894", "5985.40", "3" ], [ "0.19399", "1261.01", "1" ], [ "0.19398", "494.44", "1" ], [ "0.19368", "450.52", "1" ], [ "0.19332", "929.50", "1" ], [ "0.19279", "1634.49", "1" ], [ "0.19220", "1397.96", "1" ], [ "0.19096", "3747.08", "1" ], [ "0.19000", "52.63", "1" ], [ "0.18972", "5351.43", "2" ], [ "0.18848", "7801.52", "2" ], [ "0.16225", "618.05", "1" ], [ "0.15922", "2832.84", "1" ], [ "0.15503", "10213.13", "2" ], [ "0.15084", "15393.34", "2" ], [ "0.14665", "628.04", "1" ], [ "0.14246", "1939.31", "2" ] ],
      "asks" : [ [ "0.20365", "3337.27", "1" ], [ "0.20366", "3447.25", "1" ], [ "0.20398", "4277.75", "1" ], [ "0.20400", "3107.90", "2" ], [ "0.20433", "759.30", "1" ], [ "0.20482", "2423.93", "2" ], [ "0.20531", "3974.90", "2" ], [ "0.20580", "7429.41", "2" ], [ "0.20629", "7429.41", "2" ], [ "0.20678", "788.23", "1" ], [ "0.20919", "494.44", "1" ], [ "0.20952", "523.94", "1" ], [ "0.20988", "446.15", "1" ], [ "0.21000", "62.53", "2" ], [ "0.21042", "1634.49", "1" ], [ "0.21080", "1856.69", "1" ], [ "0.21204", "3793.27", "1" ], [ "0.21328", "5622.82", "2" ], [ "0.21452", "2699.84", "1" ], [ "0.24365", "618.05", "1" ], [ "0.24721", "1990.27", "1" ], [ "0.25000", "5.53", "1" ], [ "0.25140", "5931.62", "2" ], [ "0.25559", "8687.38", "1" ], [ "0.29100", "31.62", "1" ], [ "0.29199", "5.19", "1" ], [ "0.29499", "5.16", "1" ], [ "0.47000", "20.00", "1" ], [ "0.50000", "49.88", "1" ], [ "0.55000", "20.00", "1" ], [ "0.60000", "20.00", "1" ], [ "0.70000", "55.00", "2" ], [ "0.80000", "20.00", "1" ], [ "0.90000", "20.00", "1" ], [ "1.00000", "2048.86", "3" ], [ "1.10000", "20.00", "1" ], [ "1.15000", "113.85", "1" ], [ "1.20000", "20.00", "1" ], [ "1.30000", "20.00", "1" ], [ "1.50000", "20.00", "1" ], [ "1.80000", "50.00", "1" ], [ "2.00000", "1122.94", "2" ] ],
      "t" : 1756461696588
    } ],
    "instrument_name" : "MELANIA_USD"
  }
}