{
  "id" : -1,
  "method" : "public/get-book",
  "code" : 0,
  "result" : {
    "depth" : 50,
    "data" : [ {
      "bids" : [ [ "0.20259", "1130.33", "1" ], [ "0.20258", "4935.98", "1" ], [ "0.19394", "497.22", "1" ], [ "0.19368", "419.20", "1" ], [ "0.19334", "80.59", "1" ], [ "0.19333", "3468.84", "1" ], [ "0.19332", "1057.93", "1" ], [ "0.19275", "1634.49", "1" ], [ "0.19220", "1505.39", "1" ], [ "0.19096", "3859.74", "1" ], [ "0.18972", "5724.96", "2" ], [ "0.18848", "7446.27", "2" ], [ "0.16224", "621.53", "1" ], [ "0.15922", "2724.83", "1" ], [ "0.15503", "9578.40", "2" ], [ "0.15084", "16708.81", "2" ], [ "0.14665", "646.61", "1" ], [ "0.14246", "1909.30", "2" ] ],
      "asks" : [ [ "0.20701", "139.63", "1" ], [ "0.20702", "4830.12", "1" ], [ "0.20917", "497.22", "1" ], [ "0.20952", "493.75", "1" ], [ "0.20988", "643.97", "1" ], [ "0.21040", "1634.49", "1" ], [ "0.21080", "1441.15", "1" ], [ "0.21204", "3351.27", "1" ], [ "0.21328", "5866.58", "3" ], [ "0.21452", "3351.27", "1" ], [ "0.24360", "621.53", "1" ], [ "0.24721", "1640.32", "1" ], [ "0.25140", "6484.48", "2" ], [ "0.25559", "8826.42", "1" ] ],
      "t" : 1756461709019
    } ],
    "instrument_name" : "MELANIA_USDT"
  }
}