{
  "id" : -1,
  "method" : "public/get-book",
  "code" : 0,
  "result" : {
    "depth" : 50,
    "data" : [ {
      "bids" : [ [ "0.20342", "207.9", "1" ], [ "0.20341", "208.0", "2" ], [ "0.20334", "207.9", "1" ], [ "0.20333", "500.0", "1" ], [ "0.20332", "207.9", "1" ], [ "0.20328", "0.1", "1" ], [ "0.20322", "217.7", "1" ], [ "0.20313", "215.6", "1" ], [ "0.20296", "2393.3", "1" ], [ "0.20284", "212.7", "1" ], [ "0.20270", "2393.3", "1" ], [ "0.20269", "215.6", "1" ], [ "0.20264", "246.7", "1" ], [ "0.20263", "207.9", "1" ], [ "0.20260", "246.7", "1" ], [ "0.20256", "246.8", "1" ], [ "0.20254", "217.7", "1" ], [ "0.20252", "246.8", "1" ], [ "0.20246", "208.1", "1" ], [ "0.20245", "2393.3", "1" ], [ "0.20240", "210.2", "1" ], [ "0.20228", "494.3", "1" ], [ "0.20222", "211.8", "1" ], [ "0.20219", "2393.3", "1" ], [ "0.20216", "215.6", "1" ], [ "0.20196", "828.9", "2" ], [ "0.20194", "2393.3", "1" ], [ "0.20193", "217.7", "1" ], [ "0.20190", "827.0", "2" ], [ "0.20184", "828.2", "2" ], [ "0.20179", "3319.1", "1" ], [ "0.20178", "835.0", "2" ], [ "0.20167", "212.2", "1" ], [ "0.20166", "2393.3", "1" ], [ "0.20164", "218.0", "1" ], [ "0.20163", "1780.6", "1" ], [ "0.20161", "215.5", "1" ], [ "0.20152", "211.0", "1" ], [ "0.20150", "744.4", "1" ], [ "0.20141", "211.7", "1" ], [ "0.20140", "744.7", "1" ], [ "0.20139", "2393.3", "1" ], [ "0.20138", "213.4", "1" ], [ "0.20130", "745.1", "1" ], [ "0.20120", "745.5", "1" ], [ "0.20117", "218.0", "1" ], [ "0.20116", "1606.9", "1" ], [ "0.20114", "2393.3", "1" ], [ "0.20110", "745.8", "1" ], [ "0.20100", "746.2", "1" ] ],
      "asks" : [ [ "0.20350", "0.2", "2" ], [ "0.20396", "1371.7", "1" ], [ "0.20397", "4572.4", "1" ], [ "0.20404", "980.0", "2" ], [ "0.20424", "244.8", "1" ], [ "0.20428", "244.7", "1" ], [ "0.20432", "244.7", "1" ], [ "0.20436", "244.6", "1" ], [ "0.20502", "609.6", "1" ], [ "0.20508", "609.5", "1" ], [ "0.20514", "609.3", "1" ], [ "0.20520", "609.1", "1" ], [ "0.20521", "3319.1", "1" ], [ "0.20539", "1586.6", "2" ], [ "0.20540", "730.2", "1" ], [ "0.20547", "2393.3", "1" ], [ "0.20550", "729.9", "1" ], [ "0.20554", "4741.6", "1" ], [ "0.20560", "729.5", "1" ], [ "0.20570", "729.2", "1" ], [ "0.20580", "728.8", "1" ], [ "0.20586", "2082.5", "2" ], [ "0.20590", "728.5", "1" ], [ "0.20633", "1925.7", "1" ], [ "0.20680", "3288.0", "2" ], [ "0.20727", "2590.9", "1" ], [ "0.20774", "1761.2", "1" ], [ "0.20868", "2347.9", "1" ], [ "0.20962", "2850.1", "1" ], [ "0.24360", "2368.5", "1" ], [ "0.24662", "286.9", "1" ], [ "0.25080", "936.4", "2" ], [ "0.25498", "1570.8", "3" ], [ "0.25916", "2141.4", "3" ], [ "0.26334", "2779.8", "3" ], [ "0.26752", "3314.2", "1" ] ],
      "t" : 1756461724227
    } ],
    "instrument_name" : "MELANIAUSD-PERP"
  }
}