{
  "id" : -1,
  "method" : "public/get-book",
  "code" : 0,
  "result" : {
    "depth" : 50,
    "data" : [ {
      "bids" : [ [ "0.000024237", "11150000", "1" ], [ "0.000024231", "9260000", "1" ], [ "0.000024164", "11150000", "1" ], [ "0.000024140", "12210000", "1" ], [ "0.000024034", "24320000", "2" ], [ "0.000023970", "22510000", "2" ], [ "0.000023837", "24320000", "2" ], [ "0.000023800", "38960000", "3" ], [ "0.000021701", "10360000", "1" ], [ "0.000021700", "1510000", "1" ], [ "0.000019555", "3900000", "1" ], [ "0.000019552", "20420000", "1" ], [ "0.000018941", "60810000", "2" ], [ "0.000018330", "60810000", "2" ], [ "0.000017719", "651110000", "2" ], [ "0.000017108", "2323320000", "3" ] ],
      "asks" : [ [ "0.000024697", "11150000", "1" ], [ "0.000024771", "11150000", "1" ], [ "0.000024820", "9860000", "1" ], [ "0.000024822", "12820000", "1" ], [ "0.000024989", "9520000", "1" ], [ "0.000024990", "25580000", "2" ], [ "0.000025019", "22670000", "2" ], [ "0.000025160", "25580000", "1" ], [ "0.000025216", "37260000", "1" ], [ "0.000027613", "40000", "1" ], [ "0.000029527", "3900000", "1" ], [ "0.000029939", "10430000", "1" ], [ "0.000030550", "40570000", "2" ], [ "0.000031161", "40570000", "2" ], [ "0.000031772", "493300000", "1" ], [ "0.000032383", "1183750000", "1" ], [ "0.000034216", "1810000", "1" ], [ "0.000034900", "1530000", "1" ], [ "0.000035000", "10540000", "2" ], [ "0.000036000", "48640000", "1" ], [ "0.000037000", "48640000", "1" ], [ "0.000038000", "64390000", "2" ], [ "0.000038500", "48640000", "1" ], [ "0.000039000", "48640000", "1" ], [ "0.000039500", "22160000", "1" ], [ "0.000040317", "870000", "1" ], [ "0.000041700", "8870000", "1" ], [ "0.000041999", "14660000", "1" ], [ "0.000042000", "6150000", "1" ], [ "0.000044255", "29820000", "1" ], [ "0.000045000", "7770000", "1" ], [ "0.000045999", "30000", "1" ], [ "0.000049500", "12500000", "1" ], [ "0.000055000", "12000000", "1" ], [ "0.000059500", "20500000", "1" ], [ "0.000060000", "3420000", "1" ], [ "0.000069200", "5340000", "1" ], [ "0.000074255", "14910000", "1" ], [ "0.000078000", "6330000", "1" ], [ "0.000080000", "63000000", "1" ], [ "0.000100000", "12730000", "3" ], [ "0.000150000", "4400000", "1" ], [ "0.000200000", "6130000", "1" ] ],
      "t" : 1756461719017
    } ],
    "instrument_name" : "MERY_USD"
  }
}