{
  "id" : -1,
  "method" : "public/get-book",
  "code" : 0,
  "result" : {
    "depth" : 50,
    "data" : [ {
      "bids" : [ [ "0.008430", "77526", "1" ], [ "0.008369", "99220", "1" ], [ "0.008347", "56838", "1" ], [ "0.008346", "151653", "2" ], [ "0.008239", "279763", "2" ], [ "0.008132", "415942", "3" ], [ "0.008027", "1039", "1" ], [ "0.008026", "660", "1" ], [ "0.008025", "442711", "2" ], [ "0.008000", "2000", "1" ], [ "0.007918", "555219", "2" ], [ "0.007900", "5000", "1" ], [ "0.007811", "691469", "1" ], [ "0.007800", "5000", "1" ], [ "0.007500", "80666", "1" ], [ "0.006834", "13984", "1" ], [ "0.006697", "78826", "1" ], [ "0.006516", "211298", "1" ], [ "0.006335", "358906", "1" ], [ "0.006154", "1193621", "1" ], [ "0.005973", "3217960", "1" ], [ "0.005509", "16", "1" ], [ "0.005009", "19", "1" ], [ "0.004870", "206", "1" ], [ "0.004000", "260", "1" ] ],
      "asks" : [ [ "0.008769", "1160", "1" ], [ "0.008770", "77526", "1" ], [ "0.008773", "25686", "1" ], [ "0.008774", "90114", "1" ], [ "0.008832", "99220", "1" ], [ "0.008881", "138679", "2" ], [ "0.008988", "251810", "3" ], [ "0.009095", "278378", "2" ], [ "0.009202", "278378", "2" ], [ "0.009309", "395799", "2" ], [ "0.009416", "509263", "2" ], [ "0.010387", "13984", "1" ], [ "0.010498", "42110", "1" ], [ "0.010679", "142485", "2" ], [ "0.010860", "142485", "2" ], [ "0.011041", "725137", "2" ], [ "0.011222", "1741635", "3" ], [ "0.015000", "69556", "2" ], [ "0.016200", "580", "1" ], [ "0.016700", "24459", "1" ], [ "0.017171", "8000", "1" ], [ "0.017991", "27011", "1" ], [ "0.018100", "1995", "1" ], [ "0.018700", "140", "1" ], [ "0.020200", "1496", "1" ], [ "0.025000", "995", "1" ], [ "0.030000", "55022", "1" ], [ "0.032000", "2500", "1" ], [ "0.040000", "26904", "1" ], [ "0.044998", "1316", "1" ], [ "0.049998", "1535", "1" ], [ "0.050000", "14930", "1" ], [ "0.055603", "17", "1" ], [ "0.060000", "7119", "3" ], [ "0.069998", "1719", "1" ], [ "0.082297", "12", "1" ], [ "0.085660", "50", "1" ], [ "0.090000", "972", "1" ], [ "0.100000", "145", "1" ], [ "0.250000", "96", "1" ] ],
      "t" : 1756461678307
    } ],
    "instrument_name" : "MFER_USD"
  }
}