{
  "id" : -1,
  "method" : "public/get-book",
  "code" : 0,
  "result" : {
    "depth" : 50,
    "data" : [ {
      "bids" : [ [ "0.04120", "10", "1" ], [ "0.04119", "240", "1" ], [ "0.04116", "1210", "1" ], [ "0.04115", "1210", "1" ], [ "0.04114", "1210", "1" ], [ "0.04113", "1210", "1" ], [ "0.04102", "3040", "1" ], [ "0.04101", "3040", "1" ], [ "0.04100", "3040", "1" ], [ "0.04099", "3040", "1" ], [ "0.04095", "3860", "1" ], [ "0.04092", "970", "1" ], [ "0.04086", "1140", "1" ], [ "0.04080", "1110", "2" ], [ "0.04076", "3680", "1" ], [ "0.04074", "4950", "3" ], [ "0.04073", "3860", "1" ], [ "0.04072", "3680", "1" ], [ "0.04070", "3740", "1" ], [ "0.04068", "1270", "3" ], [ "0.04059", "6940", "2" ], [ "0.04048", "10010", "3" ], [ "0.04037", "14170", "4" ], [ "0.04026", "17960", "5" ], [ "0.03289", "3860", "1" ], [ "0.03268", "7420", "2" ], [ "0.03182", "23640", "2" ], [ "0.03096", "39040", "2" ], [ "0.03010", "54000", "2" ], [ "0.02924", "70300", "2" ], [ "0.02838", "86060", "2" ] ],
      "asks" : [ [ "0.04123", "10", "1" ], [ "0.04124", "240", "1" ], [ "0.04131", "2420", "1" ], [ "0.04135", "1200", "1" ], [ "0.04136", "1200", "1" ], [ "0.04137", "1200", "1" ], [ "0.04138", "1200", "1" ], [ "0.04143", "3860", "1" ], [ "0.04145", "3860", "1" ], [ "0.04146", "1000", "1" ], [ "0.04147", "3760", "1" ], [ "0.04149", "3010", "1" ], [ "0.04150", "3010", "1" ], [ "0.04151", "3010", "1" ], [ "0.04152", "3930", "2" ], [ "0.04158", "7840", "3" ], [ "0.04164", "1320", "3" ], [ "0.04169", "10710", "1" ], [ "0.04170", "1370", "3" ], [ "0.04174", "3590", "1" ], [ "0.04176", "3590", "1" ], [ "0.04178", "3590", "1" ], [ "0.04180", "13280", "1" ], [ "0.04191", "16780", "1" ], [ "0.04947", "3860", "1" ], [ "0.04988", "9100", "1" ], [ "0.05074", "24630", "2" ], [ "0.05160", "38000", "3" ], [ "0.05246", "54090", "4" ], [ "0.05332", "70440", "4" ], [ "0.05418", "85050", "1" ] ],
      "t" : 1756461754725
    } ],
    "instrument_name" : "MILKUSD-PERP"
  }
}