{
  "id" : -1,
  "method" : "public/get-book",
  "code" : 0,
  "result" : {
    "depth" : 50,
    "data" : [ {
      "bids" : [ [ "0.04096", "16324", "1" ], [ "0.04095", "12000", "1" ], [ "0.04092", "19229", "1" ], [ "0.04091", "20895", "1" ], [ "0.04088", "11368", "1" ], [ "0.04086", "20161", "1" ], [ "0.04081", "35876", "1" ], [ "0.04080", "18786", "1" ], [ "0.04079", "3000", "1" ], [ "0.04078", "27000", "1" ], [ "0.04074", "63671", "1" ], [ "0.04067", "87971", "1" ], [ "0.04060", "113318", "1" ], [ "0.04054", "2909", "1" ], [ "0.04053", "135016", "1" ], [ "0.04045", "45000", "1" ], [ "0.03289", "841", "1" ], [ "0.03268", "4761", "2" ], [ "0.03182", "12629", "2" ], [ "0.03096", "21765", "2" ], [ "0.03010", "192626", "2" ], [ "0.02924", "578918", "2" ] ],
      "asks" : [ [ "0.04128", "9000", "1" ], [ "0.04130", "6000", "1" ], [ "0.04132", "16324", "1" ], [ "0.04134", "17964", "1" ], [ "0.04136", "20895", "1" ], [ "0.04137", "10543", "1" ], [ "0.04140", "47289", "2" ], [ "0.04144", "35001", "1" ], [ "0.04146", "20633", "1" ], [ "0.04151", "60693", "1" ], [ "0.04158", "84068", "1" ], [ "0.04165", "112543", "1" ], [ "0.04172", "135448", "1" ], [ "0.04173", "45000", "1" ], [ "0.04948", "841", "1" ], [ "0.04988", "2723", "1" ], [ "0.05074", "7807", "2" ], [ "0.05092", "432", "1" ], [ "0.05160", "13719", "4" ], [ "0.05246", "130979", "1" ], [ "0.05332", "321662", "1" ], [ "0.06100", "17", "1" ], [ "0.07000", "120", "1" ], [ "0.08100", "249", "1" ], [ "0.10000", "199", "1" ], [ "0.12327", "9", "1" ], [ "0.12500", "5190", "1" ], [ "0.30000", "335", "1" ] ],
      "t" : 1756461734367
    } ],
    "instrument_name" : "MILK_USD"
  }
}