{
  "id" : -1,
  "method" : "public/get-book",
  "code" : 0,
  "result" : {
    "depth" : 50,
    "data" : [ {
      "bids" : [ [ "0.18004", "1", "1" ], [ "0.18002", "1", "1" ], [ "0.17973", "1112", "1" ], [ "0.17961", "3753", "1" ], [ "0.17950", "8064", "1" ], [ "0.17940", "4281", "1" ], [ "0.17936", "278", "1" ], [ "0.17932", "278", "1" ], [ "0.17928", "6950", "2" ], [ "0.17924", "278", "1" ], [ "0.17917", "4548", "2" ], [ "0.17894", "4910", "2" ], [ "0.17871", "4505", "2" ], [ "0.17848", "5233", "2" ], [ "0.17844", "5356", "1" ], [ "0.17820", "4817", "1" ], [ "0.17775", "10546", "2" ], [ "0.17730", "15617", "3" ], [ "0.17685", "21397", "4" ], [ "0.17640", "26192", "5" ], [ "0.17381", "13703", "1" ], [ "0.17290", "13703", "1" ], [ "0.16365", "5210", "1" ], [ "0.14360", "2678", "1" ], [ "0.14022", "2873", "1" ], [ "0.13653", "8121", "1" ], [ "0.13650", "13703", "1" ], [ "0.13559", "13703", "1" ], [ "0.13284", "13077", "1" ], [ "0.12915", "18517", "1" ], [ "0.12546", "24221", "1" ], [ "0.12177", "29167", "1" ] ],
      "asks" : [ [ "0.18010", "1", "1" ], [ "0.18022", "1", "1" ], [ "0.18036", "1108", "1" ], [ "0.18058", "8064", "1" ], [ "0.18059", "3753", "1" ], [ "0.18064", "276", "1" ], [ "0.18068", "276", "1" ], [ "0.18072", "276", "1" ], [ "0.18076", "276", "1" ], [ "0.18078", "4271", "2" ], [ "0.18101", "3466", "1" ], [ "0.18102", "5356", "1" ], [ "0.18124", "3466", "1" ], [ "0.18135", "5371", "1" ], [ "0.18147", "5269", "1" ], [ "0.18170", "5396", "1" ], [ "0.18180", "10605", "1" ], [ "0.18225", "16205", "1" ], [ "0.18270", "22170", "1" ], [ "0.18315", "25883", "1" ], [ "0.19814", "5210", "1" ], [ "0.21552", "2678", "1" ], [ "0.21771", "2807", "1" ], [ "0.22140", "8262", "2" ], [ "0.22204", "13703", "1" ], [ "0.22295", "13703", "1" ], [ "0.22509", "13397", "3" ], [ "0.22878", "18232", "3" ], [ "0.22932", "13703", "1" ], [ "0.23023", "13703", "1" ], [ "0.23247", "23990", "3" ], [ "0.23616", "29386", "1" ] ],
      "t" : 1756461761435
    } ],
    "instrument_name" : "MINAUSD-PERP"
  }
}