{
  "id" : -1,
  "method" : "public/get-book",
  "code" : 0,
  "result" : {
    "depth" : 50,
    "data" : [ {
      "bids" : [ [ "0.17962", "5581.7", "1" ], [ "0.17961", "3996.0", "1" ], [ "0.17960", "3458.8", "1" ], [ "0.17958", "3868.6", "1" ], [ "0.17956", "4266.3", "1" ], [ "0.17952", "3897.5", "1" ], [ "0.17930", "3897.5", "1" ], [ "0.17918", "4940.8", "1" ], [ "0.17908", "3868.6", "1" ], [ "0.17887", "3912.3", "1" ], [ "0.17856", "13514.0", "2" ], [ "0.17825", "13514.0", "2" ], [ "0.17794", "28907.6", "3" ], [ "0.17763", "28907.6", "2" ], [ "0.17000", "923.5", "2" ], [ "0.16000", "875.0", "1" ], [ "0.15897", "650.0", "1" ], [ "0.15400", "32.5", "1" ], [ "0.15140", "33.0", "1" ], [ "0.14361", "690.1", "1" ], [ "0.14196", "2929.9", "1" ], [ "0.13832", "11314.3", "1" ], [ "0.13632", "7.4", "1" ], [ "0.13468", "10752.5", "1" ], [ "0.13104", "10752.5", "1" ], [ "0.12740", "34318.0", "1" ], [ "0.02200", "45.5", "1" ] ],
      "asks" : [ [ "0.18044", "152.2", "1" ], [ "0.18045", "566.7", "1" ], [ "0.18057", "3868.6", "1" ], [ "0.18061", "4162.4", "1" ], [ "0.18062", "3438.0", "1" ], [ "0.18067", "4940.8", "1" ], [ "0.18073", "3673.0", "1" ], [ "0.18084", "5163.5", "1" ], [ "0.18104", "12288.6", "1" ], [ "0.18106", "5163.5", "1" ], [ "0.18134", "583.2", "1" ], [ "0.18135", "21192.5", "1" ], [ "0.18166", "37018.7", "1" ], [ "0.18197", "37018.7", "1" ], [ "0.20000", "35.1", "1" ], [ "0.21557", "690.1", "1" ], [ "0.21840", "2568.8", "1" ], [ "0.22204", "6889.6", "2" ], [ "0.22568", "6889.6", "2" ], [ "0.22932", "6593.3", "2" ], [ "0.23296", "15342.6", "1" ], [ "0.24000", "157.0", "1" ], [ "0.27500", "5.0", "1" ], [ "0.29800", "5.1", "1" ], [ "0.34000", "45.3", "1" ], [ "0.34200", "5.2", "1" ], [ "0.36643", "3.0", "1" ], [ "0.40700", "5.3", "1" ], [ "0.41000", "99.7", "1" ], [ "0.44000", "198.9", "1" ], [ "0.45000", "32.7", "2" ], [ "0.49300", "5.4", "1" ], [ "0.50000", "108.3", "2" ], [ "0.52366", "1020.0", "1" ], [ "0.53366", "1300.0", "1" ], [ "0.55000", "25.3", "2" ], [ "0.60000", "520.8", "4" ], [ "0.65000", "34.5", "2" ], [ "0.70000", "290.4", "2" ], [ "0.72800", "5.7", "1" ], [ "0.74500", "15.4", "1" ], [ "0.75000", "20.0", "1" ], [ "0.80000", "20.0", "1" ], [ "0.80510", "26.5", "1" ], [ "0.81820", "26.1", "1" ], [ "0.83131", "25.7", "1" ], [ "0.84443", "25.3", "1" ], [ "0.85753", "24.9", "1" ], [ "0.86500", "150.0", "1" ], [ "0.87065", "24.5", "1" ] ],
      "t" : 1756461757466
    } ],
    "instrument_name" : "MINA_USD"
  }
}