{
  "id" : -1,
  "method" : "public/get-book",
  "code" : 0,
  "result" : {
    "depth" : 50,
    "data" : [ {
      "bids" : [ [ "0.14641", "588", "1" ], [ "0.14462", "5910", "1" ], [ "0.14440", "3809", "1" ], [ "0.14400", "13418", "1" ], [ "0.14360", "24143", "1" ], [ "0.14320", "32538", "1" ], [ "0.13000", "100", "1" ], [ "0.11993", "766", "1" ], [ "0.11856", "3263", "1" ], [ "0.11552", "11266", "1" ], [ "0.11248", "20243", "1" ], [ "0.10944", "67849", "1" ], [ "0.10640", "171671", "1" ] ],
      "asks" : [ [ "0.15657", "5910", "1" ], [ "0.15680", "4207", "1" ], [ "0.15720", "14539", "1" ], [ "0.15760", "22330", "1" ], [ "0.15800", "32838", "1" ], [ "0.18094", "766", "1" ], [ "0.18240", "2023", "1" ], [ "0.18544", "7210", "2" ], [ "0.18848", "12633", "3" ], [ "0.19152", "27784", "3" ], [ "0.19456", "101798", "3" ], [ "0.22001", "107", "1" ], [ "0.28566", "3", "1" ], [ "0.29000", "188", "1" ], [ "0.30000", "100", "1" ], [ "0.45000", "28", "1" ], [ "2.95000", "3", "1" ] ],
      "t" : 1756461775564
    } ],
    "instrument_name" : "MLK_USD"
  }
}