{
  "id" : -1,
  "method" : "public/get-book",
  "code" : 0,
  "result" : {
    "depth" : 50,
    "data" : [ {
      "bids" : [ [ "0.12574", "10", "1" ], [ "0.12538", "5567", "2" ], [ "0.12537", "300", "1" ], [ "0.12533", "1916", "1" ], [ "0.12532", "248", "1" ], [ "0.12525", "300", "1" ], [ "0.12514", "300", "1" ], [ "0.12496", "6000", "1" ], [ "0.12457", "8560", "1" ], [ "0.12456", "5580", "1" ], [ "0.12452", "9779", "1" ], [ "0.12449", "12000", "1" ], [ "0.12405", "7142", "1" ], [ "0.12400", "5684", "1" ], [ "0.12358", "6826", "1" ], [ "0.12339", "627", "1" ], [ "0.12338", "5207", "1" ], [ "0.12335", "7200", "1" ], [ "0.12334", "12000", "1" ], [ "0.12327", "22105", "1" ], [ "0.12284", "16533", "1" ], [ "0.12276", "6754", "1" ], [ "0.12210", "28844", "1" ], [ "0.12136", "40832", "1" ], [ "0.10042", "989", "1" ], [ "0.10040", "4833", "1" ], [ "0.09789", "15321", "2" ], [ "0.09538", "15321", "1" ], [ "0.09287", "54546", "2" ], [ "0.09036", "136868", "2" ] ],
      "asks" : [ [ "0.12575", "10", "1" ], [ "0.12578", "300", "1" ], [ "0.12589", "300", "1" ], [ "0.12603", "300", "1" ], [ "0.12610", "1337", "1" ], [ "0.12611", "6000", "1" ], [ "0.12623", "239", "1" ], [ "0.12651", "7386", "1" ], [ "0.12652", "10800", "1" ], [ "0.12678", "9520", "1" ], [ "0.12710", "5537", "1" ], [ "0.12762", "7142", "1" ], [ "0.12772", "5550", "1" ], [ "0.12773", "19200", "1" ], [ "0.12802", "5340", "1" ], [ "0.12805", "22105", "1" ], [ "0.12834", "7556", "1" ], [ "0.12876", "16942", "1" ], [ "0.12896", "7556", "1" ], [ "0.12950", "26683", "1" ], [ "0.13024", "38901", "1" ], [ "0.15000", "2336", "1" ], [ "0.15092", "989", "1" ], [ "0.15311", "3715", "1" ], [ "0.15500", "2532", "1" ], [ "0.15562", "9901", "2" ], [ "0.15813", "9901", "2" ], [ "0.16064", "22017", "3" ], [ "0.16315", "87995", "3" ], [ "0.17000", "747", "1" ], [ "0.20000", "99", "1" ], [ "0.25000", "1008", "2" ], [ "0.26200", "2310", "1" ], [ "0.28000", "1", "1" ], [ "0.29000", "1", "1" ], [ "0.29998", "205", "1" ], [ "0.30000", "112", "1" ], [ "0.33000", "1", "1" ], [ "0.34000", "1", "1" ], [ "0.34998", "205", "1" ], [ "0.37000", "1", "1" ], [ "0.39000", "1", "1" ], [ "0.39998", "205", "1" ], [ "0.40000", "34", "1" ], [ "0.41000", "2", "1" ], [ "0.49000", "1", "1" ], [ "0.50000", "1", "1" ], [ "0.55000", "1", "1" ], [ "1.10000", "18293", "1" ], [ "1.40000", "2", "1" ] ],
      "t" : 1756461783539
    } ],
    "instrument_name" : "MNDE_USD"
  }
}