{
  "id" : -1,
  "method" : "public/get-book",
  "code" : 0,
  "result" : {
    "depth" : 50,
    "data" : [ {
      "bids" : [ [ "0.0003411", "2848000", "1" ], [ "0.0003410", "43900", "1" ], [ "0.0003404", "1130900", "2" ], [ "0.0003374", "1946100", "1" ], [ "0.0003370", "807300", "1" ], [ "0.0003361", "2620800", "1" ], [ "0.0003353", "1983100", "1" ], [ "0.0003350", "3027300", "2" ], [ "0.0003331", "2419600", "1" ], [ "0.0003330", "1838800", "1" ], [ "0.0003327", "2538300", "1" ], [ "0.0003320", "1124000", "1" ], [ "0.0003315", "635500", "1" ], [ "0.0003293", "2454200", "1" ], [ "0.0003276", "1945700", "1" ], [ "0.0003256", "2652400", "1" ], [ "0.0003237", "3332900", "1" ], [ "0.0003198", "4702000", "2" ], [ "0.0003159", "5874500", "2" ], [ "0.0003120", "7079800", "2" ], [ "0.0003053", "20100", "1" ], [ "0.0003042", "26400", "1" ], [ "0.0003036", "46500", "2" ], [ "0.0003014", "120500", "4" ], [ "0.0003000", "50000", "1" ], [ "0.0002992", "120500", "3" ], [ "0.0002728", "360900", "1" ], [ "0.0002698", "2137300", "1" ], [ "0.0002627", "5880200", "2" ], [ "0.0002556", "5880200", "1" ], [ "0.0002485", "12435900", "1" ], [ "0.0002414", "35357800", "2" ], [ "0.0000310", "32300", "1" ] ],
      "asks" : [ [ "0.0003457", "2090000", "1" ], [ "0.0003458", "1071200", "1" ], [ "0.0003460", "43300", "1" ], [ "0.0003464", "531200", "1" ], [ "0.0003465", "175200", "1" ], [ "0.0003489", "1296500", "1" ], [ "0.0003508", "77200", "1" ], [ "0.0003517", "1983100", "1" ], [ "0.0003544", "2538300", "1" ], [ "0.0003548", "2636700", "1" ], [ "0.0003549", "512200", "1" ], [ "0.0003552", "1740000", "1" ], [ "0.0003588", "1732200", "1" ], [ "0.0003589", "1740000", "1" ], [ "0.0003594", "738900", "3" ], [ "0.0003599", "20100", "1" ], [ "0.0003608", "23700", "1" ], [ "0.0003609", "26400", "1" ], [ "0.0003626", "2499900", "1" ], [ "0.0003627", "2910700", "1" ], [ "0.0003630", "827200", "6" ], [ "0.0003652", "154100", "2" ], [ "0.0003665", "712400", "3" ], [ "0.0003666", "4037100", "2" ], [ "0.0003674", "85600", "1" ], [ "0.0003705", "5378100", "3" ], [ "0.0003744", "6502000", "2" ], [ "0.0004163", "360900", "1" ], [ "0.0004189", "1008900", "1" ], [ "0.0004260", "3584500", "2" ], [ "0.0004331", "5994900", "3" ], [ "0.0004402", "5994900", "3" ], [ "0.0004473", "19336500", "1" ], [ "0.0005000", "112200", "2" ], [ "0.0005073", "390000", "1" ], [ "0.0005402", "199200", "1" ], [ "0.0005859", "1241000", "1" ], [ "0.0006000", "2000", "1" ], [ "0.0006300", "550500", "1" ], [ "0.0006487", "265200", "1" ], [ "0.0006500", "333300", "1" ], [ "0.0007000", "336400", "2" ], [ "0.0007500", "87000", "2" ], [ "0.0007650", "158000", "1" ], [ "0.0008000", "44300", "1" ], [ "0.0011000", "657000", "2" ], [ "0.0011304", "1600", "1" ], [ "0.0012900", "166600", "1" ], [ "0.0013001", "3700", "1" ], [ "0.0013900", "153800", "1" ] ],
      "t" : 1756461786457
    } ],
    "instrument_name" : "MOBILE_USD"
  }
}