{
  "id" : -1,
  "method" : "public/get-book",
  "code" : 0,
  "result" : {
    "depth" : 50,
    "data" : [ {
      "bids" : [ [ "0.0003378", "97500", "1" ], [ "0.0003353", "1983100", "1" ], [ "0.0003331", "1325200", "1" ], [ "0.0003330", "2214900", "1" ], [ "0.0003327", "2538300", "1" ], [ "0.0003320", "720600", "1" ], [ "0.0003293", "2245500", "1" ], [ "0.0003280", "2033000", "1" ], [ "0.0003256", "2046300", "1" ], [ "0.0003240", "3384100", "1" ], [ "0.0003200", "4558200", "2" ], [ "0.0003160", "5981300", "2" ], [ "0.0003120", "4558200", "1" ], [ "0.0003052", "20100", "1" ], [ "0.0003042", "26400", "1" ], [ "0.0003036", "45000", "2" ], [ "0.0003014", "120800", "4" ], [ "0.0002992", "164700", "4" ], [ "0.0002728", "357100", "1" ], [ "0.0002698", "1656200", "1" ], [ "0.0002627", "5741100", "2" ], [ "0.0002556", "5741100", "1" ], [ "0.0002485", "11625000", "1" ], [ "0.0002414", "33392600", "2" ] ],
      "asks" : [ [ "0.0003516", "1983100", "1" ], [ "0.0003517", "3356700", "2" ], [ "0.0003518", "1702200", "2" ], [ "0.0003519", "2541700", "1" ], [ "0.0003543", "2538300", "1" ], [ "0.0003551", "2680200", "1" ], [ "0.0003552", "2230800", "1" ], [ "0.0003560", "604900", "1" ], [ "0.0003589", "2230800", "1" ], [ "0.0003598", "20100", "1" ], [ "0.0003600", "1775300", "1" ], [ "0.0003608", "19700", "1" ], [ "0.0003609", "26400", "1" ], [ "0.0003626", "1967900", "1" ], [ "0.0003630", "86100", "3" ], [ "0.0003640", "4750600", "2" ], [ "0.0003652", "154000", "2" ], [ "0.0003665", "2867500", "1" ], [ "0.0003674", "85400", "1" ], [ "0.0003680", "4092400", "2" ], [ "0.0003720", "5336100", "2" ], [ "0.0003760", "6490500", "1" ], [ "0.0003854", "302000", "1" ], [ "0.0004162", "357100", "1" ], [ "0.0004189", "1125100", "1" ], [ "0.0004260", "3486100", "2" ], [ "0.0004331", "3486100", "3" ], [ "0.0004402", "3486100", "2" ], [ "0.0004473", "18331400", "1" ], [ "0.0005455", "1000000", "1" ], [ "0.0005466", "1700000", "1" ], [ "0.0006900", "2303200", "1" ], [ "0.0010000", "85800", "1" ], [ "0.0015100", "12200", "1" ], [ "0.0016000", "546100", "1" ], [ "0.0020000", "2861400", "1" ], [ "0.0047000", "40600", "1" ], [ "0.0075220", "13700", "1" ], [ "0.0081740", "7800", "1" ] ],
      "t" : 1756461786451
    } ],
    "instrument_name" : "MOBILE_USDT"
  }
}