{
  "id" : -1,
  "method" : "public/get-book",
  "code" : 0,
  "result" : {
    "depth" : 50,
    "data" : [ {
      "bids" : [ [ "0.00000087679", "1300000", "1" ], [ "0.00000087402", "738400000", "1" ], [ "0.00000087360", "698300000", "1" ], [ "0.00000087296", "945400000", "1" ], [ "0.00000087255", "698300000", "1" ], [ "0.00000087234", "451800000", "1" ], [ "0.00000087150", "2843500000", "8" ], [ "0.00000087100", "1618800000", "2" ], [ "0.00000086966", "2744800000", "2" ], [ "0.00000086832", "2744800000", "1" ], [ "0.00000086698", "3917200000", "1" ], [ "0.00000086564", "5176400000", "1" ], [ "0.00000086554", "3364400000", "1" ], [ "0.00000086135", "11500000", "1" ], [ "0.00000086090", "752800000", "1" ], [ "0.00000085827", "1999500000", "1" ], [ "0.00000085635", "1958200000", "1" ], [ "0.00000085380", "11600000", "1" ], [ "0.00000085351", "648300000", "1" ], [ "0.00000084770", "4496600000", "1" ], [ "0.00000084632", "11700000", "1" ], [ "0.00000084392", "1551300000", "2" ], [ "0.00000083906", "824000000", "1" ], [ "0.00000083905", "6847900000", "2" ], [ "0.00000083890", "11800000", "1" ], [ "0.00000083493", "63000000", "1" ], [ "0.00000083433", "1551300000", "2" ], [ "0.00000083155", "11900000", "1" ], [ "0.00000082426", "12000000", "1" ], [ "0.00000081703", "12100000", "1" ], [ "0.00000080987", "12200000", "1" ], [ "0.00000080278", "12400000", "1" ], [ "0.00000080000", "45000000", "1" ], [ "0.00000078996", "24400000", "1" ], [ "0.00000078910", "126700000", "1" ], [ "0.00000077031", "68300000", "1" ], [ "0.00000070567", "74500000", "1" ], [ "0.00000070000", "27400000", "2" ], [ "0.00000069912", "131800000", "1" ], [ "0.00000068508", "812000000", "1" ], [ "0.00000066605", "2083700000", "1" ], [ "0.00000064702", "3463800000", "1" ], [ "0.00000064104", "82100000", "1" ], [ "0.00000062799", "8090700000", "1" ], [ "0.00000060896", "19408000000", "1" ], [ "0.00000057642", "91300000", "1" ] ],
      "asks" : [ [ "0.00000087681", "1300000", "1" ], [ "0.00000087917", "738400000", "1" ], [ "0.00000087974", "945400000", "1" ], [ "0.00000087990", "610300000", "1" ], [ "0.00000088038", "528000000", "1" ], [ "0.00000088095", "986600000", "1" ], [ "0.00000088172", "1771100000", "1" ], [ "0.00000088200", "986600000", "1" ], [ "0.00000088306", "2669200000", "1" ], [ "0.00000088440", "5032800000", "1" ], [ "0.00000088534", "11400000", "1" ], [ "0.00000088574", "6075000000", "1" ], [ "0.00000088708", "6075000000", "1" ], [ "0.00000088836", "3364400000", "1" ], [ "0.00000089227", "752800000", "1" ], [ "0.00000089316", "11200000", "1" ], [ "0.00000089491", "1999500000", "1" ], [ "0.00000089960", "2167300000", "1" ], [ "0.00000090107", "11200000", "1" ], [ "0.00000090146", "895300000", "1" ], [ "0.00000090825", "4103000000", "2" ], [ "0.00000090904", "11100000", "1" ], [ "0.00000091105", "2149700000", "2" ], [ "0.00000091690", "4103000000", "1" ], [ "0.00000091708", "11000000", "1" ], [ "0.00000092064", "2149700000", "1" ], [ "0.00000092518", "10800000", "1" ], [ "0.00000093336", "10800000", "1" ], [ "0.00000094161", "10700000", "1" ], [ "0.00000094994", "10600000", "1" ], [ "0.00000095834", "10500000", "1" ], [ "0.00000096420", "58400000", "1" ], [ "0.00000096682", "10400000", "1" ], [ "0.00000096988", "24400000", "1" ], [ "0.00000097536", "10400000", "1" ], [ "0.00000098399", "10200000", "1" ], [ "0.00000099269", "10100000", "1" ], [ "0.00000100147", "10100000", "1" ], [ "0.00000101032", "10000000", "1" ], [ "0.00000101926", "9800000", "1" ], [ "0.00000102827", "9700000", "1" ], [ "0.00000102882", "54400000", "1" ], [ "0.00000103736", "9600000", "1" ], [ "0.00000104654", "9500000", "1" ], [ "0.00000105048", "131800000", "1" ], [ "0.00000105579", "9600000", "1" ], [ "0.00000105984", "24400000", "1" ], [ "0.00000106512", "9400000", "1" ], [ "0.00000106568", "370000000", "1" ], [ "0.00000107455", "9300000", "1" ] ],
      "t" : 1756461798786
    } ],
    "instrument_name" : "MOG_USDT"
  }
}