{
  "id" : -1,
  "method" : "public/get-book",
  "code" : 0,
  "result" : {
    "depth" : 50,
    "data" : [ {
      "bids" : [ [ "0.00000087679", "1300000", "1" ], [ "0.00000087436", "294300000", "1" ], [ "0.00000087402", "738400000", "1" ], [ "0.00000087360", "875700000", "1" ], [ "0.00000087296", "945400000", "1" ], [ "0.00000087255", "875700000", "1" ], [ "0.00000087251", "266500000", "1" ], [ "0.00000087230", "3641600000", "4" ], [ "0.00000087189", "658100000", "1" ], [ "0.00000087150", "875700000", "1" ], [ "0.00000087122", "907200000", "1" ], [ "0.00000087087", "1638600000", "2" ], [ "0.00000086970", "503500000", "1" ], [ "0.00000086944", "2845300000", "2" ], [ "0.00000086900", "9106000000", "3" ], [ "0.00000086801", "2845300000", "1" ], [ "0.00000086696", "2468900000", "1" ], [ "0.00000086658", "4036700000", "1" ], [ "0.00000086567", "3364400000", "1" ], [ "0.00000086515", "5021800000", "1" ], [ "0.00000086484", "3404800000", "1" ], [ "0.00000086303", "2961400000", "1" ], [ "0.00000086107", "753100000", "1" ], [ "0.00000085917", "3398100000", "1" ], [ "0.00000085916", "7541300000", "1" ], [ "0.00000085845", "1999500000", "1" ], [ "0.00000085715", "6400000", "1" ], [ "0.00000085635", "2110900000", "1" ], [ "0.00000085440", "887100000", "1" ], [ "0.00000084992", "16700000", "1" ], [ "0.00000084770", "4310600000", "1" ], [ "0.00000084480", "887100000", "1" ], [ "0.00000083905", "6953100000", "2" ], [ "0.00000083520", "2358700000", "2" ], [ "0.00000082633", "2800000", "1" ], [ "0.00000082281", "6700000", "1" ], [ "0.00000082017", "4000000", "1" ], [ "0.00000080000", "31300000", "2" ], [ "0.00000079357", "39300000", "1" ], [ "0.00000078846", "7000000", "1" ], [ "0.00000078741", "2900000", "1" ], [ "0.00000075412", "7300000", "1" ], [ "0.00000075152", "18900000", "1" ], [ "0.00000074847", "3100000", "1" ], [ "0.00000074817", "4400000", "1" ], [ "0.00000072345", "43100000", "1" ], [ "0.00000070955", "3200000", "1" ], [ "0.00000070000", "1500000", "1" ], [ "0.00000069918", "131800000", "1" ], [ "0.00000068508", "614300000", "1" ] ],
      "asks" : [ [ "0.00000087747", "1300000", "1" ], [ "0.00000087944", "738400000", "1" ], [ "0.00000087990", "671000000", "1" ], [ "0.00000087992", "300700000", "1" ], [ "0.00000088000", "945400000", "1" ], [ "0.00000088088", "584100000", "1" ], [ "0.00000088095", "1002000000", "1" ], [ "0.00000088170", "5204800000", "1" ], [ "0.00000088179", "317300000", "1" ], [ "0.00000088185", "653400000", "1" ], [ "0.00000088200", "1002000000", "1" ], [ "0.00000088231", "1591100000", "1" ], [ "0.00000088310", "749800000", "1" ], [ "0.00000088374", "3865800000", "1" ], [ "0.00000088500", "11280000000", "3" ], [ "0.00000088517", "5028100000", "1" ], [ "0.00000088660", "6004100000", "1" ], [ "0.00000088745", "2451800000", "1" ], [ "0.00000088803", "6004100000", "1" ], [ "0.00000088849", "3364400000", "1" ], [ "0.00000088994", "3178500000", "1" ], [ "0.00000089148", "2891500000", "1" ], [ "0.00000089236", "753100000", "1" ], [ "0.00000089280", "880500000", "1" ], [ "0.00000089500", "1999500000", "1" ], [ "0.00000089578", "6242500000", "1" ], [ "0.00000089960", "2045800000", "1" ], [ "0.00000090240", "1579800000", "1" ], [ "0.00000090426", "2600000", "1" ], [ "0.00000090825", "4488300000", "2" ], [ "0.00000091200", "2266600000", "2" ], [ "0.00000091690", "4488300000", "1" ], [ "0.00000092582", "6100000", "1" ], [ "0.00000093381", "36000000", "1" ], [ "0.00000096016", "5900000", "1" ], [ "0.00000096414", "3700000", "1" ], [ "0.00000098000", "200000000", "1" ], [ "0.00000099451", "5700000", "1" ], [ "0.00000100394", "33300000", "1" ], [ "0.00000102884", "5500000", "1" ], [ "0.00000103618", "3400000", "1" ], [ "0.00000104407", "22700000", "1" ], [ "0.00000104673", "14900000", "1" ], [ "0.00000105070", "131800000", "1" ], [ "0.00000105978", "22400000", "1" ], [ "0.00000106318", "5300000", "1" ], [ "0.00000106568", "509400000", "1" ], [ "0.00000107405", "31000000", "1" ], [ "0.00000107573", "22000000", "1" ], [ "0.00000108471", "1333300000", "2" ] ],
      "t" : 1756461795527
    } ],
    "instrument_name" : "MOG_USD"
  }
}