{
  "id" : -1,
  "method" : "public/get-book",
  "code" : 0,
  "result" : {
    "depth" : 50,
    "data" : [ {
      "bids" : [ [ "0.00000087547", "1000000", "1" ], [ "0.00000087481", "1714000000", "1" ], [ "0.00000087480", "229000000", "2" ], [ "0.00000087444", "228000000", "1" ], [ "0.00000087401", "57000000", "1" ], [ "0.00000087330", "57000000", "1" ], [ "0.00000087259", "57000000", "1" ], [ "0.00000087188", "57000000", "1" ], [ "0.00000086962", "928000000", "1" ], [ "0.00000086867", "143000000", "1" ], [ "0.00000086814", "143000000", "1" ], [ "0.00000086761", "144000000", "1" ], [ "0.00000086708", "144000000", "1" ], [ "0.00000086597", "173000000", "1" ], [ "0.00000086508", "173000000", "1" ], [ "0.00000086419", "173000000", "1" ], [ "0.00000086330", "173000000", "1" ], [ "0.00000086241", "173000000", "1" ], [ "0.00000086152", "174000000", "1" ] ],
      "asks" : [ [ "0.00000087837", "113000000", "1" ], [ "0.00000087867", "1000000", "1" ], [ "0.00000087876", "227000000", "1" ], [ "0.00000087885", "1000000", "1" ], [ "0.00000087912", "227000000", "1" ], [ "0.00000088040", "56000000", "1" ], [ "0.00000088054", "1714000000", "1" ], [ "0.00000088055", "1224000000", "1" ], [ "0.00000088111", "56000000", "1" ], [ "0.00000088182", "56000000", "1" ], [ "0.00000088253", "56000000", "1" ], [ "0.00000088563", "141000000", "1" ], [ "0.00000088616", "141000000", "1" ], [ "0.00000088669", "140000000", "1" ], [ "0.00000088722", "140000000", "1" ], [ "0.00000088822", "168000000", "1" ], [ "0.00000088911", "168000000", "1" ], [ "0.00000089000", "168000000", "1" ], [ "0.00000089089", "168000000", "1" ], [ "0.00000089178", "168000000", "1" ], [ "0.00000089267", "168000000", "1" ] ],
      "t" : 1756461802556
    } ],
    "instrument_name" : "MOGUSD-PERP"
  }
}