{
  "id" : -1,
  "method" : "public/get-book",
  "code" : 0,
  "result" : {
    "depth" : 50,
    "data" : [ {
      "bids" : [ [ "0.136168", "9", "1" ], [ "0.136052", "101", "1" ], [ "0.136025", "84", "1" ], [ "0.136024", "101", "1" ], [ "0.136017", "11027", "1" ], [ "0.136010", "101", "1" ], [ "0.135995", "3676", "1" ], [ "0.135994", "2625", "1" ], [ "0.135985", "10571", "1" ], [ "0.135968", "101", "1" ], [ "0.135960", "5106", "1" ], [ "0.135955", "11033", "1" ], [ "0.135926", "101", "1" ], [ "0.135908", "4988", "1" ], [ "0.135837", "101", "1" ], [ "0.135827", "14724", "1" ], [ "0.135792", "101", "1" ], [ "0.135783", "4911", "1" ], [ "0.135778", "101", "1" ], [ "0.135752", "6390", "1" ], [ "0.135750", "101", "1" ], [ "0.135706", "12333", "1" ], [ "0.135694", "101", "1" ], [ "0.135688", "14739", "1" ], [ "0.135656", "101", "1" ], [ "0.135642", "4911", "1" ], [ "0.135630", "3777", "1" ], [ "0.135600", "101", "1" ], [ "0.135574", "101", "1" ], [ "0.135532", "101", "1" ], [ "0.135504", "101", "1" ], [ "0.135501", "6445", "1" ], [ "0.135490", "101", "1" ], [ "0.135476", "101", "1" ], [ "0.135444", "14766", "1" ], [ "0.135443", "101", "1" ], [ "0.135432", "11611", "2" ], [ "0.135429", "101", "1" ], [ "0.135373", "101", "1" ], [ "0.135359", "101", "1" ], [ "0.135248", "101", "1" ], [ "0.135234", "26037", "3" ], [ "0.135220", "101", "1" ], [ "0.135206", "101", "1" ], [ "0.135048", "101", "1" ], [ "0.135036", "26037", "3" ], [ "0.134850", "101", "1" ], [ "0.134838", "26037", "3" ], [ "0.134746", "101", "1" ], [ "0.134703", "37118", "1" ] ],
      "asks" : [ [ "0.136173", "9", "1" ], [ "0.136230", "101", "1" ], [ "0.136242", "3669", "1" ], [ "0.136243", "2625", "1" ], [ "0.136310", "101", "1" ], [ "0.136313", "3668", "1" ], [ "0.136338", "101", "1" ], [ "0.136361", "7333", "1" ], [ "0.136362", "10571", "1" ], [ "0.136366", "101", "1" ], [ "0.136423", "101", "1" ], [ "0.136431", "5235", "1" ], [ "0.136433", "4988", "1" ], [ "0.136465", "101", "1" ], [ "0.136488", "4491", "1" ], [ "0.136507", "101", "1" ], [ "0.136553", "14646", "1" ], [ "0.136563", "101", "1" ], [ "0.136569", "6390", "1" ], [ "0.136618", "101", "1" ], [ "0.136620", "4055", "1" ], [ "0.136629", "5796", "1" ], [ "0.136646", "101", "1" ], [ "0.136660", "101", "1" ], [ "0.136679", "14632", "1" ], [ "0.136688", "101", "1" ], [ "0.136697", "12335", "1" ], [ "0.136758", "101", "1" ], [ "0.136770", "5796", "1" ], [ "0.136814", "101", "1" ], [ "0.136818", "11266", "2" ], [ "0.136828", "101", "1" ], [ "0.137010", "101", "1" ], [ "0.137016", "11266", "1" ], [ "0.137024", "101", "1" ], [ "0.137036", "14594", "1" ], [ "0.137108", "101", "1" ], [ "0.137214", "25019", "1" ], [ "0.137412", "25019", "1" ], [ "0.137610", "39773", "1" ], [ "0.137768", "36293", "1" ], [ "0.138574", "36081", "1" ], [ "0.140745", "2101", "3" ], [ "0.142138", "3045", "4" ], [ "0.143532", "1593", "3" ], [ "0.144771", "242", "1" ], [ "0.148526", "235", "1" ], [ "0.152044", "229", "1" ], [ "0.156357", "223", "1" ], [ "0.159316", "218", "1" ] ],
      "t" : 1756461806640
    } ],
    "instrument_name" : "MOODENG_USD"
  }
}