{
  "id" : -1,
  "method" : "public/get-book",
  "code" : 0,
  "result" : {
    "depth" : 50,
    "data" : [ {
      "bids" : [ [ "0.136058", "10", "1" ], [ "0.135967", "4690", "1" ], [ "0.135954", "10", "1" ], [ "0.135953", "158590", "1" ], [ "0.135837", "360", "1" ], [ "0.135810", "360", "1" ], [ "0.135783", "360", "1" ], [ "0.135756", "360", "1" ], [ "0.135638", "11020", "1" ], [ "0.135637", "237870", "1" ], [ "0.135395", "1050", "1" ], [ "0.135341", "920", "1" ], [ "0.135300", "920", "1" ], [ "0.135277", "269560", "1" ], [ "0.135259", "920", "1" ], [ "0.135255", "380", "1" ], [ "0.135235", "1050", "1" ], [ "0.135218", "920", "1" ], [ "0.135048", "1110", "1" ], [ "0.135042", "300", "1" ], [ "0.134980", "1110", "1" ], [ "0.134937", "1980", "1" ], [ "0.134912", "1110", "1" ], [ "0.134844", "1110", "1" ], [ "0.134829", "370", "2" ], [ "0.134776", "1110", "1" ], [ "0.134708", "1110", "1" ], [ "0.134658", "269600", "1" ], [ "0.134616", "470", "3" ], [ "0.134514", "3580", "2" ], [ "0.134403", "430", "1" ], [ "0.134091", "4920", "3" ], [ "0.133772", "269610", "1" ], [ "0.133668", "6630", "4" ], [ "0.133245", "8950", "1" ], [ "0.108808", "1050", "1" ], [ "0.106628", "1980", "1" ], [ "0.103822", "6640", "1" ], [ "0.101016", "10050", "1" ], [ "0.098210", "14390", "1" ], [ "0.095404", "19130", "1" ], [ "0.092598", "23110", "1" ] ],
      "asks" : [ [ "0.136067", "10", "1" ], [ "0.136164", "10", "1" ], [ "0.136270", "11020", "1" ], [ "0.136271", "1020", "1" ], [ "0.136390", "158570", "1" ], [ "0.136404", "350", "1" ], [ "0.136458", "350", "1" ], [ "0.136485", "350", "1" ], [ "0.136512", "350", "1" ], [ "0.136691", "237830", "1" ], [ "0.136764", "1050", "1" ], [ "0.136817", "910", "1" ], [ "0.136858", "910", "1" ], [ "0.136899", "910", "1" ], [ "0.136940", "910", "1" ], [ "0.136959", "340", "2" ], [ "0.137088", "1090", "1" ], [ "0.137156", "1090", "1" ], [ "0.137172", "269880", "2" ], [ "0.137176", "1050", "1" ], [ "0.137224", "1090", "1" ], [ "0.137292", "1090", "1" ], [ "0.137360", "1090", "1" ], [ "0.137385", "410", "2" ], [ "0.137475", "1660", "1" ], [ "0.137564", "1090", "1" ], [ "0.137598", "380", "1" ], [ "0.137790", "269530", "1" ], [ "0.137811", "470", "1" ], [ "0.137898", "3290", "2" ], [ "0.138321", "5510", "2" ], [ "0.138670", "269710", "1" ], [ "0.138744", "6910", "2" ], [ "0.139167", "9020", "1" ], [ "0.163260", "1050", "1" ], [ "0.165554", "2030", "1" ], [ "0.168360", "5870", "2" ], [ "0.171166", "10080", "3" ], [ "0.173972", "14990", "4" ], [ "0.176778", "18460", "4" ], [ "0.179584", "23180", "1" ] ],
      "t" : 1756461810644
    } ],
    "instrument_name" : "MOODENGUSD-PERP"
  }
}