{
  "id" : -1,
  "method" : "public/get-book",
  "code" : 0,
  "result" : {
    "depth" : 50,
    "data" : [ {
      "bids" : [ [ "0.12276", "247.6", "1" ], [ "0.12244", "327.3", "1" ], [ "0.12243", "260.6", "1" ], [ "0.12241", "2856.7", "1" ], [ "0.12239", "5639.2", "1" ], [ "0.12234", "23082.7", "1" ], [ "0.12233", "4968.9", "1" ], [ "0.12232", "5302.3", "1" ], [ "0.12231", "150805.0", "1" ], [ "0.12229", "7223.9", "1" ], [ "0.12224", "4768.7", "1" ], [ "0.12210", "6206.4", "1" ], [ "0.12192", "12212.1", "2" ], [ "0.12188", "7373.1", "1" ], [ "0.12168", "162386.4", "1" ], [ "0.12160", "20922.5", "3" ], [ "0.12128", "20922.5", "3" ], [ "0.12096", "38871.3", "4" ], [ "0.12064", "38871.3", "4" ], [ "0.12046", "647064.1", "1" ], [ "0.12000", "800.0", "1" ], [ "0.10047", "1799.7", "1" ], [ "0.10046", "2037.0", "1" ], [ "0.10044", "1122.3", "1" ], [ "0.09816", "1008.9", "1" ], [ "0.09711", "4637.6", "1" ], [ "0.09462", "15186.4", "2" ], [ "0.09213", "26521.5", "2" ], [ "0.08964", "69761.8", "2" ], [ "0.08715", "189936.2", "2" ] ],
      "asks" : [ [ "0.12295", "243.4", "1" ], [ "0.12326", "223.0", "1" ], [ "0.12327", "23082.7", "1" ], [ "0.12342", "149890.3", "1" ], [ "0.12345", "1329.4", "1" ], [ "0.12346", "10227.8", "2" ], [ "0.12363", "4923.8", "1" ], [ "0.12364", "5930.2", "1" ], [ "0.12366", "7223.9", "1" ], [ "0.12384", "3774.3", "1" ], [ "0.12386", "6416.2", "1" ], [ "0.12404", "160911.7", "1" ], [ "0.12408", "6416.2", "1" ], [ "0.12416", "12407.6", "1" ], [ "0.12448", "20744.7", "1" ], [ "0.12480", "29634.3", "1" ], [ "0.12512", "46470.8", "1" ], [ "0.12528", "638443.5", "1" ], [ "0.12544", "46470.8", "1" ], [ "0.14739", "1008.9", "1" ], [ "0.14940", "3644.8", "1" ], [ "0.15100", "6631.2", "1" ], [ "0.15183", "144.9", "1" ], [ "0.15189", "9267.4", "2" ], [ "0.15438", "15952.9", "3" ], [ "0.15687", "42141.9", "4" ], [ "0.15936", "109107.1", "1" ], [ "0.17000", "2974.7", "1" ], [ "0.17391", "743.1", "1" ], [ "0.18810", "800.0", "1" ], [ "0.19600", "26.7", "1" ], [ "0.19956", "3129.9", "1" ], [ "0.26100", "99.7", "1" ], [ "0.26702", "107.0", "1" ], [ "0.28100", "99.8", "1" ], [ "0.28999", "498.0", "1" ], [ "0.29000", "79.6", "1" ], [ "0.29990", "691.7", "1" ], [ "0.30000", "99.8", "1" ], [ "0.33000", "4367.4", "1" ], [ "0.35000", "58.3", "1" ], [ "0.39900", "691.7", "1" ], [ "0.40000", "49.9", "1" ], [ "0.44900", "128.1", "1" ], [ "0.45000", "45.2", "1" ], [ "0.55252", "193.6", "1" ], [ "0.58900", "149.9", "1" ], [ "0.59900", "333.0", "1" ], [ "0.66000", "34.5", "1" ], [ "0.68000", "50.4", "1" ] ],
      "t" : 1756461821974
    } ],
    "instrument_name" : "MOVE_USD"
  }
}