{
  "id" : -1,
  "method" : "public/get-book",
  "code" : 0,
  "result" : {
    "depth" : 50,
    "data" : [ {
      "bids" : [ [ "0.0159140", "10170", "1" ], [ "0.0159100", "50170", "1" ], [ "0.0159000", "78650", "2" ], [ "0.0158500", "14640", "1" ], [ "0.0158400", "64010", "1" ], [ "0.0158000", "15310", "1" ], [ "0.0157800", "60620", "1" ], [ "0.0157500", "14630", "1" ], [ "0.0157200", "168590", "2" ], [ "0.0157000", "256830", "2" ], [ "0.0156600", "74090", "1" ], [ "0.0156500", "14300", "1" ], [ "0.0156000", "266880", "3" ], [ "0.0155972", "930", "1" ], [ "0.0155632", "1040", "1" ], [ "0.0155500", "13380", "1" ], [ "0.0155491", "850", "1" ], [ "0.0155400", "61570", "1" ], [ "0.0155000", "185080", "2" ], [ "0.0154904", "980", "1" ], [ "0.0154800", "76270", "1" ], [ "0.0154500", "16340", "1" ], [ "0.0154496", "2040", "2" ], [ "0.0154200", "76540", "1" ], [ "0.0154000", "185080", "2" ], [ "0.0153765", "1720", "2" ], [ "0.0153600", "61570", "1" ], [ "0.0153500", "16340", "1" ], [ "0.0153360", "2610", "1" ], [ "0.0153000", "246650", "3" ], [ "0.0152626", "2950", "3" ], [ "0.0152500", "16340", "1" ], [ "0.0152400", "76270", "1" ], [ "0.0152000", "185080", "2" ], [ "0.0151800", "61570", "1" ], [ "0.0151200", "61570", "1" ], [ "0.0151000", "168740", "1" ], [ "0.0150600", "89460", "1" ], [ "0.0150000", "168740", "1" ], [ "0.0149000", "168740", "1" ], [ "0.0148000", "168740", "1" ], [ "0.0147000", "168740", "1" ], [ "0.0146000", "174350", "1" ], [ "0.0145000", "239310", "1" ], [ "0.0144000", "239310", "1" ], [ "0.0143000", "239310", "1" ], [ "0.0115001", "8270", "1" ] ],
      "asks" : [ [ "0.0160640", "10170", "1" ], [ "0.0161000", "15470", "1" ], [ "0.0161500", "15470", "1" ], [ "0.0161720", "50170", "1" ], [ "0.0162000", "81800", "2" ], [ "0.0162500", "15470", "1" ], [ "0.0162600", "66330", "1" ], [ "0.0163000", "15470", "1" ], [ "0.0163200", "66330", "1" ], [ "0.0163500", "15470", "1" ], [ "0.0163540", "106170", "1" ], [ "0.0163799", "31140", "1" ], [ "0.0163800", "77920", "1" ], [ "0.0164000", "261250", "2" ], [ "0.0164400", "65050", "1" ], [ "0.0164500", "15470", "1" ], [ "0.0165000", "323740", "3" ], [ "0.0165500", "12540", "1" ], [ "0.0165600", "72060", "1" ], [ "0.0166000", "259260", "2" ], [ "0.0166200", "76790", "1" ], [ "0.0166500", "15830", "1" ], [ "0.0166608", "930", "1" ], [ "0.0166800", "80100", "1" ], [ "0.0166992", "760", "1" ], [ "0.0167000", "259240", "3" ], [ "0.0167094", "850", "1" ], [ "0.0167400", "61120", "1" ], [ "0.0167433", "990", "1" ], [ "0.0167500", "16100", "1" ], [ "0.0168000", "340320", "3" ], [ "0.0168128", "1990", "1" ], [ "0.0168572", "1730", "1" ], [ "0.0168600", "72790", "1" ], [ "0.0169000", "211460", "1" ], [ "0.0169200", "61120", "1" ], [ "0.0169264", "2940", "2" ], [ "0.0169711", "3060", "2" ], [ "0.0169800", "69150", "1" ], [ "0.0170000", "199100", "1" ], [ "0.0170400", "88860", "1" ], [ "0.0171000", "234360", "1" ], [ "0.0172000", "245940", "1" ], [ "0.0173000", "182550", "1" ], [ "0.0174000", "203720", "1" ], [ "0.0175000", "196300", "1" ], [ "0.0176000", "193900", "1" ], [ "0.0177000", "193260", "1" ], [ "0.0178000", "176860", "1" ], [ "0.0250000", "760", "1" ] ],
      "t" : 1756461837133
    } ],
    "instrument_name" : "MTD_USD"
  }
}