{
  "id" : -1,
  "method" : "public/get-book",
  "code" : 0,
  "result" : {
    "depth" : 50,
    "data" : [ {
      "bids" : [ [ "0.00103456", "10642", "1" ], [ "0.00103455", "96659", "1" ], [ "0.00103454", "193319", "1" ], [ "0.00103327", "193557", "1" ], [ "0.00103083", "163353", "1" ], [ "0.00103082", "194017", "1" ], [ "0.00102657", "487055", "1" ], [ "0.00102500", "286889", "1" ], [ "0.00101347", "406751", "2" ], [ "0.00101346", "740034", "1" ], [ "0.00100001", "1807403", "2" ], [ "0.00100000", "590000", "4" ], [ "0.00099795", "257026", "1" ], [ "0.00099463", "134763", "1" ], [ "0.00099328", "142409", "1" ], [ "0.00098344", "2033671", "1" ], [ "0.00097909", "10000", "1" ], [ "0.00097776", "128230", "1" ], [ "0.00096772", "172494", "1" ], [ "0.00096224", "173077", "1" ], [ "0.00095904", "56950", "1" ], [ "0.00095000", "52632", "1" ], [ "0.00093312", "202105", "2" ], [ "0.00090720", "351354", "2" ], [ "0.00090000", "100000", "1" ], [ "0.00088128", "351354", "1" ], [ "0.00085536", "627258", "2" ], [ "0.00082944", "787790", "2" ], [ "0.00082800", "119120", "1" ], [ "0.00080808", "603297", "1" ], [ "0.00078736", "1879080", "1" ], [ "0.00076664", "3021270", "1" ], [ "0.00074592", "5040332", "1" ], [ "0.00072520", "13431723", "1" ], [ "0.00067860", "124782", "1" ], [ "0.00060800", "2000", "1" ], [ "0.00025400", "4000", "1" ] ],
      "asks" : [ [ "0.00106803", "169504", "1" ], [ "0.00106804", "62123", "1" ], [ "0.00106867", "490000", "1" ], [ "0.00106868", "1451327", "1" ], [ "0.00106871", "283916", "1" ], [ "0.00106874", "1496534", "1" ], [ "0.00106940", "852460", "1" ], [ "0.00108123", "268281", "1" ], [ "0.00108380", "134763", "1" ], [ "0.00108560", "1429", "1" ], [ "0.00108640", "142112", "1" ], [ "0.00110123", "268280", "1" ], [ "0.00110192", "142112", "1" ], [ "0.00111091", "172494", "1" ], [ "0.00111456", "62490", "1" ], [ "0.00111744", "150526", "1" ], [ "0.00113000", "67191", "1" ], [ "0.00114048", "168797", "2" ], [ "0.00116640", "168797", "2" ], [ "0.00117139", "85369", "1" ], [ "0.00117396", "170364", "1" ], [ "0.00117741", "169865", "1" ], [ "0.00118044", "211787", "1" ], [ "0.00118091", "54212", "1" ], [ "0.00118135", "423245", "1" ], [ "0.00119000", "84784", "2" ], [ "0.00119232", "372213", "2" ], [ "0.00120000", "36798", "2" ], [ "0.00120047", "624757", "1" ], [ "0.00121000", "20000", "1" ], [ "0.00121159", "1307", "1" ], [ "0.00121824", "372213", "1" ], [ "0.00122000", "19963", "1" ], [ "0.00123000", "19272", "1" ], [ "0.00123322", "1621776", "1" ], [ "0.00124000", "19091", "1" ], [ "0.00124229", "52677", "1" ], [ "0.00124416", "491852", "2" ], [ "0.00125000", "53961", "1" ], [ "0.00125150", "119120", "1" ], [ "0.00126000", "50000", "1" ], [ "0.00126392", "386163", "1" ], [ "0.00127000", "50000", "1" ], [ "0.00127165", "1163", "1" ], [ "0.00127297", "52677", "1" ], [ "0.00128000", "49272", "1" ], [ "0.00128464", "1097674", "2" ], [ "0.00129000", "49272", "1" ], [ "0.00130000", "50000", "1" ], [ "0.00130367", "52677", "1" ] ],
      "t" : 1756461841650
    } ],
    "instrument_name" : "MXC_USD"
  }
}