{
  "id" : -1,
  "method" : "public/get-book",
  "code" : 0,
  "result" : {
    "depth" : 50,
    "data" : [ {
      "bids" : [ [ "0.02261", "29392", "1" ], [ "0.02260", "30242", "1" ], [ "0.02255", "28086", "1" ], [ "0.02250", "74863", "2" ], [ "0.02240", "9843", "1" ], [ "0.02230", "31091", "1" ], [ "0.02220", "54427", "1" ], [ "0.02210", "77573", "1" ], [ "0.02201", "3564", "1" ], [ "0.02200", "98248", "1" ], [ "0.02190", "118893", "1" ], [ "0.01810", "5245", "1" ], [ "0.01776", "27000", "1" ], [ "0.01744", "573", "1" ], [ "0.01728", "82502", "1" ], [ "0.01680", "120899", "1" ], [ "0.01632", "120899", "1" ], [ "0.01584", "405131", "1" ], [ "0.01413", "707", "1" ] ],
      "asks" : [ [ "0.02279", "29392", "1" ], [ "0.02280", "34664", "1" ], [ "0.02285", "34664", "1" ], [ "0.02290", "29985", "1" ], [ "0.02294", "37716", "1" ], [ "0.02300", "9804", "1" ], [ "0.02310", "31708", "2" ], [ "0.02319", "1692", "1" ], [ "0.02320", "31708", "1" ], [ "0.02330", "94721", "2" ], [ "0.02340", "70565", "1" ], [ "0.02350", "112940", "1" ], [ "0.02723", "5245", "1" ], [ "0.02736", "17244", "1" ], [ "0.02784", "48380", "2" ], [ "0.02832", "82784", "3" ], [ "0.02880", "48380", "2" ], [ "0.02928", "222881", "1" ], [ "0.07000", "1144", "1" ], [ "0.12000", "18", "1" ], [ "0.15800", "962", "1" ], [ "0.16508", "1626", "1" ], [ "0.20000", "18", "1" ], [ "0.30000", "10000", "1" ], [ "0.35000", "600", "1" ], [ "0.40000", "4246", "1" ], [ "0.64800", "1650", "1" ], [ "0.67678", "89", "1" ], [ "0.97900", "2750", "1" ], [ "1.00000", "578", "1" ], [ "1.23000", "1000", "1" ] ],
      "t" : 1756461820137
    } ],
    "instrument_name" : "MYRO_USDT"
  }
}