{
  "id" : -1,
  "method" : "public/get-book",
  "code" : 0,
  "result" : {
    "depth" : 50,
    "data" : [ {
      "bids" : [ [ "0.02262", "1093", "1" ], [ "0.02261", "29392", "1" ], [ "0.02260", "25129", "1" ], [ "0.02255", "26918", "1" ], [ "0.02250", "71896", "2" ], [ "0.02240", "8931", "1" ], [ "0.02230", "34230", "1" ], [ "0.02220", "54221", "2" ], [ "0.02210", "73606", "1" ], [ "0.02200", "97657", "1" ], [ "0.02191", "17342", "1" ], [ "0.02190", "119255", "1" ], [ "0.02135", "737", "1" ], [ "0.02050", "767", "1" ], [ "0.01965", "800", "1" ], [ "0.01880", "837", "1" ], [ "0.01810", "5279", "1" ], [ "0.01795", "876", "1" ], [ "0.01776", "30274", "1" ], [ "0.01728", "78408", "1" ], [ "0.01710", "920", "1" ], [ "0.01680", "159988", "1" ], [ "0.01632", "159988", "1" ], [ "0.01625", "968", "1" ], [ "0.01584", "417522", "1" ], [ "0.01540", "1021", "1" ] ],
      "asks" : [ [ "0.02279", "1200", "1" ], [ "0.02280", "29392", "1" ], [ "0.02285", "26398", "1" ], [ "0.02290", "37926", "1" ], [ "0.02295", "75706", "2" ], [ "0.02300", "8570", "1" ], [ "0.02309", "2188", "1" ], [ "0.02310", "29632", "2" ], [ "0.02320", "52497", "2" ], [ "0.02330", "92517", "2" ], [ "0.02340", "74227", "1" ], [ "0.02350", "114187", "1" ], [ "0.02390", "682", "1" ], [ "0.02475", "658", "1" ], [ "0.02560", "635", "1" ], [ "0.02645", "614", "1" ], [ "0.02724", "5279", "1" ], [ "0.02730", "594", "1" ], [ "0.02736", "14930", "1" ], [ "0.02784", "48483", "2" ], [ "0.02815", "576", "1" ], [ "0.02832", "86285", "3" ], [ "0.02880", "86285", "3" ], [ "0.02900", "559", "1" ], [ "0.02928", "242508", "1" ], [ "0.02985", "542", "1" ], [ "0.03077", "540", "1" ], [ "0.03162", "511", "1" ], [ "0.04250", "9631", "1" ], [ "0.04288", "24", "1" ], [ "0.04388", "1141", "1" ], [ "0.04500", "454", "1" ], [ "0.05000", "7313", "1" ], [ "0.05400", "375", "1" ], [ "0.06000", "11809", "2" ], [ "0.07000", "285", "1" ], [ "0.09000", "751", "1" ], [ "0.09900", "1189", "1" ], [ "0.10000", "774", "2" ], [ "0.11890", "846", "1" ], [ "0.12000", "752", "1" ], [ "0.13000", "7313", "1" ], [ "0.14656", "6", "1" ], [ "0.15000", "640", "1" ], [ "0.16000", "374", "1" ], [ "0.16500", "375", "1" ], [ "0.16800", "778", "1" ], [ "0.17880", "5093", "1" ], [ "0.23000", "439", "1" ], [ "0.23898", "1568", "1" ] ],
      "t" : 1756461818337
    } ],
    "instrument_name" : "MYRO_USD"
  }
}