{
  "id" : -1,
  "method" : "public/get-book",
  "code" : 0,
  "result" : {
    "depth" : 50,
    "data" : [ {
      "bids" : [ [ "0.09433", "10", "1" ], [ "0.09431", "10", "1" ], [ "0.09417", "20", "1" ], [ "0.09416", "530", "1" ], [ "0.09414", "530", "1" ], [ "0.09412", "530", "1" ], [ "0.09408", "3700", "2" ], [ "0.09389", "3170", "1" ], [ "0.09378", "1330", "1" ], [ "0.09375", "1330", "1" ], [ "0.09372", "1330", "1" ], [ "0.09369", "1330", "1" ], [ "0.09360", "1600", "1" ], [ "0.09355", "1600", "1" ], [ "0.09350", "1600", "1" ], [ "0.09345", "1600", "1" ], [ "0.09340", "1600", "1" ], [ "0.09335", "1600", "1" ], [ "0.09296", "7070", "1" ], [ "0.09261", "460", "1" ], [ "0.09226", "7300", "1" ], [ "0.09212", "2660", "3" ], [ "0.09163", "610", "3" ], [ "0.09114", "5440", "6" ], [ "0.09065", "820", "1" ], [ "0.09016", "7140", "3" ], [ "0.08918", "9480", "4" ], [ "0.08820", "11470", "4" ], [ "0.07537", "5050", "1" ], [ "0.07448", "4530", "1" ], [ "0.07252", "14690", "2" ], [ "0.07056", "24460", "2" ], [ "0.06860", "34640", "2" ], [ "0.06664", "45950", "2" ], [ "0.06468", "54940", "2" ] ],
      "asks" : [ [ "0.09436", "10", "1" ], [ "0.09437", "10", "1" ], [ "0.09450", "1050", "1" ], [ "0.09453", "20", "1" ], [ "0.09458", "520", "1" ], [ "0.09460", "520", "1" ], [ "0.09462", "520", "1" ], [ "0.09464", "520", "1" ], [ "0.09470", "3170", "1" ], [ "0.09480", "3170", "1" ], [ "0.09490", "3170", "1" ], [ "0.09507", "1310", "1" ], [ "0.09510", "1310", "1" ], [ "0.09513", "1310", "1" ], [ "0.09516", "1310", "1" ], [ "0.09525", "1570", "1" ], [ "0.09530", "1570", "1" ], [ "0.09535", "8640", "2" ], [ "0.09540", "1570", "1" ], [ "0.09545", "1570", "1" ], [ "0.09550", "1570", "1" ], [ "0.09555", "460", "1" ], [ "0.09604", "540", "2" ], [ "0.09652", "7300", "1" ], [ "0.09653", "760", "2" ], [ "0.09702", "3250", "3" ], [ "0.09751", "750", "2" ], [ "0.09800", "4200", "1" ], [ "0.09898", "6860", "2" ], [ "0.09996", "8990", "2" ], [ "0.10094", "10930", "2" ], [ "0.11330", "5050", "1" ], [ "0.11368", "4870", "1" ], [ "0.11564", "16060", "2" ], [ "0.11760", "24840", "3" ], [ "0.11956", "35200", "4" ], [ "0.12152", "45400", "5" ], [ "0.12348", "54870", "1" ] ],
      "t" : 1756461868186
    } ],
    "instrument_name" : "NEIROETHUSD-PERP"
  }
}