{
  "id" : -1,
  "method" : "public/get-book",
  "code" : 0,
  "result" : {
    "depth" : 50,
    "data" : [ {
      "bids" : [ [ "0.09427", "1552", "1" ], [ "0.09423", "2437", "1" ], [ "0.09422", "15277", "1" ], [ "0.09415", "5323", "1" ], [ "0.09404", "17818", "1" ], [ "0.09362", "7045", "1" ], [ "0.09342", "6350", "1" ], [ "0.09308", "9011", "1" ], [ "0.09300", "4866", "1" ], [ "0.09288", "6616", "1" ], [ "0.09241", "264", "1" ], [ "0.09240", "17199", "2" ], [ "0.09234", "8368", "1" ], [ "0.09217", "56", "1" ], [ "0.09211", "86", "1" ], [ "0.09180", "17199", "2" ], [ "0.09120", "38505", "3" ], [ "0.09063", "88", "1" ], [ "0.09060", "38505", "3" ], [ "0.09000", "39616", "4" ], [ "0.08910", "58", "1" ], [ "0.08859", "90", "1" ], [ "0.08800", "185", "1" ], [ "0.08774", "91", "1" ], [ "0.08727", "60", "1" ], [ "0.08619", "60", "1" ], [ "0.08508", "94", "1" ], [ "0.08487", "94", "1" ], [ "0.08419", "62", "1" ], [ "0.08218", "63", "1" ], [ "0.08198", "97", "1" ], [ "0.08155", "98", "1" ], [ "0.08018", "65", "1" ], [ "0.08000", "150", "1" ], [ "0.07910", "101", "1" ], [ "0.07818", "67", "1" ], [ "0.07803", "102", "1" ], [ "0.07623", "104", "1" ], [ "0.07618", "68", "1" ], [ "0.07538", "1261", "1" ], [ "0.07452", "107", "1" ], [ "0.07419", "70", "1" ], [ "0.07363", "6733", "1" ], [ "0.07334", "109", "1" ], [ "0.07219", "72", "1" ], [ "0.07164", "18371", "2" ], [ "0.07099", "112", "1" ], [ "0.07047", "113", "1" ], [ "0.07019", "74", "1" ], [ "0.06965", "32758", "2" ] ],
      "asks" : [ [ "0.09451", "3837", "1" ], [ "0.09453", "4777", "1" ], [ "0.09454", "15271", "1" ], [ "0.09457", "5194", "1" ], [ "0.09471", "3163", "1" ], [ "0.09472", "17821", "1" ], [ "0.09481", "3163", "1" ], [ "0.09506", "7045", "1" ], [ "0.09558", "6689", "1" ], [ "0.09560", "9011", "1" ], [ "0.09600", "5223", "1" ], [ "0.09612", "8667", "1" ], [ "0.09639", "85", "1" ], [ "0.09660", "15138", "1" ], [ "0.09666", "8019", "1" ], [ "0.09720", "26118", "1" ], [ "0.09780", "35910", "1" ], [ "0.09840", "46774", "1" ], [ "0.09900", "56043", "1" ], [ "0.09915", "82", "1" ], [ "0.09926", "82", "1" ], [ "0.10215", "80", "1" ], [ "0.10267", "80", "1" ], [ "0.10502", "78", "1" ], [ "0.10620", "77", "1" ], [ "0.10791", "76", "1" ], [ "0.10971", "75", "1" ], [ "0.11078", "74", "1" ], [ "0.11279", "63", "1" ], [ "0.11323", "72", "1" ], [ "0.11332", "1261", "1" ], [ "0.11343", "4237", "1" ], [ "0.11366", "72", "1" ], [ "0.11500", "113", "1" ], [ "0.11542", "12379", "2" ], [ "0.11640", "60", "1" ], [ "0.11655", "70", "1" ], [ "0.11676", "70", "1" ], [ "0.11741", "12379", "2" ], [ "0.11940", "43021", "3" ], [ "0.11942", "68", "1" ], [ "0.11999", "107", "1" ], [ "0.12002", "59", "1" ], [ "0.12027", "68", "1" ], [ "0.12139", "113112", "2" ], [ "0.12231", "66", "1" ], [ "0.12363", "57", "1" ], [ "0.12379", "66", "1" ], [ "0.12500", "2981", "2" ], [ "0.12518", "65", "1" ] ],
      "t" : 1756461864208
    } ],
    "instrument_name" : "NEIROETH_USD"
  }
}