{
  "id" : -1,
  "method" : "public/get-book",
  "code" : 0,
  "result" : {
    "depth" : 50,
    "data" : [ {
      "bids" : [ [ "0.16519", "10.6", "1" ], [ "0.16374", "610.7", "1" ], [ "0.16373", "331.4", "1" ], [ "0.16289", "526.2", "1" ], [ "0.16251", "6553.2", "1" ], [ "0.16250", "7963.7", "1" ], [ "0.16242", "6211.8", "1" ], [ "0.16236", "34777.5", "1" ], [ "0.16224", "5284.2", "1" ], [ "0.16220", "389.7", "1" ], [ "0.16198", "4500.8", "1" ], [ "0.16146", "7550.7", "1" ], [ "0.16109", "14533.5", "1" ], [ "0.16068", "8686.3", "1" ], [ "0.16020", "24178.7", "1" ], [ "0.15931", "35419.4", "1" ], [ "0.15911", "393.5", "1" ], [ "0.15519", "34.2", "1" ], [ "0.15518", "53.7", "1" ], [ "0.15517", "16.6", "1" ], [ "0.15512", "460.4", "1" ], [ "0.15270", "561.3", "1" ], [ "0.14949", "83.6", "1" ], [ "0.14948", "418.9", "1" ], [ "0.14510", "86.1", "1" ], [ "0.14330", "9.9", "1" ], [ "0.14249", "601.5", "1" ], [ "0.14200", "503.0", "1" ], [ "0.14100", "18.3", "1" ], [ "0.14069", "88.8", "1" ], [ "0.13986", "25.7", "1" ], [ "0.13983", "447.8", "1" ], [ "0.13630", "91.7", "1" ], [ "0.13339", "10.7", "1" ], [ "0.13231", "647.8", "1" ], [ "0.13189", "94.7", "1" ], [ "0.13176", "1107.8", "1" ], [ "0.13098", "5295.4", "1" ], [ "0.13020", "480.9", "1" ], [ "0.12889", "554.1", "1" ], [ "0.12876", "13821.7", "2" ], [ "0.12790", "28.1", "1" ], [ "0.12750", "98.0", "1" ], [ "0.12684", "20.3", "1" ], [ "0.12654", "29398.7", "2" ], [ "0.12432", "13821.7", "1" ], [ "0.12346", "11.5", "1" ], [ "0.12310", "101.5", "1" ], [ "0.12212", "701.8", "1" ], [ "0.12210", "46108.8", "1" ] ],
      "asks" : [ [ "0.16585", "10.6", "1" ], [ "0.17055", "219.2", "1" ], [ "0.17061", "47.0", "1" ], [ "0.17062", "421.6", "1" ], [ "0.17082", "7963.7", "1" ], [ "0.17088", "4309.9", "1" ], [ "0.17177", "14261.2", "2" ], [ "0.17266", "14261.2", "1" ], [ "0.17346", "34777.5", "1" ], [ "0.17355", "23751.6", "1" ], [ "0.17395", "6211.8", "1" ], [ "0.17472", "6588.4", "1" ], [ "0.17550", "5585.4", "1" ], [ "0.17628", "7201.0", "1" ], [ "0.17837", "371.1", "1" ], [ "0.18326", "4.1", "1" ], [ "0.18800", "142.4", "1" ], [ "0.18971", "14.4", "1" ], [ "0.19600", "10.4", "1" ], [ "0.19942", "1107.8", "1" ], [ "0.19980", "3418.4", "1" ], [ "0.20000", "403.2", "1" ], [ "0.20202", "11431.6", "2" ], [ "0.20240", "1718.3", "1" ], [ "0.20424", "11431.6", "2" ], [ "0.20646", "3418.4", "1" ], [ "0.20868", "25152.1", "2" ], [ "0.24000", "46.4", "1" ], [ "0.24100", "99.7", "1" ], [ "0.25000", "391.7", "1" ], [ "0.26000", "2615.5", "2" ], [ "0.26250", "253.9", "1" ], [ "0.29000", "3951.4", "1" ], [ "0.30000", "260.2", "4" ], [ "0.31100", "25.0", "1" ], [ "0.33000", "1430.7", "1" ], [ "0.39900", "5024.4", "1" ], [ "0.41222", "2.5", "1" ], [ "0.42500", "2.4", "1" ], [ "0.55000", "1.9", "1" ], [ "0.59000", "160.1", "1" ], [ "0.60000", "57.0", "2" ], [ "0.61300", "326.8", "1" ], [ "0.69567", "9.5", "1" ], [ "0.70319", "1.4", "1" ], [ "0.75000", "1.4", "1" ], [ "0.85000", "1.2", "1" ], [ "0.90000", "2.2", "2" ], [ "0.93000", "100.0", "1" ], [ "0.95000", "132.4", "1" ] ],
      "t" : 1756461880621
    } ],
    "instrument_name" : "NEON_USD"
  }
}