{
  "id" : -1,
  "method" : "public/get-book",
  "code" : 0,
  "result" : {
    "depth" : 50,
    "data" : [ {
      "bids" : [ [ "0.16493", "10.6", "1" ], [ "0.16297", "594.2", "1" ], [ "0.16271", "262.7", "1" ], [ "0.16270", "1404.4", "1" ], [ "0.16251", "494.6", "1" ], [ "0.16250", "7963.7", "1" ], [ "0.16242", "6211.8", "1" ], [ "0.16234", "34777.5", "1" ], [ "0.16224", "5134.2", "1" ], [ "0.16198", "5519.4", "1" ], [ "0.16146", "8041.9", "1" ], [ "0.16109", "14995.6", "1" ], [ "0.16068", "7778.8", "1" ], [ "0.16020", "34862.6", "1" ], [ "0.15931", "34862.6", "1" ], [ "0.15823", "901.0", "1" ], [ "0.15822", "1329.7", "1" ], [ "0.15821", "323.5", "1" ], [ "0.14266", "19.4", "1" ], [ "0.13201", "21.0", "1" ], [ "0.13175", "1108.0", "1" ], [ "0.13098", "6690.7", "1" ], [ "0.12876", "12483.2", "2" ], [ "0.12654", "29560.7", "2" ], [ "0.12500", "19.3", "1" ], [ "0.12432", "12483.2", "1" ], [ "0.12410", "19.4", "1" ], [ "0.12320", "19.6", "1" ], [ "0.12249", "31.6", "1" ], [ "0.12230", "19.7", "1" ], [ "0.12210", "42110.2", "1" ], [ "0.12139", "19.9", "1" ], [ "0.12138", "22.8", "1" ], [ "0.12049", "20.0", "1" ], [ "0.11959", "20.2", "1" ], [ "0.11909", "32.5", "1" ], [ "0.11869", "20.3", "1" ], [ "0.11780", "20.5", "1" ], [ "0.11729", "1773.5", "1" ], [ "0.11720", "886.5", "1" ], [ "0.11696", "2361.7", "1" ], [ "0.11690", "20.6", "1" ], [ "0.11654", "4720.4", "1" ], [ "0.11600", "20.8", "1" ], [ "0.11569", "1998.0", "2" ], [ "0.11508", "21.0", "1" ], [ "0.11500", "765.9", "1" ], [ "0.11329", "21.4", "2" ], [ "0.11239", "21.5", "1" ], [ "0.11229", "34.4", "1" ] ],
      "asks" : [ [ "0.16559", "10.6", "1" ], [ "0.16983", "338.0", "1" ], [ "0.16984", "276.2", "1" ], [ "0.16986", "2671.7", "1" ], [ "0.16995", "2349.4", "1" ], [ "0.17077", "7963.7", "1" ], [ "0.17088", "3837.9", "1" ], [ "0.17177", "13495.2", "2" ], [ "0.17266", "24094.7", "2" ], [ "0.17343", "34777.5", "1" ], [ "0.17355", "24094.7", "1" ], [ "0.17390", "6211.8", "1" ], [ "0.17394", "5263.5", "1" ], [ "0.17472", "7459.6", "1" ], [ "0.17550", "6327.1", "1" ], [ "0.19938", "1108.0", "1" ], [ "0.19980", "3418.6", "1" ], [ "0.20202", "10322.3", "2" ], [ "0.20424", "17349.4", "3" ], [ "0.20646", "3418.6", "1" ], [ "0.20868", "25108.0", "2" ], [ "0.20899", "6.6", "1" ], [ "0.22869", "5.9", "1" ], [ "0.23050", "507.1", "1" ], [ "0.24840", "5.3", "1" ], [ "0.26810", "4.9", "1" ], [ "0.28780", "4.5", "1" ], [ "0.30749", "4.2", "1" ], [ "0.32719", "3.9", "1" ], [ "0.34699", "3.8", "1" ], [ "0.39000", "50000.0", "1" ], [ "0.45000", "53.6", "1" ] ],
      "t" : 1756461884540
    } ],
    "instrument_name" : "NEON_USDT"
  }
}