{
  "id" : -1,
  "method" : "public/get-book",
  "code" : 0,
  "result" : {
    "depth" : 50,
    "data" : [ {
      "bids" : [ [ "0.27616", "500", "1" ], [ "0.27581", "1450", "1" ], [ "0.27515", "1740", "1" ], [ "0.27446", "5510", "2" ], [ "0.27380", "76", "1" ], [ "0.27356", "2452", "1" ], [ "0.27313", "2399", "1" ], [ "0.27273", "3140", "1" ], [ "0.27265", "76", "1" ], [ "0.27216", "480", "1" ], [ "0.27215", "9280", "1" ], [ "0.27170", "2631", "1" ], [ "0.27156", "1962", "1" ], [ "0.27128", "76", "1" ], [ "0.27051", "76", "1" ], [ "0.27027", "3382", "1" ], [ "0.26970", "6013", "2" ], [ "0.26931", "76", "1" ], [ "0.26820", "76", "1" ], [ "0.26784", "6013", "2" ], [ "0.26710", "76", "1" ], [ "0.26599", "76", "1" ], [ "0.26598", "13645", "2" ], [ "0.26510", "30", "1" ], [ "0.26509", "19", "1" ], [ "0.26471", "76", "1" ], [ "0.26412", "17137", "2" ], [ "0.26360", "76", "1" ], [ "0.26226", "21423", "1" ], [ "0.25922", "1368", "1" ], [ "0.25919", "76", "1" ], [ "0.25906", "1292", "1" ], [ "0.25867", "1368", "1" ], [ "0.25865", "1444", "1" ], [ "0.25840", "1292", "1" ], [ "0.25713", "10184", "1" ], [ "0.25712", "76", "1" ], [ "0.25437", "17100", "1" ], [ "0.22154", "309", "1" ], [ "0.21736", "1482", "1" ], [ "0.21164", "4899", "1" ], [ "0.20592", "7750", "1" ], [ "0.20020", "25170", "1" ], [ "0.19448", "76951", "1" ] ],
      "asks" : [ [ "0.27690", "500", "1" ], [ "0.27691", "1450", "1" ], [ "0.27770", "1740", "1" ], [ "0.27897", "42", "1" ], [ "0.27898", "5510", "2" ], [ "0.27933", "2452", "1" ], [ "0.28016", "3140", "1" ], [ "0.28028", "2103", "1" ], [ "0.28086", "1606", "1" ], [ "0.28112", "9280", "1" ], [ "0.28171", "2766", "1" ], [ "0.28272", "5066", "2" ], [ "0.28314", "3317", "1" ], [ "0.28458", "9347", "2" ], [ "0.28644", "9347", "1" ], [ "0.28830", "12250", "1" ], [ "0.29016", "19621", "1" ], [ "0.33247", "309", "1" ], [ "0.33748", "1080", "1" ], [ "0.34320", "2919", "2" ], [ "0.34892", "5043", "3" ], [ "0.34920", "63", "1" ], [ "0.35464", "12222", "4" ], [ "0.36036", "43213", "1" ], [ "0.55428", "760", "1" ] ],
      "t" : 1756461858541
    } ],
    "instrument_name" : "NEWT_USD"
  }
}