{
  "id" : -1,
  "method" : "public/get-book",
  "code" : 0,
  "result" : {
    "depth" : 50,
    "data" : [ {
      "bids" : [ [ "0.025828", "5446", "1" ], [ "0.025827", "24729", "1" ], [ "0.025655", "14164", "1" ], [ "0.025654", "31295", "1" ], [ "0.025641", "31652", "1" ], [ "0.025620", "17590", "1" ], [ "0.025452", "31295", "1" ], [ "0.025315", "59186", "1" ], [ "0.025250", "34304", "1" ], [ "0.025010", "96698", "2" ], [ "0.024705", "138817", "2" ], [ "0.024400", "176542", "2" ], [ "0.024095", "138817", "1" ], [ "0.020962", "4419", "1" ], [ "0.020520", "25702", "1" ], [ "0.019950", "66546", "1" ], [ "0.019380", "109973", "1" ], [ "0.018810", "186494", "1" ], [ "0.018240", "566852", "1" ], [ "0.017000", "300", "1" ] ],
      "asks" : [ [ "0.026444", "5615", "1" ], [ "0.026445", "254", "1" ], [ "0.026447", "7359", "1" ], [ "0.026448", "4316", "1" ], [ "0.026451", "14073", "1" ], [ "0.026799", "24729", "1" ], [ "0.026866", "27220", "1" ], [ "0.026987", "31652", "1" ], [ "0.027068", "23086", "1" ], [ "0.027145", "15805", "1" ], [ "0.027270", "27220", "1" ], [ "0.027450", "49906", "2" ], [ "0.027754", "14164", "1" ], [ "0.027755", "86769", "3" ], [ "0.028060", "86769", "2" ], [ "0.028365", "126378", "3" ], [ "0.028670", "162349", "1" ], [ "0.029348", "4528", "1" ], [ "0.031687", "4419", "1" ], [ "0.031920", "17129", "1" ], [ "0.032490", "43220", "2" ], [ "0.033060", "43220", "2" ], [ "0.033630", "89589", "3" ], [ "0.034100", "150", "1" ], [ "0.034200", "316089", "4" ], [ "0.048000", "1162", "1" ], [ "0.058000", "472", "1" ], [ "0.080000", "560", "1" ], [ "0.101000", "83727", "1" ], [ "0.149400", "703", "1" ], [ "0.190000", "43", "1" ], [ "0.200000", "20783", "1" ], [ "0.217829", "166", "1" ], [ "0.237000", "75", "1" ], [ "0.241078", "4", "1" ], [ "0.249000", "2943", "1" ], [ "0.317000", "100", "1" ], [ "0.477000", "100", "1" ], [ "0.480000", "1246", "2" ], [ "0.700000", "182", "1" ], [ "1.000000", "54", "1" ], [ "1.100000", "26", "1" ] ],
      "t" : 1756461891536
    } ],
    "instrument_name" : "NKN_USD"
  }
}