{
  "id" : -1,
  "method" : "public/get-book",
  "code" : 0,
  "result" : {
    "depth" : 50,
    "data" : [ {
      "bids" : [ [ "0.026279", "10", "1" ], [ "0.026273", "10", "1" ], [ "0.026250", "7610", "1" ], [ "0.026230", "1900", "1" ], [ "0.026225", "1900", "1" ], [ "0.026220", "1900", "1" ], [ "0.026215", "1900", "1" ], [ "0.026163", "29750", "1" ], [ "0.026148", "11140", "1" ], [ "0.026066", "11140", "1" ], [ "0.026064", "24310", "1" ], [ "0.026025", "23280", "1" ], [ "0.025950", "31380", "2" ], [ "0.025875", "33230", "2" ], [ "0.025800", "32970", "1" ], [ "0.025725", "31610", "1" ], [ "0.024838", "34720", "1" ], [ "0.024716", "18660", "1" ], [ "0.024568", "38630", "2" ], [ "0.024420", "55910", "2" ], [ "0.024272", "73210", "2" ], [ "0.024124", "86070", "2" ], [ "0.020960", "17360", "1" ], [ "0.020484", "7750", "1" ], [ "0.019915", "22960", "1" ], [ "0.019346", "39180", "1" ], [ "0.018777", "54380", "1" ], [ "0.018208", "70130", "1" ], [ "0.017639", "86240", "1" ] ],
      "asks" : [ [ "0.026280", "10", "1" ], [ "0.026313", "10", "1" ], [ "0.026365", "7580", "1" ], [ "0.026437", "11140", "1" ], [ "0.026440", "1890", "1" ], [ "0.026445", "1890", "1" ], [ "0.026450", "1890", "1" ], [ "0.026455", "1890", "1" ], [ "0.026518", "11140", "1" ], [ "0.026546", "29440", "1" ], [ "0.026619", "11140", "1" ], [ "0.026680", "34720", "1" ], [ "0.026721", "24310", "1" ], [ "0.026775", "22440", "1" ], [ "0.026788", "15650", "1" ], [ "0.026850", "23540", "2" ], [ "0.026925", "25040", "2" ], [ "0.026936", "34530", "2" ], [ "0.027000", "33770", "2" ], [ "0.027075", "29510", "1" ], [ "0.027084", "56120", "3" ], [ "0.027232", "74300", "4" ], [ "0.027380", "88510", "1" ], [ "0.031680", "17360", "1" ], [ "0.031864", "7350", "1" ], [ "0.032433", "24840", "2" ], [ "0.033002", "38820", "2" ], [ "0.033571", "55340", "2" ], [ "0.034140", "72710", "2" ], [ "0.034709", "87250", "2" ] ],
      "t" : 1756461892173
    } ],
    "instrument_name" : "NKNUSD-PERP"
  }
}