{
  "id" : -1,
  "method" : "public/get-book",
  "code" : 0,
  "result" : {
    "depth" : 50,
    "data" : [ {
      "bids" : [ [ "0.0018001", "24000", "1" ], [ "0.0017997", "107760", "1" ], [ "0.0017985", "107760", "1" ], [ "0.0017968", "107760", "1" ], [ "0.0017957", "107760", "1" ], [ "0.0017951", "187280", "1" ], [ "0.0017950", "382000", "1" ], [ "0.0017940", "596710", "2" ], [ "0.0017934", "323620", "1" ], [ "0.0017913", "323620", "1" ], [ "0.0017911", "130850", "1" ], [ "0.0017910", "258590", "1" ], [ "0.0017892", "418970", "1" ], [ "0.0017880", "959950", "2" ], [ "0.0017850", "959950", "2" ], [ "0.0017820", "2126230", "2" ], [ "0.0014384", "68340", "1" ], [ "0.0014377", "18170", "2" ], [ "0.0014022", "347350", "1" ], [ "0.0013653", "793320", "1" ], [ "0.0013284", "1824190", "2" ], [ "0.0012915", "793320", "1" ], [ "0.0012546", "1917390", "1" ] ],
      "asks" : [ [ "0.0018046", "30510", "1" ], [ "0.0018047", "107760", "1" ], [ "0.0018049", "292480", "1" ], [ "0.0018050", "382000", "1" ], [ "0.0018059", "107760", "1" ], [ "0.0018060", "381730", "1" ], [ "0.0018069", "42190", "1" ], [ "0.0018070", "488950", "1" ], [ "0.0018076", "21470", "1" ], [ "0.0018077", "107760", "1" ], [ "0.0018080", "547630", "2" ], [ "0.0018081", "381730", "1" ], [ "0.0018088", "254770", "1" ], [ "0.0018089", "107760", "1" ], [ "0.0018090", "358800", "1" ], [ "0.0018100", "107760", "1" ], [ "0.0018102", "381730", "1" ], [ "0.0018120", "940580", "1" ], [ "0.0018150", "1516810", "1" ], [ "0.0018180", "2166330", "1" ], [ "0.0021588", "68340", "1" ], [ "0.0021771", "228340", "1" ], [ "0.0022140", "649450", "2" ], [ "0.0022509", "1107220", "2" ], [ "0.0022878", "228340", "1" ], [ "0.0023247", "1169760", "1" ], [ "0.0053000", "82000", "1" ], [ "0.0059000", "423720", "1" ], [ "0.0090000", "2000", "1" ], [ "0.0094832", "51320", "1" ], [ "0.0101374", "100440", "1" ], [ "0.0140010", "14320", "1" ], [ "0.0150000", "2660", "1" ], [ "0.0156980", "3610", "1" ], [ "0.0165000", "4450", "1" ], [ "0.0170000", "20000", "1" ], [ "0.0174560", "3170", "1" ], [ "0.0180001", "1210", "1" ], [ "0.0184832", "51320", "1" ], [ "0.0200000", "7920", "1" ], [ "0.0206900", "760", "1" ], [ "0.0230000", "119180", "1" ], [ "0.0300000", "7800", "2" ], [ "0.0400000", "4450", "1" ], [ "0.0500000", "129720", "2" ], [ "0.0550000", "3340", "1" ], [ "0.0600000", "3350", "1" ] ],
      "t" : 1756461913655
    } ],
    "instrument_name" : "NOT_USDT"
  }
}