{
  "id" : -1,
  "method" : "public/get-book",
  "code" : 0,
  "result" : {
    "depth" : 50,
    "data" : [ {
      "bids" : [ [ "0.0017987", "5740", "1" ], [ "0.0017986", "107760", "1" ], [ "0.0017985", "102480", "1" ], [ "0.0017974", "107760", "1" ], [ "0.0017971", "319830", "1" ], [ "0.0017952", "385090", "1" ], [ "0.0017951", "107760", "1" ], [ "0.0017950", "382000", "1" ], [ "0.0017941", "304780", "1" ], [ "0.0017940", "488950", "1" ], [ "0.0017937", "107760", "1" ], [ "0.0017934", "410890", "1" ], [ "0.0017930", "399860", "1" ], [ "0.0017925", "107760", "1" ], [ "0.0017920", "257830", "1" ], [ "0.0017913", "410890", "1" ], [ "0.0017892", "389070", "1" ], [ "0.0017888", "961810", "2" ], [ "0.0017856", "961810", "2" ], [ "0.0017824", "2198630", "2" ], [ "0.0015228", "3480", "1" ], [ "0.0015227", "5470", "1" ], [ "0.0014385", "68590", "1" ], [ "0.0014022", "373770", "1" ], [ "0.0013653", "749330", "1" ], [ "0.0013284", "1840780", "2" ], [ "0.0012915", "749330", "1" ], [ "0.0012546", "1980650", "1" ], [ "0.0010000", "200", "1" ], [ "0.0005000", "400", "1" ], [ "0.0002466", "4080", "1" ] ],
      "asks" : [ [ "0.0018041", "120250", "2" ], [ "0.0018042", "143330", "1" ], [ "0.0018049", "572830", "1" ], [ "0.0018050", "606200", "1" ], [ "0.0018053", "319850", "1" ], [ "0.0018056", "382000", "1" ], [ "0.0018059", "107760", "1" ], [ "0.0018060", "385680", "1" ], [ "0.0018074", "44470", "1" ], [ "0.0018075", "488950", "1" ], [ "0.0018080", "304820", "1" ], [ "0.0018081", "574270", "2" ], [ "0.0018087", "399730", "1" ], [ "0.0018102", "466510", "1" ], [ "0.0018103", "107760", "1" ], [ "0.0018112", "954480", "1" ], [ "0.0018144", "1503540", "1" ], [ "0.0018176", "2158070", "1" ], [ "0.0021593", "68590", "1" ], [ "0.0021771", "226660", "1" ], [ "0.0022140", "709130", "2" ], [ "0.0022509", "1158130", "3" ], [ "0.0022878", "410230", "2" ], [ "0.0023247", "1091730", "1" ], [ "0.0027970", "6000", "2" ], [ "0.0029920", "4000", "1" ], [ "0.0032190", "3000", "1" ], [ "0.0035979", "34410", "1" ], [ "0.0038500", "5240", "1" ], [ "0.0041000", "4970", "1" ], [ "0.0042800", "11720", "1" ], [ "0.0043000", "4690", "1" ], [ "0.0045000", "584210", "1" ], [ "0.0049000", "28500", "1" ], [ "0.0050000", "200000", "1" ], [ "0.0062508", "13890", "1" ], [ "0.0068580", "140", "1" ], [ "0.0075000", "60", "1" ], [ "0.0075321", "10000", "1" ], [ "0.0080000", "80", "1" ], [ "0.0087500", "19920", "1" ], [ "0.0090000", "61840", "1" ], [ "0.0091231", "10000", "1" ], [ "0.0100000", "1512150", "2" ], [ "0.0104166", "110", "1" ], [ "0.0108000", "1800", "1" ], [ "0.0112000", "36000", "1" ], [ "0.0120000", "30150", "2" ], [ "0.0121000", "36000", "1" ], [ "0.0125000", "76100", "2" ] ],
      "t" : 1756461909726
    } ],
    "instrument_name" : "NOT_USD"
  }
}