{
  "id" : -1,
  "method" : "public/get-book",
  "code" : 0,
  "result" : {
    "depth" : 50,
    "data" : [ {
      "bids" : [ [ "0.0017994", "100", "1" ], [ "0.0017990", "100", "1" ], [ "0.0017984", "107900", "1" ], [ "0.0017966", "107900", "1" ], [ "0.0017954", "107900", "1" ], [ "0.0017949", "538000", "1" ], [ "0.0017948", "111400", "1" ], [ "0.0017943", "824300", "2" ], [ "0.0017932", "107900", "1" ], [ "0.0017930", "596400", "1" ], [ "0.0017929", "624000", "1" ], [ "0.0017924", "278900", "1" ], [ "0.0017916", "279000", "1" ], [ "0.0017912", "279100", "1" ], [ "0.0017702", "526300", "1" ], [ "0.0017688", "487000", "1" ], [ "0.0017644", "1001200", "2" ], [ "0.0017600", "1533900", "3" ], [ "0.0017556", "2169000", "4" ], [ "0.0017512", "2604200", "5" ], [ "0.0014384", "263200", "1" ], [ "0.0014326", "248600", "1" ], [ "0.0013949", "826600", "2" ], [ "0.0013572", "1344500", "2" ], [ "0.0013195", "1778400", "2" ], [ "0.0012818", "2307900", "2" ], [ "0.0012441", "2832900", "2" ] ],
      "asks" : [ [ "0.0017999", "100", "1" ], [ "0.0018012", "100", "1" ], [ "0.0018029", "107900", "1" ], [ "0.0018032", "110900", "1" ], [ "0.0018036", "166400", "2" ], [ "0.0018041", "107900", "1" ], [ "0.0018058", "538000", "1" ], [ "0.0018059", "107900", "1" ], [ "0.0018061", "368400", "1" ], [ "0.0018069", "716400", "1" ], [ "0.0018071", "107900", "1" ], [ "0.0018081", "379200", "1" ], [ "0.0018088", "276400", "1" ], [ "0.0018092", "276300", "1" ], [ "0.0018093", "107900", "1" ], [ "0.0018096", "276300", "1" ], [ "0.0018102", "448000", "1" ], [ "0.0018112", "526300", "1" ], [ "0.0018123", "476400", "2" ], [ "0.0018128", "492100", "1" ], [ "0.0018144", "539300", "3" ], [ "0.0018165", "460200", "1" ], [ "0.0018172", "988600", "1" ], [ "0.0018216", "1644500", "1" ], [ "0.0018260", "2081300", "1" ], [ "0.0018304", "2568400", "1" ], [ "0.0021588", "263200", "1" ], [ "0.0021730", "1156100", "1" ], [ "0.0021866", "213600", "1" ], [ "0.0022243", "755200", "1" ], [ "0.0022620", "1246000", "1" ], [ "0.0022997", "1828400", "1" ], [ "0.0023374", "2319200", "1" ], [ "0.0023751", "2856700", "1" ] ],
      "t" : 1756461917488
    } ],
    "instrument_name" : "NOTUSD-PERP"
  }
}