{
  "id" : -1,
  "method" : "public/get-book",
  "code" : 0,
  "result" : {
    "depth" : 50,
    "data" : [ {
      "bids" : [ [ "0.031268", "160", "1" ], [ "0.031252", "160", "1" ], [ "0.031237", "161", "1" ], [ "0.031222", "161", "1" ], [ "0.031206", "161", "1" ], [ "0.031190", "161", "1" ], [ "0.031174", "161", "1" ], [ "0.031158", "161", "1" ], [ "0.031142", "161", "1" ], [ "0.031126", "161", "1" ], [ "0.031110", "161", "1" ], [ "0.031094", "161", "1" ], [ "0.031078", "161", "1" ], [ "0.031062", "161", "1" ], [ "0.031046", "162", "1" ], [ "0.031030", "162", "1" ], [ "0.031014", "162", "1" ], [ "0.030999", "162", "1" ], [ "0.030984", "162", "1" ], [ "0.030969", "162", "1" ], [ "0.030954", "162", "1" ], [ "0.030939", "162", "1" ], [ "0.030924", "162", "1" ], [ "0.030909", "162", "1" ], [ "0.030897", "20601", "1" ], [ "0.030894", "162", "1" ], [ "0.030879", "162", "1" ], [ "0.030876", "21311", "1" ], [ "0.030864", "163", "1" ], [ "0.030849", "163", "1" ], [ "0.030838", "26369", "1" ], [ "0.030834", "163", "1" ], [ "0.030819", "163", "1" ], [ "0.030814", "26550", "1" ], [ "0.030804", "163", "1" ], [ "0.030794", "12550", "1" ], [ "0.030789", "163", "1" ], [ "0.030774", "163", "1" ], [ "0.030759", "163", "1" ], [ "0.030752", "28228", "1" ], [ "0.030744", "163", "1" ], [ "0.030729", "163", "1" ], [ "0.030714", "163", "1" ], [ "0.030705", "36116", "1" ], [ "0.030699", "163", "1" ], [ "0.030684", "163", "1" ], [ "0.030669", "164", "1" ], [ "0.030616", "57708", "2" ], [ "0.030527", "81658", "2" ], [ "0.030438", "105460", "2" ] ],
      "asks" : [ [ "0.031298", "160", "1" ], [ "0.031313", "160", "1" ], [ "0.031329", "160", "1" ], [ "0.031344", "160", "1" ], [ "0.031359", "160", "1" ], [ "0.031375", "160", "1" ], [ "0.031390", "160", "1" ], [ "0.031405", "160", "1" ], [ "0.031421", "160", "1" ], [ "0.031436", "160", "1" ], [ "0.031451", "159", "1" ], [ "0.031463", "20601", "1" ], [ "0.031466", "159", "1" ], [ "0.031482", "159", "1" ], [ "0.031496", "25901", "1" ], [ "0.031497", "159", "1" ], [ "0.031512", "159", "1" ], [ "0.031523", "26369", "1" ], [ "0.031528", "159", "1" ], [ "0.031543", "159", "1" ], [ "0.031558", "24212", "2" ], [ "0.031574", "159", "1" ], [ "0.031589", "159", "1" ], [ "0.031595", "10643", "1" ], [ "0.031604", "159", "1" ], [ "0.031619", "159", "1" ], [ "0.031620", "24053", "1" ], [ "0.031635", "159", "1" ], [ "0.031651", "158", "1" ], [ "0.031667", "158", "1" ], [ "0.031683", "158", "1" ], [ "0.031684", "35551", "1" ], [ "0.031699", "158", "1" ], [ "0.031715", "158", "1" ], [ "0.031731", "158", "1" ], [ "0.031747", "158", "1" ], [ "0.031763", "158", "1" ], [ "0.031772", "8930", "1" ], [ "0.031773", "53931", "1" ], [ "0.031779", "158", "1" ], [ "0.031795", "158", "1" ], [ "0.031811", "158", "1" ], [ "0.031827", "158", "1" ], [ "0.031843", "158", "1" ], [ "0.031859", "157", "1" ], [ "0.031862", "101422", "1" ], [ "0.031875", "157", "1" ], [ "0.031891", "157", "1" ], [ "0.031907", "157", "1" ], [ "0.031951", "121908", "1" ] ],
      "t" : 1756461921158
    } ],
    "instrument_name" : "NRN_USD"
  }
}