{
  "id" : -1,
  "method" : "public/get-book",
  "code" : 0,
  "result" : {
    "depth" : 50,
    "data" : [ {
      "bids" : [ [ "0.01500", "828", "2" ], [ "0.01499", "84", "1" ], [ "0.01498", "84", "1" ], [ "0.01497", "84", "1" ], [ "0.01496", "84", "1" ], [ "0.01495", "84", "1" ], [ "0.01494", "3487", "2" ], [ "0.01493", "84", "1" ], [ "0.01492", "84", "1" ], [ "0.01491", "84", "1" ], [ "0.01490", "84", "1" ], [ "0.01489", "84", "1" ], [ "0.01488", "85", "1" ], [ "0.01487", "85", "1" ], [ "0.01486", "1550", "2" ], [ "0.01485", "8010", "3" ], [ "0.01484", "85", "1" ], [ "0.01483", "85", "1" ], [ "0.01482", "43098", "2" ], [ "0.01481", "85", "1" ], [ "0.01480", "85", "1" ], [ "0.01479", "85", "1" ], [ "0.01478", "55141", "2" ], [ "0.01477", "87852", "4" ], [ "0.01476", "85", "1" ], [ "0.01475", "85", "1" ], [ "0.01474", "22726", "2" ], [ "0.01473", "85", "1" ], [ "0.01472", "85", "1" ], [ "0.01471", "38949", "2" ], [ "0.01470", "196877", "5" ], [ "0.01469", "86", "1" ], [ "0.01468", "86", "1" ], [ "0.01463", "234215", "2" ], [ "0.01456", "227335", "1" ], [ "0.01449", "279650", "1" ], [ "0.01442", "279650", "1" ], [ "0.01192", "43773", "1" ], [ "0.01191", "7679", "1" ], [ "0.01188", "44006", "1" ], [ "0.01155", "123324", "1" ], [ "0.01122", "196180", "1" ], [ "0.01100", "9090", "1" ], [ "0.01089", "563131", "1" ], [ "0.01056", "1954914", "1" ], [ "0.00455", "1015576", "1" ] ],
      "asks" : [ [ "0.01501", "43013", "1" ], [ "0.01502", "55140", "2" ], [ "0.01503", "84", "1" ], [ "0.01504", "84", "1" ], [ "0.01505", "70779", "3" ], [ "0.01506", "3467", "2" ], [ "0.01507", "83", "1" ], [ "0.01508", "83", "1" ], [ "0.01509", "83", "1" ], [ "0.01510", "83", "1" ], [ "0.01511", "83", "1" ], [ "0.01512", "123550", "4" ], [ "0.01513", "83", "1" ], [ "0.01514", "83", "1" ], [ "0.01515", "7813", "3" ], [ "0.01516", "83", "1" ], [ "0.01517", "83", "1" ], [ "0.01518", "83", "1" ], [ "0.01519", "129566", "3" ], [ "0.01520", "83", "1" ], [ "0.01521", "83", "1" ], [ "0.01522", "83", "1" ], [ "0.01523", "7995", "2" ], [ "0.01524", "83", "1" ], [ "0.01525", "82", "1" ], [ "0.01526", "147947", "3" ], [ "0.01527", "82", "1" ], [ "0.01528", "82", "1" ], [ "0.01529", "38000", "2" ], [ "0.01530", "68862", "3" ], [ "0.01531", "82", "1" ], [ "0.01532", "82", "1" ], [ "0.01533", "173843", "2" ], [ "0.01534", "82", "1" ], [ "0.01535", "82", "1" ], [ "0.01536", "82", "1" ], [ "0.01537", "82", "1" ], [ "0.01538", "82", "1" ], [ "0.01539", "82", "1" ], [ "0.01540", "218771", "2" ], [ "0.01541", "82", "1" ], [ "0.01635", "299589", "1" ], [ "0.01725", "465084", "1" ], [ "0.01789", "7679", "1" ], [ "0.01791", "1228", "1" ], [ "0.01815", "23922", "2" ], [ "0.01831", "6222", "1" ], [ "0.01848", "73482", "2" ], [ "0.01871", "54", "1" ], [ "0.01881", "73482", "2" ] ],
      "t" : 1756461928286
    } ],
    "instrument_name" : "NUM_USD"
  }
}