{
  "id" : -1,
  "method" : "public/get-book",
  "code" : 0,
  "result" : {
    "depth" : 50,
    "data" : [ {
      "bids" : [ [ "0.011284", "178", "1" ], [ "0.011279", "178", "1" ], [ "0.011274", "178", "1" ], [ "0.011269", "178", "1" ], [ "0.011264", "178", "1" ], [ "0.011259", "178", "1" ], [ "0.011254", "178", "1" ], [ "0.011250", "178", "1" ], [ "0.011246", "178", "1" ], [ "0.011242", "178", "1" ], [ "0.011238", "178", "1" ], [ "0.011234", "179", "1" ], [ "0.011230", "179", "1" ], [ "0.011226", "179", "1" ], [ "0.011222", "179", "1" ], [ "0.011218", "179", "1" ], [ "0.011214", "179", "1" ], [ "0.011210", "179", "1" ], [ "0.011206", "179", "1" ], [ "0.011205", "12299", "1" ], [ "0.011202", "179", "1" ], [ "0.011200", "12480", "1" ], [ "0.011198", "179", "1" ], [ "0.011194", "179", "1" ], [ "0.011190", "179", "1" ], [ "0.011186", "179", "1" ], [ "0.011182", "179", "1" ], [ "0.011175", "15736", "1" ], [ "0.011170", "15729", "1" ], [ "0.011154", "10762", "1" ], [ "0.011150", "15039", "1" ], [ "0.011116", "7648", "1" ], [ "0.011115", "37884", "2" ], [ "0.011076", "37884", "1" ], [ "0.011069", "70865", "1" ], [ "0.011037", "84566", "1" ], [ "0.010998", "109391", "1" ], [ "0.010959", "135030", "1" ], [ "0.009016", "10986", "1" ], [ "0.008892", "61739", "1" ], [ "0.008664", "177329", "1" ], [ "0.008436", "274663", "1" ], [ "0.008208", "507849", "1" ], [ "0.007980", "1497385", "1" ] ],
      "asks" : [ [ "0.011294", "178", "1" ], [ "0.011299", "178", "1" ], [ "0.011304", "177", "1" ], [ "0.011309", "177", "1" ], [ "0.011314", "177", "1" ], [ "0.011319", "177", "1" ], [ "0.011324", "177", "1" ], [ "0.011329", "177", "1" ], [ "0.011334", "177", "1" ], [ "0.011339", "177", "1" ], [ "0.011344", "177", "1" ], [ "0.011349", "177", "1" ], [ "0.011354", "177", "1" ], [ "0.011359", "12476", "2" ], [ "0.011364", "176", "1" ], [ "0.011369", "176", "1" ], [ "0.011374", "176", "1" ], [ "0.011375", "11508", "1" ], [ "0.011378", "176", "1" ], [ "0.011382", "176", "1" ], [ "0.011386", "176", "1" ], [ "0.011390", "176", "1" ], [ "0.011394", "15905", "2" ], [ "0.011398", "176", "1" ], [ "0.011400", "15592", "1" ], [ "0.011402", "176", "1" ], [ "0.011406", "176", "1" ], [ "0.011425", "15140", "1" ], [ "0.011427", "13751", "1" ], [ "0.011466", "37210", "1" ], [ "0.011505", "60756", "1" ], [ "0.011509", "70865", "1" ], [ "0.011544", "83374", "1" ], [ "0.011583", "105270", "2" ], [ "0.011622", "131895", "2" ], [ "0.013551", "10986", "1" ], [ "0.013680", "36267", "1" ], [ "0.013908", "105029", "2" ], [ "0.014136", "185917", "3" ], [ "0.014364", "332008", "4" ], [ "0.014592", "905624", "5" ], [ "0.033496", "29", "1" ], [ "0.034650", "11562", "1" ], [ "0.049800", "1500", "1" ], [ "0.053900", "1342", "1" ], [ "0.460000", "11", "1" ] ],
      "t" : 1756461890747
    } ],
    "instrument_name" : "OAS_USD"
  }
}