{
  "id" : -1,
  "method" : "public/get-book",
  "code" : 0,
  "result" : {
    "depth" : 50,
    "data" : [ {
      "bids" : [ [ "0.06235", "4369", "2" ], [ "0.06234", "5483", "1" ], [ "0.06232", "8167", "1" ], [ "0.06204", "130", "1" ], [ "0.06203", "6033", "1" ], [ "0.06202", "10399", "1" ], [ "0.06195", "10252", "1" ], [ "0.06183", "13370", "1" ], [ "0.06174", "11849", "1" ], [ "0.06169", "7694", "1" ], [ "0.06153", "13099", "1" ], [ "0.06138", "23734", "1" ], [ "0.06108", "97", "1" ], [ "0.06107", "40513", "1" ], [ "0.06076", "57336", "2" ], [ "0.06045", "72405", "2" ], [ "0.06014", "90033", "2" ], [ "0.05960", "99", "1" ], [ "0.05811", "102", "1" ], [ "0.05661", "104", "1" ], [ "0.05000", "200", "1" ], [ "0.04992", "1850", "1" ], [ "0.04860", "8296", "1" ], [ "0.04725", "28925", "1" ], [ "0.04590", "66557", "1" ], [ "0.04455", "66557", "1" ], [ "0.04320", "241021", "1" ] ],
      "asks" : [ [ "0.06278", "307", "1" ], [ "0.06279", "3149", "1" ], [ "0.06280", "9501", "1" ], [ "0.06299", "9861", "2" ], [ "0.06302", "12931", "2" ], [ "0.06320", "8090", "1" ], [ "0.06321", "24013", "2" ], [ "0.06324", "8669", "1" ], [ "0.06342", "11477", "1" ], [ "0.06355", "23945", "1" ], [ "0.06363", "11477", "1" ], [ "0.06386", "37451", "1" ], [ "0.06407", "93", "1" ], [ "0.06417", "53405", "2" ], [ "0.06448", "68540", "2" ], [ "0.06479", "84861", "2" ], [ "0.06555", "91", "1" ], [ "0.06704", "89", "1" ], [ "0.06854", "88", "1" ], [ "0.07002", "88", "1" ], [ "0.07152", "88", "1" ], [ "0.07301", "88", "1" ], [ "0.07449", "88", "1" ], [ "0.07500", "50", "1" ], [ "0.07514", "1850", "1" ], [ "0.07560", "5557", "1" ], [ "0.07599", "88", "1" ], [ "0.07695", "17284", "2" ], [ "0.07747", "88", "1" ], [ "0.07830", "30557", "3" ], [ "0.07903", "88", "1" ], [ "0.07965", "30557", "3" ], [ "0.08100", "144714", "5" ], [ "0.08900", "1697", "1" ], [ "0.10000", "150", "1" ], [ "0.12100", "249", "1" ], [ "0.13122", "644", "1" ], [ "0.14731", "120", "1" ], [ "0.16000", "26660", "2" ], [ "0.16742", "250", "1" ], [ "0.17281", "5", "1" ], [ "0.18000", "130", "1" ], [ "0.19600", "900", "1" ], [ "0.19604", "470", "1" ], [ "0.19700", "75", "1" ], [ "0.20000", "225", "2" ], [ "0.22000", "5593", "2" ], [ "0.24950", "4", "1" ], [ "0.35000", "500", "1" ], [ "0.44444", "1763", "1" ] ],
      "t" : 1756461679982
    } ],
    "instrument_name" : "OGN_USD"
  }
}