{
  "id" : -1,
  "method" : "public/get-book",
  "code" : 0,
  "result" : {
    "depth" : 50,
    "data" : [ {
      "bids" : [ [ "0.06275", "10", "1" ], [ "0.06263", "10", "1" ], [ "0.06237", "3200", "1" ], [ "0.06233", "19760", "1" ], [ "0.06227", "800", "1" ], [ "0.06226", "800", "1" ], [ "0.06225", "800", "1" ], [ "0.06224", "800", "1" ], [ "0.06211", "10650", "1" ], [ "0.06202", "12200", "1" ], [ "0.06188", "13270", "3" ], [ "0.06174", "11700", "1" ], [ "0.06160", "12640", "2" ], [ "0.06146", "16230", "2" ], [ "0.05965", "15240", "1" ], [ "0.05964", "15740", "1" ], [ "0.05936", "28010", "2" ], [ "0.05908", "45000", "2" ], [ "0.05880", "59240", "2" ], [ "0.05852", "78660", "2" ], [ "0.04992", "7620", "1" ], [ "0.04940", "7520", "1" ], [ "0.04810", "22810", "1" ], [ "0.04680", "37750", "1" ], [ "0.04550", "54640", "1" ], [ "0.04420", "67250", "1" ], [ "0.04290", "83320", "1" ] ],
      "asks" : [ [ "0.06276", "10", "1" ], [ "0.06281", "3180", "1" ], [ "0.06285", "11960", "1" ], [ "0.06286", "10650", "2" ], [ "0.06287", "790", "1" ], [ "0.06288", "790", "1" ], [ "0.06289", "800", "2" ], [ "0.06290", "790", "1" ], [ "0.06300", "10610", "1" ], [ "0.06312", "15240", "1" ], [ "0.06314", "13370", "3" ], [ "0.06328", "28350", "2" ], [ "0.06342", "14080", "3" ], [ "0.06356", "44300", "3" ], [ "0.06384", "45460", "3" ], [ "0.06412", "60010", "5" ], [ "0.06440", "76170", "1" ], [ "0.07512", "7620", "1" ], [ "0.07540", "8420", "1" ], [ "0.07670", "22780", "2" ], [ "0.07800", "38500", "4" ], [ "0.07930", "52800", "4" ], [ "0.08060", "69160", "4" ], [ "0.08190", "84660", "4" ] ],
      "t" : 1756461945112
    } ],
    "instrument_name" : "OGNUSD-PERP"
  }
}