{
  "id" : -1,
  "method" : "public/get-book",
  "code" : 0,
  "result" : {
    "depth" : 50,
    "data" : [ {
      "bids" : [ [ "0.005868", "9680", "1" ], [ "0.005867", "117150", "1" ], [ "0.005856", "149940", "1" ], [ "0.005852", "196760", "2" ], [ "0.005830", "385780", "2" ], [ "0.005808", "594540", "2" ], [ "0.005786", "633680", "1" ], [ "0.005764", "816850", "1" ], [ "0.005742", "981670", "1" ], [ "0.005000", "5000", "1" ], [ "0.004699", "21050", "1" ], [ "0.004598", "96510", "1" ], [ "0.004477", "328250", "1" ], [ "0.004356", "523720", "1" ], [ "0.004235", "2825590", "1" ], [ "0.004114", "6916320", "1" ] ],
      "asks" : [ [ "0.006268", "10100", "1" ], [ "0.006270", "68810", "1" ], [ "0.006342", "117150", "1" ], [ "0.006354", "149940", "1" ], [ "0.006358", "199550", "2" ], [ "0.006380", "413330", "2" ], [ "0.006402", "568300", "2" ], [ "0.006424", "629490", "1" ], [ "0.006446", "778640", "1" ], [ "0.006468", "958020", "1" ], [ "0.006950", "13750", "1" ], [ "0.007602", "21050", "1" ], [ "0.007623", "78010", "1" ], [ "0.007744", "193240", "1" ], [ "0.007865", "340100", "1" ], [ "0.007986", "1554390", "1" ], [ "0.008107", "4146730", "1" ], [ "0.009500", "9030", "1" ], [ "0.009880", "6290", "1" ], [ "0.010000", "41010", "4" ], [ "0.011000", "63730", "1" ], [ "0.011390", "1640", "1" ], [ "0.012100", "9930", "1" ], [ "0.013000", "2770", "1" ], [ "0.014000", "7790", "1" ], [ "0.015000", "24400", "4" ], [ "0.015500", "6620", "1" ], [ "0.015505", "21760", "1" ], [ "0.016030", "7350", "1" ], [ "0.020000", "35200", "5" ], [ "0.020579", "21770", "1" ], [ "0.020680", "40", "1" ], [ "0.023079", "22200", "1" ], [ "0.024300", "5480", "1" ], [ "0.026500", "40740", "1" ], [ "0.028000", "24820", "2" ], [ "0.029586", "30", "1" ], [ "0.034000", "1490", "1" ], [ "0.036000", "22200", "1" ], [ "0.040000", "600", "1" ], [ "0.048000", "60950", "1" ], [ "0.049000", "8250", "2" ], [ "0.050000", "410630", "5" ], [ "0.067000", "1000", "1" ], [ "0.075000", "310", "1" ], [ "0.078040", "20", "1" ], [ "0.089000", "4840", "1" ], [ "0.089998", "30", "1" ], [ "0.099998", "900", "1" ], [ "0.100000", "88320", "3" ] ],
      "t" : 1756461950979
    } ],
    "instrument_name" : "OLE_USD"
  }
}