{
  "id" : -1,
  "method" : "public/get-book",
  "code" : 0,
  "result" : {
    "depth" : 50,
    "data" : [ {
      "bids" : [ [ "0.91095", "1.3", "1" ], [ "0.91027", "1720.8", "2" ], [ "0.91015", "123.5", "1" ], [ "0.91010", "463.4", "1" ], [ "0.90972", "1199.4", "2" ], [ "0.90934", "2031.7", "3" ], [ "0.90914", "1975.5", "1" ], [ "0.90896", "2031.7", "2" ], [ "0.90874", "331.0", "1" ], [ "0.90858", "3659.6", "2" ], [ "0.90820", "2902.6", "1" ], [ "0.90747", "2305.5", "1" ], [ "0.90349", "1523.2", "1" ], [ "0.89666", "103.8", "1" ], [ "0.89658", "748.5", "1" ], [ "0.89642", "1506.8", "1" ], [ "0.89623", "1605.7", "1" ], [ "0.89604", "1771.8", "1" ], [ "0.89456", "440.8", "1" ], [ "0.89455", "224383.0", "1" ], [ "0.88460", "105.2", "1" ], [ "0.88000", "862.9", "1" ], [ "0.87271", "106.7", "1" ], [ "0.86097", "108.1", "1" ], [ "0.85701", "76.0", "1" ], [ "0.85700", "1.9", "1" ], [ "0.85391", "337.6", "1" ], [ "0.85390", "1.6", "1" ], [ "0.85001", "851.6", "1" ], [ "0.85000", "120.0", "1" ], [ "0.84941", "730.2", "1" ], [ "0.84940", "109.6", "1" ], [ "0.84100", "61.0", "1" ], [ "0.83000", "14.5", "1" ], [ "0.82935", "2.4", "1" ], [ "0.82500", "60.0", "1" ], [ "0.81730", "3.5", "1" ], [ "0.80220", "24.9", "1" ], [ "0.80000", "350.0", "2" ], [ "0.78010", "192.2", "1" ], [ "0.72760", "133.8", "1" ], [ "0.71250", "663.2", "1" ], [ "0.71000", "2000.0", "1" ], [ "0.69375", "2069.3", "1" ], [ "0.67500", "3527.3", "1" ], [ "0.65625", "5569.4", "1" ], [ "0.63750", "15410.9", "1" ] ],
      "asks" : [ [ "0.91106", "1.3", "1" ], [ "0.91161", "283.0", "1" ], [ "0.91210", "449.3", "1" ], [ "0.91211", "1497.6", "1" ], [ "0.91233", "323.8", "1" ], [ "0.91238", "413.7", "1" ], [ "0.91245", "592.7", "1" ], [ "0.91246", "1975.7", "1" ], [ "0.91276", "1250.6", "1" ], [ "0.91314", "2108.5", "1" ], [ "0.91352", "2824.1", "1" ], [ "0.91390", "4505.1", "1" ], [ "0.91421", "2305.2", "1" ], [ "0.91428", "4505.1", "1" ], [ "0.91825", "1523.2", "1" ], [ "0.92520", "748.5", "1" ], [ "0.92530", "1371.2", "1" ], [ "0.92549", "1434.5", "1" ], [ "0.92568", "1892.8", "1" ], [ "0.92581", "102.2", "1" ], [ "0.92735", "224383.0", "1" ], [ "0.93842", "29.3", "2" ], [ "0.93843", "100.9", "1" ], [ "0.95120", "14.5", "1" ], [ "0.95121", "99.5", "1" ], [ "0.96418", "98.2", "1" ], [ "0.97731", "194.1", "1" ], [ "0.97732", "839.8", "2" ], [ "0.99064", "95.5", "1" ], [ "1.00414", "94.2", "1" ], [ "1.01783", "93.1", "1" ], [ "1.03170", "91.8", "1" ], [ "1.04576", "90.5", "1" ], [ "1.06001", "89.1", "1" ], [ "1.07446", "87.9", "1" ], [ "1.08910", "86.9", "1" ], [ "1.09152", "133.8", "1" ], [ "1.10395", "85.6", "1" ], [ "1.10625", "369.4", "1" ], [ "1.11900", "84.5", "1" ], [ "1.12500", "1234.0", "2" ], [ "1.13425", "83.4", "1" ], [ "1.14375", "2156.4", "3" ], [ "1.14971", "82.3", "1" ], [ "1.15300", "330.3", "1" ], [ "1.16250", "2156.4", "2" ], [ "1.16397", "103.6", "1" ], [ "1.18125", "8788.6", "1" ], [ "1.20000", "829.4", "2" ], [ "1.21000", "1631.0", "1" ] ],
      "t" : 1756461970872
    } ],
    "instrument_name" : "ONDO_USDT"
  }
}