{
  "id" : -1,
  "method" : "public/get-book",
  "code" : 0,
  "result" : {
    "depth" : 50,
    "data" : [ {
      "bids" : [ [ "0.91108", "69.6", "2" ], [ "0.91087", "68.3", "1" ], [ "0.91073", "68.3", "1" ], [ "0.91058", "68.3", "1" ], [ "0.91043", "353.8", "1" ], [ "0.91038", "68.3", "1" ], [ "0.91009", "471.3", "1" ], [ "0.91008", "517.6", "2" ], [ "0.91007", "1497.6", "1" ], [ "0.90998", "68.3", "1" ], [ "0.90988", "68.3", "1" ], [ "0.90974", "489.0", "1" ], [ "0.90973", "1317.5", "1" ], [ "0.90972", "453.7", "1" ], [ "0.90971", "68.3", "1" ], [ "0.90964", "592.6", "1" ], [ "0.90961", "1975.3", "1" ], [ "0.90951", "68.3", "1" ], [ "0.90939", "68.3", "1" ], [ "0.90934", "1304.2", "2" ], [ "0.90929", "68.3", "1" ], [ "0.90921", "1000.0", "1" ], [ "0.90919", "68.3", "1" ], [ "0.90897", "68.3", "1" ], [ "0.90896", "1304.2", "1" ], [ "0.90887", "68.3", "1" ], [ "0.90883", "559.2", "1" ], [ "0.90868", "68.3", "1" ], [ "0.90858", "2164.1", "2" ], [ "0.90828", "68.3", "1" ], [ "0.90820", "2923.1", "1" ], [ "0.90798", "68.3", "1" ], [ "0.90782", "3728.7", "1" ], [ "0.90748", "68.3", "1" ], [ "0.90738", "68.3", "1" ], [ "0.90719", "2304.7", "1" ], [ "0.90718", "68.3", "1" ], [ "0.90653", "104905.6", "1" ], [ "0.89911", "68.3", "1" ], [ "0.89668", "748.5", "1" ], [ "0.89639", "1561.6", "1" ], [ "0.89610", "1421.9", "1" ], [ "0.89581", "1656.3", "1" ], [ "0.89553", "50000.0", "1" ], [ "0.89518", "5414.8", "2" ], [ "0.89468", "224383.0", "1" ], [ "0.89364", "659.6", "1" ], [ "0.89249", "32.9", "1" ], [ "0.89000", "2404.8", "1" ], [ "0.88001", "2039.2", "1" ] ],
      "asks" : [ [ "0.91109", "1.3", "1" ], [ "0.91132", "68.3", "1" ], [ "0.91155", "68.3", "1" ], [ "0.91171", "2146.2", "1" ], [ "0.91172", "352.2", "1" ], [ "0.91174", "1327.0", "1" ], [ "0.91175", "68.3", "1" ], [ "0.91185", "68.3", "1" ], [ "0.91186", "1975.9", "1" ], [ "0.91195", "68.3", "1" ], [ "0.91218", "1497.6", "1" ], [ "0.91222", "68.3", "1" ], [ "0.91232", "68.3", "1" ], [ "0.91238", "344.4", "1" ], [ "0.91242", "68.3", "1" ], [ "0.91246", "552.2", "1" ], [ "0.91252", "68.3", "1" ], [ "0.91262", "68.3", "1" ], [ "0.91272", "68.3", "1" ], [ "0.91276", "1199.4", "1" ], [ "0.91282", "68.3", "1" ], [ "0.91312", "68.3", "1" ], [ "0.91314", "1996.2", "1" ], [ "0.91322", "68.3", "1" ], [ "0.91332", "68.3", "1" ], [ "0.91352", "3656.3", "1" ], [ "0.91362", "68.3", "1" ], [ "0.91376", "1000.0", "1" ], [ "0.91382", "68.3", "1" ], [ "0.91390", "4487.0", "1" ], [ "0.91422", "68.3", "1" ], [ "0.91428", "4487.0", "1" ], [ "0.91432", "68.3", "1" ], [ "0.91436", "2305.1", "1" ], [ "0.91442", "68.3", "1" ], [ "0.91472", "68.3", "1" ], [ "0.91565", "104905.6", "1" ], [ "0.91602", "68.3", "1" ], [ "0.91612", "68.3", "1" ], [ "0.91622", "68.3", "1" ], [ "0.92223", "182.9", "1" ], [ "0.92521", "3012.0", "1" ], [ "0.92556", "659.6", "1" ], [ "0.92557", "748.5", "1" ], [ "0.92560", "2664.0", "1" ], [ "0.92568", "1270.4", "1" ], [ "0.92597", "1289.8", "1" ], [ "0.92626", "1523.8", "1" ], [ "0.92749", "224383.0", "1" ], [ "0.92759", "2713.0", "1" ] ],
      "t" : 1756461967029
    } ],
    "instrument_name" : "ONDO_USD"
  }
}