{
  "id" : -1,
  "method" : "public/get-book",
  "code" : 0,
  "result" : {
    "depth" : 50,
    "data" : [ {
      "bids" : [ [ "0.91133", "10", "1" ], [ "0.91104", "370", "2" ], [ "0.91098", "10", "1" ], [ "0.91094", "130", "1" ], [ "0.91090", "260", "1" ], [ "0.91089", "870", "1" ], [ "0.91017", "130", "1" ], [ "0.91010", "10", "1" ], [ "0.91008", "150", "1" ], [ "0.90991", "510", "1" ], [ "0.90987", "540", "1" ], [ "0.90980", "590", "1" ], [ "0.90979", "1950", "1" ], [ "0.90972", "210", "1" ], [ "0.90971", "130", "1" ], [ "0.90970", "320", "1" ], [ "0.90961", "130", "1" ], [ "0.90951", "130", "1" ], [ "0.90931", "130", "1" ], [ "0.90911", "130", "1" ], [ "0.90901", "130", "1" ], [ "0.90888", "130", "1" ], [ "0.90864", "50", "1" ], [ "0.90848", "120", "1" ], [ "0.90846", "50", "1" ], [ "0.90828", "170", "2" ], [ "0.90810", "50", "1" ], [ "0.90799", "130", "1" ], [ "0.90798", "150", "1" ], [ "0.90789", "130", "1" ], [ "0.90735", "130", "1" ], [ "0.90707", "130", "1" ], [ "0.90687", "130", "1" ], [ "0.90573", "130", "1" ], [ "0.90533", "130", "1" ], [ "0.90500", "120", "1" ], [ "0.90370", "130", "1" ], [ "0.90360", "120", "1" ], [ "0.90330", "130", "1" ], [ "0.90320", "120", "1" ], [ "0.90306", "130", "1" ], [ "0.90296", "130", "1" ], [ "0.90286", "130", "1" ], [ "0.90249", "130", "1" ], [ "0.90239", "130", "1" ], [ "0.90229", "130", "1" ], [ "0.90216", "130", "1" ], [ "0.90206", "130", "1" ], [ "0.90196", "120", "1" ], [ "0.90176", "130", "1" ] ],
      "asks" : [ [ "0.91134", "870", "1" ], [ "0.91142", "10", "1" ], [ "0.91143", "10", "1" ], [ "0.91150", "270", "1" ], [ "0.91178", "130", "1" ], [ "0.91185", "510", "1" ], [ "0.91188", "130", "1" ], [ "0.91189", "320", "1" ], [ "0.91215", "130", "1" ], [ "0.91225", "130", "1" ], [ "0.91229", "540", "1" ], [ "0.91230", "530", "2" ], [ "0.91231", "1720", "1" ], [ "0.91233", "210", "1" ], [ "0.91235", "130", "1" ], [ "0.91245", "120", "1" ], [ "0.91255", "130", "1" ], [ "0.91265", "130", "1" ], [ "0.91267", "220", "1" ], [ "0.91268", "740", "1" ], [ "0.91274", "310", "1" ], [ "0.91275", "130", "1" ], [ "0.91285", "130", "1" ], [ "0.91295", "130", "1" ], [ "0.91305", "130", "1" ], [ "0.91315", "130", "1" ], [ "0.91345", "120", "1" ], [ "0.91355", "130", "1" ], [ "0.91365", "120", "1" ], [ "0.91368", "400", "1" ], [ "0.91375", "130", "1" ], [ "0.91385", "130", "1" ], [ "0.91393", "970", "1" ], [ "0.91404", "50", "1" ], [ "0.91405", "130", "1" ], [ "0.91415", "130", "1" ], [ "0.91422", "50", "1" ], [ "0.91425", "130", "1" ], [ "0.91438", "1220", "1" ], [ "0.91440", "50", "1" ], [ "0.91445", "120", "1" ], [ "0.91458", "50", "1" ], [ "0.91462", "450", "1" ], [ "0.91465", "130", "1" ], [ "0.91485", "130", "1" ], [ "0.91495", "130", "1" ], [ "0.91505", "130", "1" ], [ "0.91525", "130", "1" ], [ "0.91556", "560", "2" ], [ "0.91565", "130", "1" ] ],
      "t" : 1756461974229
    } ],
    "instrument_name" : "ONDOUSD-PERP"
  }
}