{
  "id" : -1,
  "method" : "public/get-book",
  "code" : 0,
  "result" : {
    "depth" : 50,
    "data" : [ {
      "bids" : [ [ "0.010290", "65650", "1" ], [ "0.010272", "25900", "1" ], [ "0.010271", "84110", "1" ], [ "0.010269", "71240", "1" ], [ "0.010261", "36530", "1" ], [ "0.010249", "210", "1" ], [ "0.010248", "76980", "1" ], [ "0.010230", "102920", "2" ], [ "0.010227", "80740", "1" ], [ "0.010199", "102920", "1" ], [ "0.010198", "5600", "1" ], [ "0.010168", "157600", "1" ], [ "0.010150", "879070", "1" ], [ "0.010137", "226800", "1" ], [ "0.010106", "292520", "3" ], [ "0.010099", "5650", "1" ], [ "0.010072", "1040", "1" ], [ "0.010001", "4450", "3" ], [ "0.010000", "8710", "2" ], [ "0.009750", "3000", "1" ], [ "0.009500", "1000", "1" ], [ "0.009000", "560", "1" ], [ "0.008900", "570", "1" ], [ "0.008800", "570", "1" ], [ "0.008700", "580", "1" ], [ "0.008600", "590", "1" ], [ "0.008500", "20000", "1" ], [ "0.008430", "2970", "1" ], [ "0.008264", "11760", "1" ], [ "0.008132", "49740", "1" ], [ "0.008000", "10", "1" ], [ "0.007918", "176150", "1" ], [ "0.007704", "305140", "1" ], [ "0.007490", "897840", "1" ], [ "0.007276", "3176890", "1" ] ],
      "asks" : [ [ "0.010376", "19450", "2" ], [ "0.010381", "4000", "1" ], [ "0.010382", "151210", "1" ], [ "0.010383", "65650", "1" ], [ "0.010395", "75120", "1" ], [ "0.010401", "5540", "1" ], [ "0.010403", "84110", "1" ], [ "0.010416", "98970", "2" ], [ "0.010418", "4860", "1" ], [ "0.010437", "69230", "1" ], [ "0.010447", "91600", "1" ], [ "0.010478", "160420", "1" ], [ "0.010505", "5490", "1" ], [ "0.010509", "215220", "1" ], [ "0.010523", "879070", "1" ], [ "0.010540", "284170", "1" ], [ "0.010566", "4790", "1" ], [ "0.010571", "353870", "2" ], [ "0.010609", "5430", "1" ], [ "0.010713", "10110", "2" ], [ "0.010800", "34680", "1" ], [ "0.010819", "5330", "1" ], [ "0.010839", "900", "1" ], [ "0.010862", "4660", "1" ], [ "0.010926", "5280", "1" ], [ "0.011010", "4600", "1" ], [ "0.011034", "5220", "1" ], [ "0.011143", "5170", "1" ], [ "0.011157", "4600", "1" ], [ "0.011254", "5120", "1" ], [ "0.011306", "4600", "1" ], [ "0.011365", "5070", "1" ], [ "0.011400", "11430", "1" ], [ "0.011454", "4600", "1" ], [ "0.011478", "5020", "1" ], [ "0.011591", "4970", "1" ], [ "0.011601", "4600", "1" ], [ "0.011700", "98040", "1" ], [ "0.011707", "4920", "1" ], [ "0.011757", "4600", "1" ], [ "0.011823", "4880", "1" ], [ "0.011906", "7130", "1" ], [ "0.011939", "4830", "1" ], [ "0.012057", "4800", "1" ], [ "0.012177", "4730", "1" ], [ "0.012297", "4690", "1" ], [ "0.012411", "11760", "1" ], [ "0.012412", "35170", "1" ], [ "0.012420", "4640", "1" ], [ "0.012500", "4870", "1" ] ],
      "t" : 1756461972460
    } ],
    "instrument_name" : "ONE_USD"
  }
}