{
  "id" : -1,
  "method" : "public/get-book",
  "code" : 0,
  "result" : {
    "depth" : 50,
    "data" : [ {
      "bids" : [ [ "0.010301", "96670", "1" ], [ "0.010300", "65650", "1" ], [ "0.010290", "65650", "1" ], [ "0.010281", "84110", "1" ], [ "0.010269", "77790", "1" ], [ "0.010261", "4590", "1" ], [ "0.010260", "32710", "1" ], [ "0.010248", "60290", "1" ], [ "0.010230", "94470", "1" ], [ "0.010200", "165890", "1" ], [ "0.010170", "232590", "1" ], [ "0.010148", "879070", "1" ], [ "0.010140", "287670", "1" ], [ "0.010110", "361570", "1" ], [ "0.008264", "11690", "1" ], [ "0.008132", "68490", "1" ], [ "0.007918", "176460", "1" ], [ "0.007704", "295100", "1" ], [ "0.007490", "1160470", "1" ], [ "0.007276", "3430400", "1" ] ],
      "asks" : [ [ "0.010370", "1440", "1" ], [ "0.010379", "116910", "2" ], [ "0.010390", "65650", "1" ], [ "0.010395", "74060", "1" ], [ "0.010409", "84110", "1" ], [ "0.010410", "30030", "1" ], [ "0.010416", "80960", "1" ], [ "0.010437", "69530", "1" ], [ "0.010440", "90460", "1" ], [ "0.010470", "163250", "1" ], [ "0.010500", "217650", "1" ], [ "0.010522", "879070", "1" ], [ "0.010530", "290270", "1" ], [ "0.010560", "343410", "2" ], [ "0.012408", "11690", "1" ], [ "0.012412", "31930", "1" ], [ "0.012626", "117150", "2" ], [ "0.012840", "117150", "2" ], [ "0.013054", "732410", "3" ], [ "0.013268", "1913510", "4" ], [ "0.014242", "90", "1" ], [ "0.018000", "600", "1" ], [ "0.019400", "170", "1" ], [ "0.024000", "800", "1" ], [ "0.025000", "370", "1" ], [ "0.030000", "1040", "1" ], [ "0.032000", "4780", "2" ], [ "0.037000", "300", "1" ], [ "0.039000", "6400", "1" ], [ "0.040000", "213720", "2" ], [ "0.041270", "1010", "1" ], [ "0.043000", "500", "1" ], [ "0.044500", "360", "1" ], [ "0.045000", "4540", "2" ], [ "0.046500", "3210", "1" ], [ "0.049789", "10", "1" ], [ "0.050000", "10520", "4" ], [ "0.052000", "2500", "1" ], [ "0.058000", "19350", "1" ], [ "0.059000", "2170", "1" ], [ "0.060000", "3090", "4" ], [ "0.065000", "6430", "2" ], [ "0.070000", "1000", "1" ], [ "0.074000", "19350", "1" ], [ "0.079800", "890", "1" ], [ "0.080000", "10720", "6" ], [ "0.083460", "3460", "1" ], [ "0.084000", "17780", "1" ], [ "0.090000", "14660", "2" ], [ "0.091364", "6500", "1" ] ],
      "t" : 1756461981343
    } ],
    "instrument_name" : "ONE_USDT"
  }
}