{
  "id" : -1,
  "method" : "public/get-book",
  "code" : 0,
  "result" : {
    "depth" : 50,
    "data" : [ {
      "bids" : [ [ "0.010332", "10", "1" ], [ "0.010324", "10", "1" ], [ "0.010318", "19380", "1" ], [ "0.010312", "64160", "1" ], [ "0.010304", "64220", "1" ], [ "0.010288", "78580", "2" ], [ "0.010283", "92080", "1" ], [ "0.010274", "90200", "1" ], [ "0.010272", "85290", "2" ], [ "0.010260", "81990", "1" ], [ "0.010256", "64220", "1" ], [ "0.010240", "99230", "3" ], [ "0.010230", "202160", "2" ], [ "0.010200", "273520", "3" ], [ "0.010184", "4900", "1" ], [ "0.010182", "4910", "1" ], [ "0.010180", "4910", "1" ], [ "0.010178", "4910", "1" ], [ "0.010170", "358000", "3" ], [ "0.010140", "468290", "2" ], [ "0.010123", "235400", "1" ], [ "0.010070", "235400", "1" ], [ "0.009391", "43010", "1" ], [ "0.008264", "46040", "1" ], [ "0.008132", "49160", "1" ], [ "0.008109", "235400", "1" ], [ "0.008056", "235400", "1" ], [ "0.007918", "134650", "1" ], [ "0.007704", "226440", "1" ], [ "0.007490", "330740", "1" ], [ "0.007276", "406370", "1" ], [ "0.007062", "502650", "1" ] ],
      "asks" : [ [ "0.010338", "10", "1" ], [ "0.010341", "10", "1" ], [ "0.010350", "19320", "1" ], [ "0.010381", "64160", "1" ], [ "0.010383", "90200", "1" ], [ "0.010384", "62000", "1" ], [ "0.010400", "83100", "1" ], [ "0.010409", "92080", "1" ], [ "0.010410", "102970", "1" ], [ "0.010416", "65200", "2" ], [ "0.010432", "85930", "2" ], [ "0.010440", "168650", "2" ], [ "0.010448", "91490", "2" ], [ "0.010466", "4770", "1" ], [ "0.010468", "4770", "1" ], [ "0.010470", "291550", "3" ], [ "0.010472", "4770", "1" ], [ "0.010494", "235400", "1" ], [ "0.010500", "367450", "2" ], [ "0.010530", "471450", "1" ], [ "0.010547", "235400", "1" ], [ "0.010600", "235400", "1" ], [ "0.011383", "43010", "1" ], [ "0.012408", "46040", "1" ], [ "0.012412", "40980", "1" ], [ "0.012626", "138520", "2" ], [ "0.012840", "224420", "2" ], [ "0.013054", "320890", "2" ], [ "0.013268", "418610", "2" ], [ "0.013482", "514610", "2" ] ],
      "t" : 1756461986363
    } ],
    "instrument_name" : "ONEUSD-PERP"
  }
}