{
  "id" : -1,
  "method" : "public/get-book",
  "code" : 0,
  "result" : {
    "depth" : 50,
    "data" : [ {
      "bids" : [ [ "0.16400", "4066", "1" ], [ "0.16383", "35", "1" ], [ "0.16382", "5208", "1" ], [ "0.16380", "3499", "1" ], [ "0.16359", "3752", "1" ], [ "0.16352", "2629", "1" ], [ "0.16338", "4440", "1" ], [ "0.16320", "8800", "1" ], [ "0.16288", "15498", "1" ], [ "0.16256", "21748", "1" ], [ "0.16224", "27661", "1" ], [ "0.16193", "417", "1" ], [ "0.16192", "34530", "1" ], [ "0.13153", "719", "1" ], [ "0.13148", "3259", "1" ], [ "0.12802", "11340", "2" ], [ "0.12456", "11340", "1" ], [ "0.12110", "46567", "2" ], [ "0.11764", "150027", "2" ] ],
      "asks" : [ [ "0.16495", "4066", "1" ], [ "0.16506", "3422", "1" ], [ "0.16513", "5208", "1" ], [ "0.16527", "4816", "1" ], [ "0.16544", "2857", "1" ], [ "0.16548", "5617", "1" ], [ "0.16576", "8620", "1" ], [ "0.16608", "15208", "1" ], [ "0.16640", "21878", "1" ], [ "0.16672", "27193", "2" ], [ "0.16704", "33612", "1" ], [ "0.19744", "719", "1" ], [ "0.20068", "2241", "1" ], [ "0.20414", "6974", "2" ], [ "0.20760", "11774", "3" ], [ "0.21106", "27429", "4" ], [ "0.21452", "89482", "1" ], [ "0.40000", "50", "1" ], [ "0.55495", "1", "1" ], [ "0.67474", "12", "1" ], [ "0.77982", "223", "1" ], [ "0.81693", "1", "1" ], [ "0.86900", "50", "1" ], [ "0.93474", "12", "1" ], [ "1.20000", "150", "1" ], [ "1.21474", "12", "1" ], [ "1.41474", "7", "1" ], [ "1.50000", "230", "1" ], [ "2.11010", "14", "1" ] ],
      "t" : 1756461976639
    } ],
    "instrument_name" : "ONG_USD"
  }
}