{
  "id" : -1,
  "method" : "public/get-book",
  "code" : 0,
  "result" : {
    "depth" : 50,
    "data" : [ {
      "bids" : [ [ "0.14910", "670", "1" ], [ "0.14909", "54370", "1" ], [ "0.14902", "4374", "1" ], [ "0.14889", "8553", "1" ], [ "0.14883", "7947", "1" ], [ "0.14880", "3757", "1" ], [ "0.14868", "8553", "1" ], [ "0.14849", "9576", "2" ], [ "0.14847", "9039", "1" ], [ "0.14818", "9576", "1" ], [ "0.14787", "15841", "1" ], [ "0.14768", "40777", "1" ], [ "0.14756", "22522", "1" ], [ "0.14725", "28930", "1" ], [ "0.14616", "432", "1" ], [ "0.14615", "40777", "1" ], [ "0.14536", "8575", "1" ], [ "0.13583", "1235", "1" ], [ "0.12646", "9", "1" ], [ "0.11953", "781", "1" ], [ "0.11951", "4316", "1" ], [ "0.11628", "12019", "2" ], [ "0.11305", "20873", "2" ], [ "0.10982", "51925", "2" ], [ "0.10659", "130702", "2" ], [ "0.10000", "62", "1" ], [ "0.08781", "53", "1" ], [ "0.06455", "17", "1" ] ],
      "asks" : [ [ "0.14984", "785", "1" ], [ "0.14986", "54370", "1" ], [ "0.14994", "4374", "1" ], [ "0.15013", "7947", "1" ], [ "0.15015", "10337", "1" ], [ "0.15035", "3022", "1" ], [ "0.15036", "10337", "1" ], [ "0.15057", "10337", "1" ], [ "0.15066", "10217", "1" ], [ "0.15097", "21929", "1" ], [ "0.15099", "40777", "1" ], [ "0.15128", "29157", "1" ], [ "0.15159", "35062", "1" ], [ "0.15190", "35062", "1" ], [ "0.15256", "40777", "1" ], [ "0.16457", "499", "1" ], [ "0.17944", "781", "1" ], [ "0.18088", "2522", "1" ], [ "0.18411", "7801", "2" ], [ "0.18734", "13134", "3" ], [ "0.19057", "22265", "4" ], [ "0.19380", "77436", "1" ], [ "0.22000", "3780", "2" ], [ "0.23000", "108", "1" ], [ "0.24000", "104", "1" ], [ "0.25000", "100", "1" ], [ "0.25525", "206", "1" ], [ "0.26000", "96", "1" ], [ "0.27000", "92", "1" ], [ "0.28000", "89", "1" ], [ "0.29000", "86", "1" ], [ "0.30000", "69", "1" ], [ "0.36000", "356", "1" ], [ "0.39000", "15", "1" ], [ "0.40000", "200", "1" ], [ "0.40033", "2", "1" ], [ "0.43000", "391", "1" ], [ "0.47777", "1498", "1" ], [ "0.50000", "562", "1" ], [ "0.52258", "1", "1" ], [ "0.55000", "200", "1" ], [ "0.68000", "5", "1" ], [ "0.70000", "170", "1" ], [ "0.72000", "286", "1" ], [ "0.75710", "6318", "1" ], [ "0.88888", "656", "1" ], [ "0.90677", "2504", "1" ], [ "0.95000", "276", "1" ], [ "1.00000", "171", "2" ], [ "1.05900", "333", "1" ] ],
      "t" : 1756461994504
    } ],
    "instrument_name" : "ONT_USD"
  }
}