{
  "id" : -1,
  "method" : "public/get-book",
  "code" : 0,
  "result" : {
    "depth" : 50,
    "data" : [ {
      "bids" : [ [ "2.33283", "42.8", "1" ], [ "2.33282", "1129.4", "1" ], [ "2.33279", "299.6", "1" ], [ "2.33155", "304.1", "1" ], [ "2.33121", "127.9", "1" ], [ "2.32980", "106.5", "1" ], [ "2.32944", "304.1", "1" ], [ "2.32819", "85.9", "1" ], [ "2.32733", "351.0", "1" ], [ "2.32627", "378.8", "2" ], [ "2.32274", "653.1", "3" ], [ "2.31979", "43.1", "1" ], [ "2.31939", "43.1", "1" ], [ "2.31925", "215.8", "1" ], [ "2.31923", "726.9", "1" ], [ "2.31921", "653.1", "2" ], [ "2.31783", "43.1", "1" ], [ "2.31606", "43.1", "1" ], [ "2.25002", "9.8", "1" ], [ "2.25001", "47.2", "2" ], [ "2.25000", "120.0", "1" ], [ "2.13531", "384.7", "1" ], [ "2.13530", "9.0", "1" ], [ "2.11022", "9.8", "1" ], [ "1.96248", "765.0", "2" ], [ "1.86890", "53.5", "1" ], [ "1.83378", "310.3", "1" ], [ "1.79000", "50.0", "1" ], [ "1.78676", "816.1", "2" ], [ "1.73974", "1377.3", "2" ], [ "1.69272", "3834.7", "2" ], [ "1.64570", "9804.5", "2" ], [ "1.40000", "35.7", "1" ], [ "1.33509", "0.1", "1" ] ],
      "asks" : [ [ "2.34287", "1129.4", "1" ], [ "2.34392", "299.6", "1" ], [ "2.34421", "271.5", "1" ], [ "2.34632", "363.3", "1" ], [ "2.34649", "127.9", "1" ], [ "2.34655", "85.2", "1" ], [ "2.34745", "120.9", "1" ], [ "2.34843", "363.3", "1" ], [ "2.35097", "870.3", "1" ], [ "2.35098", "402.7", "1" ], [ "2.35427", "466.4", "1" ], [ "2.35429", "68.5", "1" ], [ "2.35451", "900.7", "1" ], [ "2.35631", "42.4", "1" ], [ "2.35644", "42.4", "1" ], [ "2.35804", "900.7", "1" ], [ "2.35852", "42.3", "1" ], [ "2.35950", "42.3", "1" ], [ "2.42996", "9.8", "1" ], [ "2.42997", "12.3", "1" ], [ "2.43000", "5.0", "1" ], [ "2.70000", "149.7", "1" ], [ "2.80941", "53.5", "1" ], [ "2.82120", "161.8", "1" ], [ "2.86822", "551.0", "2" ], [ "2.91524", "551.0", "2" ], [ "2.96226", "1977.2", "3" ], [ "3.00000", "16.1", "1" ], [ "3.00928", "5456.2", "1" ], [ "3.01155", "9.2", "1" ], [ "3.09363", "9.2", "1" ], [ "3.26108", "9.2", "1" ], [ "3.50000", "69.0", "1" ], [ "3.86376", "1.8", "1" ], [ "3.90000", "30.0", "1" ], [ "3.99000", "41.2", "2" ], [ "3.99990", "2.0", "1" ], [ "4.00000", "5.4", "1" ], [ "4.06000", "13039.8", "1" ], [ "4.20000", "1.2", "1" ], [ "4.40000", "51.4", "1" ], [ "4.50000", "441.0", "1" ], [ "4.99000", "414.5", "1" ], [ "4.99999", "2.7", "1" ], [ "5.00000", "34.5", "2" ], [ "6.00000", "69.1", "1" ], [ "6.12345", "6.0", "1" ], [ "6.40000", "200.0", "1" ], [ "7.00000", "4.0", "1" ], [ "7.51064", "0.1", "1" ] ],
      "t" : 1756462014146
    } ],
    "instrument_name" : "ORCA_USD"
  }
}