{
  "id" : -1,
  "method" : "public/get-book",
  "code" : 0,
  "result" : {
    "depth" : 50,
    "data" : [ {
      "bids" : [ [ "0.05331", "3751", "1" ], [ "0.05330", "10565", "1" ], [ "0.05328", "13320", "1" ], [ "0.05322", "1586", "1" ], [ "0.05321", "12364", "1" ], [ "0.05315", "4207", "1" ], [ "0.05314", "13975", "1" ], [ "0.05313", "11898", "1" ], [ "0.05302", "15882", "1" ], [ "0.05301", "9293", "1" ], [ "0.05292", "11898", "1" ], [ "0.05271", "11291", "1" ], [ "0.05270", "28607", "2" ], [ "0.05239", "48663", "2" ], [ "0.05209", "237", "1" ], [ "0.05208", "48663", "1" ], [ "0.05178", "253", "1" ], [ "0.05177", "67246", "2" ], [ "0.05147", "254", "1" ], [ "0.05146", "87583", "2" ], [ "0.05117", "103", "1" ], [ "0.05116", "163", "1" ], [ "0.05040", "99", "1" ], [ "0.05000", "300", "1" ], [ "0.04280", "2209", "1" ], [ "0.04181", "11612", "1" ], [ "0.04068", "34007", "1" ], [ "0.03955", "55487", "1" ], [ "0.03842", "93438", "1" ], [ "0.03729", "240772", "1" ], [ "0.01364", "79", "1" ] ],
      "asks" : [ [ "0.05392", "4471", "1" ], [ "0.05393", "10856", "1" ], [ "0.05411", "14310", "2" ], [ "0.05412", "12364", "1" ], [ "0.05417", "10104", "1" ], [ "0.05418", "14359", "1" ], [ "0.05431", "15882", "1" ], [ "0.05439", "12402", "1" ], [ "0.05456", "10822", "1" ], [ "0.05460", "13107", "1" ], [ "0.05487", "26820", "1" ], [ "0.05517", "153", "1" ], [ "0.05518", "62594", "2" ], [ "0.05549", "83378", "2" ], [ "0.05580", "101540", "2" ], [ "0.05611", "101540", "1" ], [ "0.05847", "161", "1" ], [ "0.06197", "355", "1" ], [ "0.06434", "2209", "1" ], [ "0.06441", "6722", "1" ], [ "0.06554", "22012", "3" ], [ "0.06667", "22012", "2" ], [ "0.06780", "38330", "3" ], [ "0.06893", "137128", "4" ], [ "0.11210", "133", "1" ], [ "0.14960", "2078", "1" ], [ "0.17499", "30", "1" ], [ "0.17792", "1515", "1" ], [ "0.17999", "30", "1" ], [ "0.18499", "30", "1" ], [ "0.18999", "30", "1" ], [ "0.19499", "30", "1" ], [ "0.19999", "30", "1" ], [ "0.20000", "275", "1" ], [ "0.20116", "729", "1" ], [ "0.20499", "30", "1" ], [ "0.20999", "30", "1" ], [ "0.21499", "30", "1" ], [ "0.21999", "30", "1" ], [ "0.22499", "30", "1" ], [ "0.22999", "30", "1" ], [ "0.23499", "30", "1" ], [ "0.23999", "30", "1" ], [ "0.24499", "30", "1" ], [ "0.24999", "30", "1" ], [ "0.25499", "30", "1" ], [ "0.25999", "30", "1" ], [ "0.26499", "30", "1" ], [ "0.26999", "30", "1" ], [ "0.27499", "30", "1" ] ],
      "t" : 1756462033292
    } ],
    "instrument_name" : "OXT_USD"
  }
}