{
  "id" : -1,
  "method" : "public/get-book",
  "code" : 0,
  "result" : {
    "depth" : 50,
    "data" : [ {
      "bids" : [ [ "0.066984", "390", "1" ], [ "0.066963", "164", "1" ], [ "0.066900", "14718", "1" ], [ "0.066839", "10071", "1" ], [ "0.066836", "11477", "1" ], [ "0.066758", "12872", "1" ], [ "0.066755", "99341", "1" ], [ "0.066738", "11526", "1" ], [ "0.066640", "18861", "2" ], [ "0.066614", "186", "1" ], [ "0.066521", "19759", "1" ], [ "0.066488", "123013", "1" ], [ "0.066421", "95801", "1" ], [ "0.066402", "46283", "1" ], [ "0.066283", "46283", "1" ], [ "0.066164", "73509", "1" ], [ "0.066045", "73509", "1" ], [ "0.065898", "570", "1" ], [ "0.065897", "123014", "1" ], [ "0.065823", "96702", "1" ], [ "0.065813", "189", "1" ], [ "0.065014", "191", "1" ], [ "0.064213", "193", "1" ], [ "0.063294", "196", "1" ], [ "0.062614", "198", "1" ], [ "0.061814", "201", "1" ], [ "0.061689", "51", "1" ], [ "0.061013", "203", "1" ], [ "0.060213", "206", "1" ], [ "0.059414", "209", "1" ], [ "0.058613", "212", "1" ], [ "0.058000", "50", "1" ], [ "0.057813", "215", "1" ], [ "0.057014", "218", "1" ], [ "0.056214", "221", "1" ], [ "0.055413", "224", "1" ], [ "0.055000", "454", "1" ], [ "0.054614", "227", "1" ], [ "0.053589", "1808", "1" ], [ "0.053276", "10056", "1" ], [ "0.051874", "28496", "1" ], [ "0.050472", "28496", "1" ], [ "0.049070", "28496", "1" ], [ "0.047668", "77858", "1" ] ],
      "asks" : [ [ "0.067098", "164", "1" ], [ "0.067099", "382", "1" ], [ "0.067232", "10071", "1" ], [ "0.067312", "12872", "1" ], [ "0.067326", "11599", "1" ], [ "0.067354", "7453", "1" ], [ "0.067366", "95576", "1" ], [ "0.067424", "11599", "1" ], [ "0.067473", "18787", "2" ], [ "0.067522", "9556", "1" ], [ "0.067592", "32687", "2" ], [ "0.067656", "123013", "1" ], [ "0.067703", "98825", "1" ], [ "0.067711", "32687", "1" ], [ "0.067830", "45962", "1" ], [ "0.067949", "59998", "1" ], [ "0.068213", "184", "1" ], [ "0.068246", "123013", "1" ], [ "0.068313", "99736", "1" ], [ "0.068545", "25", "1" ], [ "0.069014", "182", "1" ], [ "0.069814", "180", "1" ], [ "0.070613", "178", "1" ], [ "0.071414", "176", "1" ], [ "0.072214", "174", "1" ], [ "0.073013", "173", "1" ], [ "0.073814", "170", "1" ], [ "0.074613", "168", "1" ], [ "0.075086", "293", "1" ], [ "0.075413", "166", "1" ], [ "0.076214", "164", "1" ], [ "0.077000", "1000", "1" ], [ "0.077013", "4", "1" ], [ "0.077813", "197", "1" ], [ "0.078614", "197", "1" ], [ "0.079413", "197", "1" ], [ "0.080000", "20", "1" ], [ "0.080213", "197", "1" ], [ "0.080501", "1808", "1" ], [ "0.081014", "197", "1" ], [ "0.081316", "5029", "1" ], [ "0.081813", "197", "1" ], [ "0.082614", "197", "1" ], [ "0.082718", "17922", "2" ], [ "0.083414", "197", "1" ], [ "0.084120", "17922", "2" ], [ "0.084213", "197", "1" ], [ "0.085014", "197", "1" ], [ "0.085522", "17922", "2" ], [ "0.085814", "197", "1" ] ],
      "t" : 1756461975133
    } ],
    "instrument_name" : "PEAQ_USD"
  }
}