{
  "id" : -1,
  "method" : "public/get-book",
  "code" : 0,
  "result" : {
    "depth" : 50,
    "data" : [ {
      "bids" : [ [ "0.029255", "40", "1" ], [ "0.029210", "4260", "1" ], [ "0.029200", "57860", "1" ], [ "0.029199", "34700", "1" ], [ "0.029193", "10030", "1" ], [ "0.029181", "34700", "1" ], [ "0.029163", "34700", "1" ], [ "0.029144", "34700", "1" ], [ "0.029139", "43090", "1" ], [ "0.029126", "34700", "1" ], [ "0.029108", "34700", "1" ], [ "0.029090", "34700", "1" ], [ "0.029072", "34700", "1" ], [ "0.029054", "34700", "1" ], [ "0.029034", "34700", "1" ], [ "0.028978", "68950", "1" ], [ "0.028944", "23180", "1" ], [ "0.028880", "38600", "1" ], [ "0.028856", "46380", "1" ], [ "0.028728", "40920", "1" ], [ "0.028710", "11700", "1" ], [ "0.028587", "1600", "1" ], [ "0.028576", "53570", "1" ], [ "0.028513", "230", "1" ], [ "0.028512", "40080", "2" ], [ "0.028491", "2550", "1" ], [ "0.028331", "620", "1" ], [ "0.028314", "69340", "3" ], [ "0.028299", "1000", "1" ], [ "0.028215", "6750", "1" ], [ "0.028214", "3550", "1" ], [ "0.028117", "600", "1" ], [ "0.028116", "69340", "3" ], [ "0.027922", "2600", "1" ], [ "0.027919", "600", "1" ], [ "0.027918", "123480", "3" ], [ "0.027721", "1140", "2" ], [ "0.027720", "123480", "2" ], [ "0.027000", "68510", "1" ], [ "0.026693", "340", "1" ], [ "0.026665", "660", "1" ], [ "0.025100", "13940", "1" ], [ "0.025000", "2780", "3" ], [ "0.024631", "360", "1" ], [ "0.023330", "4140", "1" ], [ "0.023104", "23880", "1" ], [ "0.022568", "400", "1" ], [ "0.022496", "63030", "2" ], [ "0.021888", "106730", "2" ], [ "0.021280", "110630", "1" ] ],
      "asks" : [ [ "0.029256", "40", "1" ], [ "0.029269", "530", "1" ], [ "0.029270", "1920", "1" ], [ "0.029271", "4450", "1" ], [ "0.029281", "41970", "1" ], [ "0.029282", "10080", "1" ], [ "0.029284", "34700", "1" ], [ "0.029309", "34700", "1" ], [ "0.029340", "34700", "1" ], [ "0.029351", "43100", "1" ], [ "0.029376", "34700", "1" ], [ "0.029412", "34700", "1" ], [ "0.029501", "68990", "1" ], [ "0.029537", "23180", "1" ], [ "0.029624", "46380", "1" ], [ "0.029630", "2490", "1" ], [ "0.029640", "37290", "1" ], [ "0.029684", "10190", "3" ], [ "0.029700", "13590", "1" ], [ "0.029749", "1560", "1" ], [ "0.029791", "810", "1" ], [ "0.029792", "43100", "1" ], [ "0.029898", "38930", "1" ], [ "0.029944", "51480", "1" ], [ "0.029978", "10870", "3" ], [ "0.030042", "850", "1" ], [ "0.030096", "90730", "1" ], [ "0.030199", "2440", "1" ], [ "0.030272", "8850", "3" ], [ "0.030294", "90730", "1" ], [ "0.030329", "1540", "1" ], [ "0.030491", "930", "1" ], [ "0.030492", "143980", "1" ], [ "0.030689", "920", "1" ], [ "0.030690", "143980", "1" ], [ "0.030759", "960", "1" ], [ "0.030768", "2400", "1" ], [ "0.030820", "310", "1" ], [ "0.030824", "850", "1" ], [ "0.030911", "1510", "1" ], [ "0.031336", "2370", "1" ], [ "0.031491", "1470", "1" ], [ "0.031663", "590", "1" ], [ "0.031699", "9100", "1" ], [ "0.031843", "3270", "1" ], [ "0.031853", "9060", "1" ], [ "0.031905", "2370", "1" ], [ "0.031989", "920", "1" ], [ "0.031997", "3230", "1" ], [ "0.032008", "9060", "1" ] ],
      "t" : 1756462063812
    } ],
    "instrument_name" : "PENGU_USD"
  }
}