{
  "id" : -1,
  "method" : "public/get-book",
  "code" : 0,
  "result" : {
    "depth" : 50,
    "data" : [ {
      "bids" : [ [ "0.029266", "100", "1" ], [ "0.029259", "100", "1" ], [ "0.029244", "3400", "1" ], [ "0.029242", "1000", "1" ], [ "0.029231", "4700", "1" ], [ "0.029227", "60200", "1" ], [ "0.029226", "4700", "1" ], [ "0.029223", "4800", "2" ], [ "0.029220", "6500", "2" ], [ "0.029218", "52200", "1" ], [ "0.029214", "1700", "1" ], [ "0.029209", "4700", "1" ], [ "0.029208", "1700", "1" ], [ "0.029206", "4800", "1" ], [ "0.029202", "65800", "2" ], [ "0.029200", "52200", "1" ], [ "0.029197", "4800", "1" ], [ "0.029194", "4800", "1" ], [ "0.029189", "56200", "1" ], [ "0.029183", "4700", "1" ], [ "0.029182", "75300", "2" ], [ "0.029180", "4700", "1" ], [ "0.029177", "4800", "1" ], [ "0.029172", "4800", "1" ], [ "0.029171", "2700", "1" ], [ "0.029166", "4800", "1" ], [ "0.029164", "52200", "1" ], [ "0.029148", "4800", "1" ], [ "0.029146", "52200", "1" ], [ "0.029142", "4800", "1" ], [ "0.029140", "3700", "1" ], [ "0.029130", "4700", "1" ], [ "0.029128", "52200", "1" ], [ "0.029121", "4800", "1" ], [ "0.029118", "23400", "1" ], [ "0.029115", "4200", "1" ], [ "0.029111", "4700", "1" ], [ "0.029110", "52200", "1" ], [ "0.029109", "4100", "1" ], [ "0.029108", "4700", "1" ], [ "0.029106", "4200", "1" ], [ "0.029105", "4700", "1" ], [ "0.029102", "4800", "1" ], [ "0.029097", "4200", "1" ], [ "0.029093", "4700", "1" ], [ "0.029090", "52200", "1" ], [ "0.029088", "15400", "2" ], [ "0.029081", "4600", "1" ], [ "0.029078", "9100", "3" ], [ "0.029074", "4600", "1" ] ],
      "asks" : [ [ "0.029267", "100", "1" ], [ "0.029277", "1100", "2" ], [ "0.029290", "60200", "1" ], [ "0.029291", "64200", "1" ], [ "0.029292", "1700", "1" ], [ "0.029294", "57400", "2" ], [ "0.029295", "52200", "1" ], [ "0.029296", "41400", "1" ], [ "0.029297", "4800", "1" ], [ "0.029298", "1700", "1" ], [ "0.029300", "4700", "1" ], [ "0.029304", "1700", "1" ], [ "0.029306", "4700", "1" ], [ "0.029310", "1700", "1" ], [ "0.029311", "23100", "1" ], [ "0.029312", "4600", "1" ], [ "0.029315", "52200", "1" ], [ "0.029318", "4700", "1" ], [ "0.029326", "3500", "1" ], [ "0.029327", "4700", "1" ], [ "0.029348", "4800", "1" ], [ "0.029351", "52200", "1" ], [ "0.029354", "28100", "2" ], [ "0.029357", "3300", "1" ], [ "0.029360", "4800", "1" ], [ "0.029375", "4700", "1" ], [ "0.029376", "12300", "1" ], [ "0.029378", "4800", "1" ], [ "0.029386", "52200", "1" ], [ "0.029387", "4600", "1" ], [ "0.029388", "3300", "1" ], [ "0.029390", "4800", "1" ], [ "0.029394", "4200", "1" ], [ "0.029396", "4800", "1" ], [ "0.029403", "4200", "1" ], [ "0.029405", "4600", "1" ], [ "0.029412", "4200", "1" ], [ "0.029414", "4800", "1" ], [ "0.029419", "4400", "2" ], [ "0.029420", "4600", "1" ], [ "0.029421", "4200", "1" ], [ "0.029422", "52200", "1" ], [ "0.029423", "4700", "1" ], [ "0.029424", "22600", "1" ], [ "0.029445", "5000", "1" ], [ "0.029450", "4500", "2" ], [ "0.029460", "5000", "1" ], [ "0.029472", "34000", "1" ], [ "0.029475", "5000", "1" ], [ "0.029490", "5000", "1" ] ],
      "t" : 1756462071854
    } ],
    "instrument_name" : "PENGUUSD-PERP"
  }
}