{
  "id" : -1,
  "method" : "public/get-book",
  "code" : 0,
  "result" : {
    "depth" : 50,
    "data" : [ {
      "bids" : [ [ "0.029247", "40", "1" ], [ "0.029226", "250", "1" ], [ "0.029225", "9960", "1" ], [ "0.029221", "49240", "1" ], [ "0.029215", "10120", "1" ], [ "0.029209", "34700", "1" ], [ "0.029188", "34700", "1" ], [ "0.029170", "34700", "1" ], [ "0.029148", "34700", "1" ], [ "0.029137", "57460", "1" ], [ "0.029128", "34700", "1" ], [ "0.029110", "34700", "1" ], [ "0.029091", "34700", "1" ], [ "0.029073", "34700", "1" ], [ "0.029054", "34700", "1" ], [ "0.029033", "34700", "1" ], [ "0.028944", "23180", "1" ], [ "0.028907", "1260", "1" ], [ "0.028906", "44140", "1" ], [ "0.028856", "46380", "1" ], [ "0.028757", "44000", "1" ], [ "0.028665", "16590", "1" ], [ "0.028608", "44300", "1" ], [ "0.028470", "39600", "2" ], [ "0.028275", "68090", "3" ], [ "0.028080", "68090", "3" ], [ "0.027887", "44620", "2" ], [ "0.027886", "48230", "2" ], [ "0.027885", "122510", "3" ], [ "0.027690", "122510", "2" ], [ "0.027500", "20000", "1" ], [ "0.026870", "500", "1" ], [ "0.026000", "20000", "1" ], [ "0.023328", "4140", "1" ], [ "0.023104", "19200", "1" ], [ "0.022496", "62270", "2" ], [ "0.021888", "107990", "2" ], [ "0.021280", "107990", "1" ], [ "0.020672", "432410", "2" ], [ "0.008800", "220", "1" ] ],
      "asks" : [ [ "0.029248", "40", "1" ], [ "0.029277", "150", "1" ], [ "0.029278", "10400", "1" ], [ "0.029286", "34700", "1" ], [ "0.029287", "9970", "1" ], [ "0.029289", "49250", "1" ], [ "0.029307", "34700", "1" ], [ "0.029329", "34700", "1" ], [ "0.029365", "34700", "1" ], [ "0.029369", "57440", "1" ], [ "0.029401", "34700", "1" ], [ "0.029528", "23180", "1" ], [ "0.029616", "46380", "1" ], [ "0.029640", "15110", "1" ], [ "0.029651", "43060", "1" ], [ "0.029800", "42960", "1" ], [ "0.029835", "41360", "1" ], [ "0.029949", "42960", "1" ], [ "0.030030", "65670", "1" ], [ "0.030224", "1440", "2" ], [ "0.030225", "92490", "1" ], [ "0.030418", "25670", "1" ], [ "0.030419", "9060", "2" ], [ "0.030420", "142710", "1" ], [ "0.030615", "142710", "1" ], [ "0.030770", "59830", "1" ], [ "0.034557", "1110", "1" ], [ "0.034994", "4140", "1" ], [ "0.035000", "100", "1" ], [ "0.035264", "10990", "1" ], [ "0.035872", "41320", "2" ], [ "0.036480", "85220", "3" ], [ "0.037088", "85220", "3" ], [ "0.037317", "20290", "1" ], [ "0.037696", "119710", "1" ], [ "0.039200", "26960", "1" ], [ "0.040997", "20290", "1" ], [ "0.041000", "420", "1" ], [ "0.042850", "310", "1" ], [ "0.043560", "610", "1" ], [ "0.045500", "350", "1" ], [ "0.045678", "250", "1" ], [ "0.049000", "1217000", "1" ], [ "0.050000", "50000", "1" ], [ "0.053479", "1070", "1" ], [ "0.065000", "2080", "1" ], [ "0.090000", "1220", "1" ], [ "0.100000", "2110", "2" ] ],
      "t" : 1756462067958
    } ],
    "instrument_name" : "PENGU_USDT"
  }
}