{
  "id" : -1,
  "method" : "public/get-book",
  "code" : 0,
  "result" : {
    "depth" : 50,
    "data" : [ {
      "bids" : [ [ "0.000009836", "120000", "1" ], [ "0.000009832", "2490000", "1" ], [ "0.000009831", "1750000", "1" ], [ "0.000009830", "66840000", "2" ], [ "0.000009829", "240220000", "4" ], [ "0.000009828", "61050000", "1" ], [ "0.000009827", "241590000", "2" ], [ "0.000009826", "871470000", "4" ], [ "0.000009825", "98660000", "1" ], [ "0.000009823", "460430000", "4" ], [ "0.000009822", "1625920000", "2" ], [ "0.000009821", "59200000", "1" ], [ "0.000009819", "98660000", "1" ], [ "0.000009816", "98660000", "1" ], [ "0.000009813", "157860000", "2" ], [ "0.000009812", "59200000", "1" ], [ "0.000009810", "549510000", "1" ], [ "0.000009804", "59200000", "1" ], [ "0.000009803", "59200000", "1" ], [ "0.000009794", "118400000", "2" ], [ "0.000009778", "13830000", "1" ], [ "0.000009777", "118400000", "2" ], [ "0.000009765", "43010000", "1" ], [ "0.000009759", "118400000", "2" ], [ "0.000009758", "20640000", "1" ], [ "0.000009753", "27720000", "1" ], [ "0.000009744", "43010000", "1" ], [ "0.000009741", "118400000", "2" ], [ "0.000009738", "9000000000", "1" ], [ "0.000009734", "17520000", "1" ], [ "0.000009723", "161420000", "3" ], [ "0.000009721", "361640000", "1" ], [ "0.000009706", "118400000", "2" ], [ "0.000009705", "518320000", "1" ], [ "0.000009703", "51480000", "2" ], [ "0.000009698", "9000000000", "1" ], [ "0.000009689", "189200000", "1" ], [ "0.000009688", "118400000", "2" ], [ "0.000009672", "89470000", "2" ], [ "0.000009670", "118400000", "2" ], [ "0.000009652", "118400000", "2" ], [ "0.000009641", "89470000", "1" ], [ "0.000009634", "118400000", "2" ], [ "0.000009616", "118400000", "2" ], [ "0.000009579", "200000", "1" ], [ "0.000009560", "16020000", "2" ], [ "0.000009558", "7440000", "2" ], [ "0.000009552", "2300000", "1" ], [ "0.000009531", "4600000", "2" ], [ "0.000009502", "23850000", "2" ] ],
      "asks" : [ [ "0.000009837", "120000", "1" ], [ "0.000009838", "186660000", "3" ], [ "0.000009839", "98660000", "1" ], [ "0.000009840", "50840000", "1" ], [ "0.000009841", "23620000", "1" ], [ "0.000009842", "233870000", "4" ], [ "0.000009843", "549530000", "1" ], [ "0.000009844", "40630000", "1" ], [ "0.000009845", "32480000", "1" ], [ "0.000009846", "195110000", "3" ], [ "0.000009847", "118400000", "2" ], [ "0.000009849", "98660000", "1" ], [ "0.000009853", "1522690000", "1" ], [ "0.000009856", "98660000", "1" ], [ "0.000009857", "549300000", "1" ], [ "0.000009865", "728450000", "3" ], [ "0.000009877", "118400000", "2" ], [ "0.000009889", "1970000", "1" ], [ "0.000009894", "2410000", "1" ], [ "0.000009895", "118400000", "2" ], [ "0.000009897", "13830000", "1" ], [ "0.000009912", "45100000", "1" ], [ "0.000009913", "118400000", "2" ], [ "0.000009922", "27720000", "1" ], [ "0.000009931", "118400000", "2" ], [ "0.000009933", "43400000", "1" ], [ "0.000009937", "9000000000", "1" ], [ "0.000009949", "118400000", "2" ], [ "0.000009951", "18640000", "1" ], [ "0.000009954", "43400000", "1" ], [ "0.000009967", "118400000", "2" ], [ "0.000009976", "880000", "1" ], [ "0.000009982", "52060000", "1" ], [ "0.000009985", "118400000", "2" ], [ "0.000010003", "118400000", "2" ], [ "0.000010008", "4680000", "1" ], [ "0.000010013", "118780000", "1" ], [ "0.000010027", "3777300000", "1" ], [ "0.000010044", "118780000", "1" ], [ "0.000010184", "860000", "1" ], [ "0.000010188", "1970000", "1" ], [ "0.000010208", "2770000", "2" ], [ "0.000010209", "4990000", "1" ], [ "0.000010246", "970000", "1" ], [ "0.000010262", "16850000", "1" ], [ "0.000010271", "970000", "1" ], [ "0.000010272", "970000", "1" ], [ "0.000010296", "970000", "1" ], [ "0.000010300", "101010000", "2" ], [ "0.000010336", "4530000", "1" ] ],
      "t" : 1756462079521
    } ],
    "instrument_name" : "PEPE_USD"
  }
}