{
  "id" : -1,
  "method" : "public/get-book",
  "code" : 0,
  "result" : {
    "depth" : 50,
    "data" : [ {
      "bids" : [ [ "0.000009828", "50830000", "1" ], [ "0.000009826", "76250000", "1" ], [ "0.000009825", "372510000", "3" ], [ "0.000009824", "25350000", "1" ], [ "0.000009823", "84490000", "1" ], [ "0.000009822", "539780000", "2" ], [ "0.000009821", "1692020000", "2" ], [ "0.000009820", "549200000", "1" ], [ "0.000009817", "35510000", "1" ], [ "0.000009816", "118360000", "2" ], [ "0.000009809", "610100000", "1" ], [ "0.000009807", "667620000", "3" ], [ "0.000009803", "101930000", "1" ], [ "0.000009797", "118360000", "2" ], [ "0.000009786", "59180000", "1" ], [ "0.000009785", "59180000", "1" ], [ "0.000009778", "13830000", "1" ], [ "0.000009777", "59180000", "1" ], [ "0.000009775", "59180000", "1" ], [ "0.000009767", "59180000", "1" ], [ "0.000009766", "59180000", "1" ], [ "0.000009765", "35250000", "1" ], [ "0.000009758", "59180000", "1" ], [ "0.000009757", "59180000", "1" ], [ "0.000009753", "27720000", "1" ], [ "0.000009749", "59180000", "1" ], [ "0.000009748", "59180000", "1" ], [ "0.000009744", "35250000", "1" ], [ "0.000009740", "59180000", "1" ], [ "0.000009739", "59180000", "1" ], [ "0.000009738", "56570000", "1" ], [ "0.000009737", "9000000000", "1" ], [ "0.000009734", "19120000", "1" ], [ "0.000009730", "118360000", "2" ], [ "0.000009723", "39280000", "1" ], [ "0.000009721", "118360000", "2" ], [ "0.000009712", "118360000", "2" ], [ "0.000009703", "50670000", "2" ], [ "0.000009701", "118360000", "2" ], [ "0.000009697", "9000000000", "1" ], [ "0.000009692", "118360000", "2" ], [ "0.000009673", "269820000", "1" ], [ "0.000009672", "90370000", "2" ], [ "0.000009641", "90370000", "1" ], [ "0.000009588", "1270000", "1" ], [ "0.000009580", "3000000", "1" ], [ "0.000009311", "1620000", "1" ], [ "0.000007929", "1880000", "1" ], [ "0.000007848", "12380000", "1" ], [ "0.000007714", "59920000", "1" ] ],
      "asks" : [ [ "0.000009834", "84540000", "1" ], [ "0.000009835", "23120000", "2" ], [ "0.000009836", "98640000", "1" ], [ "0.000009837", "549530000", "1" ], [ "0.000009838", "50840000", "1" ], [ "0.000009841", "98640000", "1" ], [ "0.000009842", "254190000", "1" ], [ "0.000009843", "220180000", "3" ], [ "0.000009848", "98640000", "1" ], [ "0.000009851", "1522690000", "1" ], [ "0.000009852", "667850000", "3" ], [ "0.000009864", "610050000", "1" ], [ "0.000009870", "118360000", "2" ], [ "0.000009888", "118360000", "2" ], [ "0.000009894", "13830000", "1" ], [ "0.000009905", "1240000", "1" ], [ "0.000009906", "118360000", "2" ], [ "0.000009912", "46950000", "1" ], [ "0.000009919", "329400000", "2" ], [ "0.000009920", "19230000", "1" ], [ "0.000009923", "129900000", "2" ], [ "0.000009924", "118360000", "2" ], [ "0.000009925", "9000000000", "1" ], [ "0.000009933", "48590000", "1" ], [ "0.000009942", "118360000", "2" ], [ "0.000009951", "50180000", "1" ], [ "0.000009954", "48590000", "1" ], [ "0.000009960", "118360000", "2" ], [ "0.000009978", "118360000", "2" ], [ "0.000009982", "85790000", "1" ], [ "0.000009996", "118360000", "2" ], [ "0.000010013", "121110000", "1" ], [ "0.000010035", "3778850000", "1" ], [ "0.000010064", "1220000", "1" ], [ "0.000010134", "2370000", "1" ], [ "0.000010135", "23160000", "1" ], [ "0.000010224", "1210000", "1" ], [ "0.000010322", "22740000", "1" ], [ "0.000010383", "1190000", "1" ], [ "0.000010508", "1720000", "1" ], [ "0.000010509", "22740000", "1" ], [ "0.000010542", "1190000", "1" ], [ "0.000010696", "22740000", "1" ], [ "0.000010700", "1190000", "1" ], [ "0.000010859", "1190000", "1" ], [ "0.000010883", "22740000", "1" ], [ "0.000010900", "1538440000", "1" ], [ "0.000011000", "188000000", "1" ], [ "0.000011019", "1190000", "1" ], [ "0.000011070", "22740000", "1" ] ],
      "t" : 1756462083261
    } ],
    "instrument_name" : "PEPE_USDT"
  }
}