{
  "id" : -1,
  "method" : "public/get-book",
  "code" : 0,
  "result" : {
    "depth" : 50,
    "data" : [ {
      "bids" : [ [ "0.000009828", "100000", "1" ], [ "0.000009827", "100000", "1" ], [ "0.000009826", "20300000", "1" ], [ "0.000009824", "80400000", "2" ], [ "0.000009823", "148100000", "2" ], [ "0.000009822", "208600000", "2" ], [ "0.000009821", "871400000", "3" ], [ "0.000009820", "2582300000", "4" ], [ "0.000009818", "156400000", "2" ], [ "0.000009817", "533600000", "2" ], [ "0.000009815", "29600000", "1" ], [ "0.000009814", "103600000", "2" ], [ "0.000009812", "34600000", "2" ], [ "0.000009811", "98600000", "1" ], [ "0.000009810", "17000000", "2" ], [ "0.000009809", "31100000", "1" ], [ "0.000009808", "103600000", "2" ], [ "0.000009807", "138600000", "1" ], [ "0.000009806", "6346400000", "1" ], [ "0.000009805", "68600000", "1" ], [ "0.000009800", "12000000", "1" ], [ "0.000009795", "69300000", "2" ], [ "0.000009790", "12000000", "1" ], [ "0.000009786", "12700000", "1" ], [ "0.000009782", "6350100000", "1" ], [ "0.000009780", "77400000", "2" ], [ "0.000009779", "12700000", "1" ], [ "0.000009775", "4367600000", "1" ], [ "0.000009772", "12700000", "1" ], [ "0.000009770", "11000000", "1" ], [ "0.000009765", "104300000", "3" ], [ "0.000009764", "6347400000", "1" ], [ "0.000009760", "12000000", "1" ], [ "0.000009750", "81300000", "3" ], [ "0.000009740", "12000000", "1" ], [ "0.000009735", "93000000", "3" ], [ "0.000009730", "12000000", "1" ], [ "0.000009727", "6348200000", "1" ], [ "0.000009720", "27400000", "2" ], [ "0.000009710", "27400000", "2" ], [ "0.000009700", "27400000", "2" ], [ "0.000009698", "98000000", "1" ], [ "0.000009690", "27400000", "2" ], [ "0.000009688", "4516800000", "2" ], [ "0.000009680", "27400000", "2" ], [ "0.000009670", "27500000", "2" ], [ "0.000009660", "4363000000", "4" ], [ "0.000009640", "12000000", "1" ], [ "0.000009632", "301400000", "3" ], [ "0.000009630", "12000000", "1" ] ],
      "asks" : [ [ "0.000009829", "100000", "1" ], [ "0.000009830", "20700000", "1" ], [ "0.000009831", "100000", "1" ], [ "0.000009833", "120300000", "3" ], [ "0.000009834", "244000000", "2" ], [ "0.000009835", "696100000", "1" ], [ "0.000009836", "2349800000", "2" ], [ "0.000009837", "98600000", "1" ], [ "0.000009839", "33200000", "1" ], [ "0.000009840", "110600000", "2" ], [ "0.000009843", "35700000", "1" ], [ "0.000009844", "2003700000", "2" ], [ "0.000009845", "6502800000", "2" ], [ "0.000009846", "29600000", "1" ], [ "0.000009847", "229700000", "2" ], [ "0.000009848", "437100000", "1" ], [ "0.000009849", "20300000", "1" ], [ "0.000009850", "12000000", "1" ], [ "0.000009854", "103600000", "2" ], [ "0.000009856", "5000000", "1" ], [ "0.000009858", "5000000", "1" ], [ "0.000009860", "115600000", "3" ], [ "0.000009861", "6350800000", "1" ], [ "0.000009870", "12000000", "1" ], [ "0.000009871", "68600000", "1" ], [ "0.000009875", "4359100000", "1" ], [ "0.000009880", "12000000", "1" ], [ "0.000009884", "12600000", "1" ], [ "0.000009885", "55000000", "1" ], [ "0.000009890", "12000000", "1" ], [ "0.000009891", "6362100000", "2" ], [ "0.000009898", "110600000", "2" ], [ "0.000009900", "93300000", "2" ], [ "0.000009905", "12600000", "1" ], [ "0.000009910", "12000000", "1" ], [ "0.000009912", "112400000", "1" ], [ "0.000009915", "94000000", "2" ], [ "0.000009920", "12000000", "1" ], [ "0.000009925", "6345900000", "1" ], [ "0.000009930", "97900000", "2" ], [ "0.000009940", "235200000", "3" ], [ "0.000009945", "101600000", "1" ], [ "0.000009950", "26000000", "2" ], [ "0.000009955", "4324500000", "1" ], [ "0.000009960", "27000000", "2" ], [ "0.000009968", "286600000", "1" ], [ "0.000009970", "27000000", "2" ], [ "0.000009980", "27000000", "2" ], [ "0.000009990", "27000000", "2" ], [ "0.000009996", "388200000", "1" ] ],
      "t" : 1756462087014
    } ],
    "instrument_name" : "PEPEUSD-PERP"
  }
}