{
  "id" : -1,
  "method" : "public/get-book",
  "code" : 0,
  "result" : {
    "depth" : 50,
    "data" : [ {
      "bids" : [ [ "0.000008408", "50840000", "1" ], [ "0.000008373", "1980000", "1" ], [ "0.000008360", "1610000", "1" ], [ "0.000008351", "27720000", "1" ], [ "0.000008344", "7370000", "1" ], [ "0.000008341", "1610000", "1" ], [ "0.000008322", "2100000", "1" ], [ "0.000008316", "22950000", "2" ], [ "0.000008288", "38580000", "2" ], [ "0.000008260", "38580000", "1" ], [ "0.000008232", "55340000", "1" ], [ "0.000008205", "6580000", "1" ], [ "0.000008204", "69680000", "2" ], [ "0.000008117", "75250000", "1" ], [ "0.000008116", "300000", "1" ], [ "0.000007336", "177600000", "2" ], [ "0.000007335", "103920000", "1" ], [ "0.000007142", "129840000", "1" ], [ "0.000006722", "34730000", "3" ], [ "0.000006650", "201900000", "2" ], [ "0.000006475", "213500000", "3" ], [ "0.000006300", "364890000", "3" ], [ "0.000006125", "15920000", "1" ], [ "0.000005950", "44050000", "2" ] ],
      "asks" : [ [ "0.000008435", "50830000", "1" ], [ "0.000008437", "203350000", "1" ], [ "0.000008484", "1980000", "1" ], [ "0.000008493", "1780000", "1" ], [ "0.000008506", "27720000", "1" ], [ "0.000008512", "11070000", "2" ], [ "0.000008531", "2290000", "1" ], [ "0.000008540", "22950000", "1" ], [ "0.000008568", "36510000", "1" ], [ "0.000008596", "68560000", "1" ], [ "0.000008624", "83550000", "2" ], [ "0.000008652", "83550000", "1" ], [ "0.000010100", "71200000", "1" ], [ "0.000010101", "21170000", "2" ], [ "0.000010149", "116640000", "1" ], [ "0.000010150", "48140000", "1" ], [ "0.000010325", "139930000", "2" ], [ "0.000010500", "221500000", "1" ], [ "0.000011253", "100000", "1" ], [ "0.000011386", "58750000", "1" ], [ "0.000011579", "116480000", "1" ], [ "0.000012000", "6950000", "1" ], [ "0.000012500", "42600000", "1" ], [ "0.000012801", "200000", "1" ], [ "0.000013600", "210240000", "1" ], [ "0.000014000", "32020000", "1" ], [ "0.000019774", "17250000", "1" ], [ "0.000019775", "21000000", "1" ], [ "0.000022704", "17900000", "1" ] ],
      "t" : 1756462074016
    } ],
    "instrument_name" : "PEPE_EUR"
  }
}