{
  "id" : -1,
  "method" : "public/get-book",
  "code" : 0,
  "result" : {
    "depth" : 50,
    "data" : [ {
      "bids" : [ [ "0.26499", "566.0", "1" ], [ "0.26498", "2855.7", "1" ], [ "0.26494", "2526.4", "1" ], [ "0.26490", "138.7", "1" ], [ "0.26488", "1663.9", "1" ], [ "0.26483", "1099.0", "1" ], [ "0.26474", "2372.5", "1" ], [ "0.26462", "3235.0", "1" ], [ "0.26448", "2650.9", "1" ], [ "0.26444", "376.2", "1" ], [ "0.26443", "2372.5", "1" ], [ "0.26412", "2372.5", "1" ], [ "0.26400", "8741.1", "2" ], [ "0.26353", "376.2", "1" ], [ "0.26352", "8741.1", "2" ], [ "0.26304", "19302.4", "2" ], [ "0.26257", "376.2", "1" ], [ "0.26256", "25138.4", "2" ], [ "0.25001", "78.4", "1" ], [ "0.25000", "60.0", "1" ], [ "0.21194", "449.9", "1" ], [ "0.21090", "2406.3", "1" ], [ "0.20535", "6705.9", "1" ], [ "0.19980", "11402.9", "1" ], [ "0.19425", "29468.8", "1" ], [ "0.18870", "78690.3", "1" ] ],
      "asks" : [ [ "0.26627", "376.2", "1" ], [ "0.26652", "2526.4", "1" ], [ "0.26660", "2782.7", "1" ], [ "0.26684", "3235.0", "1" ], [ "0.26687", "1934.0", "1" ], [ "0.26688", "2398.7", "1" ], [ "0.26691", "2782.7", "1" ], [ "0.26722", "2782.7", "1" ], [ "0.26735", "376.2", "1" ], [ "0.26736", "8738.8", "2" ], [ "0.26783", "221.7", "1" ], [ "0.26784", "19027.8", "3" ], [ "0.26832", "24268.4", "1" ], [ "0.26868", "376.2", "1" ], [ "0.26880", "24268.4", "1" ], [ "0.31807", "449.9", "1" ], [ "0.32190", "1721.0", "1" ], [ "0.32745", "4152.1", "2" ], [ "0.33300", "7236.0", "3" ], [ "0.33855", "15702.9", "4" ], [ "0.34410", "43730.1", "5" ], [ "0.49300", "407.3", "1" ], [ "0.53000", "18.9", "1" ], [ "0.68960", "148.1", "1" ], [ "0.85000", "804.3", "1" ], [ "1.37118", "0.7", "1" ], [ "1.75655", "0.5", "1" ], [ "2.00000", "125.0", "1" ], [ "2.10000", "27.2", "2" ], [ "3.20000", "34.9", "1" ], [ "3.50000", "49.0", "1" ] ],
      "t" : 1756462090141
    } ],
    "instrument_name" : "PERP_USD"
  }
}