{
  "id" : -1,
  "method" : "public/get-book",
  "code" : 0,
  "result" : {
    "depth" : 50,
    "data" : [ {
      "bids" : [ [ "0.03465", "35", "1" ], [ "0.03464", "24772", "1" ], [ "0.03450", "17445", "1" ], [ "0.03435", "44753", "1" ], [ "0.03420", "77462", "1" ], [ "0.03405", "113773", "2" ], [ "0.03404", "19354", "1" ], [ "0.03401", "10386", "1" ], [ "0.03400", "59", "1" ], [ "0.03390", "155513", "2" ], [ "0.03375", "184484", "2" ], [ "0.03360", "22318", "1" ], [ "0.03000", "500", "1" ], [ "0.02793", "3423", "1" ], [ "0.02774", "15934", "1" ], [ "0.02701", "54545", "2" ], [ "0.02628", "54545", "2" ], [ "0.02555", "23990", "1" ], [ "0.02482", "63274", "2" ] ],
      "asks" : [ [ "0.03521", "1462", "1" ], [ "0.03530", "1462", "1" ], [ "0.03535", "243", "1" ], [ "0.03536", "24772", "1" ], [ "0.03539", "2001", "1" ], [ "0.03540", "14127", "1" ], [ "0.03555", "40764", "1" ], [ "0.03570", "70160", "1" ], [ "0.03584", "30504", "2" ], [ "0.03585", "146245", "2" ], [ "0.03599", "7283", "1" ], [ "0.03600", "181790", "2" ], [ "0.03615", "179410", "2" ], [ "0.03945", "632", "1" ], [ "0.04000", "998", "1" ], [ "0.04100", "997", "1" ], [ "0.04210", "998", "1" ], [ "0.04217", "3423", "1" ], [ "0.04234", "11251", "1" ], [ "0.04263", "516", "1" ], [ "0.04307", "31971", "2" ], [ "0.04380", "54533", "2" ], [ "0.04453", "11251", "1" ], [ "0.04475", "997", "1" ], [ "0.04500", "995", "1" ], [ "0.04526", "35230", "1" ], [ "0.04669", "1007", "1" ], [ "0.04900", "997", "1" ], [ "0.04975", "998", "1" ], [ "0.05000", "1994", "1" ], [ "0.05021", "998", "1" ], [ "0.05050", "998", "1" ], [ "0.05400", "19", "1" ], [ "0.05900", "17", "1" ], [ "0.06500", "738", "2" ], [ "0.07000", "400", "1" ], [ "0.07200", "14", "1" ], [ "0.07420", "2725", "1" ], [ "0.07450", "270", "1" ], [ "0.08500", "1821", "1" ], [ "0.09000", "2988", "1" ], [ "0.09800", "3049", "1" ], [ "0.10000", "10474", "2" ], [ "0.11000", "221", "1" ], [ "0.11311", "20", "1" ], [ "0.12000", "6325", "2" ], [ "0.12696", "18", "1" ], [ "0.13200", "761", "1" ], [ "0.13400", "66", "1" ], [ "0.13852", "64", "1" ] ],
      "t" : 1756462091941
    } ],
    "instrument_name" : "PIRATE_USD"
  }
}