{
  "id" : -1,
  "method" : "public/get-book",
  "code" : 0,
  "result" : {
    "depth" : 50,
    "data" : [ {
      "bids" : [ [ "0.03189", "1", "1" ], [ "0.03188", "1", "1" ], [ "0.03183", "6283", "1" ], [ "0.03182", "3954", "1" ], [ "0.03180", "29202", "1" ], [ "0.03178", "3954", "1" ], [ "0.03175", "20588", "1" ], [ "0.03172", "9099", "1" ], [ "0.03168", "10572", "2" ], [ "0.03164", "9277", "2" ], [ "0.03163", "25202", "1" ], [ "0.03162", "23565", "1" ], [ "0.03160", "10225", "2" ], [ "0.03156", "57088", "4" ], [ "0.03150", "64879", "2" ], [ "0.03144", "82544", "3" ], [ "0.03138", "102064", "4" ], [ "0.03121", "1602", "1" ], [ "0.03120", "1602", "1" ], [ "0.03119", "1603", "1" ], [ "0.03118", "1603", "1" ], [ "0.02899", "2385", "1" ], [ "0.02544", "14706", "1" ], [ "0.02516", "7314", "1" ], [ "0.02448", "27742", "2" ], [ "0.02380", "44572", "2" ], [ "0.02312", "64224", "2" ], [ "0.02244", "82854", "2" ], [ "0.02176", "101009", "2" ] ],
      "asks" : [ [ "0.03192", "2", "2" ], [ "0.03198", "6253", "1" ], [ "0.03200", "3954", "1" ], [ "0.03201", "20588", "1" ], [ "0.03204", "34083", "3" ], [ "0.03207", "25202", "1" ], [ "0.03208", "9926", "1" ], [ "0.03209", "3954", "1" ], [ "0.03210", "18000", "1" ], [ "0.03212", "11948", "3" ], [ "0.03215", "3954", "1" ], [ "0.03216", "54256", "4" ], [ "0.03220", "10445", "1" ], [ "0.03221", "3954", "1" ], [ "0.03222", "63392", "2" ], [ "0.03228", "83699", "2" ], [ "0.03234", "105548", "1" ], [ "0.03266", "1530", "1" ], [ "0.03267", "1530", "1" ], [ "0.03268", "1529", "1" ], [ "0.03269", "1529", "1" ], [ "0.03513", "2385", "1" ], [ "0.03819", "14706", "1" ], [ "0.03876", "7857", "1" ], [ "0.03944", "27054", "2" ], [ "0.04012", "44239", "3" ], [ "0.04080", "63677", "4" ], [ "0.04148", "80389", "4" ], [ "0.04216", "98278", "1" ], [ "0.08000", "800", "1" ] ],
      "t" : 1756462102877
    } ],
    "instrument_name" : "PIXELUSD-PERP"
  }
}