{
  "id" : -1,
  "method" : "public/get-book",
  "code" : 0,
  "result" : {
    "depth" : 50,
    "data" : [ {
      "bids" : [ [ "0.03191", "394", "1" ], [ "0.03189", "5531", "1" ], [ "0.03188", "21060", "1" ], [ "0.03186", "24013", "2" ], [ "0.03183", "20060", "1" ], [ "0.03182", "30918", "2" ], [ "0.03180", "26527", "2" ], [ "0.03178", "3953", "1" ], [ "0.03174", "19130", "3" ], [ "0.03173", "4399", "1" ], [ "0.03169", "3953", "1" ], [ "0.03168", "15177", "2" ], [ "0.03165", "3953", "1" ], [ "0.03162", "33674", "3" ], [ "0.03158", "3953", "1" ], [ "0.03157", "10642", "1" ], [ "0.03156", "33674", "3" ], [ "0.03155", "4327", "1" ], [ "0.03151", "3953", "1" ], [ "0.03144", "4440", "1" ], [ "0.03130", "4320", "1" ], [ "0.03117", "75", "1" ], [ "0.03000", "500", "1" ], [ "0.02545", "3781", "1" ], [ "0.02479", "20052", "2" ], [ "0.02412", "58417", "2" ], [ "0.02345", "101465", "2" ], [ "0.02310", "10822", "1" ], [ "0.02278", "1420", "1" ], [ "0.02211", "4507", "1" ] ],
      "asks" : [ [ "0.03196", "393", "1" ], [ "0.03201", "3870", "1" ], [ "0.03202", "21060", "1" ], [ "0.03203", "3953", "1" ], [ "0.03204", "26755", "1" ], [ "0.03206", "26965", "1" ], [ "0.03207", "30708", "2" ], [ "0.03208", "4275", "1" ], [ "0.03210", "31092", "2" ], [ "0.03214", "3953", "1" ], [ "0.03216", "14784", "1" ], [ "0.03221", "3953", "1" ], [ "0.03222", "28621", "2" ], [ "0.03227", "3953", "1" ], [ "0.03228", "43016", "1" ], [ "0.03234", "43016", "1" ], [ "0.03239", "4416", "1" ], [ "0.03252", "4451", "1" ], [ "0.03422", "70", "1" ], [ "0.03574", "68", "1" ], [ "0.03726", "65", "1" ], [ "0.03820", "3781", "1" ], [ "0.03878", "63", "1" ], [ "0.03886", "11874", "2" ], [ "0.03922", "31", "1" ], [ "0.03953", "39023", "3" ], [ "0.04020", "60692", "2" ], [ "0.04030", "60", "1" ], [ "0.04087", "871", "1" ], [ "0.04154", "769", "1" ], [ "0.04182", "57", "1" ], [ "0.04333", "56", "1" ], [ "0.04485", "54", "1" ], [ "0.04637", "52", "1" ], [ "0.04789", "49", "1" ], [ "0.04941", "49", "1" ], [ "0.05093", "47", "1" ], [ "0.05160", "5825", "1" ], [ "0.05245", "46", "1" ], [ "0.05398", "44", "1" ], [ "0.05550", "43", "1" ], [ "0.05716", "42", "1" ], [ "0.06000", "859", "1" ], [ "0.06400", "785", "1" ], [ "0.07700", "260", "1" ], [ "0.09300", "347", "1" ], [ "0.10050", "6000", "1" ], [ "0.18000", "1201", "1" ], [ "0.28000", "1876", "1" ], [ "0.28900", "554", "1" ] ],
      "t" : 1756462084304
    } ],
    "instrument_name" : "PIXEL_USD"
  }
}