{
  "id" : -1,
  "method" : "public/get-book",
  "code" : 0,
  "result" : {
    "depth" : 50,
    "data" : [ {
      "bids" : [ [ "0.07999", "10", "1" ], [ "0.07986", "1120", "1" ], [ "0.07978", "620", "1" ], [ "0.07976", "620", "1" ], [ "0.07974", "500", "1" ], [ "0.07972", "500", "1" ], [ "0.07961", "120", "1" ], [ "0.07954", "10180", "1" ], [ "0.07950", "30320", "3" ], [ "0.07948", "1570", "1" ], [ "0.07946", "1570", "1" ], [ "0.07944", "1570", "1" ], [ "0.07932", "1890", "1" ], [ "0.07928", "1890", "1" ], [ "0.07924", "1890", "1" ], [ "0.07920", "1890", "1" ], [ "0.07916", "1890", "1" ], [ "0.07913", "2120", "1" ], [ "0.07912", "1890", "1" ], [ "0.07908", "2120", "1" ], [ "0.07905", "1270", "1" ], [ "0.07888", "1800", "2" ], [ "0.07887", "4110", "1" ], [ "0.07871", "2040", "3" ], [ "0.07854", "10990", "5" ], [ "0.07837", "2140", "3" ], [ "0.07821", "12120", "2" ], [ "0.07788", "17210", "3" ], [ "0.07755", "20420", "1" ], [ "0.06380", "2120", "1" ], [ "0.06346", "4020", "1" ], [ "0.06179", "11370", "2" ], [ "0.06012", "20440", "2" ], [ "0.05845", "27420", "2" ], [ "0.05678", "36450", "2" ], [ "0.05511", "43160", "2" ] ],
      "asks" : [ [ "0.08000", "10", "1" ], [ "0.08008", "620", "1" ], [ "0.08010", "620", "1" ], [ "0.08012", "620", "1" ], [ "0.08014", "620", "1" ], [ "0.08034", "1550", "1" ], [ "0.08036", "1550", "1" ], [ "0.08037", "14660", "1" ], [ "0.08038", "1550", "1" ], [ "0.08039", "12670", "1" ], [ "0.08040", "1550", "1" ], [ "0.08047", "10180", "1" ], [ "0.08052", "1860", "1" ], [ "0.08056", "1860", "1" ], [ "0.08060", "1860", "1" ], [ "0.08064", "1860", "1" ], [ "0.08068", "1850", "1" ], [ "0.08072", "1850", "1" ], [ "0.08095", "2120", "1" ], [ "0.08118", "5070", "1" ], [ "0.08130", "2120", "1" ], [ "0.08143", "1780", "1" ], [ "0.08151", "8710", "1" ], [ "0.08160", "1670", "1" ], [ "0.08177", "1810", "1" ], [ "0.08184", "12210", "1" ], [ "0.08194", "2210", "1" ], [ "0.08211", "1970", "1" ], [ "0.08217", "17670", "1" ], [ "0.08243", "120", "1" ], [ "0.08250", "21020", "2" ], [ "0.09575", "2120", "1" ], [ "0.09686", "3610", "1" ], [ "0.09853", "11840", "2" ], [ "0.10020", "20140", "3" ], [ "0.10187", "27370", "4" ], [ "0.10354", "36370", "4" ], [ "0.10521", "44480", "1" ] ],
      "t" : 1756462110016
    } ],
    "instrument_name" : "PLUMEUSD-PERP"
  }
}