{
  "id" : -1,
  "method" : "public/get-book",
  "code" : 0,
  "result" : {
    "depth" : 50,
    "data" : [ {
      "bids" : [ [ "0.07962", "184", "1" ], [ "0.07961", "8404", "1" ], [ "0.07956", "43345", "2" ], [ "0.07950", "10782", "1" ], [ "0.07947", "10504", "1" ], [ "0.07943", "3867", "1" ], [ "0.07938", "8876", "1" ], [ "0.07930", "12393", "2" ], [ "0.07917", "12393", "2" ], [ "0.07904", "28689", "3" ], [ "0.07891", "28689", "1" ], [ "0.07878", "44673", "1" ], [ "0.07600", "1315", "1" ], [ "0.07500", "14333", "2" ], [ "0.07000", "200", "1" ], [ "0.06381", "1459", "1" ], [ "0.06346", "7563", "1" ], [ "0.06179", "21127", "2" ], [ "0.06012", "36803", "2" ], [ "0.05845", "36803", "1" ], [ "0.05678", "177161", "2" ], [ "0.04500", "222", "1" ] ],
      "asks" : [ [ "0.08236", "1057", "1" ], [ "0.08239", "36000", "1" ], [ "0.08472", "8404", "1" ], [ "0.08478", "9692", "1" ], [ "0.08487", "9327", "1" ], [ "0.08496", "11356", "1" ], [ "0.08643", "10782", "1" ], [ "0.08645", "4564", "1" ], [ "0.08658", "12560", "2" ], [ "0.08671", "12560", "1" ], [ "0.08684", "19239", "1" ], [ "0.08697", "27765", "1" ], [ "0.08710", "36706", "1" ], [ "0.09577", "1459", "1" ], [ "0.09686", "4931", "1" ], [ "0.09853", "14078", "2" ], [ "0.10000", "4915", "1" ], [ "0.10020", "24078", "3" ], [ "0.10187", "24078", "3" ], [ "0.10328", "213", "1" ], [ "0.10354", "101899", "1" ], [ "0.11900", "5269", "1" ], [ "0.13000", "790", "1" ], [ "0.15000", "17142", "2" ], [ "0.16000", "255", "2" ], [ "0.17800", "114", "1" ], [ "0.18000", "313", "1" ], [ "0.19800", "1000", "1" ], [ "0.21000", "222", "1" ], [ "0.22000", "188", "1" ], [ "0.27000", "125", "1" ], [ "0.38000", "1110", "1" ], [ "0.40000", "805", "1" ], [ "1.00000", "32", "1" ] ],
      "t" : 1756462105728
    } ],
    "instrument_name" : "PLUME_USD"
  }
}