{
  "id" : -1,
  "method" : "public/get-book",
  "code" : 0,
  "result" : {
    "depth" : 50,
    "data" : [ {
      "bids" : [ [ "0.21014", "6", "1" ], [ "0.20988", "6613", "1" ], [ "0.20987", "11400", "2" ], [ "0.20983", "926", "1" ], [ "0.20982", "4765", "1" ], [ "0.20971", "4777", "1" ], [ "0.20970", "3289", "1" ], [ "0.20960", "4215", "2" ], [ "0.20949", "5357", "1" ], [ "0.20940", "8728", "3" ], [ "0.20935", "926", "1" ], [ "0.20933", "11900", "1" ], [ "0.20920", "5626", "2" ], [ "0.20914", "926", "1" ], [ "0.20910", "9862", "2" ], [ "0.20885", "926", "1" ], [ "0.20880", "9862", "2" ], [ "0.20862", "926", "1" ], [ "0.20850", "21420", "3" ], [ "0.20836", "926", "1" ], [ "0.20636", "47469", "1" ], [ "0.20567", "7032", "2" ], [ "0.20566", "4066", "1" ], [ "0.20546", "6461", "1" ], [ "0.20008", "668", "1" ], [ "0.20007", "77", "1" ], [ "0.20006", "51", "1" ], [ "0.20000", "54", "1" ], [ "0.16744", "588", "1" ], [ "0.16731", "2650", "1" ], [ "0.16302", "8983", "2" ], [ "0.15873", "8983", "1" ], [ "0.15444", "14898", "1" ], [ "0.15015", "53346", "2" ] ],
      "asks" : [ [ "0.21015", "6", "1" ], [ "0.21039", "2684", "2" ], [ "0.21040", "1200", "1" ], [ "0.21046", "10200", "1" ], [ "0.21060", "3289", "1" ], [ "0.21061", "926", "1" ], [ "0.21064", "4747", "1" ], [ "0.21080", "6959", "1" ], [ "0.21081", "5357", "1" ], [ "0.21083", "926", "1" ], [ "0.21090", "14731", "2" ], [ "0.21100", "6959", "1" ], [ "0.21120", "16454", "2" ], [ "0.21125", "926", "1" ], [ "0.21150", "21572", "1" ], [ "0.21167", "926", "1" ], [ "0.21180", "21572", "1" ], [ "0.21210", "926", "1" ], [ "0.21394", "47469", "1" ], [ "0.25128", "588", "1" ], [ "0.25311", "2021", "1" ], [ "0.25740", "5610", "2" ], [ "0.26169", "9818", "3" ], [ "0.26598", "9542", "3" ], [ "0.27027", "29698", "1" ], [ "0.60000", "22", "1" ], [ "1.00000", "149", "1" ], [ "2.50000", "394", "1" ], [ "11.59755", "9", "1" ], [ "12.59755", "9", "1" ] ],
      "t" : 1756462118305
    } ],
    "instrument_name" : "PNUT_USDT"
  }
}