{
  "id" : -1,
  "method" : "public/get-book",
  "code" : 0,
  "result" : {
    "depth" : 50,
    "data" : [ {
      "bids" : [ [ "0.21018", "6", "1" ], [ "0.20997", "540", "1" ], [ "0.20996", "974", "1" ], [ "0.20994", "1200", "1" ], [ "0.20982", "8611", "1" ], [ "0.20981", "7164", "2" ], [ "0.20974", "6374", "2" ], [ "0.20953", "974", "1" ], [ "0.20949", "5357", "1" ], [ "0.20927", "974", "1" ], [ "0.20926", "6800", "1" ], [ "0.20922", "1545", "1" ], [ "0.20906", "974", "1" ], [ "0.20889", "3997", "2" ], [ "0.20883", "974", "1" ], [ "0.20863", "6761", "1" ], [ "0.20862", "7756", "2" ], [ "0.20856", "6748", "3" ], [ "0.20834", "974", "1" ], [ "0.20823", "6748", "3" ], [ "0.20801", "3289", "1" ], [ "0.20790", "12904", "3" ], [ "0.20758", "5880", "1" ], [ "0.20757", "12904", "2" ], [ "0.20652", "706", "1" ], [ "0.20651", "5880", "1" ], [ "0.20639", "47469", "1" ], [ "0.20544", "5760", "1" ], [ "0.20438", "60", "1" ], [ "0.20130", "61", "1" ], [ "0.20129", "122", "2" ], [ "0.19908", "245", "4" ], [ "0.19907", "1299", "1" ], [ "0.16745", "588", "1" ], [ "0.16731", "2861", "1" ], [ "0.16302", "8875", "2" ], [ "0.15873", "14899", "2" ], [ "0.15444", "16730", "1" ], [ "0.15015", "53188", "2" ], [ "0.14199", "100", "1" ], [ "0.13988", "110", "1" ], [ "0.12664", "100", "1" ], [ "0.12490", "150", "1" ] ],
      "asks" : [ [ "0.21019", "6", "1" ], [ "0.21040", "2982", "1" ], [ "0.21041", "1200", "1" ], [ "0.21046", "2410", "1" ], [ "0.21054", "4749", "1" ], [ "0.21058", "974", "1" ], [ "0.21071", "5400", "1" ], [ "0.21085", "974", "1" ], [ "0.21088", "5357", "1" ], [ "0.21111", "6800", "1" ], [ "0.21120", "1382", "1" ], [ "0.21127", "974", "1" ], [ "0.21151", "974", "1" ], [ "0.21152", "7521", "1" ], [ "0.21153", "4029", "1" ], [ "0.21183", "2155", "1" ], [ "0.21184", "974", "1" ], [ "0.21186", "9559", "1" ], [ "0.21219", "9559", "1" ], [ "0.21235", "3289", "1" ], [ "0.21252", "15353", "1" ], [ "0.21285", "15353", "1" ], [ "0.21293", "6731", "1" ], [ "0.21397", "47469", "1" ], [ "0.21399", "59", "1" ], [ "0.21400", "7802", "1" ], [ "0.21507", "7802", "1" ], [ "0.21963", "59", "1" ], [ "0.22603", "69", "1" ], [ "0.22604", "59", "1" ], [ "0.23398", "424", "1" ], [ "0.23399", "42", "1" ], [ "0.23990", "25", "1" ], [ "0.24000", "1330", "1" ], [ "0.25134", "588", "1" ], [ "0.25205", "1021", "1" ], [ "0.25311", "1884", "1" ], [ "0.25363", "39", "1" ], [ "0.25740", "6096", "2" ], [ "0.26120", "120", "1" ], [ "0.26169", "6096", "2" ], [ "0.26598", "6096", "2" ], [ "0.26780", "1056", "1" ], [ "0.27027", "29221", "1" ], [ "0.27327", "36", "1" ], [ "0.27513", "1547", "1" ], [ "0.29000", "3697", "2" ], [ "0.29291", "33", "1" ], [ "0.29500", "1202", "1" ], [ "0.30000", "1942", "2" ] ],
      "t" : 1756462114519
    } ],
    "instrument_name" : "PNUT_USD"
  }
}