{
  "id" : -1,
  "method" : "public/get-book",
  "code" : 0,
  "result" : {
    "depth" : 50,
    "data" : [ {
      "bids" : [ [ "0.21019", "10", "1" ], [ "0.21008", "10", "1" ], [ "0.21007", "500", "1" ], [ "0.21006", "1130", "1" ], [ "0.21004", "500", "1" ], [ "0.21003", "1630", "2" ], [ "0.20998", "2380", "1" ], [ "0.20995", "1150", "1" ], [ "0.20993", "10390", "2" ], [ "0.20992", "3950", "3" ], [ "0.20991", "79900", "1" ], [ "0.20989", "1130", "1" ], [ "0.20984", "230", "1" ], [ "0.20982", "1140", "1" ], [ "0.20980", "230", "1" ], [ "0.20979", "1130", "1" ], [ "0.20976", "230", "1" ], [ "0.20975", "1110", "1" ], [ "0.20972", "1380", "2" ], [ "0.20969", "8280", "2" ], [ "0.20966", "2070", "2" ], [ "0.20948", "1130", "1" ], [ "0.20944", "930", "1" ], [ "0.20942", "1130", "1" ], [ "0.20938", "119900", "1" ], [ "0.20924", "1130", "1" ], [ "0.20922", "930", "1" ], [ "0.20921", "1130", "1" ], [ "0.20916", "590", "1" ], [ "0.20912", "1140", "1" ], [ "0.20910", "590", "1" ], [ "0.20909", "1130", "1" ], [ "0.20904", "590", "1" ], [ "0.20902", "1100", "1" ], [ "0.20900", "930", "1" ], [ "0.20898", "590", "1" ], [ "0.20880", "1140", "1" ], [ "0.20879", "930", "1" ], [ "0.20874", "1130", "1" ], [ "0.20871", "6700", "1" ], [ "0.20868", "1130", "1" ], [ "0.20867", "710", "1" ], [ "0.20860", "1130", "1" ], [ "0.20858", "930", "1" ], [ "0.20857", "1100", "1" ], [ "0.20856", "710", "1" ], [ "0.20848", "5660", "2" ], [ "0.20845", "710", "1" ], [ "0.20842", "1100", "1" ], [ "0.20838", "1140", "1" ] ],
      "asks" : [ [ "0.21020", "10", "1" ], [ "0.21024", "10", "1" ], [ "0.21026", "500", "1" ], [ "0.21027", "1130", "1" ], [ "0.21030", "3500", "2" ], [ "0.21032", "3400", "1" ], [ "0.21033", "1130", "1" ], [ "0.21037", "8280", "2" ], [ "0.21041", "1120", "1" ], [ "0.21043", "9470", "2" ], [ "0.21044", "79900", "1" ], [ "0.21052", "230", "1" ], [ "0.21053", "1120", "1" ], [ "0.21056", "1370", "2" ], [ "0.21059", "1120", "1" ], [ "0.21060", "230", "1" ], [ "0.21062", "1100", "1" ], [ "0.21064", "220", "1" ], [ "0.21065", "4270", "2" ], [ "0.21068", "4610", "3" ], [ "0.21071", "1140", "1" ], [ "0.21074", "1140", "1" ], [ "0.21077", "1100", "1" ], [ "0.21080", "1100", "1" ], [ "0.21083", "1120", "1" ], [ "0.21086", "1130", "1" ], [ "0.21089", "1150", "1" ], [ "0.21091", "3290", "1" ], [ "0.21092", "1130", "1" ], [ "0.21094", "119900", "1" ], [ "0.21101", "1110", "1" ], [ "0.21104", "1110", "1" ], [ "0.21110", "1130", "1" ], [ "0.21114", "3620", "1" ], [ "0.21116", "1130", "1" ], [ "0.21119", "1120", "1" ], [ "0.21120", "590", "1" ], [ "0.21122", "1140", "1" ], [ "0.21126", "590", "1" ], [ "0.21128", "1120", "1" ], [ "0.21131", "1110", "1" ], [ "0.21132", "590", "1" ], [ "0.21134", "1140", "1" ], [ "0.21137", "3500", "2" ], [ "0.21138", "590", "1" ], [ "0.21140", "1120", "1" ], [ "0.21143", "1120", "1" ], [ "0.21146", "1140", "1" ], [ "0.21155", "1120", "1" ], [ "0.21160", "4580", "3" ] ],
      "t" : 1756462122216
    } ],
    "instrument_name" : "PNUTUSD-PERP"
  }
}