{
  "id" : -1,
  "method" : "public/get-book",
  "code" : 0,
  "result" : {
    "depth" : 50,
    "data" : [ {
      "bids" : [ [ "0.24593", "10", "1" ], [ "0.24588", "5280", "1" ], [ "0.24585", "10", "1" ], [ "0.24581", "580", "1" ], [ "0.24579", "810", "1" ], [ "0.24578", "580", "1" ], [ "0.24575", "580", "1" ], [ "0.24570", "200", "1" ], [ "0.24569", "580", "1" ], [ "0.24567", "1230", "2" ], [ "0.24566", "4080", "1" ], [ "0.24565", "200", "1" ], [ "0.24563", "580", "1" ], [ "0.24560", "780", "2" ], [ "0.24557", "580", "1" ], [ "0.24555", "200", "1" ], [ "0.24554", "1420", "2" ], [ "0.24553", "2800", "1" ], [ "0.24551", "580", "1" ], [ "0.24545", "1510", "2" ], [ "0.24544", "3100", "1" ], [ "0.24542", "580", "1" ], [ "0.24520", "6400", "1" ], [ "0.24518", "2810", "1" ], [ "0.24517", "3990", "1" ], [ "0.24515", "580", "1" ], [ "0.24493", "510", "1" ], [ "0.24492", "3180", "2" ], [ "0.24491", "580", "1" ], [ "0.24486", "510", "1" ], [ "0.24485", "580", "1" ], [ "0.24480", "4510", "1" ], [ "0.24479", "1090", "2" ], [ "0.24472", "510", "1" ], [ "0.24470", "580", "1" ], [ "0.24466", "3840", "2" ], [ "0.24464", "580", "1" ], [ "0.24444", "610", "1" ], [ "0.24440", "3980", "3" ], [ "0.24435", "8290", "2" ], [ "0.24432", "610", "1" ], [ "0.24420", "610", "1" ], [ "0.24408", "610", "1" ], [ "0.24396", "610", "1" ], [ "0.24390", "11410", "3" ], [ "0.24384", "610", "1" ], [ "0.24345", "16120", "4" ], [ "0.24300", "20080", "1" ], [ "0.24058", "100", "1" ], [ "0.23820", "100", "1" ] ],
      "asks" : [ [ "0.24595", "10", "1" ], [ "0.24618", "10", "1" ], [ "0.24619", "580", "1" ], [ "0.24620", "1590", "1" ], [ "0.24621", "5290", "2" ], [ "0.24622", "580", "1" ], [ "0.24636", "1220", "1" ], [ "0.24637", "4080", "1" ], [ "0.24640", "980", "2" ], [ "0.24644", "490", "1" ], [ "0.24645", "1450", "1" ], [ "0.24646", "580", "1" ], [ "0.24652", "580", "1" ], [ "0.24654", "810", "1" ], [ "0.24655", "580", "1" ], [ "0.24660", "200", "1" ], [ "0.24661", "580", "1" ], [ "0.24665", "6600", "2" ], [ "0.24667", "580", "1" ], [ "0.24670", "780", "2" ], [ "0.24675", "200", "1" ], [ "0.24676", "580", "1" ], [ "0.24679", "1960", "2" ], [ "0.24680", "2800", "1" ], [ "0.24682", "580", "1" ], [ "0.24699", "320", "1" ], [ "0.24700", "2800", "2" ], [ "0.24703", "3990", "1" ], [ "0.24705", "3310", "1" ], [ "0.24706", "580", "1" ], [ "0.24726", "2770", "1" ], [ "0.24727", "580", "1" ], [ "0.24745", "500", "1" ], [ "0.24750", "8760", "2" ], [ "0.24752", "3270", "2" ], [ "0.24759", "500", "1" ], [ "0.24766", "10750", "2" ], [ "0.24778", "3820", "1" ], [ "0.24785", "100", "1" ], [ "0.24795", "11230", "2" ], [ "0.24804", "4980", "2" ], [ "0.24816", "600", "1" ], [ "0.24828", "600", "1" ], [ "0.24840", "17140", "3" ], [ "0.24852", "600", "1" ], [ "0.24864", "600", "1" ], [ "0.24883", "10", "1" ], [ "0.24885", "19650", "2" ], [ "0.24888", "10250", "1" ], [ "0.25010", "10250", "1" ] ],
      "t" : 1756462133600
    } ],
    "instrument_name" : "POLUSD-PERP"
  }
}