{
  "id" : -1,
  "method" : "public/get-book",
  "code" : 0,
  "result" : {
    "depth" : 50,
    "data" : [ {
      "bids" : [ [ "0.13154", "1140", "1" ], [ "0.13152", "117", "1" ], [ "0.13151", "375", "1" ], [ "0.13147", "59500", "1" ], [ "0.13139", "5286", "1" ], [ "0.13134", "5942", "1" ], [ "0.13129", "6776", "1" ], [ "0.13125", "1252", "2" ], [ "0.13113", "4032", "1" ], [ "0.13112", "5942", "1" ], [ "0.13099", "1393", "2" ], [ "0.13090", "5942", "1" ], [ "0.13082", "12301", "2" ], [ "0.13073", "1233", "2" ], [ "0.13053", "267", "1" ], [ "0.13052", "23023", "1" ], [ "0.13051", "12301", "1" ], [ "0.13048", "1582", "1" ], [ "0.13047", "1870", "2" ], [ "0.13046", "39092", "1" ], [ "0.13021", "1332", "2" ], [ "0.13020", "18858", "1" ], [ "0.13013", "238000", "1" ], [ "0.13002", "955", "1" ], [ "0.12995", "239", "1" ], [ "0.12989", "27301", "1" ], [ "0.12969", "530", "1" ], [ "0.12965", "238000", "1" ], [ "0.12958", "34310", "1" ], [ "0.12957", "948", "1" ], [ "0.12943", "401", "1" ], [ "0.12917", "713", "1" ], [ "0.12914", "58077", "1" ], [ "0.12912", "1108", "1" ], [ "0.12891", "368", "1" ], [ "0.12867", "1731", "1" ], [ "0.12865", "470", "1" ], [ "0.12846", "249", "1" ], [ "0.12839", "570", "1" ], [ "0.12813", "553", "1" ], [ "0.12787", "408", "1" ], [ "0.12761", "496", "1" ], [ "0.12736", "235", "1" ], [ "0.12729", "251", "1" ], [ "0.12711", "236", "1" ], [ "0.12686", "365", "1" ], [ "0.12661", "587", "1" ], [ "0.12613", "253", "1" ], [ "0.12498", "256", "1" ], [ "0.12384", "258", "1" ] ],
      "asks" : [ [ "0.13184", "246", "1" ], [ "0.13202", "847", "1" ], [ "0.13203", "930", "1" ], [ "0.13204", "947", "1" ], [ "0.13215", "59500", "1" ], [ "0.13229", "1006", "1" ], [ "0.13230", "227", "1" ], [ "0.13245", "5286", "1" ], [ "0.13255", "969", "1" ], [ "0.13256", "413", "1" ], [ "0.13263", "23023", "1" ], [ "0.13264", "38450", "1" ], [ "0.13265", "6776", "1" ], [ "0.13266", "5392", "1" ], [ "0.13268", "3338", "1" ], [ "0.13282", "1127", "2" ], [ "0.13288", "5392", "1" ], [ "0.13299", "11757", "1" ], [ "0.13305", "244", "1" ], [ "0.13308", "274", "1" ], [ "0.13309", "850", "1" ], [ "0.13310", "5392", "1" ], [ "0.13311", "297501", "1" ], [ "0.13324", "1558", "1" ], [ "0.13330", "26031", "1" ], [ "0.13335", "233", "1" ], [ "0.13336", "1029", "1" ], [ "0.13360", "56138", "1" ], [ "0.13361", "34093", "1" ], [ "0.13362", "250", "1" ], [ "0.13363", "1003", "1" ], [ "0.13371", "1517", "1" ], [ "0.13389", "610", "1" ], [ "0.13390", "858", "1" ], [ "0.13392", "41877", "1" ], [ "0.13402", "297501", "1" ], [ "0.13416", "396", "1" ], [ "0.13417", "876", "1" ], [ "0.13418", "1524", "1" ], [ "0.13423", "41877", "1" ], [ "0.13427", "242", "1" ], [ "0.13443", "483", "1" ], [ "0.13444", "1000", "1" ], [ "0.13465", "1233", "1" ], [ "0.13470", "223", "1" ], [ "0.13471", "836", "1" ], [ "0.13498", "1775", "2" ], [ "0.13512", "1349", "1" ], [ "0.13525", "1217", "2" ], [ "0.13550", "239", "1" ] ],
      "t" : 1756462135989
    } ],
    "instrument_name" : "POLYX_USD"
  }
}