{
  "id" : -1,
  "method" : "public/get-book",
  "code" : 0,
  "result" : {
    "depth" : 50,
    "data" : [ {
      "bids" : [ [ "0.13189", "20", "2" ], [ "0.13180", "1510", "1" ], [ "0.13151", "5160", "1" ], [ "0.13146", "7370", "2" ], [ "0.13143", "380", "1" ], [ "0.13140", "380", "1" ], [ "0.13137", "380", "1" ], [ "0.13107", "14310", "1" ], [ "0.12984", "2320", "1" ], [ "0.12952", "7340", "1" ], [ "0.12930", "7630", "1" ], [ "0.12900", "13550", "2" ], [ "0.12870", "22310", "3" ], [ "0.12840", "29940", "4" ], [ "0.12810", "36880", "5" ], [ "0.10504", "3670", "1" ], [ "0.10298", "3450", "1" ], [ "0.10027", "10960", "1" ], [ "0.09756", "18960", "1" ], [ "0.09485", "25090", "1" ], [ "0.09214", "33740", "1" ], [ "0.08943", "41080", "1" ] ],
      "asks" : [ [ "0.13190", "10", "1" ], [ "0.13200", "10", "1" ], [ "0.13229", "5140", "1" ], [ "0.13230", "6060", "1" ], [ "0.13239", "370", "1" ], [ "0.13242", "370", "1" ], [ "0.13245", "6080", "2" ], [ "0.13248", "370", "1" ], [ "0.13260", "7170", "1" ], [ "0.13268", "7340", "1" ], [ "0.13275", "5690", "1" ], [ "0.13290", "13730", "4" ], [ "0.13320", "15000", "1" ], [ "0.13350", "21490", "1" ], [ "0.13380", "29210", "1" ], [ "0.13410", "36210", "1" ], [ "0.15768", "3670", "1" ], [ "0.15989", "4060", "1" ], [ "0.16260", "10900", "3" ], [ "0.16531", "18750", "3" ], [ "0.16802", "25450", "3" ], [ "0.17073", "33420", "3" ], [ "0.17344", "40480", "1" ] ],
      "t" : 1756462140397
    } ],
    "instrument_name" : "POLYXUSD-PERP"
  }
}