{
  "id" : -1,
  "method" : "public/get-book",
  "code" : 0,
  "result" : {
    "depth" : 50,
    "data" : [ {
      "bids" : [ [ "0.008747", "17140", "1" ], [ "0.008746", "90490", "1" ], [ "0.008731", "75820", "1" ], [ "0.008717", "114950", "1" ], [ "0.008716", "72600", "1" ], [ "0.008715", "63350", "1" ], [ "0.008712", "97050", "1" ], [ "0.008711", "96270", "1" ], [ "0.008694", "63350", "1" ], [ "0.008681", "8990", "1" ], [ "0.008680", "261010", "2" ], [ "0.008673", "73530", "1" ], [ "0.008649", "261010", "1" ], [ "0.008618", "409380", "1" ], [ "0.008587", "605100", "1" ], [ "0.008514", "1350", "1" ], [ "0.008405", "2200", "1" ], [ "0.008404", "2820", "1" ], [ "0.008400", "40000", "1" ], [ "0.008216", "1490", "1" ], [ "0.008100", "1480", "1" ], [ "0.008021", "1480", "1" ], [ "0.008000", "14440", "1" ], [ "0.007008", "13480", "1" ], [ "0.006845", "56990", "1" ], [ "0.006660", "204270", "1" ], [ "0.006475", "338920", "1" ], [ "0.006290", "1475330", "1" ], [ "0.006105", "3815300", "1" ] ],
      "asks" : [ [ "0.008808", "8540", "1" ], [ "0.008809", "7810", "1" ], [ "0.008811", "85400", "1" ], [ "0.008833", "89360", "2" ], [ "0.008834", "75820", "1" ], [ "0.008841", "84000", "1" ], [ "0.008853", "97050", "1" ], [ "0.008862", "92030", "1" ], [ "0.008866", "92160", "1" ], [ "0.008883", "92030", "1" ], [ "0.008897", "233600", "1" ], [ "0.008927", "2530", "1" ], [ "0.008928", "569400", "1" ], [ "0.008959", "735330", "2" ], [ "0.008990", "735330", "1" ], [ "0.009511", "1260", "1" ], [ "0.010527", "13480", "1" ], [ "0.010545", "38530", "1" ], [ "0.010730", "133150", "2" ], [ "0.010915", "133150", "2" ], [ "0.011100", "657050", "3" ], [ "0.011285", "2412680", "3" ], [ "0.012000", "10320", "1" ], [ "0.017049", "940", "1" ], [ "0.018440", "860", "1" ], [ "0.019830", "800", "1" ], [ "0.020000", "62770", "2" ], [ "0.021219", "740", "1" ], [ "0.022610", "690", "1" ], [ "0.024000", "650", "1" ], [ "0.025389", "610", "1" ], [ "0.026780", "580", "1" ], [ "0.028170", "550", "1" ], [ "0.029566", "520", "1" ], [ "0.030000", "10090", "1" ], [ "0.040000", "27580", "2" ], [ "0.044000", "270", "1" ], [ "0.050000", "570", "1" ], [ "0.055000", "820", "1" ], [ "0.060000", "820", "1" ], [ "0.080000", "2510", "1" ], [ "0.089000", "6000", "1" ], [ "0.117600", "1230", "1" ], [ "0.120000", "2500", "1" ] ],
      "t" : 1756462144875
    } ],
    "instrument_name" : "POND_USD"
  }
}