{
  "id" : -1,
  "method" : "public/get-book",
  "code" : 0,
  "result" : {
    "depth" : 50,
    "data" : [ {
      "bids" : [ [ "0.10322", "212", "1" ], [ "0.10321", "1453", "1" ], [ "0.10318", "4360", "2" ], [ "0.10317", "1982", "1" ], [ "0.10316", "6608", "1" ], [ "0.10310", "2540", "1" ], [ "0.10309", "8466", "1" ], [ "0.10306", "3939", "1" ], [ "0.10305", "18713", "2" ], [ "0.10304", "11460", "2" ], [ "0.10302", "4987", "1" ], [ "0.10291", "9717", "1" ], [ "0.10288", "5879", "1" ], [ "0.10285", "14603", "2" ], [ "0.10278", "8004", "1" ], [ "0.10272", "7520", "1" ], [ "0.10268", "14603", "2" ], [ "0.10267", "9739", "1" ], [ "0.10251", "32598", "3" ], [ "0.10245", "2624", "1" ], [ "0.10234", "32598", "2" ], [ "0.10224", "2899", "1" ], [ "0.10217", "42266", "2" ], [ "0.10212", "9459", "1" ], [ "0.10182", "11", "1" ], [ "0.10176", "6027", "2" ], [ "0.10128", "6027", "1" ], [ "0.10101", "17073", "1" ], [ "0.10080", "8905", "1" ], [ "0.08247", "2545", "1" ], [ "0.08246", "1193", "1" ], [ "0.08094", "5618", "1" ], [ "0.07881", "18146", "2" ], [ "0.07668", "18146", "1" ], [ "0.07455", "38215", "1" ], [ "0.07242", "124985", "2" ], [ "0.07000", "2428", "1" ] ],
      "asks" : [ [ "0.10371", "4338", "2" ], [ "0.10373", "6608", "1" ], [ "0.10375", "2891", "1" ], [ "0.10383", "4815", "1" ], [ "0.10384", "8022", "1" ], [ "0.10387", "14285", "1" ], [ "0.10388", "16993", "2" ], [ "0.10397", "8466", "1" ], [ "0.10400", "8022", "1" ], [ "0.10404", "4071", "1" ], [ "0.10416", "17622", "2" ], [ "0.10421", "12888", "1" ], [ "0.10423", "23986", "1" ], [ "0.10437", "8004", "1" ], [ "0.10438", "21930", "1" ], [ "0.10455", "31195", "1" ], [ "0.10466", "2624", "1" ], [ "0.10472", "50589", "1" ], [ "0.10489", "50589", "1" ], [ "0.10512", "2944", "1" ], [ "0.10545", "6725", "1" ], [ "0.10560", "5330", "1" ], [ "0.10608", "11643", "2" ], [ "0.10656", "27179", "2" ], [ "0.10791", "22", "2" ], [ "0.10952", "11", "1" ], [ "0.12382", "1193", "1" ], [ "0.12567", "3654", "1" ], [ "0.12780", "11964", "2" ], [ "0.12790", "172", "1" ], [ "0.12993", "22609", "3" ], [ "0.13206", "22609", "3" ], [ "0.13419", "68252", "1" ], [ "0.20000", "1548", "3" ], [ "0.22200", "199", "1" ], [ "0.23270", "223", "1" ], [ "0.25000", "3082", "1" ], [ "0.26000", "100", "1" ], [ "0.34750", "281", "1" ], [ "0.37000", "1000", "1" ], [ "0.38000", "200", "1" ], [ "0.45000", "1008", "1" ], [ "0.49000", "210", "1" ], [ "0.50000", "1282", "2" ], [ "0.55000", "11960", "1" ], [ "0.59000", "17073", "2" ], [ "0.63000", "645", "1" ], [ "0.65000", "249", "1" ], [ "0.75000", "200", "1" ], [ "0.80000", "2461", "1" ] ],
      "t" : 1756462148882
    } ],
    "instrument_name" : "PONKE_USD"
  }
}