{
  "id" : -1,
  "method" : "public/get-book",
  "code" : 0,
  "result" : {
    "depth" : 50,
    "data" : [ {
      "bids" : [ [ "0.10341", "10", "1" ], [ "0.10339", "10", "1" ], [ "0.10326", "480", "1" ], [ "0.10324", "480", "1" ], [ "0.10322", "480", "1" ], [ "0.10320", "480", "1" ], [ "0.10312", "1420", "1" ], [ "0.10304", "150", "1" ], [ "0.10293", "6090", "1" ], [ "0.10288", "160", "1" ], [ "0.10281", "1210", "1" ], [ "0.10278", "1210", "1" ], [ "0.10277", "4410", "1" ], [ "0.10275", "2630", "2" ], [ "0.10272", "1980", "4" ], [ "0.10260", "1460", "1" ], [ "0.10256", "200", "2" ], [ "0.10255", "1460", "1" ], [ "0.10250", "1460", "1" ], [ "0.10245", "1460", "1" ], [ "0.10240", "3120", "7" ], [ "0.10235", "1460", "1" ], [ "0.10208", "2100", "3" ], [ "0.10176", "2780", "4" ], [ "0.10144", "3460", "4" ], [ "0.08245", "1420", "1" ], [ "0.08208", "790", "1" ], [ "0.07992", "2000", "2" ], [ "0.07776", "3470", "2" ], [ "0.07560", "4890", "2" ], [ "0.07344", "6260", "2" ], [ "0.07128", "7770", "2" ] ],
      "asks" : [ [ "0.10350", "20", "2" ], [ "0.10364", "960", "1" ], [ "0.10368", "480", "1" ], [ "0.10370", "480", "1" ], [ "0.10372", "480", "1" ], [ "0.10374", "480", "1" ], [ "0.10384", "9050", "3" ], [ "0.10390", "1920", "1" ], [ "0.10392", "6070", "1" ], [ "0.10396", "3180", "1" ], [ "0.10400", "200", "1" ], [ "0.10416", "210", "2" ], [ "0.10419", "1190", "1" ], [ "0.10422", "1190", "1" ], [ "0.10425", "1190", "1" ], [ "0.10428", "1190", "1" ], [ "0.10431", "1420", "1" ], [ "0.10432", "850", "2" ], [ "0.10440", "1430", "1" ], [ "0.10445", "1430", "1" ], [ "0.10448", "240", "2" ], [ "0.10450", "1430", "1" ], [ "0.10455", "1430", "1" ], [ "0.10460", "1430", "1" ], [ "0.10464", "1660", "3" ], [ "0.10465", "1430", "1" ], [ "0.10496", "2130", "2" ], [ "0.10528", "2650", "2" ], [ "0.10560", "3250", "1" ], [ "0.12380", "1420", "1" ], [ "0.12528", "770", "1" ], [ "0.12744", "2070", "2" ], [ "0.12960", "3630", "3" ], [ "0.13176", "4950", "4" ], [ "0.13392", "6510", "4" ], [ "0.13608", "7820", "1" ], [ "0.40000", "4300", "1" ] ],
      "t" : 1756462150784
    } ],
    "instrument_name" : "PONKEUSD-PERP"
  }
}