{
  "id" : -1,
  "method" : "public/get-book",
  "code" : 0,
  "result" : {
    "depth" : 50,
    "data" : [ {
      "bids" : [ [ "0.25937", "899", "1" ], [ "0.25915", "2613", "1" ], [ "0.25894", "7962", "2" ], [ "0.25893", "2562", "1" ], [ "0.25871", "2113", "1" ], [ "0.25866", "3146", "1" ], [ "0.25839", "3146", "1" ], [ "0.25831", "5909", "1" ], [ "0.25830", "5317", "2" ], [ "0.25789", "9185", "3" ], [ "0.25778", "7383", "1" ], [ "0.25748", "9185", "3" ], [ "0.25739", "4673", "1" ], [ "0.25707", "16341", "4" ], [ "0.25666", "16341", "3" ], [ "0.25662", "3020", "1" ], [ "0.25620", "3020", "1" ], [ "0.25498", "6831", "2" ], [ "0.25480", "3877", "1" ], [ "0.25376", "6831", "2" ], [ "0.25254", "13666", "3" ], [ "0.25200", "9129", "1" ], [ "0.23001", "1393", "1" ], [ "0.23000", "434", "1" ], [ "0.22770", "3871", "1" ], [ "0.20722", "468", "1" ], [ "0.20482", "2569", "1" ], [ "0.20000", "850", "1" ], [ "0.19943", "6975", "2" ], [ "0.19404", "12438", "3" ], [ "0.18865", "1773", "1" ], [ "0.18326", "5409", "2" ] ],
      "asks" : [ [ "0.26039", "784", "1" ], [ "0.26040", "2613", "1" ], [ "0.26052", "900", "1" ], [ "0.26054", "934", "1" ], [ "0.26055", "3112", "1" ], [ "0.26081", "790", "1" ], [ "0.26082", "2633", "1" ], [ "0.26091", "1004", "1" ], [ "0.26092", "3346", "1" ], [ "0.26109", "2633", "1" ], [ "0.26116", "6605", "1" ], [ "0.26117", "6658", "2" ], [ "0.26136", "4673", "1" ], [ "0.26158", "5438", "1" ], [ "0.26199", "12292", "1" ], [ "0.26214", "3020", "1" ], [ "0.26230", "2803", "1" ], [ "0.26239", "7385", "1" ], [ "0.26240", "12292", "1" ], [ "0.26281", "19738", "1" ], [ "0.26320", "5448", "1" ], [ "0.26322", "19738", "1" ], [ "0.26352", "6270", "2" ], [ "0.26474", "10510", "2" ], [ "0.26596", "14172", "1" ], [ "0.26600", "10097", "1" ], [ "0.31099", "468", "1" ], [ "0.31262", "1559", "1" ], [ "0.31801", "4819", "2" ], [ "0.32340", "7438", "2" ], [ "0.32879", "1042", "1" ], [ "0.33418", "2902", "1" ], [ "0.37000", "2134", "1" ], [ "0.38000", "56191", "1" ], [ "0.38330", "1142", "1" ], [ "0.39512", "1600", "1" ], [ "0.39700", "983", "1" ], [ "0.43000", "997", "1" ], [ "0.43890", "4867", "1" ], [ "0.45000", "59", "1" ], [ "0.45713", "37", "1" ], [ "0.46490", "3", "1" ], [ "0.50000", "15495", "5" ], [ "0.51000", "175", "1" ], [ "0.51427", "32", "1" ], [ "0.52302", "8", "1" ], [ "0.57142", "29", "1" ], [ "0.57400", "399", "1" ], [ "0.60000", "420", "3" ], [ "0.62000", "39", "1" ] ],
      "t" : 1756462156168
    } ],
    "instrument_name" : "POPCAT_USD"
  }
}