{
  "id" : -1,
  "method" : "public/get-book",
  "code" : 0,
  "result" : {
    "depth" : 50,
    "data" : [ {
      "bids" : [ [ "0.25917", "239", "1" ], [ "0.25916", "738", "1" ], [ "0.25915", "2613", "1" ], [ "0.25893", "2179", "1" ], [ "0.25884", "3346", "1" ], [ "0.25878", "1617", "1" ], [ "0.25874", "4616", "1" ], [ "0.25866", "2633", "1" ], [ "0.25840", "5506", "2" ], [ "0.25839", "2633", "1" ], [ "0.25803", "605", "1" ], [ "0.25802", "5506", "2" ], [ "0.25765", "4104", "2" ], [ "0.25764", "12688", "3" ], [ "0.25758", "7383", "1" ], [ "0.25726", "12688", "3" ], [ "0.25688", "12688", "3" ], [ "0.20721", "262", "1" ], [ "0.20720", "463", "1" ], [ "0.20482", "2240", "1" ], [ "0.19943", "7267", "2" ], [ "0.19404", "7267", "2" ], [ "0.18865", "1811", "1" ], [ "0.18326", "5292", "2" ] ],
      "asks" : [ [ "0.26010", "238", "1" ], [ "0.26011", "738", "1" ], [ "0.26032", "2613", "1" ], [ "0.26055", "2881", "1" ], [ "0.26064", "3346", "1" ], [ "0.26068", "1465", "1" ], [ "0.26082", "2586", "1" ], [ "0.26099", "4614", "1" ], [ "0.26106", "5754", "2" ], [ "0.26109", "3634", "1" ], [ "0.26144", "5754", "1" ], [ "0.26181", "5323", "2" ], [ "0.26182", "12303", "1" ], [ "0.26217", "7385", "1" ], [ "0.26220", "12303", "1" ], [ "0.26258", "19552", "1" ], [ "0.31092", "463", "1" ], [ "0.31262", "1518", "1" ], [ "0.31801", "4389", "2" ], [ "0.32340", "7676", "2" ], [ "0.32879", "872", "1" ], [ "0.33418", "3273", "1" ], [ "0.60000", "362", "1" ], [ "1.00000", "521", "2" ], [ "1.09500", "449", "1" ], [ "1.80000", "168", "1" ], [ "1.99000", "408", "1" ] ],
      "t" : 1756462159263
    } ],
    "instrument_name" : "POPCAT_USDT"
  }
}