{
  "id" : -1,
  "method" : "public/get-book",
  "code" : 0,
  "result" : {
    "depth" : 50,
    "data" : [ {
      "bids" : [ [ "0.25966", "1", "1" ], [ "0.25962", "1", "1" ], [ "0.25948", "100", "1" ], [ "0.25947", "1912", "1" ], [ "0.25940", "7", "1" ], [ "0.25936", "1937", "1" ], [ "0.25935", "6456", "1" ], [ "0.25929", "771", "1" ], [ "0.25905", "193", "1" ], [ "0.25900", "193", "1" ], [ "0.25895", "193", "1" ], [ "0.25890", "193", "1" ], [ "0.25884", "2557", "1" ], [ "0.25848", "2854", "1" ], [ "0.25812", "3272", "2" ], [ "0.25776", "2854", "1" ], [ "0.25764", "3663", "1" ], [ "0.25740", "3405", "3" ], [ "0.25722", "485", "1" ], [ "0.25704", "4248", "5" ], [ "0.25696", "1497", "1" ], [ "0.25686", "486", "1" ], [ "0.25668", "486", "1" ], [ "0.25662", "584", "1" ], [ "0.25636", "585", "1" ], [ "0.25623", "2954", "2" ], [ "0.25610", "585", "1" ], [ "0.25584", "586", "1" ], [ "0.25558", "586", "1" ], [ "0.25550", "4366", "3" ], [ "0.25532", "587", "1" ], [ "0.25477", "5416", "4" ], [ "0.25404", "7080", "5" ], [ "0.25137", "9399", "1" ], [ "0.25004", "9399", "1" ], [ "0.20720", "1826", "1" ], [ "0.20444", "612", "1" ], [ "0.19906", "1803", "2" ], [ "0.19817", "9399", "1" ], [ "0.19684", "9399", "1" ], [ "0.19368", "3188", "2" ], [ "0.18830", "4344", "2" ], [ "0.18292", "5632", "2" ], [ "0.17754", "6937", "2" ] ],
      "asks" : [ [ "0.25973", "1", "1" ], [ "0.25983", "1", "1" ], [ "0.26015", "100", "1" ], [ "0.26016", "7", "1" ], [ "0.26023", "1937", "1" ], [ "0.26024", "7706", "2" ], [ "0.26025", "4168", "1" ], [ "0.26028", "768", "1" ], [ "0.26033", "1728", "1" ], [ "0.26034", "5760", "1" ], [ "0.26037", "4497", "1" ], [ "0.26060", "383", "1" ], [ "0.26085", "191", "1" ], [ "0.26089", "2557", "1" ], [ "0.26090", "191", "1" ], [ "0.26095", "191", "1" ], [ "0.26100", "3215", "3" ], [ "0.26136", "2417", "1" ], [ "0.26172", "3436", "1" ], [ "0.26208", "4057", "3" ], [ "0.26226", "476", "1" ], [ "0.26244", "3564", "2" ], [ "0.26262", "475", "1" ], [ "0.26286", "570", "1" ], [ "0.26312", "570", "1" ], [ "0.26338", "569", "1" ], [ "0.26364", "4231", "2" ], [ "0.26390", "568", "1" ], [ "0.26416", "567", "1" ], [ "0.26426", "1431", "1" ], [ "0.26467", "9399", "1" ], [ "0.26499", "2635", "1" ], [ "0.26572", "4253", "1" ], [ "0.26600", "9399", "1" ], [ "0.26645", "1431", "1" ], [ "0.26718", "6669", "1" ], [ "0.26733", "9399", "1" ], [ "0.26866", "9399", "1" ], [ "0.31092", "1826", "1" ], [ "0.31204", "505", "1" ], [ "0.31742", "1966", "2" ], [ "0.32280", "3023", "3" ], [ "0.32818", "4381", "4" ], [ "0.33356", "5512", "5" ], [ "0.33894", "6762", "1" ] ],
      "t" : 1756462163560
    } ],
    "instrument_name" : "POPCATUSD-PERP"
  }
}