{
  "id" : -1,
  "method" : "public/get-book",
  "code" : 0,
  "result" : {
    "depth" : 50,
    "data" : [ {
      "bids" : [ [ "0.15960", "194", "1" ], [ "0.15959", "4236", "1" ], [ "0.15950", "4236", "1" ], [ "0.15940", "5422", "1" ], [ "0.15936", "3570", "1" ], [ "0.15928", "3521", "1" ], [ "0.15906", "3521", "1" ], [ "0.15904", "11028", "2" ], [ "0.15872", "19480", "3" ], [ "0.15840", "19480", "2" ], [ "0.15808", "34365", "2" ], [ "0.12769", "764", "1" ], [ "0.12578", "4360", "1" ], [ "0.12247", "11464", "1" ], [ "0.11916", "19618", "1" ], [ "0.11585", "55104", "1" ], [ "0.11254", "158564", "1" ] ],
      "asks" : [ [ "0.16064", "231", "1" ], [ "0.16065", "4236", "1" ], [ "0.16081", "381", "1" ], [ "0.16082", "4770", "1" ], [ "0.16085", "5422", "1" ], [ "0.16096", "3415", "1" ], [ "0.16104", "4770", "1" ], [ "0.16125", "1132", "1" ], [ "0.16126", "4770", "1" ], [ "0.16128", "11133", "1" ], [ "0.16160", "18429", "1" ], [ "0.16192", "34383", "1" ], [ "0.16224", "34383", "1" ], [ "0.19180", "764", "1" ], [ "0.19198", "2510", "1" ], [ "0.19529", "7429", "2" ], [ "0.19860", "12698", "3" ], [ "0.20191", "27362", "4" ], [ "0.20522", "88196", "4" ], [ "0.29500", "998", "1" ], [ "0.39385", "2", "1" ], [ "0.43820", "2", "1" ], [ "0.44999", "17", "1" ], [ "0.45000", "1532", "1" ], [ "0.45362", "17", "1" ], [ "0.47499", "17", "1" ], [ "0.49999", "17", "1" ], [ "0.52499", "17", "1" ], [ "0.54999", "17", "1" ], [ "0.55500", "760", "1" ], [ "0.57499", "17", "1" ], [ "0.59999", "17", "1" ], [ "0.62000", "39", "1" ], [ "0.62499", "17", "1" ], [ "0.63000", "10394", "1" ], [ "0.64999", "17", "1" ], [ "0.67499", "17", "1" ], [ "0.69232", "5074", "1" ], [ "0.69999", "17", "1" ], [ "0.70000", "1306", "1" ], [ "0.72499", "17", "1" ], [ "0.74999", "17", "1" ], [ "0.75000", "195", "1" ], [ "0.77499", "17", "1" ], [ "0.79999", "17", "1" ], [ "0.82499", "14", "1" ], [ "0.85000", "66", "1" ], [ "0.95000", "286", "2" ], [ "0.97800", "411", "1" ], [ "1.14300", "278", "1" ] ],
      "t" : 1756462043517
    } ],
    "instrument_name" : "POWR_USD"
  }
}