{
  "id" : -1,
  "method" : "public/get-book",
  "code" : 0,
  "result" : {
    "depth" : 50,
    "data" : [ {
      "bids" : [ [ "0.16016", "10", "1" ], [ "0.16008", "10", "1" ], [ "0.15998", "1250", "1" ], [ "0.15996", "1250", "1" ], [ "0.15966", "310", "1" ], [ "0.15963", "310", "1" ], [ "0.15960", "310", "1" ], [ "0.15957", "310", "1" ], [ "0.15803", "4190", "1" ], [ "0.15779", "4090", "1" ], [ "0.15748", "4350", "2" ], [ "0.15717", "5610", "3" ], [ "0.15686", "4840", "3" ], [ "0.15683", "5980", "1" ], [ "0.15660", "5000", "1" ], [ "0.15655", "5510", "4" ], [ "0.15602", "12530", "2" ], [ "0.15544", "19110", "3" ], [ "0.15486", "23670", "3" ], [ "0.15428", "30820", "3" ], [ "0.14556", "320", "1" ], [ "0.12768", "2990", "1" ], [ "0.12578", "2460", "1" ], [ "0.12247", "8820", "1" ], [ "0.11916", "15370", "1" ], [ "0.11585", "20840", "1" ], [ "0.11254", "26370", "1" ], [ "0.10923", "32570", "1" ] ],
      "asks" : [ [ "0.16024", "10", "1" ], [ "0.16025", "10", "1" ], [ "0.16052", "1240", "1" ], [ "0.16054", "1240", "1" ], [ "0.16068", "310", "1" ], [ "0.16071", "310", "1" ], [ "0.16074", "310", "1" ], [ "0.16077", "310", "1" ], [ "0.16083", "4190", "1" ], [ "0.16089", "4450", "1" ], [ "0.16120", "4910", "3" ], [ "0.16140", "5980", "1" ], [ "0.16151", "4720", "1" ], [ "0.16182", "9910", "3" ], [ "0.16213", "6040", "1" ], [ "0.16240", "12580", "2" ], [ "0.16298", "18430", "3" ], [ "0.16356", "23350", "1" ], [ "0.16414", "30780", "1" ], [ "0.17641", "320", "1" ], [ "0.19176", "2990", "1" ], [ "0.19198", "2420", "1" ], [ "0.19529", "8420", "2" ], [ "0.19860", "14770", "3" ], [ "0.20191", "20720", "4" ], [ "0.20522", "26920", "4" ], [ "0.20853", "33340", "4" ] ],
      "t" : 1756462166270
    } ],
    "instrument_name" : "POWRUSD-PERP"
  }
}