{
  "id" : -1,
  "method" : "public/get-book",
  "code" : 0,
  "result" : {
    "depth" : 50,
    "data" : [ {
      "bids" : [ [ "0.07467", "1824.1", "1" ], [ "0.07458", "1536.6", "1" ], [ "0.07453", "2337.3", "1" ], [ "0.07447", "1536.6", "1" ], [ "0.07440", "2887.9", "1" ], [ "0.07436", "2422.4", "1" ], [ "0.07425", "8685.8", "2" ], [ "0.07410", "14800.4", "3" ], [ "0.07395", "20564.6", "1" ], [ "0.06500", "200.0", "1" ], [ "0.06211", "200.0", "1" ], [ "0.06050", "1770.0", "1" ], [ "0.05985", "1627.6", "1" ], [ "0.05852", "9597.7", "1" ], [ "0.05698", "25591.2", "1" ], [ "0.05552", "200.0", "1" ], [ "0.05544", "41903.8", "1" ], [ "0.05390", "41903.8", "1" ], [ "0.05236", "146736.3", "1" ], [ "0.05009", "20.0", "1" ] ],
      "asks" : [ [ "0.07519", "1824.1", "1" ], [ "0.07524", "2175.8", "1" ], [ "0.07533", "2337.3", "1" ], [ "0.07535", "1997.0", "1" ], [ "0.07545", "3406.3", "1" ], [ "0.07546", "1997.0", "1" ], [ "0.07559", "7602.0", "1" ], [ "0.07560", "8987.7", "1" ], [ "0.07575", "20899.0", "1" ], [ "0.07590", "20899.0", "1" ], [ "0.08981", "1627.6", "1" ], [ "0.09086", "5027.4", "1" ], [ "0.09240", "16096.6", "2" ], [ "0.09394", "16096.6", "2" ], [ "0.09548", "16096.6", "2" ], [ "0.09702", "81451.4", "1" ], [ "0.11977", "52.3", "1" ], [ "0.12000", "752.7", "1" ], [ "0.15000", "180.0", "1" ], [ "0.16000", "19.9", "1" ], [ "0.17000", "22.4", "1" ], [ "0.20000", "107.2", "1" ], [ "0.32052", "11.8", "1" ], [ "0.34257", "11.0", "1" ], [ "0.36002", "36.7", "1" ], [ "0.36464", "10.2", "1" ], [ "0.37914", "34.7", "1" ], [ "0.38669", "9.6", "1" ], [ "0.39828", "33.0", "1" ], [ "0.40876", "9.1", "1" ], [ "0.41741", "31.4", "1" ], [ "0.43081", "8.7", "1" ], [ "0.43653", "29.9", "1" ], [ "0.45288", "8.7", "1" ], [ "0.45567", "28.6", "1" ], [ "0.47479", "28.8", "1" ], [ "0.47493", "8.7", "1" ], [ "0.49392", "28.8", "1" ], [ "0.49699", "8.7", "1" ], [ "0.51305", "28.8", "1" ], [ "0.51639", "1.9", "1" ], [ "0.51905", "8.7", "1" ], [ "0.53219", "28.8", "1" ], [ "0.54112", "8.7", "1" ], [ "0.55132", "28.8", "1" ], [ "0.56320", "8.7", "1" ], [ "0.57050", "28.8", "1" ], [ "0.80000", "38.4", "1" ], [ "3.00000", "256.1", "1" ], [ "4.10000", "2.0", "1" ] ],
      "t" : 1756462165342
    } ],
    "instrument_name" : "PRCL_USD"
  }
}