{
  "id" : -1,
  "method" : "public/get-book",
  "code" : 0,
  "result" : {
    "depth" : 50,
    "data" : [ {
      "bids" : [ [ "0.18498", "71", "1" ], [ "0.18345", "3410", "1" ], [ "0.18330", "5248", "1" ], [ "0.18285", "6824", "1" ], [ "0.18240", "1697", "1" ], [ "0.18189", "5248", "1" ], [ "0.18088", "5215", "2" ], [ "0.18048", "5248", "1" ], [ "0.17937", "867", "1" ], [ "0.17936", "5215", "2" ], [ "0.17784", "11569", "3" ], [ "0.17632", "11569", "2" ], [ "0.17607", "283", "1" ], [ "0.17480", "15079", "2" ], [ "0.17441", "75", "1" ], [ "0.16384", "80", "1" ], [ "0.16020", "312", "1" ], [ "0.15327", "85", "1" ], [ "0.14849", "276", "1" ], [ "0.14595", "1662", "1" ], [ "0.14432", "346", "1" ], [ "0.14271", "92", "1" ], [ "0.14178", "4100", "2" ], [ "0.13761", "6880", "2" ], [ "0.13344", "17272", "2" ], [ "0.13214", "99", "1" ], [ "0.12927", "51265", "2" ], [ "0.12843", "389", "1" ], [ "0.12156", "108", "1" ], [ "0.11100", "118", "1" ], [ "0.10043", "131", "1" ] ],
      "asks" : [ [ "0.18714", "3410", "1" ], [ "0.18753", "6075", "1" ], [ "0.18836", "100", "1" ], [ "0.18837", "6824", "1" ], [ "0.18848", "1526", "1" ], [ "0.18894", "5604", "1" ], [ "0.19000", "4902", "2" ], [ "0.19035", "7630", "1" ], [ "0.19152", "10909", "2" ], [ "0.19304", "13709", "2" ], [ "0.19456", "16932", "1" ], [ "0.19608", "16932", "1" ], [ "0.20613", "67", "1" ], [ "0.20783", "260", "1" ], [ "0.21670", "64", "1" ], [ "0.22279", "276", "1" ], [ "0.22372", "240", "1" ], [ "0.22518", "885", "1" ], [ "0.22726", "64", "1" ], [ "0.22935", "2857", "2" ], [ "0.23352", "2857", "2" ], [ "0.23769", "10143", "3" ], [ "0.23783", "64", "1" ], [ "0.23960", "223", "1" ], [ "0.24186", "29107", "1" ], [ "0.24840", "64", "1" ], [ "0.25547", "208", "1" ], [ "0.25897", "64", "1" ], [ "0.26955", "64", "1" ], [ "0.27135", "195", "1" ], [ "0.28011", "64", "1" ], [ "0.28729", "194", "1" ], [ "0.29069", "64", "1" ], [ "0.30129", "64", "1" ], [ "0.31618", "4", "1" ], [ "0.46552", "3", "1" ] ],
      "t" : 1756462146183
    } ],
    "instrument_name" : "PROMPT_USD"
  }
}