{
  "id" : -1,
  "method" : "public/get-book",
  "code" : 0,
  "result" : {
    "depth" : 50,
    "data" : [ {
      "bids" : [ [ "0.18532", "10", "1" ], [ "0.18527", "10", "1" ], [ "0.18496", "270", "1" ], [ "0.18492", "270", "1" ], [ "0.18488", "270", "1" ], [ "0.18484", "270", "1" ], [ "0.18456", "5680", "1" ], [ "0.18453", "7460", "1" ], [ "0.18437", "6820", "1" ], [ "0.18432", "670", "1" ], [ "0.18426", "670", "1" ], [ "0.18420", "670", "1" ], [ "0.18414", "670", "1" ], [ "0.18387", "810", "1" ], [ "0.18378", "810", "1" ], [ "0.18369", "810", "1" ], [ "0.18360", "810", "1" ], [ "0.18351", "810", "1" ], [ "0.18342", "810", "1" ], [ "0.18045", "170", "1" ], [ "0.18030", "170", "1" ], [ "0.18029", "100", "1" ], [ "0.17982", "360", "1" ], [ "0.17908", "120", "2" ], [ "0.17787", "150", "3" ], [ "0.17739", "720", "2" ], [ "0.17666", "160", "3" ], [ "0.17545", "140", "1" ], [ "0.17496", "960", "3" ], [ "0.17253", "1350", "3" ], [ "0.17010", "1630", "3" ], [ "0.14848", "170", "1" ], [ "0.14689", "310", "1" ], [ "0.14292", "960", "2" ], [ "0.13895", "1730", "2" ], [ "0.13498", "2340", "2" ], [ "0.13101", "3110", "2" ], [ "0.12704", "3690", "2" ] ],
      "asks" : [ [ "0.18537", "10", "1" ], [ "0.18552", "10", "1" ], [ "0.18560", "530", "1" ], [ "0.18576", "260", "1" ], [ "0.18580", "260", "1" ], [ "0.18584", "260", "1" ], [ "0.18588", "7720", "2" ], [ "0.18642", "670", "1" ], [ "0.18648", "670", "1" ], [ "0.18651", "6820", "1" ], [ "0.18654", "670", "1" ], [ "0.18660", "660", "1" ], [ "0.18684", "800", "1" ], [ "0.18693", "800", "1" ], [ "0.18702", "800", "1" ], [ "0.18711", "800", "1" ], [ "0.18720", "800", "1" ], [ "0.18729", "800", "1" ], [ "0.18800", "170", "1" ], [ "0.18876", "110", "1" ], [ "0.18997", "130", "1" ], [ "0.19118", "150", "2" ], [ "0.19239", "140", "1" ], [ "0.19360", "170", "1" ], [ "0.19430", "170", "1" ], [ "0.19440", "400", "1" ], [ "0.19683", "660", "2" ], [ "0.19926", "1020", "2" ], [ "0.20169", "1420", "3" ], [ "0.20412", "1660", "4" ], [ "0.22275", "170", "1" ], [ "0.22629", "330", "1" ], [ "0.23026", "970", "2" ], [ "0.23423", "1770", "2" ], [ "0.23820", "2400", "2" ], [ "0.24217", "3120", "2" ], [ "0.24614", "3740", "1" ] ],
      "t" : 1756462185216
    } ],
    "instrument_name" : "PROMPTUSD-PERP"
  }
}