{
  "id" : -1,
  "method" : "public/get-book",
  "code" : 0,
  "result" : {
    "depth" : 50,
    "data" : [ {
      "bids" : [ [ "0.031458", "3466", "1" ], [ "0.031457", "21297", "1" ], [ "0.031234", "21083", "1" ], [ "0.031126", "27260", "1" ], [ "0.030912", "57554", "2" ], [ "0.030590", "21083", "1" ], [ "0.030544", "117846", "1" ], [ "0.030500", "65573", "1" ], [ "0.030178", "175", "1" ], [ "0.030177", "275", "1" ], [ "0.030176", "193206", "2" ], [ "0.029808", "271917", "1" ], [ "0.028000", "180", "1" ], [ "0.025474", "3815", "1" ], [ "0.024966", "19009", "1" ], [ "0.024309", "56788", "1" ], [ "0.023652", "96732", "1" ], [ "0.022995", "203556", "1" ], [ "0.022499", "62", "1" ], [ "0.022338", "662336", "1" ], [ "0.020000", "69", "1" ], [ "0.005800", "173", "1" ], [ "0.004800", "209", "1" ] ],
      "asks" : [ [ "0.032511", "21297", "1" ], [ "0.032521", "6501", "1" ], [ "0.032522", "23449", "1" ], [ "0.032631", "27260", "1" ], [ "0.032752", "28774", "1" ], [ "0.032844", "24089", "1" ], [ "0.033120", "98931", "2" ], [ "0.033166", "24089", "1" ], [ "0.033488", "171384", "2" ], [ "0.033856", "171384", "1" ], [ "0.038288", "3815", "1" ], [ "0.038763", "11898", "1" ], [ "0.039420", "36594", "2" ], [ "0.040077", "63955", "3" ], [ "0.040734", "116434", "4" ], [ "0.041391", "376784", "1" ], [ "0.041800", "1082", "1" ], [ "0.050356", "57", "1" ], [ "0.054300", "92", "1" ], [ "0.059515", "82", "1" ], [ "0.060500", "1495", "1" ], [ "0.070277", "67", "1" ], [ "0.075721", "14", "1" ], [ "0.081040", "57", "1" ], [ "0.084000", "5867", "1" ], [ "0.091801", "49", "1" ], [ "0.092500", "438", "1" ], [ "0.100000", "2080", "2" ], [ "0.102564", "43", "1" ], [ "0.110000", "2000", "1" ], [ "0.113325", "38", "1" ], [ "0.114320", "5", "1" ], [ "0.120000", "226", "1" ], [ "0.123000", "15", "1" ], [ "0.123500", "15", "1" ], [ "0.124088", "34", "1" ], [ "0.134849", "31", "1" ], [ "0.140000", "209", "1" ], [ "0.145611", "28", "1" ], [ "0.150000", "30", "1" ], [ "0.151000", "1000", "1" ], [ "0.156377", "32", "1" ], [ "0.168130", "5", "1" ], [ "0.170000", "30", "1" ], [ "0.180000", "4", "1" ], [ "0.201000", "1000", "1" ], [ "0.205500", "30", "1" ], [ "0.241430", "10", "1" ], [ "0.321690", "5", "1" ], [ "0.369000", "5", "1" ] ],
      "t" : 1756462014155
    } ],
    "instrument_name" : "PSTAKE_USD"
  }
}