{
  "id" : -1,
  "method" : "public/get-book",
  "code" : 0,
  "result" : {
    "depth" : 50,
    "data" : [ {
      "bids" : [ [ "0.0033360", "1000", "1" ], [ "0.0033350", "30000", "1" ], [ "0.0033349", "1000", "1" ], [ "0.0033347", "30000", "1" ], [ "0.0033346", "441000", "1" ], [ "0.0033335", "286000", "1" ], [ "0.0033327", "30000", "1" ], [ "0.0033326", "294000", "1" ], [ "0.0033325", "441000", "1" ], [ "0.0033307", "294000", "1" ], [ "0.0033306", "75000", "2" ], [ "0.0033304", "441000", "1" ], [ "0.0033299", "15000", "1" ], [ "0.0033296", "6469000", "1" ], [ "0.0033293", "294000", "1" ], [ "0.0033292", "15000", "1" ], [ "0.0033285", "15000", "1" ], [ "0.0033284", "441000", "1" ], [ "0.0033266", "294000", "1" ], [ "0.0033262", "441000", "1" ], [ "0.0033241", "441000", "1" ], [ "0.0033239", "294000", "1" ], [ "0.0033220", "12938000", "1" ], [ "0.0033219", "441000", "1" ], [ "0.0033200", "37000", "1" ], [ "0.0033190", "478000", "2" ], [ "0.0033184", "859000", "1" ], [ "0.0033180", "37000", "1" ], [ "0.0033170", "37000", "1" ], [ "0.0033149", "441000", "1" ], [ "0.0033133", "45000", "1" ], [ "0.0033116", "45000", "1" ], [ "0.0033108", "441000", "1" ], [ "0.0033099", "45000", "1" ], [ "0.0033082", "45000", "1" ], [ "0.0033065", "45000", "1" ], [ "0.0033048", "45000", "1" ], [ "0.0033047", "859000", "1" ], [ "0.0032995", "288000", "1" ], [ "0.0032940", "245000", "1" ], [ "0.0032865", "859000", "1" ], [ "0.0032850", "541000", "2" ], [ "0.0032760", "888000", "3" ], [ "0.0032670", "1183000", "3" ], [ "0.0032580", "1398000", "3" ], [ "0.0026760", "144000", "1" ], [ "0.0026637", "115000", "1" ], [ "0.0025954", "458000", "2" ], [ "0.0025271", "747000", "3" ], [ "0.0024588", "1015000", "3" ] ],
      "asks" : [ [ "0.0033380", "1000", "1" ], [ "0.0033383", "286000", "1" ], [ "0.0033388", "6469000", "1" ], [ "0.0033390", "1000", "1" ], [ "0.0033402", "294000", "1" ], [ "0.0033411", "29000", "1" ], [ "0.0033416", "294000", "1" ], [ "0.0033423", "441000", "1" ], [ "0.0033438", "294000", "1" ], [ "0.0033439", "14000", "1" ], [ "0.0033444", "59000", "1" ], [ "0.0033446", "14000", "1" ], [ "0.0033450", "441000", "1" ], [ "0.0033452", "294000", "1" ], [ "0.0033453", "14000", "1" ], [ "0.0033460", "14000", "1" ], [ "0.0033462", "202000", "1" ], [ "0.0033471", "441000", "1" ], [ "0.0033479", "294000", "1" ], [ "0.0033488", "207000", "1" ], [ "0.0033492", "441000", "1" ], [ "0.0033494", "294000", "1" ], [ "0.0033498", "12940000", "1" ], [ "0.0033512", "294000", "1" ], [ "0.0033522", "441000", "1" ], [ "0.0033529", "294000", "1" ], [ "0.0033534", "192000", "1" ], [ "0.0033543", "441000", "1" ], [ "0.0033550", "37000", "1" ], [ "0.0033560", "37000", "1" ], [ "0.0033570", "37000", "1" ], [ "0.0033580", "1175000", "4" ], [ "0.0033591", "441000", "1" ], [ "0.0033626", "329000", "3" ], [ "0.0033643", "44000", "1" ], [ "0.0033660", "44000", "1" ], [ "0.0033672", "300000", "3" ], [ "0.0033677", "44000", "1" ], [ "0.0033694", "44000", "1" ], [ "0.0033711", "44000", "1" ], [ "0.0033720", "861000", "1" ], [ "0.0033738", "288000", "1" ], [ "0.0033750", "293000", "1" ], [ "0.0033840", "605000", "1" ], [ "0.0033921", "861000", "1" ], [ "0.0033930", "839000", "2" ], [ "0.0034020", "1154000", "2" ], [ "0.0034110", "1405000", "1" ], [ "0.0035550", "793000", "1" ], [ "0.0035708", "793000", "1" ] ],
      "t" : 1756462203956
    } ],
    "instrument_name" : "PUMPUSD-PERP"
  }
}