{
  "id" : -1,
  "method" : "public/get-book",
  "code" : 0,
  "result" : {
    "depth" : 50,
    "data" : [ {
      "bids" : [ [ "0.0033365", "400", "1" ], [ "0.0033321", "107800", "1" ], [ "0.0033317", "30000", "1" ], [ "0.0033316", "294600", "1" ], [ "0.0033315", "177900", "2" ], [ "0.0033314", "388400", "2" ], [ "0.0033296", "30000", "1" ], [ "0.0033295", "74900", "1" ], [ "0.0033290", "294600", "1" ], [ "0.0033263", "294600", "1" ], [ "0.0033236", "294600", "1" ], [ "0.0033228", "125700", "1" ], [ "0.0033133", "363600", "1" ], [ "0.0033103", "4480500", "1" ], [ "0.0033088", "170200", "1" ], [ "0.0033041", "548100", "1" ], [ "0.0032994", "893400", "1" ], [ "0.0032947", "1188700", "1" ], [ "0.0032901", "18200", "1" ], [ "0.0032900", "1930600", "1" ], [ "0.0032853", "1930600", "1" ], [ "0.0032776", "7467500", "1" ], [ "0.0032532", "228000", "1" ], [ "0.0032529", "7600", "1" ], [ "0.0032528", "362200", "1" ], [ "0.0032491", "7600", "1" ], [ "0.0032490", "424800", "1" ], [ "0.0032452", "529400", "1" ], [ "0.0032415", "7600", "1" ], [ "0.0032360", "8000", "1" ], [ "0.0032339", "19200", "2" ], [ "0.0031477", "6200", "2" ], [ "0.0031476", "8200", "1" ], [ "0.0030597", "9400", "2" ], [ "0.0030593", "8500", "1" ], [ "0.0029710", "8700", "1" ], [ "0.0028882", "12900", "1" ], [ "0.0028828", "9000", "1" ], [ "0.0028000", "1557900", "1" ], [ "0.0027945", "9300", "1" ], [ "0.0027062", "9600", "1" ], [ "0.0026762", "31300", "1" ], [ "0.0026703", "166500", "1" ], [ "0.0026463", "2400", "1" ], [ "0.0026082", "492100", "2" ], [ "0.0025461", "492100", "2" ], [ "0.0025049", "14900", "1" ], [ "0.0025000", "406500", "2" ], [ "0.0024840", "1884800", "2" ], [ "0.0024219", "7176200", "3" ] ],
      "asks" : [ [ "0.0033375", "400", "1" ], [ "0.0033396", "294600", "1" ], [ "0.0033397", "117100", "1" ], [ "0.0033400", "146300", "1" ], [ "0.0033415", "299600", "1" ], [ "0.0033416", "294600", "1" ], [ "0.0033418", "182700", "2" ], [ "0.0033430", "294600", "1" ], [ "0.0033444", "294600", "1" ], [ "0.0033458", "294600", "1" ], [ "0.0033471", "363600", "1" ], [ "0.0033494", "294600", "1" ], [ "0.0033508", "294600", "1" ], [ "0.0033511", "188300", "1" ], [ "0.0033523", "125800", "1" ], [ "0.0033558", "477400", "2" ], [ "0.0033605", "829700", "2" ], [ "0.0033635", "4480500", "1" ], [ "0.0033652", "829700", "2" ], [ "0.0033699", "1214400", "3" ], [ "0.0033746", "1525200", "4" ], [ "0.0033757", "7200", "1" ], [ "0.0033897", "188600", "1" ], [ "0.0033962", "7467500", "1" ], [ "0.0034121", "228000", "1" ], [ "0.0034124", "452000", "1" ], [ "0.0034125", "7200", "1" ], [ "0.0034126", "7800", "1" ], [ "0.0034162", "506300", "1" ], [ "0.0034200", "575100", "1" ], [ "0.0035008", "7600", "1" ], [ "0.0035057", "13100", "1" ], [ "0.0035058", "15600", "1" ], [ "0.0035059", "25300", "1" ], [ "0.0035475", "7200", "1" ], [ "0.0035890", "20000", "2" ], [ "0.0035891", "8300", "1" ], [ "0.0036546", "11700", "1" ], [ "0.0036775", "8300", "1" ], [ "0.0037658", "8300", "1" ], [ "0.0037999", "19700", "1" ], [ "0.0038000", "64800", "1" ], [ "0.0038541", "8300", "1" ], [ "0.0039424", "8300", "1" ], [ "0.0040000", "47900", "2" ], [ "0.0040173", "31300", "1" ], [ "0.0040365", "108600", "1" ], [ "0.0040378", "11700", "1" ], [ "0.0040700", "13400", "1" ], [ "0.0040986", "297300", "2" ] ],
      "t" : 1756462200534
    } ],
    "instrument_name" : "PUMP_USD"
  }
}