{
  "id" : -1,
  "method" : "public/get-book",
  "code" : 0,
  "result" : {
    "depth" : 50,
    "data" : [ {
      "bids" : [ [ "0.03572", "139", "1" ], [ "0.03543", "6060", "1" ], [ "0.03542", "19258", "1" ], [ "0.03534", "24649", "1" ], [ "0.03528", "19811", "1" ], [ "0.03519", "11296", "1" ], [ "0.03507", "22897", "1" ], [ "0.03500", "286", "1" ], [ "0.03496", "41561", "1" ], [ "0.03486", "22897", "1" ], [ "0.03473", "70372", "1" ], [ "0.03450", "99565", "1" ], [ "0.03427", "126334", "1" ], [ "0.03404", "152665", "2" ], [ "0.02863", "3478", "1" ], [ "0.02847", "16048", "1" ], [ "0.02774", "56709", "2" ], [ "0.02701", "56709", "1" ], [ "0.02628", "287115", "2" ], [ "0.02555", "792078", "2" ] ],
      "asks" : [ [ "0.03613", "111", "1" ], [ "0.03667", "19258", "1" ], [ "0.03675", "18423", "1" ], [ "0.03683", "24649", "1" ], [ "0.03696", "18795", "1" ], [ "0.03703", "14190", "1" ], [ "0.03717", "23619", "1" ], [ "0.03726", "39946", "1" ], [ "0.03749", "67363", "1" ], [ "0.03772", "92513", "1" ], [ "0.03795", "118342", "1" ], [ "0.03818", "140970", "1" ], [ "0.04405", "3478", "1" ], [ "0.04453", "11178", "1" ], [ "0.04526", "33638", "2" ], [ "0.04599", "56691", "2" ], [ "0.04672", "176647", "2" ], [ "0.04745", "443690", "1" ], [ "0.06000", "15667", "1" ], [ "0.08000", "797", "2" ], [ "0.08300", "365", "1" ], [ "0.12181", "18", "1" ], [ "0.13000", "9126", "1" ], [ "0.18800", "3856", "1" ], [ "0.18806", "1500", "1" ], [ "0.19000", "5", "1" ], [ "0.20000", "202", "1" ], [ "0.21000", "926", "1" ], [ "0.25000", "500", "1" ], [ "0.28800", "907", "1" ], [ "0.45000", "80", "1" ], [ "0.46288", "2", "1" ], [ "0.50000", "3169", "2" ], [ "1.10000", "11", "1" ], [ "1.70000", "2834", "5" ] ],
      "t" : 1756462193384
    } ],
    "instrument_name" : "PUSH_USD"
  }
}