{
  "id" : -1,
  "method" : "public/get-book",
  "code" : 0,
  "result" : {
    "depth" : 50,
    "data" : [ {
      "bids" : [ [ "0.22465", "1755", "1" ], [ "0.22443", "2159", "1" ], [ "0.22430", "12379", "1" ], [ "0.22429", "2159", "1" ], [ "0.22428", "6687", "2" ], [ "0.22414", "2159", "1" ], [ "0.22407", "11156", "1" ], [ "0.22399", "2159", "1" ], [ "0.22384", "11167", "1" ], [ "0.22339", "244", "1" ], [ "0.22305", "1200", "1" ], [ "0.22234", "25618", "1" ], [ "0.22227", "1200", "1" ], [ "0.22200", "25618", "1" ], [ "0.22120", "6000", "1" ], [ "0.22056", "44614", "1" ], [ "0.22043", "6000", "1" ], [ "0.22015", "9600", "1" ], [ "0.22013", "1200", "1" ], [ "0.22000", "44614", "1" ], [ "0.21785", "1197", "1" ], [ "0.21760", "1258", "1" ], [ "0.21697", "1534", "1" ], [ "0.21696", "7043", "2" ], [ "0.21675", "470150", "1" ], [ "0.21632", "1572", "1" ], [ "0.21627", "506", "1" ], [ "0.21546", "1575", "1" ], [ "0.21465", "2639", "1" ], [ "0.21384", "4826", "1" ], [ "0.21303", "6018", "1" ], [ "0.21222", "6018", "1" ], [ "0.18000", "111", "1" ], [ "0.17944", "1070", "1" ], [ "0.17860", "5461", "1" ], [ "0.17625", "10546", "2" ], [ "0.17390", "27984", "3" ], [ "0.17155", "10546", "1" ], [ "0.17000", "834", "2" ], [ "0.16920", "29652", "1" ], [ "0.15000", "2000", "2" ], [ "0.14000", "615", "1" ], [ "0.13456", "5500", "1" ], [ "0.10605", "12", "1" ], [ "0.07000", "150", "1" ] ],
      "asks" : [ [ "0.22527", "2054", "2" ], [ "0.22528", "2219", "1" ], [ "0.22547", "2159", "1" ], [ "0.22557", "22165", "1" ], [ "0.22561", "2159", "1" ], [ "0.22563", "11079", "1" ], [ "0.22588", "2159", "1" ], [ "0.22615", "2159", "1" ], [ "0.22634", "1200", "1" ], [ "0.22719", "1200", "1" ], [ "0.22724", "4800", "1" ], [ "0.22802", "1200", "1" ], [ "0.22842", "4488", "1" ], [ "0.22887", "3600", "1" ], [ "0.22897", "7200", "1" ], [ "0.22904", "1200", "1" ], [ "0.22908", "6000", "1" ], [ "0.23105", "1197", "1" ], [ "0.23155", "470150", "1" ], [ "0.23168", "1232", "1" ], [ "0.23193", "1534", "1" ], [ "0.23232", "1351", "1" ], [ "0.23247", "551", "1" ], [ "0.23296", "1286", "1" ], [ "0.23328", "1558", "2" ], [ "0.23409", "1558", "1" ], [ "0.23490", "2584", "1" ], [ "0.23571", "4484", "1" ], [ "0.23652", "5571", "1" ], [ "0.26000", "535", "1" ], [ "0.26940", "1070", "1" ], [ "0.27025", "2824", "1" ], [ "0.27260", "9913", "2" ], [ "0.27495", "16758", "3" ], [ "0.27730", "2824", "1" ], [ "0.27965", "17047", "2" ], [ "0.29000", "1212", "1" ], [ "0.30000", "691", "1" ], [ "0.30500", "33", "1" ], [ "0.33644", "61", "1" ], [ "0.35000", "1629", "1" ], [ "0.35804", "30", "1" ], [ "0.37200", "27", "1" ], [ "0.37900", "2604", "1" ], [ "0.40000", "44", "1" ], [ "0.42000", "100", "1" ], [ "0.45000", "515", "1" ], [ "0.47575", "72", "1" ], [ "0.49530", "69", "1" ], [ "0.51485", "66", "1" ] ],
      "t" : 1756462222554
    } ],
    "instrument_name" : "PYTH_USDT"
  }
}