{
  "id" : -1,
  "method" : "public/get-book",
  "code" : 0,
  "result" : {
    "depth" : 50,
    "data" : [ {
      "bids" : [ [ "0.22407", "446", "1" ], [ "0.22406", "1113", "1" ], [ "0.22402", "2836", "1" ], [ "0.22399", "4032", "2" ], [ "0.22391", "4466", "1" ], [ "0.22387", "2836", "1" ], [ "0.22373", "2836", "1" ], [ "0.22358", "2836", "1" ], [ "0.22345", "11188", "1" ], [ "0.22344", "2836", "1" ], [ "0.22322", "2836", "1" ], [ "0.22318", "11201", "1" ], [ "0.22252", "1200", "1" ], [ "0.22176", "6715", "2" ], [ "0.22046", "1200", "1" ], [ "0.22007", "12000", "2" ], [ "0.21950", "4800", "1" ], [ "0.21784", "1197", "1" ], [ "0.21775", "1427", "1" ], [ "0.21710", "1578", "1" ], [ "0.21697", "1534", "1" ], [ "0.21679", "564", "1" ], [ "0.21678", "470150", "1" ], [ "0.21663", "446", "1" ], [ "0.21645", "1635", "1" ], [ "0.21580", "1611", "1" ], [ "0.21497", "2634", "1" ], [ "0.21414", "3760", "1" ], [ "0.21331", "4958", "1" ], [ "0.21248", "5941", "1" ], [ "0.20000", "50", "1" ], [ "0.18800", "638", "9" ], [ "0.18042", "3229", "1" ], [ "0.17945", "1069", "1" ], [ "0.17861", "8102", "1" ], [ "0.17860", "5322", "1" ], [ "0.17681", "1108", "1" ], [ "0.17680", "5008", "1" ], [ "0.17625", "11167", "2" ], [ "0.17390", "28672", "3" ], [ "0.17155", "11167", "1" ], [ "0.16920", "28780", "1" ], [ "0.13430", "338", "1" ], [ "0.13000", "1179", "1" ], [ "0.12000", "1228", "1" ], [ "0.10500", "300", "1" ], [ "0.10000", "3800", "3" ], [ "0.09880", "100", "1" ], [ "0.08880", "300", "1" ], [ "0.08266", "50", "1" ] ],
      "asks" : [ [ "0.22456", "3100", "1" ], [ "0.22457", "4452", "1" ], [ "0.22464", "2836", "1" ], [ "0.22467", "2225", "1" ], [ "0.22478", "2836", "1" ], [ "0.22495", "2836", "1" ], [ "0.22501", "11110", "1" ], [ "0.22510", "22212", "1" ], [ "0.22511", "2836", "1" ], [ "0.22532", "2836", "1" ], [ "0.22558", "1200", "1" ], [ "0.22634", "1200", "1" ], [ "0.22693", "3600", "1" ], [ "0.22700", "3010", "1" ], [ "0.22707", "1200", "1" ], [ "0.22769", "1200", "1" ], [ "0.22780", "1200", "1" ], [ "0.22842", "3600", "1" ], [ "0.22846", "4800", "1" ], [ "0.22860", "1200", "1" ], [ "0.22861", "4800", "1" ], [ "0.23000", "652", "1" ], [ "0.23113", "1197", "1" ], [ "0.23140", "1064", "1" ], [ "0.23159", "470150", "1" ], [ "0.23200", "1534", "1" ], [ "0.23204", "4428", "1" ], [ "0.23205", "1064", "1" ], [ "0.23240", "506", "1" ], [ "0.23270", "1365", "1" ], [ "0.23323", "1418", "2" ], [ "0.23406", "2579", "2" ], [ "0.23489", "2579", "1" ], [ "0.23572", "3451", "1" ], [ "0.23655", "4441", "1" ], [ "0.25000", "10874", "4" ], [ "0.25470", "1744", "1" ], [ "0.26000", "50", "1" ], [ "0.26958", "1069", "1" ], [ "0.27025", "3518", "1" ], [ "0.27260", "10172", "2" ], [ "0.27495", "17876", "3" ], [ "0.27730", "3518", "1" ], [ "0.27965", "17969", "2" ], [ "0.29000", "8663", "3" ], [ "0.33500", "82338", "1" ], [ "0.33558", "13939", "1" ], [ "0.35000", "30757", "2" ], [ "0.37000", "18374", "1" ], [ "0.42654", "41", "1" ] ],
      "t" : 1756462219345
    } ],
    "instrument_name" : "PYTH_USD"
  }
}