{
  "id" : -1,
  "method" : "public/get-book",
  "code" : 0,
  "result" : {
    "depth" : 50,
    "data" : [ {
      "bids" : [ [ "0.22347", "10", "1" ], [ "0.22342", "10", "1" ], [ "0.22240", "220", "1" ], [ "0.22235", "220", "1" ], [ "0.22230", "220", "1" ], [ "0.22225", "220", "1" ], [ "0.22166", "4840", "1" ], [ "0.22163", "2010", "1" ], [ "0.22151", "5740", "1" ], [ "0.21888", "910", "1" ], [ "0.21787", "13380", "1" ], [ "0.21768", "4440", "1" ], [ "0.21717", "3710", "1" ], [ "0.21668", "9680", "1" ], [ "0.21660", "9550", "2" ], [ "0.21603", "12900", "2" ], [ "0.21558", "11480", "1" ], [ "0.21546", "17010", "1" ], [ "0.21489", "22830", "1" ], [ "0.17944", "2220", "1" ], [ "0.17538", "2660", "1" ], [ "0.17064", "6580", "2" ], [ "0.16590", "10700", "3" ], [ "0.16116", "15740", "4" ], [ "0.16000", "100", "1" ], [ "0.15642", "19900", "4" ], [ "0.15168", "23990", "1" ], [ "0.13000", "200", "2" ], [ "0.11000", "100", "1" ] ],
      "asks" : [ [ "0.22349", "10", "1" ], [ "0.22356", "10", "1" ], [ "0.22481", "2220", "1" ], [ "0.22487", "1530", "1" ], [ "0.22510", "5740", "1" ], [ "0.22555", "6410", "1" ], [ "0.22602", "3110", "1" ], [ "0.22620", "2670", "1" ], [ "0.22649", "3660", "2" ], [ "0.22678", "4140", "3" ], [ "0.22707", "4090", "1" ], [ "0.22736", "4690", "1" ], [ "0.22931", "4440", "1" ], [ "0.22971", "3950", "1" ], [ "0.23028", "8590", "2" ], [ "0.23083", "9670", "1" ], [ "0.23085", "13360", "2" ], [ "0.23142", "31780", "3" ], [ "0.23199", "22900", "1" ], [ "0.23229", "14310", "1" ], [ "0.23316", "14310", "1" ], [ "0.23372", "13220", "1" ], [ "0.23401", "11400", "1" ], [ "0.23420", "420", "1" ], [ "0.23430", "210", "1" ], [ "0.23435", "210", "1" ], [ "0.23440", "210", "1" ], [ "0.23445", "210", "1" ], [ "0.23488", "850", "1" ], [ "0.25000", "410", "2" ], [ "0.26952", "2220", "1" ], [ "0.27018", "2140", "1" ], [ "0.27492", "6820", "2" ], [ "0.27966", "11520", "3" ], [ "0.28440", "15170", "3" ], [ "0.28914", "20370", "3" ], [ "0.29388", "24350", "3" ], [ "0.30000", "300", "1" ] ],
      "t" : 1756462226571
    } ],
    "instrument_name" : "PYTHUSD-PERP"
  }
}