{
  "id" : -1,
  "method" : "public/get-book",
  "code" : 0,
  "result" : {
    "depth" : 50,
    "data" : [ {
      "bids" : [ [ "1.00015", "16.6", "1" ], [ "1.00014", "2.0", "1" ], [ "1.00012", "2.0", "1" ], [ "1.00007", "5078.0", "1" ], [ "1.00004", "5108.2", "1" ], [ "0.99990", "2.8", "1" ], [ "0.99930", "47525.0", "1" ], [ "0.99920", "24058.1", "1" ], [ "0.99900", "75161.6", "2" ], [ "0.99880", "29028.9", "1" ], [ "0.99870", "16910.8", "1" ], [ "0.99860", "31564.7", "1" ], [ "0.99840", "85451.3", "2" ], [ "0.99820", "37074.2", "1" ], [ "0.99810", "78070.4", "1" ], [ "0.99800", "40270.5", "1" ], [ "0.99780", "110223.7", "1" ], [ "0.99750", "141077.0", "1" ], [ "0.99689", "4.0", "1" ], [ "0.99677", "4.0", "1" ], [ "0.98652", "4.1", "1" ], [ "0.79992", "9.8", "1" ], [ "0.79991", "2500.0", "1" ], [ "0.78000", "5802.0", "1" ], [ "0.76000", "15442.7", "1" ], [ "0.74000", "25766.3", "1" ], [ "0.72000", "9671.0", "1" ], [ "0.70000", "23480.8", "1" ] ],
      "asks" : [ [ "1.00065", "1083.7", "1" ], [ "1.00067", "5095.6", "9" ], [ "1.00068", "3.9", "2" ], [ "1.00071", "49569.7", "3" ], [ "1.00080", "21255.4", "1" ], [ "1.00100", "31738.6", "1" ], [ "1.00101", "50000.0", "1" ], [ "1.00110", "20841.6", "1" ], [ "1.00120", "27007.8", "1" ], [ "1.00139", "92.4", "1" ], [ "1.00140", "81621.3", "2" ], [ "1.00160", "33206.3", "1" ], [ "1.00170", "81383.6", "1" ], [ "1.00180", "36968.4", "1" ], [ "1.00200", "147873.9", "2" ], [ "1.00230", "141399.8", "1" ], [ "1.00417", "4.0", "1" ], [ "1.00418", "4.0", "1" ], [ "1.00819", "8.2", "2" ], [ "1.00879", "16.4", "4" ], [ "1.01070", "4.1", "1" ], [ "1.20013", "2500.0", "1" ], [ "1.22000", "3656.0", "1" ], [ "1.24000", "9590.9", "1" ], [ "1.26000", "16695.0", "1" ], [ "1.28000", "4716.1", "1" ], [ "1.30000", "13887.5", "1" ] ],
      "t" : 1756462229983
    } ],
    "instrument_name" : "PYUSD_USD"
  }
}