{
  "id" : -1,
  "method" : "public/get-book",
  "code" : 0,
  "result" : {
    "depth" : 50,
    "data" : [ {
      "bids" : [ [ "1.00008", "149.5", "1" ], [ "1.00007", "2.0", "1" ], [ "1.00006", "2.0", "1" ], [ "0.99995", "520.5", "1" ], [ "0.99994", "4921.7", "1" ], [ "0.99969", "5.5", "3" ], [ "0.99966", "8.4", "2" ], [ "0.99965", "7.4", "2" ], [ "0.99957", "1.1", "1" ], [ "0.99956", "2.2", "2" ], [ "0.99955", "1.1", "1" ], [ "0.99952", "1.6", "1" ], [ "0.99940", "1.1", "1" ], [ "0.99938", "3.7", "1" ], [ "0.99936", "4.2", "1" ], [ "0.99935", "44.7", "1" ], [ "0.99934", "2.2", "2" ], [ "0.99933", "99.7", "1" ], [ "0.99931", "290.6", "1" ], [ "0.99930", "50000.0", "1" ], [ "0.99927", "25.2", "2" ], [ "0.99926", "2.2", "2" ], [ "0.99922", "2.0", "1" ], [ "0.99920", "20992.3", "1" ], [ "0.99918", "2.4", "1" ], [ "0.99916", "5.4", "2" ], [ "0.99915", "14.1", "6" ], [ "0.99913", "6.4", "3" ], [ "0.99912", "4.3", "2" ], [ "0.99911", "5.3", "2" ], [ "0.99908", "1.1", "1" ], [ "0.99907", "1.1", "1" ], [ "0.99904", "1.1", "1" ], [ "0.99902", "1.1", "1" ], [ "0.99900", "73816.9", "2" ], [ "0.99898", "2.2", "2" ], [ "0.99896", "1.1", "1" ], [ "0.99895", "1.1", "1" ], [ "0.99893", "1.1", "1" ], [ "0.99891", "2.2", "2" ], [ "0.99890", "1.1", "1" ], [ "0.99889", "1.1", "1" ], [ "0.99887", "2.2", "2" ], [ "0.99886", "2.2", "2" ], [ "0.99880", "30224.1", "2" ], [ "0.99876", "2.2", "2" ], [ "0.99871", "1.1", "1" ], [ "0.99870", "20079.7", "1" ], [ "0.99860", "33826.5", "1" ], [ "0.99858", "2.2", "2" ] ],
      "asks" : [ [ "1.00018", "2476.2", "2" ], [ "1.00019", "5013.6", "1" ], [ "1.00040", "49943.0", "2" ], [ "1.00043", "3.9", "1" ], [ "1.00060", "29771.6", "1" ], [ "1.00070", "50000.0", "1" ], [ "1.00080", "42745.3", "2" ], [ "1.00100", "32890.3", "1" ], [ "1.00110", "51440.9", "2" ], [ "1.00120", "31590.0", "1" ], [ "1.00140", "81535.5", "2" ], [ "1.00160", "39633.3", "1" ], [ "1.00170", "79116.3", "1" ], [ "1.00180", "44764.2", "1" ], [ "1.00200", "136866.1", "1" ], [ "1.09000", "3.1", "1" ], [ "1.19988", "2500.0", "1" ], [ "1.20000", "2500.0", "1" ], [ "1.22000", "10254.4", "2" ], [ "1.24000", "10254.4", "1" ], [ "1.26000", "4349.6", "1" ], [ "1.28000", "13282.9", "2" ] ],
      "t" : 1756462229394
    } ],
    "instrument_name" : "PYUSD_USDT"
  }
}