{
  "id" : -1,
  "method" : "public/get-book",
  "code" : 0,
  "result" : {
    "depth" : 50,
    "data" : [ {
      "bids" : [ [ "0.007132", "223580", "1" ], [ "0.007131", "93440", "1" ], [ "0.007119", "94670", "1" ], [ "0.007101", "119750", "1" ], [ "0.007099", "70640", "1" ], [ "0.007098", "94670", "1" ], [ "0.007077", "94670", "1" ], [ "0.007068", "213130", "2" ], [ "0.007037", "364380", "3" ], [ "0.007006", "364380", "2" ], [ "0.006975", "665540", "2" ], [ "0.006944", "506020", "1" ], [ "0.006520", "153780", "1" ], [ "0.005720", "16580", "1" ], [ "0.005700", "82150", "1" ], [ "0.005550", "246110", "2" ], [ "0.005400", "417000", "2" ], [ "0.005250", "1083160", "2" ], [ "0.005100", "3510430", "2" ] ],
      "asks" : [ [ "0.007213", "25200", "1" ], [ "0.007214", "210020", "1" ], [ "0.007215", "110370", "1" ], [ "0.007216", "236850", "1" ], [ "0.007230", "21840", "1" ], [ "0.007231", "93440", "1" ], [ "0.007241", "119750", "1" ], [ "0.007245", "100800", "1" ], [ "0.007254", "61640", "1" ], [ "0.007266", "100800", "1" ], [ "0.007285", "194540", "1" ], [ "0.007287", "100800", "1" ], [ "0.007316", "344980", "2" ], [ "0.007347", "480680", "2" ], [ "0.007378", "757440", "1" ], [ "0.007409", "757440", "1" ], [ "0.008594", "16580", "1" ], [ "0.008700", "53250", "1" ], [ "0.008850", "161900", "2" ], [ "0.009000", "272570", "3" ], [ "0.009150", "756240", "4" ], [ "0.009300", "1998320", "1" ], [ "0.010000", "5490", "3" ], [ "0.015000", "230", "1" ], [ "0.020000", "30", "1" ], [ "0.029600", "330", "1" ], [ "0.030000", "30", "1" ], [ "0.032000", "387080", "1" ], [ "0.034999", "140", "1" ], [ "0.035000", "2280", "2" ], [ "0.035999", "140", "1" ], [ "0.036999", "140", "1" ], [ "0.037999", "140", "1" ], [ "0.038999", "140", "1" ], [ "0.039999", "140", "1" ], [ "0.040000", "2020", "2" ], [ "0.040999", "140", "1" ], [ "0.041999", "140", "1" ], [ "0.042366", "130", "1" ], [ "0.042999", "140", "1" ], [ "0.043999", "140", "1" ], [ "0.044999", "140", "1" ], [ "0.045000", "30", "1" ], [ "0.045999", "140", "1" ], [ "0.046999", "140", "1" ], [ "0.047999", "140", "1" ], [ "0.048999", "140", "1" ], [ "0.049999", "140", "1" ], [ "0.050999", "140", "1" ], [ "0.051999", "140", "1" ] ],
      "t" : 1756462187604
    } ],
    "instrument_name" : "QI_USD"
  }
}