{
  "id" : -1,
  "method" : "public/get-book",
  "code" : 0,
  "result" : {
    "depth" : 50,
    "data" : [ {
      "bids" : [ [ "0.023626", "8748", "1" ], [ "0.023625", "29159", "1" ], [ "0.023608", "4318", "1" ], [ "0.023607", "10298", "1" ], [ "0.023606", "34325", "1" ], [ "0.023594", "37308", "1" ], [ "0.023584", "37308", "1" ], [ "0.023577", "33436", "1" ], [ "0.023548", "33436", "1" ], [ "0.023540", "98987", "2" ], [ "0.023496", "98987", "2" ], [ "0.023452", "229168", "2" ], [ "0.023409", "4042", "1" ], [ "0.023408", "293428", "2" ], [ "0.020000", "500", "1" ], [ "0.018969", "5248", "1" ], [ "0.018837", "22686", "1" ], [ "0.018354", "83436", "2" ], [ "0.017871", "83436", "1" ], [ "0.017388", "476128", "2" ], [ "0.016905", "1405747", "2" ] ],
      "asks" : [ [ "0.023762", "25885", "2" ], [ "0.023763", "29159", "1" ], [ "0.023779", "10105", "1" ], [ "0.023780", "33683", "1" ], [ "0.023809", "27667", "1" ], [ "0.023823", "37308", "1" ], [ "0.023838", "39211", "1" ], [ "0.023848", "34906", "1" ], [ "0.023891", "606", "1" ], [ "0.023892", "98729", "1" ], [ "0.023936", "152207", "1" ], [ "0.023980", "284406", "1" ], [ "0.024024", "284406", "1" ], [ "0.028494", "5248", "1" ], [ "0.028497", "19214", "1" ], [ "0.028980", "48786", "2" ], [ "0.029463", "82562", "3" ], [ "0.029946", "237247", "4" ], [ "0.030429", "800444", "1" ], [ "0.070000", "306", "1" ], [ "0.071994", "13", "1" ], [ "0.073380", "90", "1" ], [ "0.075000", "498", "1" ], [ "0.097278", "10", "1" ], [ "0.189000", "80", "1" ], [ "0.373000", "40", "1" ], [ "0.500000", "20923", "2" ] ],
      "t" : 1756462251584
    } ],
    "instrument_name" : "QUICK_USD"
  }
}