{
  "id" : -1,
  "method" : "public/get-book",
  "code" : 0,
  "result" : {
    "depth" : 50,
    "data" : [ {
      "bids" : [ [ "0.05355", "938", "1" ], [ "0.05353", "20263", "1" ], [ "0.05352", "30000", "1" ], [ "0.05349", "2828", "1" ], [ "0.05337", "7248", "1" ], [ "0.05334", "3833", "2" ], [ "0.05333", "11821", "1" ], [ "0.05314", "21188", "1" ], [ "0.05313", "11821", "1" ], [ "0.05306", "1242", "1" ], [ "0.05305", "15157", "1" ], [ "0.05301", "8332", "1" ], [ "0.05292", "10929", "1" ], [ "0.05272", "3110", "1" ], [ "0.05271", "11491", "1" ], [ "0.05270", "28731", "2" ], [ "0.05239", "28731", "1" ], [ "0.05209", "632", "2" ], [ "0.05208", "46774", "1" ], [ "0.05178", "794", "2" ], [ "0.05177", "65987", "2" ], [ "0.04855", "56", "1" ], [ "0.04288", "2106", "1" ], [ "0.04200", "11639", "1" ], [ "0.04080", "32029", "1" ], [ "0.03960", "53767", "1" ], [ "0.03935", "69", "1" ], [ "0.03840", "110438", "1" ], [ "0.03720", "281948", "1" ], [ "0.03015", "91", "1" ] ],
      "asks" : [ [ "0.05390", "520", "1" ], [ "0.05392", "20263", "1" ], [ "0.05393", "13624", "1" ], [ "0.05394", "27278", "3" ], [ "0.05395", "2722", "1" ], [ "0.05418", "21030", "1" ], [ "0.05419", "11821", "1" ], [ "0.05437", "15157", "1" ], [ "0.05439", "10022", "1" ], [ "0.05456", "7802", "1" ], [ "0.05460", "16304", "1" ], [ "0.05481", "26090", "2" ], [ "0.05487", "25339", "2" ], [ "0.05517", "285", "1" ], [ "0.05518", "43370", "2" ], [ "0.05548", "355", "1" ], [ "0.05549", "78558", "2" ], [ "0.05580", "78558", "1" ], [ "0.05597", "279", "1" ], [ "0.05760", "278", "1" ], [ "0.05879", "153", "1" ], [ "0.05994", "153", "1" ], [ "0.06110", "153", "1" ], [ "0.06179", "153", "1" ], [ "0.06446", "2106", "1" ], [ "0.06473", "1347", "1" ], [ "0.06480", "6421", "1" ], [ "0.06600", "20310", "2" ], [ "0.06696", "47", "1" ], [ "0.06720", "20310", "2" ], [ "0.06840", "46626", "3" ], [ "0.06960", "151358", "4" ], [ "0.07250", "1969", "1" ], [ "0.07616", "40", "1" ], [ "0.07998", "438", "1" ], [ "0.08215", "166", "1" ], [ "0.08536", "35", "1" ], [ "0.09088", "166", "1" ], [ "0.09456", "31", "1" ], [ "0.09963", "166", "1" ], [ "0.10000", "6417", "2" ], [ "0.10377", "28", "1" ], [ "0.10836", "166", "1" ], [ "0.11000", "1883", "1" ], [ "0.11111", "2077", "1" ], [ "0.11710", "166", "1" ], [ "0.12584", "166", "1" ], [ "0.13457", "166", "1" ], [ "0.14332", "166", "1" ], [ "0.14698", "48", "1" ] ],
      "t" : 1756462268028
    } ],
    "instrument_name" : "RARE_USD"
  }
}