{
  "id" : -1,
  "method" : "public/get-book",
  "code" : 0,
  "result" : {
    "depth" : 50,
    "data" : [ {
      "bids" : [ [ "0.07900", "130", "1" ], [ "0.07760", "4486", "1" ], [ "0.07759", "2496", "1" ], [ "0.07746", "2301", "1" ], [ "0.07742", "2043", "1" ], [ "0.07694", "1806", "1" ], [ "0.07693", "2043", "1" ], [ "0.07646", "13077", "1" ], [ "0.07645", "26160", "1" ], [ "0.07644", "5689", "2" ], [ "0.07566", "2708", "1" ], [ "0.07501", "3206", "3" ], [ "0.07488", "7667", "2" ], [ "0.07457", "60", "1" ], [ "0.07452", "57", "1" ], [ "0.07432", "168", "1" ], [ "0.07423", "1201", "1" ], [ "0.07411", "1509", "1" ], [ "0.07410", "7667", "2" ], [ "0.07384", "464", "1" ], [ "0.07333", "3582", "2" ], [ "0.07332", "17006", "2" ], [ "0.07255", "1886", "1" ], [ "0.07254", "21647", "2" ], [ "0.07208", "59", "1" ], [ "0.07183", "63", "1" ], [ "0.07177", "4106", "2" ], [ "0.07176", "21647", "1" ], [ "0.07169", "348", "1" ], [ "0.07144", "174", "1" ], [ "0.07056", "486", "1" ], [ "0.06963", "61", "1" ], [ "0.06914", "329", "1" ], [ "0.06908", "65", "1" ], [ "0.06854", "3007", "2" ], [ "0.06801", "17360", "2" ], [ "0.06800", "735294", "1" ], [ "0.06786", "872", "1" ], [ "0.06776", "1604", "1" ], [ "0.06729", "509", "1" ], [ "0.06719", "63", "1" ], [ "0.06700", "518176", "1" ], [ "0.06633", "68", "1" ], [ "0.06583", "379", "1" ], [ "0.06565", "190", "1" ], [ "0.06475", "66", "1" ], [ "0.06400", "536", "1" ], [ "0.06360", "1566", "1" ], [ "0.06357", "71", "1" ], [ "0.06320", "1985", "1" ] ],
      "asks" : [ [ "0.07901", "4895", "4" ], [ "0.07943", "55", "1" ], [ "0.07964", "6517", "1" ], [ "0.07965", "2395", "2" ], [ "0.08007", "58", "1" ], [ "0.08015", "161", "1" ], [ "0.08087", "2301", "1" ], [ "0.08133", "197", "1" ], [ "0.08134", "2805", "1" ], [ "0.08142", "932", "1" ], [ "0.08183", "2805", "1" ], [ "0.08187", "54", "1" ], [ "0.08191", "2926", "1" ], [ "0.08200", "18301", "1" ], [ "0.08232", "2805", "1" ], [ "0.08267", "2509", "2" ], [ "0.08268", "2436", "1" ], [ "0.08284", "56", "1" ], [ "0.08304", "155", "1" ], [ "0.08343", "321", "1" ], [ "0.08345", "2639", "2" ], [ "0.08346", "6839", "1" ], [ "0.08378", "662", "1" ], [ "0.08392", "750", "1" ], [ "0.08423", "1239", "1" ], [ "0.08424", "15133", "1" ], [ "0.08501", "2512", "2" ], [ "0.08502", "18953", "1" ], [ "0.08580", "23726", "1" ], [ "0.08637", "36", "1" ], [ "0.08658", "23726", "1" ], [ "0.08813", "1436", "1" ], [ "0.08960", "80", "1" ], [ "0.09150", "236166", "1" ], [ "0.09517", "1985", "1" ], [ "0.09548", "6964", "1" ], [ "0.09672", "18972", "2" ], [ "0.09793", "21590", "1" ], [ "0.09796", "18972", "2" ], [ "0.09799", "2843", "1" ], [ "0.09800", "47020", "5" ], [ "0.09900", "363", "1" ], [ "0.09920", "64338", "2" ], [ "0.10000", "5349", "4" ], [ "0.10044", "194389", "1" ], [ "0.11800", "170", "1" ], [ "0.12124", "9", "1" ], [ "0.13000", "11878", "1" ], [ "0.13170", "40000", "1" ], [ "0.13930", "31090", "1" ] ],
      "t" : 1756462276679
    } ],
    "instrument_name" : "REACT_USD"
  }
}