{
  "id" : -1,
  "method" : "public/get-book",
  "code" : 0,
  "result" : {
    "depth" : 50,
    "data" : [ {
      "bids" : [ [ "0.14363", "696", "1" ], [ "0.14362", "1044", "1" ], [ "0.14346", "11796", "1" ], [ "0.14345", "3747", "1" ], [ "0.14343", "6992", "1" ], [ "0.14336", "1743", "1" ], [ "0.14324", "7548", "1" ], [ "0.14309", "4816", "1" ], [ "0.14306", "2446", "1" ], [ "0.14301", "5644", "1" ], [ "0.14299", "6178", "1" ], [ "0.14291", "4416", "1" ], [ "0.14280", "5098", "1" ], [ "0.14274", "7005", "1" ], [ "0.14260", "11712", "2" ], [ "0.14259", "5098", "1" ], [ "0.14230", "530", "1" ], [ "0.14229", "11712", "1" ], [ "0.14198", "25775", "1" ], [ "0.14167", "33464", "1" ], [ "0.14136", "40093", "1" ], [ "0.13784", "115", "1" ], [ "0.13783", "213", "1" ], [ "0.11489", "864", "1" ], [ "0.11349", "4542", "1" ], [ "0.11058", "13986", "1" ], [ "0.10767", "21900", "1" ], [ "0.10476", "22126", "1" ], [ "0.10185", "71141", "1" ], [ "0.07339", "2", "1" ] ],
      "asks" : [ [ "0.14412", "1007", "1" ], [ "0.14413", "7667", "1" ], [ "0.14414", "779", "1" ], [ "0.14415", "4816", "1" ], [ "0.14427", "4558", "1" ], [ "0.14435", "6178", "1" ], [ "0.14442", "2423", "1" ], [ "0.14446", "4084", "1" ], [ "0.14448", "4558", "1" ], [ "0.14469", "5952", "1" ], [ "0.14475", "6908", "1" ], [ "0.14477", "10879", "2" ], [ "0.14508", "18204", "2" ], [ "0.14539", "18204", "1" ], [ "0.14570", "33063", "1" ], [ "0.14601", "39673", "1" ], [ "0.14699", "144", "1" ], [ "0.14847", "174", "1" ], [ "0.15472", "125", "1" ], [ "0.15473", "122", "1" ], [ "0.16250", "8", "1" ], [ "0.16500", "8", "1" ], [ "0.16750", "8", "1" ], [ "0.17248", "864", "1" ], [ "0.17460", "2320", "1" ], [ "0.17751", "8559", "2" ], [ "0.18042", "14597", "2" ], [ "0.18333", "14597", "1" ], [ "0.18624", "40988", "2" ], [ "0.18800", "55", "1" ], [ "0.19505", "5", "1" ], [ "0.20000", "173", "3" ], [ "0.21444", "717", "1" ], [ "0.22000", "80", "1" ], [ "0.22500", "1943", "1" ], [ "0.24300", "1655", "1" ], [ "0.24999", "19", "1" ], [ "0.25000", "20", "1" ], [ "0.25499", "19", "1" ], [ "0.25999", "19", "1" ], [ "0.26499", "19", "1" ], [ "0.26999", "19", "1" ], [ "0.27499", "19", "1" ], [ "0.27999", "19", "1" ], [ "0.28499", "19", "1" ], [ "0.28999", "19", "1" ], [ "0.29499", "19", "1" ], [ "0.29999", "19", "1" ], [ "0.30000", "257", "2" ], [ "0.30499", "19", "1" ] ],
      "t" : 1756462303535
    } ],
    "instrument_name" : "REQ_USD"
  }
}