{
  "id" : -1,
  "method" : "public/get-book",
  "code" : 0,
  "result" : {
    "depth" : 50,
    "data" : [ {
      "bids" : [ [ "0.49791", "275.0", "1" ], [ "0.49790", "239.3", "1" ], [ "0.49715", "14.9", "1" ], [ "0.49714", "1338.1", "1" ], [ "0.49600", "1517.4", "1" ], [ "0.49523", "1712.7", "1" ], [ "0.49400", "1517.4", "1" ], [ "0.49335", "772.9", "1" ], [ "0.49200", "1232.8", "1" ], [ "0.49036", "1852.3", "2" ], [ "0.48737", "3339.9", "2" ], [ "0.48438", "3339.9", "2" ], [ "0.48139", "4631.6", "2" ], [ "0.48108", "2.5", "1" ], [ "0.47840", "4631.6", "1" ], [ "0.47035", "4.1", "1" ], [ "0.40080", "240.1", "1" ], [ "0.39862", "1328.8", "1" ], [ "0.38813", "3799.0", "2" ], [ "0.37764", "6381.3", "2" ], [ "0.36715", "5599.3", "1" ], [ "0.35666", "14153.6", "2" ] ],
      "asks" : [ [ "0.50587", "1338.1", "1" ], [ "0.50600", "1378.0", "1" ], [ "0.50778", "1712.7", "1" ], [ "0.50800", "1378.0", "1" ], [ "0.50830", "513.6", "1" ], [ "0.51000", "1396.2", "1" ], [ "0.51129", "1723.5", "2" ], [ "0.51428", "3135.1", "3" ], [ "0.51727", "3135.1", "3" ], [ "0.52026", "5577.3", "3" ], [ "0.52325", "6655.6", "1" ], [ "0.60240", "240.1", "1" ], [ "0.60842", "867.2", "1" ], [ "0.61891", "2314.0", "2" ], [ "0.62940", "3939.7", "3" ], [ "0.63989", "2314.0", "2" ], [ "0.65038", "7883.9", "1" ], [ "0.71000", "114.5", "1" ], [ "3.20000", "15.4", "1" ], [ "4.50000", "23.1", "1" ], [ "4.58478", "12.4", "1" ], [ "5.00000", "13.5", "1" ], [ "6.00000", "30.8", "1" ], [ "8.00000", "7.7", "1" ], [ "18.00000", "3.0", "1" ] ],
      "t" : 1756462306849
    } ],
    "instrument_name" : "RONIN_USDT"
  }
}