{
  "id" : -1,
  "method" : "public/get-book",
  "code" : 0,
  "result" : {
    "depth" : 50,
    "data" : [ {
      "bids" : [ [ "0.50135", "1", "1" ], [ "0.50114", "1", "1" ], [ "0.50085", "399", "1" ], [ "0.49965", "1341", "1" ], [ "0.49950", "1076", "1" ], [ "0.49876", "1291", "1" ], [ "0.49802", "1386", "2" ], [ "0.49728", "1873", "2" ], [ "0.49654", "1614", "3" ], [ "0.49570", "100", "1" ], [ "0.49560", "100", "1" ], [ "0.49550", "100", "1" ], [ "0.49540", "100", "1" ], [ "0.49317", "1919", "1" ], [ "0.49280", "1688", "1" ], [ "0.49140", "3199", "2" ], [ "0.49000", "5302", "3" ], [ "0.48860", "7393", "3" ], [ "0.48720", "8839", "3" ], [ "0.45489", "185", "1" ], [ "0.40080", "958", "1" ], [ "0.39254", "738", "1" ], [ "0.38221", "2173", "1" ], [ "0.37188", "3863", "1" ], [ "0.36155", "5197", "1" ], [ "0.35122", "6841", "1" ], [ "0.34089", "8477", "1" ] ],
      "asks" : [ [ "0.50136", "1", "1" ], [ "0.50175", "1", "1" ], [ "0.50245", "398", "1" ], [ "0.50337", "284", "1" ], [ "0.50344", "1341", "1" ], [ "0.50394", "1108", "1" ], [ "0.50468", "1585", "1" ], [ "0.50480", "1919", "1" ], [ "0.50540", "1525", "1" ], [ "0.50542", "1394", "2" ], [ "0.50616", "1626", "2" ], [ "0.50680", "3469", "1" ], [ "0.50690", "2155", "3" ], [ "0.50700", "98", "1" ], [ "0.50710", "98", "1" ], [ "0.50720", "98", "1" ], [ "0.50820", "5570", "1" ], [ "0.50960", "7057", "1" ], [ "0.51100", "8693", "1" ], [ "0.55198", "185", "1" ], [ "0.60240", "958", "1" ], [ "0.60947", "804", "1" ], [ "0.61980", "2283", "1" ], [ "0.63013", "3825", "1" ], [ "0.64046", "5319", "1" ], [ "0.65079", "6808", "1" ], [ "0.66112", "8518", "1" ] ],
      "t" : 1756462327326
    } ],
    "instrument_name" : "RONINUSD-PERP"
  }
}