{
  "id" : -1,
  "method" : "public/get-book",
  "code" : 0,
  "result" : {
    "depth" : 50,
    "data" : [ {
      "bids" : [ [ "0.49715", "675.6", "2" ], [ "0.49714", "1338.1", "1" ], [ "0.49610", "1168.7", "1" ], [ "0.49523", "1712.7", "1" ], [ "0.49410", "664.9", "1" ], [ "0.49405", "1168.7", "1" ], [ "0.49200", "1534.8", "1" ], [ "0.49105", "1906.2", "2" ], [ "0.48800", "3321.5", "2" ], [ "0.48495", "3321.5", "2" ], [ "0.48190", "4461.2", "2" ], [ "0.47885", "5933.6", "2" ], [ "0.45591", "95.5", "1" ], [ "0.40084", "240.4", "1" ], [ "0.39976", "1127.6", "1" ], [ "0.38924", "3930.9", "2" ], [ "0.37872", "4825.7", "1" ], [ "0.36820", "4825.7", "1" ], [ "0.36188", "200.0", "1" ], [ "0.35768", "13742.9", "2" ] ],
      "asks" : [ [ "0.50602", "1338.1", "1" ], [ "0.50635", "1346.0", "1" ], [ "0.50793", "1712.7", "1" ], [ "0.50840", "1346.0", "1" ], [ "0.50935", "599.2", "1" ], [ "0.51045", "1606.2", "1" ], [ "0.51240", "1860.2", "2" ], [ "0.51545", "1860.2", "1" ], [ "0.51850", "4269.7", "2" ], [ "0.52155", "4269.7", "1" ], [ "0.52460", "6650.4", "1" ], [ "0.60253", "240.4", "1" ], [ "0.60871", "130.0", "1" ], [ "0.61016", "785.4", "1" ], [ "0.62068", "2435.6", "2" ], [ "0.63120", "2435.6", "2" ], [ "0.64172", "2435.6", "2" ], [ "0.65224", "8378.3", "1" ], [ "1.21600", "1140.2", "1" ], [ "2.02508", "0.6", "1" ], [ "2.53140", "50.0", "1" ], [ "2.56870", "50.0", "1" ], [ "3.87394", "67.1", "1" ], [ "3.99998", "15.4", "1" ], [ "4.00000", "60.1", "1" ], [ "4.11842", "0.2", "1" ], [ "4.19998", "15.4", "1" ], [ "4.60000", "387.3", "1" ], [ "4.99998", "15.4", "1" ], [ "5.29998", "15.4", "1" ], [ "6.90000", "387.3", "1" ], [ "7.00000", "100.0", "1" ], [ "15.00000", "80.0", "1" ] ],
      "t" : 1756462320065
    } ],
    "instrument_name" : "RONIN_USD"
  }
}