{
  "id" : -1,
  "method" : "public/get-book",
  "code" : 0,
  "result" : {
    "depth" : 50,
    "data" : [ {
      "bids" : [ [ "0.0075573", "2980", "1" ], [ "0.0075572", "18660", "1" ], [ "0.0075532", "549850", "1" ], [ "0.0075531", "91290", "1" ], [ "0.0075529", "97500", "1" ], [ "0.0075482", "104090", "1" ], [ "0.0075449", "67750", "1" ], [ "0.0075448", "32080", "1" ], [ "0.0075435", "101250", "1" ], [ "0.0075355", "32080", "1" ], [ "0.0075350", "116910", "1" ], [ "0.0075277", "71360", "1" ], [ "0.0075276", "52390", "1" ], [ "0.0075264", "32080", "1" ], [ "0.0075169", "72070", "1" ], [ "0.0075168", "168840", "1" ], [ "0.0075134", "32080", "1" ], [ "0.0075062", "2030", "1" ], [ "0.0075060", "287770", "1" ], [ "0.0074966", "32080", "1" ], [ "0.0074952", "408390", "1" ], [ "0.0074872", "32080", "1" ], [ "0.0074844", "520170", "1" ], [ "0.0074736", "624470", "1" ], [ "0.0074388", "652270", "1" ], [ "0.0074244", "2503460", "1" ], [ "0.0072908", "460", "1" ], [ "0.0067940", "280", "1" ], [ "0.0060424", "16280", "1" ], [ "0.0060021", "77040", "1" ], [ "0.0058871", "580", "1" ], [ "0.0058482", "257930", "2" ], [ "0.0056943", "414450", "2" ], [ "0.0055404", "180930", "1" ], [ "0.0053865", "579490", "2" ], [ "0.0044834", "760", "1" ] ],
      "asks" : [ [ "0.0075614", "16330", "1" ], [ "0.0075680", "549850", "1" ], [ "0.0075686", "91290", "1" ], [ "0.0075717", "94970", "1" ], [ "0.0075745", "32080", "1" ], [ "0.0075764", "104520", "1" ], [ "0.0075811", "108710", "1" ], [ "0.0075817", "116910", "1" ], [ "0.0075923", "32080", "1" ], [ "0.0075924", "54800", "1" ], [ "0.0076031", "9400", "1" ], [ "0.0076032", "169930", "1" ], [ "0.0076105", "32080", "1" ], [ "0.0076140", "278030", "1" ], [ "0.0076248", "392270", "1" ], [ "0.0076356", "494150", "1" ], [ "0.0076464", "609110", "1" ], [ "0.0076498", "705760", "1" ], [ "0.0076966", "2503460", "1" ], [ "0.0090648", "16280", "1" ], [ "0.0090801", "61350", "1" ], [ "0.0092340", "167590", "2" ], [ "0.0093879", "275740", "2" ], [ "0.0095418", "109560", "2" ], [ "0.0096957", "352820", "1" ], [ "0.0100000", "400380", "4" ], [ "0.0100981", "390", "1" ], [ "0.0108142", "1100", "1" ], [ "0.0109844", "660", "1" ], [ "0.0114102", "640", "1" ], [ "0.0115019", "320", "1" ], [ "0.0117792", "660", "1" ], [ "0.0118359", "610", "1" ], [ "0.0122127", "640", "1" ], [ "0.0122617", "590", "1" ], [ "0.0125000", "35290", "1" ], [ "0.0126000", "1180", "1" ], [ "0.0126462", "610", "1" ], [ "0.0126876", "570", "1" ], [ "0.0129055", "280", "1" ], [ "0.0130000", "29750", "1" ], [ "0.0130798", "590", "1" ], [ "0.0131134", "550", "1" ], [ "0.0135133", "570", "1" ], [ "0.0135391", "530", "1" ], [ "0.0139468", "600", "1" ], [ "0.0139649", "510", "1" ], [ "0.0143093", "250", "1" ], [ "0.0143803", "600", "1" ], [ "0.0143908", "500", "1" ] ],
      "t" : 1756462339875
    } ],
    "instrument_name" : "RSR_USDT"
  }
}