{
  "id" : -1,
  "method" : "public/get-book",
  "code" : 0,
  "result" : {
    "depth" : 50,
    "data" : [ {
      "bids" : [ [ "0.0075433", "31720", "2" ], [ "0.0075428", "67740", "1" ], [ "0.0075357", "32090", "1" ], [ "0.0075350", "116910", "1" ], [ "0.0075284", "49430", "1" ], [ "0.0075260", "18350", "1" ], [ "0.0075259", "32090", "1" ], [ "0.0075170", "474460", "1" ], [ "0.0075169", "222650", "1" ], [ "0.0075168", "196530", "2" ], [ "0.0075060", "32090", "1" ], [ "0.0075052", "293000", "1" ], [ "0.0074966", "32090", "1" ], [ "0.0074936", "390350", "1" ], [ "0.0074821", "7520", "1" ], [ "0.0074820", "510690", "1" ], [ "0.0074704", "616180", "1" ], [ "0.0074387", "91290", "1" ], [ "0.0074354", "81340", "1" ], [ "0.0074307", "115530", "1" ], [ "0.0074260", "95480", "1" ], [ "0.0074255", "2503460", "1" ], [ "0.0074153", "810", "1" ], [ "0.0060430", "16310", "1" ], [ "0.0060021", "92520", "1" ], [ "0.0058482", "242970", "2" ], [ "0.0056943", "408280", "2" ], [ "0.0055404", "234920", "1" ], [ "0.0053865", "558810", "2" ], [ "0.0040000", "40", "1" ], [ "0.0038606", "12960", "1" ], [ "0.0030000", "20", "1" ], [ "0.0013000", "7690", "1" ] ],
      "asks" : [ [ "0.0075771", "20290", "1" ], [ "0.0075772", "32090", "1" ], [ "0.0075837", "474460", "1" ], [ "0.0075838", "101340", "1" ], [ "0.0075840", "116910", "1" ], [ "0.0075863", "164970", "1" ], [ "0.0075864", "58660", "1" ], [ "0.0075952", "159330", "1" ], [ "0.0075953", "32090", "1" ], [ "0.0075980", "178560", "1" ], [ "0.0076096", "273040", "1" ], [ "0.0076135", "32090", "1" ], [ "0.0076212", "387050", "1" ], [ "0.0076328", "504690", "1" ], [ "0.0076444", "619440", "1" ], [ "0.0076833", "91290", "1" ], [ "0.0076845", "82030", "1" ], [ "0.0076892", "116250", "1" ], [ "0.0076939", "122590", "1" ], [ "0.0076978", "2503460", "1" ], [ "0.0083930", "6000", "1" ], [ "0.0084091", "2390", "1" ], [ "0.0088718", "5250", "1" ], [ "0.0089435", "5140", "1" ], [ "0.0089670", "14000", "1" ], [ "0.0090153", "5100", "1" ], [ "0.0090667", "16310", "1" ], [ "0.0090801", "50540", "1" ], [ "0.0090872", "5080", "1" ], [ "0.0091590", "5020", "1" ], [ "0.0092000", "28850", "1" ], [ "0.0092308", "4980", "1" ], [ "0.0092340", "168730", "2" ], [ "0.0093025", "4940", "1" ], [ "0.0093743", "4900", "1" ], [ "0.0093879", "275290", "2" ], [ "0.0094462", "4870", "1" ], [ "0.0095000", "222500", "1" ], [ "0.0095180", "4830", "1" ], [ "0.0095418", "109470", "2" ], [ "0.0095898", "4800", "1" ], [ "0.0096615", "4760", "1" ], [ "0.0096957", "350800", "1" ], [ "0.0097333", "4720", "1" ], [ "0.0098052", "4690", "1" ], [ "0.0098770", "4650", "1" ], [ "0.0099500", "4630", "1" ], [ "0.0099673", "135580", "1" ], [ "0.0100000", "7910", "1" ], [ "0.0102000", "6030", "1" ] ],
      "t" : 1756462334383
    } ],
    "instrument_name" : "RSR_USD"
  }
}