{
  "id" : -1,
  "method" : "public/get-book",
  "code" : 0,
  "result" : {
    "depth" : 50,
    "data" : [ {
      "bids" : [ [ "0.013338", "4350", "1" ], [ "0.013337", "10840", "1" ], [ "0.013336", "7620", "1" ], [ "0.013324", "7620", "1" ], [ "0.013306", "7620", "1" ], [ "0.013302", "83710", "1" ], [ "0.013301", "50710", "1" ], [ "0.013295", "7620", "1" ], [ "0.013293", "56450", "1" ], [ "0.013284", "7620", "1" ], [ "0.013281", "64860", "1" ], [ "0.013272", "64070", "2" ], [ "0.013268", "52830", "1" ], [ "0.013251", "50710", "1" ], [ "0.013237", "165190", "2" ], [ "0.013206", "290530", "3" ], [ "0.013175", "290530", "3" ], [ "0.013144", "493310", "4" ], [ "0.012800", "100", "1" ], [ "0.012715", "410", "1" ], [ "0.012486", "24470", "1" ], [ "0.012485", "1810", "1" ], [ "0.012483", "1800", "1" ], [ "0.012460", "810", "1" ], [ "0.012205", "430", "1" ], [ "0.011693", "450", "1" ], [ "0.011183", "470", "1" ], [ "0.010671", "490", "1" ], [ "0.010665", "9030", "1" ], [ "0.010526", "47350", "1" ], [ "0.010249", "137400", "2" ], [ "0.010160", "520", "1" ], [ "0.010000", "2400", "1" ], [ "0.009972", "241390", "2" ], [ "0.009695", "240240", "1" ], [ "0.009650", "540", "1" ], [ "0.009418", "868050", "2" ], [ "0.009138", "580", "1" ] ],
      "asks" : [ [ "0.013360", "850", "1" ], [ "0.013389", "760", "1" ], [ "0.013390", "151410", "1" ], [ "0.013391", "7620", "1" ], [ "0.013393", "50710", "1" ], [ "0.013398", "57050", "1" ], [ "0.013402", "7620", "1" ], [ "0.013413", "72480", "2" ], [ "0.013419", "57050", "1" ], [ "0.013423", "55190", "1" ], [ "0.013440", "57050", "1" ], [ "0.013454", "161780", "1" ], [ "0.013485", "271400", "1" ], [ "0.013516", "487170", "1" ], [ "0.013547", "487170", "1" ], [ "0.013574", "850", "1" ], [ "0.013716", "1940", "1" ], [ "0.013738", "400", "1" ], [ "0.013841", "1930", "1" ], [ "0.013842", "2230", "1" ], [ "0.013843", "810", "1" ], [ "0.013948", "960", "1" ], [ "0.013949", "1260", "1" ], [ "0.014228", "1040", "1" ], [ "0.014248", "380", "1" ], [ "0.014726", "1260", "1" ], [ "0.014760", "370", "1" ], [ "0.015000", "500", "1" ], [ "0.015278", "350", "1" ], [ "0.015536", "6240", "1" ], [ "0.015555", "17010", "1" ], [ "0.016012", "9030", "1" ], [ "0.016066", "30280", "1" ], [ "0.016343", "87480", "2" ], [ "0.016620", "146980", "3" ], [ "0.016897", "146980", "3" ], [ "0.017174", "483100", "3" ], [ "0.018555", "470", "1" ], [ "0.018724", "100", "1" ], [ "0.019000", "250", "1" ], [ "0.020000", "10000", "1" ], [ "0.021000", "6000", "1" ], [ "0.021107", "4000", "1" ], [ "0.022000", "10230", "1" ], [ "0.022500", "2560", "1" ], [ "0.025000", "10000", "1" ], [ "0.027820", "15360", "1" ], [ "0.028000", "370", "2" ], [ "0.030000", "10", "1" ], [ "0.032000", "8820", "1" ] ],
      "t" : 1756462348930
    } ],
    "instrument_name" : "RVN_USD"
  }
}