{
  "id" : -1,
  "method" : "public/get-book",
  "code" : 0,
  "result" : {
    "depth" : 50,
    "data" : [ {
      "bids" : [ [ "0.013332", "10", "1" ], [ "0.013329", "10", "1" ], [ "0.013320", "3750", "1" ], [ "0.013317", "3750", "1" ], [ "0.013274", "7620", "1" ], [ "0.013269", "92260", "1" ], [ "0.013265", "104580", "1" ], [ "0.013220", "7620", "1" ], [ "0.013212", "9460", "1" ], [ "0.013203", "9460", "1" ], [ "0.013194", "9470", "1" ], [ "0.013193", "7620", "1" ], [ "0.013185", "9480", "1" ], [ "0.013182", "11370", "1" ], [ "0.013169", "11390", "1" ], [ "0.013167", "72670", "1" ], [ "0.013166", "7620", "1" ], [ "0.013156", "11400", "1" ], [ "0.013143", "11410", "1" ], [ "0.013140", "75690", "1" ], [ "0.013130", "11420", "1" ], [ "0.013117", "11430", "1" ], [ "0.013110", "144850", "2" ], [ "0.013080", "190530", "3" ], [ "0.013050", "281420", "4" ], [ "0.013020", "349000", "5" ], [ "0.012120", "86720", "1" ], [ "0.012006", "182210", "1" ], [ "0.010664", "36340", "1" ], [ "0.010647", "30780", "1" ], [ "0.010374", "92680", "2" ], [ "0.010101", "141370", "2" ], [ "0.010074", "182210", "1" ], [ "0.010005", "182210", "1" ], [ "0.009828", "205290", "2" ], [ "0.009798", "182210", "1" ], [ "0.009555", "260770", "2" ], [ "0.009282", "316930", "2" ] ],
      "asks" : [ [ "0.013341", "10", "1" ], [ "0.013344", "10", "1" ], [ "0.013377", "3730", "1" ], [ "0.013380", "3730", "1" ], [ "0.013387", "50870", "1" ], [ "0.013391", "7620", "1" ], [ "0.013392", "44660", "1" ], [ "0.013408", "49920", "1" ], [ "0.013416", "72670", "1" ], [ "0.013423", "7620", "1" ], [ "0.013424", "52440", "1" ], [ "0.013440", "148050", "2" ], [ "0.013444", "104580", "1" ], [ "0.013451", "92260", "1" ], [ "0.013456", "62220", "1" ], [ "0.013461", "63000", "1" ], [ "0.013469", "7620", "1" ], [ "0.013470", "76020", "1" ], [ "0.013482", "9270", "1" ], [ "0.013491", "9260", "1" ], [ "0.013500", "141370", "2" ], [ "0.013509", "9250", "1" ], [ "0.013520", "11090", "1" ], [ "0.013530", "198400", "1" ], [ "0.013533", "11080", "1" ], [ "0.013546", "11070", "1" ], [ "0.013559", "11060", "1" ], [ "0.013560", "353010", "1" ], [ "0.013572", "11050", "1" ], [ "0.013585", "11040", "1" ], [ "0.014682", "86720", "1" ], [ "0.016008", "36340", "1" ], [ "0.016107", "25730", "1" ], [ "0.016380", "86440", "2" ], [ "0.016653", "146430", "3" ], [ "0.016926", "205350", "3" ], [ "0.017199", "261720", "3" ], [ "0.017472", "324120", "1" ] ],
      "t" : 1756462359092
    } ],
    "instrument_name" : "RVNUSD-PERP"
  }
}