{
  "id" : -1,
  "method" : "public/get-book",
  "code" : 0,
  "result" : {
    "depth" : 50,
    "data" : [ {
      "bids" : [ [ "0.31809", "1131.8", "2" ], [ "0.31800", "246.7", "1" ], [ "0.31790", "31.5", "1" ], [ "0.31789", "1358.1", "1" ], [ "0.31788", "4527.0", "1" ], [ "0.31786", "5391.3", "2" ], [ "0.31785", "71866.0", "1" ], [ "0.31770", "1537.7", "1" ], [ "0.31761", "430.3", "1" ], [ "0.31718", "5281.0", "1" ], [ "0.31665", "430.3", "1" ], [ "0.31664", "1941.1", "1" ], [ "0.31663", "5954.8", "2" ], [ "0.31662", "3003.3", "1" ], [ "0.31661", "430.3", "1" ], [ "0.31659", "395263.0", "1" ], [ "0.31530", "430.3", "1" ], [ "0.31507", "287464.0", "1" ], [ "0.31465", "2226.6", "1" ], [ "0.31442", "4498.1", "1" ], [ "0.31417", "430.3", "1" ], [ "0.31369", "4140.4", "1" ], [ "0.31312", "1002.9", "1" ], [ "0.31284", "5084.6", "1" ], [ "0.31219", "190477.2", "1" ], [ "0.31213", "430.3", "1" ], [ "0.31126", "5359.8", "1" ], [ "0.31106", "3810.5", "2" ], [ "0.30917", "39.8", "1" ], [ "0.30900", "3810.5", "2" ], [ "0.30792", "51.5", "1" ], [ "0.30694", "8783.8", "2" ], [ "0.30669", "81.5", "1" ], [ "0.30489", "51.4", "1" ], [ "0.30488", "11014.1", "2" ], [ "0.30354", "40.6", "1" ], [ "0.30283", "51.8", "1" ], [ "0.30282", "8783.8", "1" ], [ "0.30214", "97.6", "1" ], [ "0.29942", "53.0", "1" ], [ "0.29792", "41.3", "1" ], [ "0.29231", "42.1", "1" ], [ "0.29123", "1000.0", "1" ], [ "0.29091", "54.5", "1" ], [ "0.28239", "56.2", "1" ], [ "0.28170", "180.0", "1" ], [ "0.28100", "1500.0", "1" ], [ "0.28000", "4.0", "1" ], [ "0.27100", "1107.1", "1" ], [ "0.27000", "192.5", "2" ] ],
      "asks" : [ [ "0.31810", "3.8", "1" ], [ "0.31823", "241.0", "1" ], [ "0.31837", "71866.0", "1" ], [ "0.31847", "1598.4", "1" ], [ "0.31858", "734.3", "2" ], [ "0.31862", "430.3", "1" ], [ "0.31877", "4527.0", "1" ], [ "0.31938", "430.3", "1" ], [ "0.31949", "570.9", "1" ], [ "0.31950", "5281.0", "1" ], [ "0.31953", "430.3", "1" ], [ "0.31960", "1941.1", "1" ], [ "0.31961", "395263.0", "1" ], [ "0.32014", "430.3", "1" ], [ "0.32040", "39.1", "1" ], [ "0.32042", "430.3", "1" ], [ "0.32093", "287464.0", "1" ], [ "0.32125", "2226.6", "1" ], [ "0.32135", "430.3", "1" ], [ "0.32220", "4140.4", "1" ], [ "0.32232", "3700.4", "1" ], [ "0.32270", "430.3", "1" ], [ "0.32342", "1046.3", "1" ], [ "0.32390", "4882.3", "1" ], [ "0.32400", "179369.6", "1" ], [ "0.32495", "50.0", "1" ], [ "0.32519", "430.3", "1" ], [ "0.32548", "8847.1", "3" ], [ "0.32602", "38.4", "1" ], [ "0.32699", "430.3", "1" ], [ "0.32754", "5668.3", "3" ], [ "0.32860", "430.3", "1" ], [ "0.32960", "10158.7", "4" ], [ "0.33052", "430.3", "1" ], [ "0.33073", "78.3", "1" ], [ "0.33165", "37.8", "1" ], [ "0.33166", "12515.2", "1" ], [ "0.33344", "430.3", "1" ], [ "0.33345", "48.7", "1" ], [ "0.33372", "12515.2", "1" ], [ "0.33502", "430.3", "1" ], [ "0.33727", "38.2", "1" ], [ "0.34196", "47.5", "1" ], [ "0.34272", "75.3", "1" ], [ "0.34289", "38.2", "1" ], [ "0.34576", "123.7", "1" ], [ "0.34810", "126.4", "1" ], [ "0.35048", "46.3", "1" ], [ "0.35242", "97.6", "1" ], [ "0.35472", "72.7", "1" ] ],
      "t" : 1756462362923
    } ],
    "instrument_name" : "S_USD"
  }
}