{
  "id" : -1,
  "method" : "public/get-book",
  "code" : 0,
  "result" : {
    "depth" : 50,
    "data" : [ {
      "bids" : [ [ "0.27639", "1", "1" ], [ "0.27633", "1", "1" ], [ "0.27612", "5448", "1" ], [ "0.27609", "454", "1" ], [ "0.27607", "3508", "1" ], [ "0.27606", "4548", "2" ], [ "0.27605", "5715", "2" ], [ "0.27603", "3189", "1" ], [ "0.27601", "453", "1" ], [ "0.27598", "460", "2" ], [ "0.27597", "65102", "1" ], [ "0.27592", "454", "1" ], [ "0.27581", "8094", "1" ], [ "0.27580", "450", "1" ], [ "0.27566", "453", "1" ], [ "0.27560", "3519", "1" ], [ "0.27559", "444", "1" ], [ "0.27554", "4177", "1" ], [ "0.27553", "454", "1" ], [ "0.27538", "461", "1" ], [ "0.27534", "130329", "2" ], [ "0.27532", "453", "1" ], [ "0.27529", "449", "1" ], [ "0.27528", "181", "1" ], [ "0.27526", "453", "1" ], [ "0.27523", "445", "1" ], [ "0.27522", "181", "1" ], [ "0.27520", "453", "1" ], [ "0.27516", "181", "1" ], [ "0.27511", "443", "1" ], [ "0.27509", "2463", "1" ], [ "0.27508", "7531", "3" ], [ "0.27502", "443", "1" ], [ "0.27493", "439", "1" ], [ "0.27492", "2358", "1" ], [ "0.27490", "450", "1" ], [ "0.27484", "439", "1" ], [ "0.27478", "442", "1" ], [ "0.27475", "461", "1" ], [ "0.27472", "442", "1" ], [ "0.27466", "439", "1" ], [ "0.27465", "173513", "1" ], [ "0.27463", "3261", "2" ], [ "0.27462", "10043", "2" ], [ "0.27460", "439", "1" ], [ "0.27454", "439", "1" ], [ "0.27450", "442", "1" ], [ "0.27444", "443", "1" ], [ "0.27438", "446", "1" ], [ "0.27435", "453", "1" ] ],
      "asks" : [ [ "0.27640", "1", "1" ], [ "0.27645", "1", "1" ], [ "0.27651", "250", "1" ], [ "0.27652", "703", "2" ], [ "0.27653", "453", "1" ], [ "0.27655", "450", "1" ], [ "0.27657", "250", "1" ], [ "0.27658", "445", "1" ], [ "0.27660", "65072", "1" ], [ "0.27661", "454", "1" ], [ "0.27670", "7", "1" ], [ "0.27686", "5256", "1" ], [ "0.27693", "449", "1" ], [ "0.27705", "8956", "2" ], [ "0.27711", "447", "1" ], [ "0.27712", "130146", "1" ], [ "0.27726", "445", "1" ], [ "0.27732", "3184", "2" ], [ "0.27738", "447", "1" ], [ "0.27744", "453", "1" ], [ "0.27750", "452", "1" ], [ "0.27753", "2947", "2" ], [ "0.27756", "633", "2" ], [ "0.27762", "629", "2" ], [ "0.27768", "633", "2" ], [ "0.27774", "180", "1" ], [ "0.27780", "452", "1" ], [ "0.27782", "3044", "1" ], [ "0.27783", "439", "1" ], [ "0.27786", "439", "1" ], [ "0.27788", "173553", "1" ], [ "0.27798", "452", "1" ], [ "0.27811", "3124", "1" ], [ "0.27813", "439", "1" ], [ "0.27816", "439", "1" ], [ "0.27840", "3295", "2" ], [ "0.27869", "3609", "2" ], [ "0.27897", "173529", "1" ], [ "0.27939", "3519", "1" ], [ "0.27968", "3364", "1" ], [ "0.28014", "7402", "2" ], [ "0.28060", "10351", "2" ], [ "0.28069", "173537", "1" ], [ "0.28106", "13414", "2" ], [ "0.28152", "17109", "1" ], [ "0.28560", "8942", "1" ], [ "0.28700", "8942", "1" ], [ "0.28840", "8942", "1" ], [ "0.28980", "8942", "1" ], [ "0.33192", "1759", "1" ] ],
      "t" : 1756462382296
    } ],
    "instrument_name" : "SANDUSD-PERP"
  }
}