{
  "id" : -1,
  "method" : "public/get-book",
  "code" : 0,
  "result" : {
    "depth" : 50,
    "data" : [ {
      "bids" : [ [ "0.27631", "361.9", "1" ], [ "0.27628", "41195.1", "2" ], [ "0.27625", "303.6", "1" ], [ "0.27621", "42373.1", "1" ], [ "0.27618", "450.0", "1" ], [ "0.27609", "2878.8", "1" ], [ "0.27596", "2776.3", "1" ], [ "0.27585", "3626.0", "1" ], [ "0.27565", "182014.0", "1" ], [ "0.27533", "3470.8", "1" ], [ "0.27463", "9386.3", "2" ], [ "0.27462", "202238.0", "1" ], [ "0.27389", "4454.6", "1" ], [ "0.27370", "2487.0", "1" ], [ "0.27360", "2808.9", "1" ], [ "0.27351", "169492.7", "1" ], [ "0.27340", "2350.2", "1" ], [ "0.27332", "3185.0", "1" ], [ "0.27320", "6074.8", "2" ], [ "0.27280", "7043.6", "1" ], [ "0.27240", "12436.5", "1" ], [ "0.27200", "17446.4", "1" ], [ "0.27160", "22205.7", "1" ], [ "0.27157", "318631.0", "1" ], [ "0.26999", "70621.9", "1" ], [ "0.25135", "2415.0", "1" ], [ "0.24000", "416.6", "1" ], [ "0.22120", "444.1", "1" ], [ "0.22035", "2444.4", "1" ], [ "0.21470", "6788.8", "2" ], [ "0.20905", "11419.3", "2" ], [ "0.20340", "22877.0", "2" ], [ "0.19815", "13.8", "1" ], [ "0.19775", "77948.1", "2" ] ],
      "asks" : [ [ "0.27681", "748.0", "1" ], [ "0.27686", "3425.8", "2" ], [ "0.27689", "41043.3", "2" ], [ "0.27696", "450.0", "1" ], [ "0.27704", "267.8", "1" ], [ "0.27705", "42373.1", "1" ], [ "0.27708", "2487.0", "1" ], [ "0.27720", "2954.7", "1" ], [ "0.27722", "2776.6", "1" ], [ "0.27734", "182014.0", "1" ], [ "0.27740", "2684.9", "1" ], [ "0.27746", "3185.0", "1" ], [ "0.27760", "4919.2", "2" ], [ "0.27777", "3470.6", "1" ], [ "0.27800", "7163.4", "1" ], [ "0.27830", "202238.0", "1" ], [ "0.27840", "11560.7", "1" ], [ "0.27880", "16861.7", "1" ], [ "0.27906", "169492.7", "1" ], [ "0.27920", "21396.3", "1" ], [ "0.28104", "70621.9", "1" ], [ "0.28153", "318631.0", "1" ], [ "0.28362", "55.8", "1" ], [ "0.28363", "124.2", "1" ], [ "0.30435", "2415.0", "1" ], [ "0.31900", "38.0", "1" ], [ "0.32885", "17.0", "1" ], [ "0.33204", "444.1", "1" ], [ "0.33335", "1380.1", "1" ], [ "0.33900", "4249.1", "3" ], [ "0.34465", "7148.5", "3" ], [ "0.35000", "34.5", "1" ], [ "0.35030", "16587.5", "3" ], [ "0.35595", "40058.0", "1" ], [ "0.37000", "201.0", "1" ], [ "0.40000", "1770.1", "1" ], [ "0.49000", "25.4", "1" ], [ "0.50000", "145.3", "1" ], [ "0.56499", "35.7", "1" ], [ "0.56640", "7.5", "1" ], [ "0.56998", "35.3", "1" ], [ "0.57499", "35.0", "1" ], [ "0.57999", "34.7", "1" ], [ "0.58499", "34.4", "1" ], [ "0.58999", "34.1", "1" ], [ "0.59123", "7.1", "1" ], [ "0.59499", "33.8", "1" ], [ "0.59999", "33.6", "1" ], [ "0.60499", "33.3", "1" ], [ "0.60999", "3.3", "1" ] ],
      "t" : 1756462378123
    } ],
    "instrument_name" : "SAND_USDT"
  }
}