{
  "id" : -1,
  "method" : "public/get-book",
  "code" : 0,
  "result" : {
    "depth" : 50,
    "data" : [ {
      "bids" : [ [ "0.27641", "141.7", "1" ], [ "0.27639", "935.0", "1" ], [ "0.27630", "141.7", "1" ], [ "0.27625", "141.7", "1" ], [ "0.27624", "42373.1", "1" ], [ "0.27616", "141.7", "1" ], [ "0.27611", "3057.0", "2" ], [ "0.27573", "2776.7", "1" ], [ "0.27572", "141.7", "1" ], [ "0.27571", "1941.9", "1" ], [ "0.27570", "182014.0", "1" ], [ "0.27530", "141.7", "1" ], [ "0.27528", "102.0", "1" ], [ "0.27513", "3471.0", "1" ], [ "0.27470", "141.7", "1" ], [ "0.27469", "202238.0", "1" ], [ "0.27463", "141.7", "1" ], [ "0.27459", "102.0", "1" ], [ "0.27393", "141.7", "1" ], [ "0.27391", "102.0", "1" ], [ "0.27370", "2487.0", "1" ], [ "0.27354", "169492.7", "1" ], [ "0.27347", "2655.9", "1" ], [ "0.27331", "3185.0", "1" ], [ "0.27324", "2417.3", "2" ], [ "0.27323", "102.0", "1" ], [ "0.27305", "2292.1", "1" ], [ "0.27301", "2559.8", "1" ], [ "0.27262", "7444.9", "1" ], [ "0.27261", "141.7", "1" ], [ "0.27255", "102.0", "1" ], [ "0.27228", "141.7", "1" ], [ "0.27219", "12031.0", "1" ], [ "0.27187", "102.0", "1" ], [ "0.27176", "17113.7", "1" ], [ "0.27161", "318631.0", "1" ], [ "0.27133", "21977.3", "1" ], [ "0.27119", "102.0", "1" ], [ "0.27051", "102.0", "1" ], [ "0.27028", "44.9", "1" ], [ "0.26987", "70621.9", "1" ], [ "0.26984", "102.0", "1" ], [ "0.26920", "50.0", "1" ], [ "0.26917", "102.0", "1" ], [ "0.26850", "102.0", "1" ], [ "0.26783", "102.0", "1" ], [ "0.26754", "44.8", "1" ], [ "0.26716", "102.0", "1" ], [ "0.26653", "50.0", "1" ], [ "0.26649", "102.0", "1" ] ],
      "asks" : [ [ "0.27661", "141.7", "1" ], [ "0.27663", "939.0", "1" ], [ "0.27666", "243.5", "2" ], [ "0.27681", "141.7", "1" ], [ "0.27698", "54.0", "1" ], [ "0.27699", "141.7", "1" ], [ "0.27704", "2776.6", "1" ], [ "0.27707", "141.7", "1" ], [ "0.27709", "1941.9", "1" ], [ "0.27710", "42373.1", "1" ], [ "0.27713", "141.7", "1" ], [ "0.27716", "2628.7", "2" ], [ "0.27734", "141.7", "1" ], [ "0.27735", "101.8", "1" ], [ "0.27737", "528.2", "2" ], [ "0.27738", "2441.6", "1" ], [ "0.27740", "182014.0", "1" ], [ "0.27752", "141.7", "1" ], [ "0.27755", "6655.6", "2" ], [ "0.27758", "141.7", "1" ], [ "0.27761", "2859.9", "2" ], [ "0.27767", "141.7", "1" ], [ "0.27778", "2200.3", "1" ], [ "0.27779", "141.7", "1" ], [ "0.27784", "3399.9", "1" ], [ "0.27785", "141.7", "1" ], [ "0.27804", "101.8", "1" ], [ "0.27806", "141.7", "1" ], [ "0.27821", "7356.3", "1" ], [ "0.27837", "202238.0", "1" ], [ "0.27864", "12336.3", "1" ], [ "0.27874", "101.8", "1" ], [ "0.27907", "17233.7", "1" ], [ "0.27911", "169492.7", "1" ], [ "0.27940", "42.5", "1" ], [ "0.27944", "101.8", "1" ], [ "0.27950", "21446.1", "1" ], [ "0.28014", "101.8", "1" ], [ "0.28084", "101.8", "1" ], [ "0.28109", "70621.9", "1" ], [ "0.28154", "101.8", "1" ], [ "0.28158", "318631.0", "1" ], [ "0.28223", "55.1", "1" ], [ "0.28224", "101.8", "1" ], [ "0.28294", "85.5", "1" ], [ "0.28295", "101.8", "1" ], [ "0.28330", "3.6", "1" ], [ "0.28415", "42.5", "1" ], [ "0.28645", "3.6", "1" ], [ "0.28849", "9.8", "1" ] ],
      "t" : 1756462374399
    } ],
    "instrument_name" : "SAND_USD"
  }
}