{
  "id" : -1,
  "method" : "public/get-book",
  "code" : 0,
  "result" : {
    "depth" : 50,
    "data" : [ {
      "bids" : [ [ "0.0030419", "13300", "1" ], [ "0.0030418", "3800", "1" ], [ "0.0030391", "504300", "1" ], [ "0.0030390", "226500", "1" ], [ "0.0030382", "198800", "1" ], [ "0.0030360", "273500", "1" ], [ "0.0030351", "289000", "1" ], [ "0.0030338", "309600", "1" ], [ "0.0030315", "190900", "1" ], [ "0.0030268", "505600", "1" ], [ "0.0030253", "31600", "1" ], [ "0.0030221", "882800", "1" ], [ "0.0030174", "1225300", "1" ], [ "0.0030127", "1520100", "1" ], [ "0.0030081", "126700", "1" ], [ "0.0030080", "1915500", "1" ], [ "0.0030069", "31600", "1" ], [ "0.0029956", "32800", "1" ], [ "0.0029896", "2012200", "1" ], [ "0.0024298", "40500", "1" ], [ "0.0024297", "187100", "1" ], [ "0.0023674", "620300", "2" ], [ "0.0023051", "1075000", "2" ], [ "0.0022428", "4070200", "2" ], [ "0.0021805", "10410300", "2" ], [ "0.0018540", "600", "1" ] ],
      "asks" : [ [ "0.0030456", "3900", "1" ], [ "0.0030505", "4100", "1" ], [ "0.0030506", "504300", "1" ], [ "0.0030507", "577000", "1" ], [ "0.0030509", "226500", "1" ], [ "0.0030514", "187200", "1" ], [ "0.0030535", "394900", "1" ], [ "0.0030536", "235900", "1" ], [ "0.0030557", "484200", "1" ], [ "0.0030558", "538300", "2" ], [ "0.0030597", "188200", "1" ], [ "0.0030625", "31700", "1" ], [ "0.0030644", "537300", "1" ], [ "0.0030691", "818700", "1" ], [ "0.0030738", "1202400", "1" ], [ "0.0030749", "33000", "1" ], [ "0.0030785", "1527000", "1" ], [ "0.0030832", "1837100", "1" ], [ "0.0030849", "32700", "1" ], [ "0.0030993", "2012200", "1" ], [ "0.0033000", "90000", "1" ], [ "0.0036000", "1900", "1" ], [ "0.0036464", "40500", "1" ], [ "0.0036536", "400", "1" ], [ "0.0036757", "137200", "1" ], [ "0.0037380", "420000", "2" ], [ "0.0038003", "420000", "2" ], [ "0.0038626", "1746000", "3" ], [ "0.0039249", "6219000", "1" ], [ "0.0040570", "300", "1" ], [ "0.0045000", "1700", "1" ], [ "0.0060000", "2600", "1" ], [ "0.0062548", "800", "1" ], [ "0.0070000", "5800", "1" ], [ "0.0076090", "35400", "1" ], [ "0.0079000", "200", "1" ], [ "0.0081000", "12500", "2" ], [ "0.0090000", "42100", "3" ], [ "0.0097000", "40000", "1" ], [ "0.0100000", "26600", "3" ], [ "0.0117280", "24800", "1" ], [ "0.0130000", "5000", "1" ], [ "0.0140800", "55400", "1" ], [ "0.0149700", "200", "1" ], [ "0.0150000", "2900", "1" ], [ "0.0160000", "5000", "1" ], [ "0.0169420", "300", "1" ], [ "0.0180000", "43700", "2" ], [ "0.0184400", "20300", "1" ], [ "0.0190000", "5000", "1" ] ],
      "t" : 1756462371188
    } ],
    "instrument_name" : "SC_USD"
  }
}