{
  "id" : -1,
  "method" : "public/get-book",
  "code" : 0,
  "result" : {
    "depth" : 50,
    "data" : [ {
      "bids" : [ [ "0.70161", "1005.4", "1" ], [ "0.70152", "1166.7", "1" ], [ "0.70013", "2092.1", "2" ], [ "0.69972", "838.5", "1" ], [ "0.69915", "1145.3", "1" ], [ "0.69759", "14.3", "1" ], [ "0.69735", "170.1", "1" ], [ "0.69734", "2460.9", "1" ], [ "0.69678", "1143.3", "1" ], [ "0.69496", "3979.6", "1" ], [ "0.69258", "5518.0", "1" ], [ "0.69020", "6859.2", "1" ], [ "0.68944", "90.6", "1" ], [ "0.68782", "8440.8", "2" ], [ "0.67200", "14.8", "1" ], [ "0.65754", "95.0", "1" ], [ "0.64641", "15.4", "1" ], [ "0.62565", "99.8", "1" ], [ "0.62083", "16.1", "1" ], [ "0.56269", "177.7", "1" ], [ "0.55880", "1015.4", "1" ], [ "0.54483", "2652.5", "1" ], [ "0.53086", "4724.1", "1" ], [ "0.51689", "24840.1", "1" ], [ "0.50292", "71165.2", "1" ] ],
      "asks" : [ [ "0.70887", "85.0", "1" ], [ "0.70889", "343.0", "1" ], [ "0.70891", "1005.4", "1" ], [ "0.71046", "1286.1", "1" ], [ "0.71100", "1019.9", "1" ], [ "0.71162", "710.4", "1" ], [ "0.71337", "1267.5", "1" ], [ "0.71400", "2325.6", "1" ], [ "0.71574", "1384.5", "1" ], [ "0.71638", "3703.5", "1" ], [ "0.71876", "5364.9", "1" ], [ "0.72114", "6818.3", "2" ], [ "0.72352", "8321.6", "2" ], [ "0.74877", "13.8", "1" ], [ "0.75322", "86.6", "1" ], [ "0.77436", "13.3", "1" ], [ "0.78510", "84.1", "1" ], [ "0.79995", "12.9", "1" ], [ "0.81699", "84.1", "1" ], [ "0.82554", "12.5", "1" ], [ "0.84689", "177.7", "1" ], [ "0.84889", "84.1", "1" ], [ "0.85113", "12.1", "1" ], [ "0.85217", "468.2", "1" ], [ "0.86614", "1765.6", "2" ], [ "0.87673", "11.7", "1" ], [ "0.88011", "1765.6", "2" ], [ "0.88080", "84.1", "1" ], [ "0.89408", "13620.8", "3" ], [ "0.90805", "41226.2", "4" ], [ "1.54313", "0.6", "1" ], [ "3.00000", "936.1", "2" ], [ "4.50000", "93.4", "1" ], [ "5.00000", "1228.8", "2" ], [ "6.00000", "100.6", "2" ] ],
      "t" : 1756462389343
    } ],
    "instrument_name" : "SD_USD"
  }
}