{
  "id" : -1,
  "method" : "public/get-book",
  "code" : 0,
  "result" : {
    "depth" : 50,
    "data" : [ {
      "bids" : [ [ "0.04107", "8548", "1" ], [ "0.04106", "16900", "1" ], [ "0.04092", "15767", "1" ], [ "0.04050", "21631", "1" ], [ "0.04030", "20489", "1" ], [ "0.04000", "7933", "1" ], [ "0.03968", "20795", "1" ], [ "0.03920", "21905", "1" ], [ "0.03840", "36409", "2" ], [ "0.03760", "50323", "2" ], [ "0.03680", "62903", "2" ], [ "0.03600", "76439", "1" ], [ "0.03369", "3110", "1" ], [ "0.03360", "14347", "1" ], [ "0.03276", "49389", "2" ], [ "0.03192", "49389", "1" ], [ "0.03108", "68902", "1" ], [ "0.03024", "218852", "2" ] ],
      "asks" : [ [ "0.04254", "918", "1" ], [ "0.04340", "16900", "1" ], [ "0.04397", "21631", "1" ], [ "0.04400", "6738", "1" ], [ "0.04402", "19315", "1" ], [ "0.04464", "16214", "1" ], [ "0.04480", "16713", "2" ], [ "0.04526", "18418", "1" ], [ "0.04560", "16713", "2" ], [ "0.04640", "41272", "2" ], [ "0.04720", "50641", "3" ], [ "0.04800", "41272", "2" ], [ "0.04916", "895", "1" ], [ "0.05081", "3110", "1" ], [ "0.05124", "11218", "2" ], [ "0.05208", "31951", "2" ], [ "0.05292", "31951", "2" ], [ "0.05376", "31951", "1" ], [ "0.05460", "108529", "2" ], [ "0.08000", "664", "2" ], [ "0.10000", "100", "1" ], [ "0.12000", "42", "1" ], [ "0.20000", "20829", "2" ], [ "0.23269", "4", "1" ], [ "0.23400", "64", "1" ], [ "0.25000", "40", "1" ], [ "0.26000", "100", "1" ], [ "0.30000", "232", "3" ], [ "0.35000", "60", "1" ], [ "0.36507", "2", "1" ], [ "0.38000", "149", "1" ], [ "0.40000", "52", "2" ], [ "0.42000", "69", "1" ], [ "0.44900", "4", "1" ], [ "0.45000", "245", "1" ], [ "0.46200", "32", "1" ], [ "0.49116", "101", "1" ], [ "0.50000", "73", "2" ], [ "0.54000", "70", "1" ], [ "0.60000", "14", "1" ], [ "0.69999", "13", "1" ], [ "1.50000", "50", "1" ], [ "1.80000", "1715", "2" ], [ "1.85000", "300", "1" ] ],
      "t" : 1756462280179
    } ],
    "instrument_name" : "SDN_USD"
  }
}