{
  "id" : -1,
  "method" : "public/get-book",
  "code" : 0,
  "result" : {
    "depth" : 50,
    "data" : [ {
      "bids" : [ [ "0.29094", "4.1", "1" ], [ "0.29078", "868.1", "1" ], [ "0.29065", "639.6", "1" ], [ "0.29050", "7870.7", "1" ], [ "0.29049", "2393.4", "1" ], [ "0.29043", "4751.2", "1" ], [ "0.29038", "3296.3", "1" ], [ "0.29022", "4751.2", "1" ], [ "0.29005", "4783.4", "1" ], [ "0.29001", "4751.2", "1" ], [ "0.28980", "1582.2", "1" ], [ "0.28971", "4122.3", "1" ], [ "0.28938", "5550.9", "2" ], [ "0.28897", "2760.3", "1" ], [ "0.28896", "5550.9", "2" ], [ "0.28854", "12365.6", "3" ], [ "0.28812", "12365.6", "2" ], [ "0.28770", "19703.1", "1" ], [ "0.28501", "185.0", "1" ], [ "0.28500", "4285.2", "1" ], [ "0.28000", "1008.1", "1" ], [ "0.27546", "168.6", "1" ], [ "0.26584", "174.7", "1" ], [ "0.26200", "90.6", "1" ], [ "0.26124", "6.0", "1" ], [ "0.25656", "181.0", "1" ], [ "0.25281", "6.2", "1" ], [ "0.25197", "7.8", "1" ], [ "0.24760", "187.6", "1" ], [ "0.24438", "6.5", "1" ], [ "0.24000", "148.5", "1" ], [ "0.23895", "194.4", "1" ], [ "0.23596", "6.7", "1" ], [ "0.23256", "427.0", "1" ], [ "0.23061", "201.4", "1" ], [ "0.22932", "2114.9", "1" ], [ "0.22753", "6.9", "1" ], [ "0.22344", "6878.9", "2" ], [ "0.22256", "208.7", "1" ], [ "0.22000", "162.1", "1" ], [ "0.21909", "7.2", "1" ], [ "0.21756", "6878.9", "1" ], [ "0.21479", "216.3", "1" ], [ "0.21168", "10079.2", "1" ], [ "0.21066", "7.5", "1" ], [ "0.20729", "224.1", "1" ], [ "0.20580", "31556.1", "2" ], [ "0.20224", "7.8", "1" ], [ "0.20000", "25000.0", "1" ], [ "0.19381", "8.2", "1" ] ],
      "asks" : [ [ "0.29096", "4.1", "1" ], [ "0.29130", "639.5", "1" ], [ "0.29140", "2824.7", "1" ], [ "0.29141", "2393.4", "1" ], [ "0.29148", "3575.6", "1" ], [ "0.29161", "3296.9", "1" ], [ "0.29169", "3575.6", "1" ], [ "0.29185", "4783.4", "1" ], [ "0.29190", "5385.0", "2" ], [ "0.29232", "5245.9", "2" ], [ "0.29234", "4119.8", "1" ], [ "0.29274", "5245.9", "1" ], [ "0.29315", "5055.8", "2" ], [ "0.29316", "8445.9", "1" ], [ "0.29358", "12168.3", "1" ], [ "0.29400", "19298.4", "1" ], [ "0.29708", "162.4", "1" ], [ "0.30783", "156.6", "1" ], [ "0.31896", "151.3", "1" ], [ "0.33051", "146.1", "1" ], [ "0.34247", "140.9", "1" ], [ "0.34700", "2047.2", "1" ], [ "0.34896", "427.0", "1" ], [ "0.35000", "1069.5", "1" ], [ "0.35280", "1363.6", "1" ], [ "0.35486", "136.1", "1" ], [ "0.35868", "4311.2", "2" ], [ "0.36000", "1087.0", "1" ], [ "0.36456", "4311.2", "3" ], [ "0.36500", "4094.0", "1" ], [ "0.36770", "131.3", "1" ], [ "0.36800", "1211.7", "1" ], [ "0.37000", "93779.9", "1" ], [ "0.37044", "4311.2", "2" ], [ "0.37500", "4094.0", "1" ], [ "0.37632", "19201.9", "1" ], [ "0.38000", "263.0", "1" ], [ "0.38100", "126.8", "1" ], [ "0.38900", "25.7", "1" ], [ "0.39479", "122.1", "1" ], [ "0.40907", "117.9", "1" ], [ "0.42387", "113.7", "1" ], [ "0.43921", "109.8", "1" ], [ "0.44500", "505.6", "1" ], [ "0.44900", "2100.0", "1" ], [ "0.45511", "105.9", "1" ], [ "0.46589", "5.3", "1" ], [ "0.47666", "2620.8", "1" ], [ "0.50202", "4.9", "1" ], [ "0.53815", "4.6", "1" ] ],
      "t" : 1756462407712
    } ],
    "instrument_name" : "SEI_USDT"
  }
}