{
  "id" : -1,
  "method" : "public/get-book",
  "code" : 0,
  "result" : {
    "depth" : 50,
    "data" : [ {
      "bids" : [ [ "0.29099", "5", "1" ], [ "0.29077", "858", "1" ], [ "0.29064", "69", "1" ], [ "0.29050", "8119", "1" ], [ "0.29049", "2393", "1" ], [ "0.29046", "3296", "1" ], [ "0.29043", "4741", "1" ], [ "0.29022", "4741", "1" ], [ "0.29005", "4783", "1" ], [ "0.29001", "4741", "1" ], [ "0.28989", "4119", "1" ], [ "0.28980", "1691", "1" ], [ "0.28936", "8504", "2" ], [ "0.28935", "5667", "2" ], [ "0.28890", "12144", "3" ], [ "0.28845", "12144", "3" ], [ "0.28800", "12144", "2" ], [ "0.28755", "19236", "1" ], [ "0.28500", "891", "1" ], [ "0.28371", "659", "1" ], [ "0.28360", "364", "1" ], [ "0.28332", "175", "1" ], [ "0.28310", "1557", "1" ], [ "0.28156", "1268", "1" ], [ "0.28155", "197", "1" ], [ "0.27911", "175", "1" ], [ "0.27805", "1114", "2" ], [ "0.27734", "372", "1" ], [ "0.27684", "675", "1" ], [ "0.27674", "1592", "1" ], [ "0.27567", "1295", "1" ], [ "0.27551", "201", "1" ], [ "0.27500", "500", "1" ], [ "0.27496", "175", "1" ], [ "0.27300", "500", "1" ], [ "0.27110", "380", "1" ], [ "0.27087", "175", "1" ], [ "0.27039", "1630", "1" ], [ "0.27000", "740", "1" ], [ "0.26999", "692", "1" ], [ "0.26978", "1323", "1" ], [ "0.26947", "206", "1" ], [ "0.26684", "175", "1" ], [ "0.26407", "258", "1" ], [ "0.26287", "175", "1" ], [ "0.26000", "1703", "3" ], [ "0.25896", "175", "1" ], [ "0.25511", "175", "1" ], [ "0.25132", "175", "1" ], [ "0.25000", "589", "3" ] ],
      "asks" : [ [ "0.29100", "5", "1" ], [ "0.29110", "849", "1" ], [ "0.29134", "799", "1" ], [ "0.29143", "2134", "1" ], [ "0.29150", "2393", "1" ], [ "0.29164", "3297", "1" ], [ "0.29169", "4583", "1" ], [ "0.29189", "1593", "1" ], [ "0.29190", "4583", "2" ], [ "0.29194", "4783", "1" ], [ "0.29205", "1444", "1" ], [ "0.29211", "4583", "1" ], [ "0.29241", "363", "1" ], [ "0.29242", "723", "1" ], [ "0.29250", "5517", "2" ], [ "0.29263", "4120", "1" ], [ "0.29295", "5517", "1" ], [ "0.29334", "1242", "1" ], [ "0.29337", "175", "1" ], [ "0.29339", "3480", "1" ], [ "0.29340", "11916", "1" ], [ "0.29364", "193", "1" ], [ "0.29385", "11916", "1" ], [ "0.29430", "19501", "1" ], [ "0.29582", "1522", "1" ], [ "0.29609", "356", "1" ], [ "0.29743", "643", "1" ], [ "0.29780", "175", "1" ], [ "0.29924", "1217", "1" ], [ "0.29959", "1059", "2" ], [ "0.29968", "189", "1" ], [ "0.30219", "1490", "1" ], [ "0.30229", "175", "1" ], [ "0.30235", "348", "1" ], [ "0.30430", "628", "1" ], [ "0.30513", "1193", "1" ], [ "0.30571", "185", "1" ], [ "0.30676", "345", "1" ], [ "0.30677", "689", "1" ], [ "0.30686", "175", "1" ], [ "0.30854", "1458", "1" ], [ "0.30859", "341", "1" ], [ "0.31102", "1170", "1" ], [ "0.31117", "614", "1" ], [ "0.31149", "175", "1" ], [ "0.31175", "181", "1" ], [ "0.31250", "4", "1" ], [ "0.31300", "418", "1" ], [ "0.31395", "337", "1" ], [ "0.31396", "672", "1" ] ],
      "t" : 1756462404018
    } ],
    "instrument_name" : "SEI_USD"
  }
}