{
  "id" : -1,
  "method" : "public/get-book",
  "code" : 0,
  "result" : {
    "depth" : 50,
    "data" : [ {
      "bids" : [ [ "0.29079", "10", "1" ], [ "0.29076", "10", "1" ], [ "0.29046", "680", "1" ], [ "0.29010", "170", "1" ], [ "0.29004", "170", "1" ], [ "0.28813", "1470", "1" ], [ "0.28794", "2300", "1" ], [ "0.28768", "1900", "1" ], [ "0.28737", "2720", "1" ], [ "0.28706", "2520", "2" ], [ "0.28676", "7750", "1" ], [ "0.28675", "2930", "2" ], [ "0.28644", "3450", "3" ], [ "0.28518", "3280", "1" ], [ "0.28509", "3830", "1" ], [ "0.28466", "6670", "1" ], [ "0.28423", "10190", "2" ], [ "0.28380", "13010", "3" ], [ "0.28337", "16800", "4" ], [ "0.27000", "50", "1" ], [ "0.23256", "1640", "1" ], [ "0.23000", "100", "1" ], [ "0.22876", "1910", "1" ], [ "0.22274", "4700", "2" ], [ "0.21672", "8240", "2" ], [ "0.21070", "11320", "2" ], [ "0.21000", "100", "1" ], [ "0.20468", "14880", "2" ], [ "0.19866", "17950", "2" ], [ "0.18000", "272910", "1" ] ],
      "asks" : [ [ "0.29090", "10", "1" ], [ "0.29100", "10", "1" ], [ "0.29112", "680", "1" ], [ "0.29166", "170", "1" ], [ "0.29172", "170", "1" ], [ "0.29191", "7750", "1" ], [ "0.29192", "2300", "1" ], [ "0.29202", "2300", "1" ], [ "0.29233", "2830", "1" ], [ "0.29234", "3280", "1" ], [ "0.29240", "3640", "1" ], [ "0.29264", "2520", "1" ], [ "0.29283", "6750", "1" ], [ "0.29295", "2930", "2" ], [ "0.29326", "12840", "4" ], [ "0.29369", "12940", "2" ], [ "0.29412", "16070", "2" ], [ "0.33000", "18000", "1" ], [ "0.34896", "1640", "1" ], [ "0.34916", "1940", "1" ], [ "0.35518", "4870", "2" ], [ "0.36120", "8300", "3" ], [ "0.36722", "11620", "4" ], [ "0.37324", "14580", "4" ], [ "0.37926", "17930", "1" ] ],
      "t" : 1756462411550
    } ],
    "instrument_name" : "SEIUSD-PERP"
  }
}