{
  "id" : -1,
  "method" : "public/get-book",
  "code" : 0,
  "result" : {
    "depth" : 50,
    "data" : [ {
      "bids" : [ [ "0.0000122419", "10000", "1" ], [ "0.0000122389", "20000000", "1" ], [ "0.0000122380", "50000000", "1" ], [ "0.0000122375", "60000000", "1" ], [ "0.0000122365", "29420000", "1" ], [ "0.0000122364", "98070000", "2" ], [ "0.0000122352", "4080000", "1" ], [ "0.0000122336", "102760000", "1" ], [ "0.0000122335", "342530000", "1" ], [ "0.0000122330", "28670000", "1" ], [ "0.0000122328", "4080000", "1" ], [ "0.0000122323", "25640000", "1" ], [ "0.0000122322", "85480000", "1" ], [ "0.0000122310", "160000", "1" ], [ "0.0000122304", "4080000", "1" ], [ "0.0000122300", "20780000", "1" ], [ "0.0000122280", "4080000", "1" ], [ "0.0000122277", "122620000", "1" ], [ "0.0000122271", "1410860000", "1" ], [ "0.0000122257", "140000000", "1" ], [ "0.0000122256", "16350000", "1" ], [ "0.0000122200", "20810000", "1" ], [ "0.0000122100", "20610000", "1" ], [ "0.0000122094", "138990000", "1" ], [ "0.0000122093", "3135170000", "1" ], [ "0.0000122076", "3432260000", "1" ], [ "0.0000122000", "20480000", "1" ], [ "0.0000121900", "20630000", "1" ], [ "0.0000121888", "3917230000", "1" ], [ "0.0000121887", "79110000", "1" ], [ "0.0000121800", "21350000", "1" ], [ "0.0000121700", "20620000", "1" ], [ "0.0000121669", "64750000", "1" ], [ "0.0000121600", "20950000", "1" ], [ "0.0000121500", "21240000", "1" ], [ "0.0000121436", "3918730000", "1" ], [ "0.0000121400", "21290000", "1" ], [ "0.0000121380", "163030000", "2" ], [ "0.0000121344", "10301290000", "1" ], [ "0.0000121300", "20860000", "1" ], [ "0.0000121200", "20740000", "1" ], [ "0.0000121194", "3457750000", "1" ], [ "0.0000121100", "20600000", "1" ], [ "0.0000121091", "245760000", "3" ], [ "0.0000121000", "21400000", "1" ], [ "0.0000120963", "3917820000", "1" ], [ "0.0000120900", "20950000", "1" ], [ "0.0000120818", "199840000", "1" ], [ "0.0000120802", "310470000", "4" ], [ "0.0000120800", "20910000", "1" ] ],
      "asks" : [ [ "0.0000122425", "10000", "1" ], [ "0.0000122426", "25640000", "1" ], [ "0.0000122427", "85480000", "1" ], [ "0.0000122436", "10000", "1" ], [ "0.0000122446", "20000000", "1" ], [ "0.0000122455", "60000000", "1" ], [ "0.0000122464", "50000000", "1" ], [ "0.0000122472", "97980000", "1" ], [ "0.0000122500", "20840000", "1" ], [ "0.0000122513", "423270000", "1" ], [ "0.0000122514", "1410900000", "1" ], [ "0.0000122517", "40820000", "1" ], [ "0.0000122528", "19500000", "1" ], [ "0.0000122529", "15000000", "1" ], [ "0.0000122532", "164390000", "2" ], [ "0.0000122533", "331290000", "1" ], [ "0.0000122553", "50000000", "1" ], [ "0.0000122570", "160000", "1" ], [ "0.0000122597", "122620000", "1" ], [ "0.0000122600", "20870000", "1" ], [ "0.0000122625", "8150000", "1" ], [ "0.0000122664", "16300000", "1" ], [ "0.0000122700", "25030000", "2" ], [ "0.0000122713", "140000000", "1" ], [ "0.0000122725", "4070000", "1" ], [ "0.0000122750", "4070000", "1" ], [ "0.0000122753", "138990000", "1" ], [ "0.0000122754", "3133850000", "1" ], [ "0.0000122775", "4070000", "1" ], [ "0.0000122795", "3306150000", "1" ], [ "0.0000122800", "21130000", "1" ], [ "0.0000122836", "55380000", "1" ], [ "0.0000122876", "49480000", "1" ], [ "0.0000122900", "20940000", "1" ], [ "0.0000123000", "20690000", "1" ], [ "0.0000123011", "3918590000", "1" ], [ "0.0000123015", "55170000", "1" ], [ "0.0000123100", "21090000", "1" ], [ "0.0000123115", "79110000", "1" ], [ "0.0000123154", "59250000", "1" ], [ "0.0000123160", "3296440000", "1" ], [ "0.0000123200", "20570000", "1" ], [ "0.0000123293", "77160000", "2" ], [ "0.0000123300", "20610000", "1" ], [ "0.0000123400", "20910000", "1" ], [ "0.0000123403", "94630000", "1" ], [ "0.0000123407", "3918370000", "1" ], [ "0.0000123432", "74300000", "3" ], [ "0.0000123500", "21030000", "1" ], [ "0.0000123552", "10117190000", "1" ] ],
      "t" : 1756462430477
    } ],
    "instrument_name" : "SHIBUSD-PERP"
  }
}