{
  "id" : -1,
  "method" : "public/get-book",
  "code" : 0,
  "result" : {
    "depth" : 50,
    "data" : [ {
      "bids" : [ [ "0.000012247", "114930000", "2" ], [ "0.000012246", "100000", "1" ], [ "0.000012245", "48460000", "2" ], [ "0.000012244", "426030000", "3" ], [ "0.000012243", "1149920000", "4" ], [ "0.000012242", "833300000", "2" ], [ "0.000012241", "20030000", "1" ], [ "0.000012239", "237750000", "2" ], [ "0.000012238", "831400000", "3" ], [ "0.000012237", "196320000", "4" ], [ "0.000012236", "204090000", "1" ], [ "0.000012234", "276490000", "3" ], [ "0.000012233", "992900000", "4" ], [ "0.000012232", "123370000", "1" ], [ "0.000012230", "341080000", "4" ], [ "0.000012229", "1286090000", "6" ], [ "0.000012228", "881750000", "1" ], [ "0.000012227", "780170000", "1" ], [ "0.000012225", "1784090000", "2" ], [ "0.000012224", "1473650000", "1" ], [ "0.000012222", "3919660000", "1" ], [ "0.000012221", "792490000", "1" ], [ "0.000012217", "792490000", "1" ], [ "0.000012216", "489830000", "1" ], [ "0.000012214", "1560350000", "1" ], [ "0.000012206", "51880000", "1" ], [ "0.000012200", "55760000", "1" ], [ "0.000012197", "2167200000", "1" ], [ "0.000012190", "58310000", "1" ], [ "0.000012181", "100300000", "1" ], [ "0.000012180", "87870000", "1" ], [ "0.000012159", "100240000", "1" ], [ "0.000012152", "84550000", "1" ], [ "0.000012138", "129950000", "1" ], [ "0.000012121", "269840000", "1" ], [ "0.000012112", "270610000", "1" ], [ "0.000012111", "5619100000", "1" ], [ "0.000012104", "1711390000", "1" ], [ "0.000012090", "454980000", "1" ], [ "0.000012059", "674750000", "1" ], [ "0.000012058", "1294510000", "1" ], [ "0.000012049", "630000", "1" ], [ "0.000012044", "62250000", "1" ], [ "0.000012043", "180000", "1" ], [ "0.000012035", "570000", "1" ], [ "0.000012028", "3200000", "1" ], [ "0.000012026", "18480670000", "1" ], [ "0.000012022", "18560000", "1" ], [ "0.000012019", "1360500000", "1" ], [ "0.000011970", "18560000", "1" ] ],
      "asks" : [ [ "0.000012248", "100000", "1" ], [ "0.000012250", "3510000", "1" ], [ "0.000012251", "17060000", "1" ], [ "0.000012252", "53360000", "1" ], [ "0.000012253", "40820000", "1" ], [ "0.000012257", "104050000", "3" ], [ "0.000012258", "385610000", "3" ], [ "0.000012259", "76220000", "1" ], [ "0.000012261", "18460000", "1" ], [ "0.000012262", "865900000", "2" ], [ "0.000012263", "881450000", "1" ], [ "0.000012264", "991600000", "1" ], [ "0.000012265", "102180000", "1" ], [ "0.000012266", "792490000", "1" ], [ "0.000012268", "63880000", "1" ], [ "0.000012272", "3919660000", "1" ], [ "0.000012273", "792490000", "1" ], [ "0.000012275", "140000000", "1" ], [ "0.000012276", "1371590000", "2" ], [ "0.000012278", "792490000", "1" ], [ "0.000012286", "792490000", "1" ], [ "0.000012294", "792490000", "1" ], [ "0.000012295", "55760000", "1" ], [ "0.000012306", "104280000", "1" ], [ "0.000012314", "100300000", "1" ], [ "0.000012327", "115070000", "1" ], [ "0.000012338", "87540000", "1" ], [ "0.000012339", "267440000", "1" ], [ "0.000012348", "123870000", "1" ], [ "0.000012355", "3140000", "1" ], [ "0.000012359", "5619100000", "1" ], [ "0.000012369", "289340000", "1" ], [ "0.000012400", "447970000", "1" ], [ "0.000012431", "635530000", "1" ], [ "0.000012438", "833620000", "1" ], [ "0.000012448", "9270000", "1" ], [ "0.000012468", "18480670000", "1" ], [ "0.000012470", "9260000", "1" ], [ "0.000012472", "2828510000", "1" ], [ "0.000012488", "90000", "1" ], [ "0.000012489", "1240000", "1" ], [ "0.000012493", "5393640000", "1" ], [ "0.000012495", "9260000", "1" ], [ "0.000012519", "9260000", "1" ], [ "0.000012520", "3100000", "1" ], [ "0.000012527", "1090000", "1" ], [ "0.000012540", "13620000", "1" ], [ "0.000012541", "9260000", "1" ], [ "0.000012566", "9260000", "1" ], [ "0.000012588", "3690000", "1" ] ],
      "t" : 1756462422996
    } ],
    "instrument_name" : "SHIB_USD"
  }
}