{
  "id" : -1,
  "method" : "public/get-book",
  "code" : 0,
  "result" : {
    "depth" : 50,
    "data" : [ {
      "bids" : [ [ "0.000012244", "100000", "1" ], [ "0.000012243", "222480000", "2" ], [ "0.000012241", "40810000", "1" ], [ "0.000012240", "253050000", "5" ], [ "0.000012239", "792460000", "1" ], [ "0.000012238", "284420000", "3" ], [ "0.000012237", "881740000", "1" ], [ "0.000012236", "252460000", "6" ], [ "0.000012235", "1080270000", "3" ], [ "0.000012232", "287130000", "4" ], [ "0.000012231", "933950000", "2" ], [ "0.000012228", "79490000", "3" ], [ "0.000012227", "945090000", "2" ], [ "0.000012224", "1873390000", "2" ], [ "0.000012223", "792460000", "1" ], [ "0.000012220", "3919660000", "1" ], [ "0.000012218", "792460000", "1" ], [ "0.000012215", "489830000", "1" ], [ "0.000012200", "55760000", "1" ], [ "0.000012182", "58900000", "1" ], [ "0.000012181", "100300000", "1" ], [ "0.000012180", "103840000", "1" ], [ "0.000012159", "105170000", "1" ], [ "0.000012152", "81160000", "1" ], [ "0.000012138", "142150000", "1" ], [ "0.000012121", "268880000", "1" ], [ "0.000012120", "5619100000", "1" ], [ "0.000012090", "469650000", "1" ], [ "0.000012070", "90000", "1" ], [ "0.000012059", "658430000", "1" ], [ "0.000012050", "90000", "1" ], [ "0.000012037", "82480000", "1" ], [ "0.000012034", "18480670000", "1" ], [ "0.000012024", "1355020000", "1" ], [ "0.000012011", "69630000", "1" ], [ "0.000012000", "526530000", "2" ], [ "0.000011986", "1628470000", "1" ], [ "0.000011929", "9000000000", "1" ], [ "0.000011800", "90000", "1" ], [ "0.000011766", "90000", "1" ], [ "0.000011733", "90000", "1" ], [ "0.000011700", "90000", "1" ], [ "0.000011666", "90000", "1" ], [ "0.000011633", "90000", "1" ], [ "0.000011600", "90000", "1" ], [ "0.000011566", "90000", "1" ], [ "0.000011533", "90000", "1" ], [ "0.000011500", "90000", "1" ], [ "0.000011466", "90000", "1" ], [ "0.000011433", "90000", "1" ] ],
      "asks" : [ [ "0.000012251", "63700000", "2" ], [ "0.000012252", "88900000", "2" ], [ "0.000012255", "16440000", "1" ], [ "0.000012256", "378620000", "3" ], [ "0.000012257", "1265680000", "6" ], [ "0.000012258", "1081200000", "4" ], [ "0.000012261", "90390000", "1" ], [ "0.000012262", "1784060000", "2" ], [ "0.000012267", "82860000", "1" ], [ "0.000012268", "792460000", "1" ], [ "0.000012270", "3919660000", "1" ], [ "0.000012272", "792460000", "1" ], [ "0.000012273", "881620000", "1" ], [ "0.000012275", "489890000", "1" ], [ "0.000012276", "792460000", "1" ], [ "0.000012284", "792460000", "1" ], [ "0.000012291", "55760000", "1" ], [ "0.000012306", "121680000", "1" ], [ "0.000012311", "100300000", "1" ], [ "0.000012327", "131740000", "1" ], [ "0.000012338", "97100000", "1" ], [ "0.000012348", "104340000", "1" ], [ "0.000012369", "277810000", "1" ], [ "0.000012388", "5393640000", "1" ], [ "0.000012400", "458270000", "1" ], [ "0.000012430", "2214270000", "1" ], [ "0.000012431", "641740000", "1" ], [ "0.000012454", "860000000", "1" ], [ "0.000012476", "18480670000", "1" ], [ "0.000012480", "5393640000", "1" ], [ "0.000012725", "80000", "1" ], [ "0.000012740", "80000", "1" ], [ "0.000012755", "80000", "1" ], [ "0.000012770", "80000", "1" ], [ "0.000012785", "80000", "1" ], [ "0.000012800", "80000", "1" ], [ "0.000012820", "80000", "1" ], [ "0.000012840", "80000", "1" ], [ "0.000012860", "80000", "1" ], [ "0.000012880", "80000", "1" ], [ "0.000012900", "80000", "1" ], [ "0.000012920", "80000", "1" ], [ "0.000012940", "80000", "1" ], [ "0.000012960", "80000", "1" ], [ "0.000012980", "80000", "1" ], [ "0.000012996", "750000", "1" ], [ "0.000013000", "5320000", "2" ], [ "0.000013020", "80000", "1" ], [ "0.000013040", "80000", "1" ], [ "0.000013060", "80000", "1" ] ],
      "t" : 1756462426781
    } ],
    "instrument_name" : "SHIB_USDT"
  }
}