{
  "id" : -1,
  "method" : "public/get-book",
  "code" : 0,
  "result" : {
    "depth" : 50,
    "data" : [ {
      "bids" : [ [ "0.0039228", "360", "1" ], [ "0.0035000", "2000", "1" ] ],
      "asks" : [ [ "0.0039623", "24741", "1" ], [ "0.0040842", "11725", "1" ], [ "0.0041801", "237757", "1" ], [ "0.0044199", "247653", "1" ], [ "0.0046409", "241926", "1" ], [ "0.0081000", "2494", "1" ], [ "0.0360000", "4459", "1" ], [ "0.0400000", "1192", "1" ] ],
      "t" : 1756461906365
    } ],
    "instrument_name" : "SHRAP_USD"
  }
}