{
  "id" : -1,
  "method" : "public/get-book",
  "code" : 0,
  "result" : {
    "depth" : 50,
    "data" : [ {
      "bids" : [ [ "0.02649", "4900", "1" ], [ "0.02645", "62680", "1" ], [ "0.02644", "31481", "1" ], [ "0.02642", "32141", "1" ], [ "0.02640", "47604", "2" ], [ "0.02636", "29777", "1" ], [ "0.02635", "51790", "2" ], [ "0.02632", "29777", "1" ], [ "0.02631", "1327", "1" ], [ "0.02630", "93488", "2" ], [ "0.02625", "163100", "2" ], [ "0.02623", "42580", "1" ], [ "0.02620", "163100", "1" ], [ "0.02615", "205687", "1" ], [ "0.02604", "56", "1" ], [ "0.02596", "41298", "1" ], [ "0.02430", "61", "1" ], [ "0.02257", "65", "1" ], [ "0.02122", "4466", "1" ], [ "0.02085", "71", "1" ], [ "0.02072", "20975", "1" ], [ "0.02016", "70105", "1" ], [ "0.01960", "111141", "1" ], [ "0.01912", "77", "1" ], [ "0.01904", "111141", "1" ], [ "0.01848", "289688", "1" ], [ "0.01738", "85", "1" ], [ "0.01566", "94", "1" ] ],
      "asks" : [ [ "0.02652", "4845", "1" ], [ "0.02656", "554", "1" ], [ "0.02657", "62680", "1" ], [ "0.02658", "18960", "1" ], [ "0.02659", "25110", "1" ], [ "0.02660", "49804", "2" ], [ "0.02663", "32141", "1" ], [ "0.02664", "25110", "1" ], [ "0.02665", "15865", "1" ], [ "0.02668", "28767", "1" ], [ "0.02669", "17819", "1" ], [ "0.02670", "52196", "2" ], [ "0.02675", "89706", "2" ], [ "0.02680", "123595", "1" ], [ "0.02682", "41467", "1" ], [ "0.02685", "162132", "1" ], [ "0.02690", "195539", "1" ], [ "0.02709", "42667", "1" ], [ "0.02945", "1834", "1" ], [ "0.02949", "52", "1" ], [ "0.03100", "191", "1" ], [ "0.03123", "50", "1" ], [ "0.03185", "4466", "1" ], [ "0.03192", "12525", "1" ], [ "0.03248", "44299", "2" ], [ "0.03296", "47", "1" ], [ "0.03304", "44299", "2" ], [ "0.03360", "44299", "3" ], [ "0.03416", "157938", "3" ], [ "0.03468", "45", "1" ], [ "0.03642", "42", "1" ], [ "0.03815", "40", "1" ], [ "0.03987", "38", "1" ], [ "0.04161", "46", "1" ], [ "0.04349", "46", "1" ], [ "0.04530", "1393", "1" ], [ "0.04550", "497", "1" ], [ "0.04981", "998", "1" ], [ "0.05312", "931", "1" ], [ "0.05650", "873", "1" ], [ "0.05983", "821", "1" ], [ "0.06256", "832", "1" ], [ "0.06314", "775", "1" ], [ "0.06522", "797", "1" ], [ "0.06647", "734", "1" ], [ "0.06786", "764", "1" ], [ "0.07051", "734", "1" ], [ "0.07316", "706", "1" ], [ "0.07581", "681", "1" ], [ "0.07846", "657", "1" ] ],
      "t" : 1756462426506
    } ],
    "instrument_name" : "SKL_USDT"
  }
}