{
  "id" : -1,
  "method" : "public/get-book",
  "code" : 0,
  "result" : {
    "depth" : 50,
    "data" : [ {
      "bids" : [ [ "0.02649", "99", "1" ], [ "0.02645", "566", "2" ], [ "0.02644", "25484", "1" ], [ "0.02642", "75057", "1" ], [ "0.02641", "32141", "1" ], [ "0.02640", "41222", "3" ], [ "0.02637", "30165", "1" ], [ "0.02636", "34860", "1" ], [ "0.02635", "56190", "2" ], [ "0.02632", "34860", "1" ], [ "0.02630", "126278", "2" ], [ "0.02625", "126278", "1" ], [ "0.02620", "164487", "1" ], [ "0.02615", "200250", "1" ], [ "0.02559", "1095", "1" ], [ "0.02558", "1720", "1" ], [ "0.02217", "46", "1" ], [ "0.02181", "50", "1" ], [ "0.02122", "4473", "1" ], [ "0.02072", "27471", "1" ], [ "0.02016", "95397", "1" ], [ "0.01960", "95397", "1" ], [ "0.01904", "95397", "1" ], [ "0.01900", "3000", "1" ], [ "0.01848", "288325", "1" ], [ "0.01800", "3000", "1" ], [ "0.01700", "4000", "1" ], [ "0.01687", "60", "1" ], [ "0.01600", "5000", "1" ], [ "0.01500", "172666", "2" ], [ "0.01442", "76", "1" ], [ "0.01100", "181818", "1" ], [ "0.00776", "173", "1" ] ],
      "asks" : [ [ "0.02655", "3736", "1" ], [ "0.02656", "3195", "1" ], [ "0.02657", "99", "1" ], [ "0.02660", "25301", "2" ], [ "0.02662", "9003", "2" ], [ "0.02663", "53274", "2" ], [ "0.02664", "29558", "1" ], [ "0.02665", "20029", "1" ], [ "0.02666", "486", "1" ], [ "0.02668", "29558", "1" ], [ "0.02670", "54676", "2" ], [ "0.02672", "31278", "1" ], [ "0.02675", "54676", "1" ], [ "0.02680", "86800", "1" ], [ "0.02685", "163291", "1" ], [ "0.02690", "201282", "1" ], [ "0.02719", "327", "1" ], [ "0.02749", "322", "1" ], [ "0.02750", "322", "1" ], [ "0.02782", "322", "1" ], [ "0.02799", "2997", "13" ], [ "0.02814", "322", "1" ], [ "0.02858", "827", "1" ], [ "0.02859", "962", "1" ], [ "0.02866", "322", "1" ], [ "0.02915", "4881", "1" ], [ "0.02945", "300", "1" ], [ "0.02961", "300", "1" ], [ "0.03186", "4473", "1" ], [ "0.03192", "16066", "2" ], [ "0.03248", "44012", "2" ], [ "0.03304", "44012", "3" ], [ "0.03360", "44012", "2" ], [ "0.03416", "161376", "3" ], [ "0.03500", "2350", "1" ], [ "0.04300", "1995", "1" ], [ "0.05000", "199", "1" ], [ "0.05167", "20", "1" ], [ "0.05200", "1000", "1" ], [ "0.05300", "3774", "1" ], [ "0.05400", "1000", "1" ], [ "0.05569", "27000", "1" ], [ "0.05600", "6357", "2" ], [ "0.05800", "562", "1" ], [ "0.06080", "3975", "1" ], [ "0.06900", "266770", "1" ], [ "0.07000", "4641", "2" ], [ "0.07300", "183", "1" ], [ "0.07500", "118", "1" ], [ "0.07800", "1123", "1" ] ],
      "t" : 1756462418994
    } ],
    "instrument_name" : "SKL_USD"
  }
}