{
  "id" : -1,
  "method" : "public/get-book",
  "code" : 0,
  "result" : {
    "depth" : 50,
    "data" : [ {
      "bids" : [ [ "0.02649", "20", "2" ], [ "0.02647", "35900", "3" ], [ "0.02646", "4470", "1" ], [ "0.02644", "4460", "1" ], [ "0.02643", "23320", "2" ], [ "0.02640", "4570", "1" ], [ "0.02639", "31310", "3" ], [ "0.02638", "6430", "2" ], [ "0.02637", "27320", "3" ], [ "0.02636", "1890", "1" ], [ "0.02635", "4380", "1" ], [ "0.02634", "22350", "1" ], [ "0.02632", "4550", "1" ], [ "0.02631", "29920", "2" ], [ "0.02629", "4500", "1" ], [ "0.02628", "36750", "3" ], [ "0.02625", "39460", "3" ], [ "0.02622", "4390", "1" ], [ "0.02620", "35730", "1" ], [ "0.02617", "4570", "1" ], [ "0.02616", "39760", "1" ], [ "0.02611", "4400", "1" ], [ "0.02610", "80090", "3" ], [ "0.02605", "4550", "1" ], [ "0.02604", "115970", "4" ], [ "0.02599", "4590", "1" ], [ "0.02598", "144280", "4" ], [ "0.02597", "4470", "1" ], [ "0.02592", "181150", "1" ], [ "0.02573", "4500", "1" ], [ "0.02122", "17860", "1" ], [ "0.02072", "17900", "1" ], [ "0.02016", "53200", "1" ], [ "0.01960", "92540", "1" ], [ "0.01904", "128320", "1" ], [ "0.01848", "158020", "1" ], [ "0.01792", "193600", "1" ] ],
      "asks" : [ [ "0.02650", "10", "1" ], [ "0.02651", "4470", "1" ], [ "0.02652", "4540", "2" ], [ "0.02653", "35830", "3" ], [ "0.02656", "4420", "1" ], [ "0.02659", "18860", "1" ], [ "0.02660", "4560", "1" ], [ "0.02661", "4460", "1" ], [ "0.02662", "29490", "2" ], [ "0.02663", "4460", "1" ], [ "0.02664", "25710", "2" ], [ "0.02665", "4460", "1" ], [ "0.02666", "6450", "2" ], [ "0.02667", "73630", "4" ], [ "0.02668", "6450", "2" ], [ "0.02669", "6280", "2" ], [ "0.02670", "71080", "4" ], [ "0.02672", "4430", "1" ], [ "0.02673", "35270", "2" ], [ "0.02675", "4600", "1" ], [ "0.02676", "116170", "4" ], [ "0.02681", "4610", "1" ], [ "0.02682", "109580", "2" ], [ "0.02686", "4430", "1" ], [ "0.02688", "144960", "2" ], [ "0.02689", "4510", "1" ], [ "0.02694", "172810", "2" ], [ "0.02695", "4470", "1" ], [ "0.02712", "4390", "1" ], [ "0.03185", "17860", "1" ], [ "0.03192", "15180", "1" ], [ "0.03248", "54560", "2" ], [ "0.03304", "90470", "3" ], [ "0.03360", "121920", "4" ], [ "0.03416", "161500", "5" ], [ "0.03472", "197090", "5" ] ],
      "t" : 1756462444607
    } ],
    "instrument_name" : "SKLUSD-PERP"
  }
}