{
  "id" : -1,
  "method" : "public/get-book",
  "code" : 0,
  "result" : {
    "depth" : 50,
    "data" : [ {
      "bids" : [ [ "0.060968", "4201", "2" ], [ "0.060961", "426", "1" ], [ "0.060777", "3366", "1" ], [ "0.060776", "3572", "1" ], [ "0.060775", "1646", "1" ], [ "0.059026", "240", "1" ], [ "0.059000", "83", "1" ], [ "0.058318", "1515", "1" ], [ "0.058212", "1788", "1" ], [ "0.058190", "2273", "1" ], [ "0.058080", "5548", "3" ], [ "0.057948", "8151", "4" ], [ "0.057816", "5054", "2" ], [ "0.051170", "1894", "1" ], [ "0.051129", "10337", "1" ], [ "0.049818", "30691", "2" ], [ "0.048507", "30691", "1" ], [ "0.047196", "88274", "2" ], [ "0.045885", "317157", "2" ] ],
      "asks" : [ [ "0.065064", "615", "1" ], [ "0.065065", "456", "1" ], [ "0.065066", "1515", "1" ], [ "0.065076", "1470", "1" ], [ "0.065195", "2273", "1" ], [ "0.065208", "5320", "2" ], [ "0.065340", "10366", "2" ], [ "0.065472", "8004", "1" ], [ "0.065705", "90", "1" ], [ "0.067062", "204", "1" ], [ "0.067800", "100", "1" ], [ "0.069300", "80", "1" ], [ "0.073800", "70", "1" ], [ "0.075340", "155", "1" ], [ "0.075601", "291", "1" ], [ "0.077458", "1894", "1" ], [ "0.078660", "5738", "1" ], [ "0.079971", "17434", "2" ], [ "0.080000", "10200", "1" ], [ "0.081009", "56", "1" ], [ "0.081282", "31980", "2" ], [ "0.082593", "56458", "1" ], [ "0.083904", "170843", "1" ], [ "0.086312", "56", "1" ], [ "0.090211", "12", "1" ], [ "0.094759", "12", "1" ], [ "0.095212", "11", "1" ], [ "0.200000", "310", "1" ] ],
      "t" : 1756462446059
    } ],
    "instrument_name" : "SKY_USD"
  }
}