{
  "id" : -1,
  "method" : "public/get-book",
  "code" : 0,
  "result" : {
    "depth" : 50,
    "data" : [ {
      "bids" : [ [ "0.0017058", "1034900", "1" ], [ "0.0017057", "457500", "1" ], [ "0.0017050", "396300", "1" ], [ "0.0017041", "90500", "2" ], [ "0.0017040", "507800", "1" ], [ "0.0017028", "344200", "1" ], [ "0.0017024", "278000", "1" ], [ "0.0017006", "413100", "1" ], [ "0.0016992", "908700", "2" ], [ "0.0016984", "413100", "1" ], [ "0.0016960", "1528800", "3" ], [ "0.0016928", "2770500", "3" ], [ "0.0016896", "2770500", "2" ], [ "0.0016864", "3389900", "1" ], [ "0.0016809", "5312000", "1" ], [ "0.0016601", "8900", "1" ], [ "0.0016600", "20000", "1" ], [ "0.0016504", "8900", "1" ], [ "0.0016503", "9600", "1" ], [ "0.0016500", "6000", "1" ], [ "0.0016388", "5400", "1" ], [ "0.0016200", "5200", "1" ], [ "0.0016000", "5200", "1" ], [ "0.0015918", "10700", "1" ], [ "0.0015912", "5600", "1" ], [ "0.0015500", "6400", "1" ], [ "0.0015449", "5700", "1" ], [ "0.0015000", "16200", "3" ], [ "0.0014500", "800", "1" ], [ "0.0014300", "6200", "1" ], [ "0.0013750", "5500", "1" ], [ "0.0013689", "70800", "1" ], [ "0.0013490", "347800", "1" ], [ "0.0013135", "1159500", "2" ], [ "0.0013000", "5200", "1" ], [ "0.0012780", "1159500", "2" ], [ "0.0012530", "5600", "1" ], [ "0.0012500", "4000", "1" ], [ "0.0012425", "410400", "1" ], [ "0.0012070", "1294600", "2" ], [ "0.0012000", "3200", "1" ], [ "0.0010000", "200", "1" ], [ "0.0008900", "300000", "1" ], [ "0.0002288", "4400", "1" ] ],
      "asks" : [ [ "0.0017154", "893200", "2" ], [ "0.0017155", "396300", "1" ], [ "0.0017160", "324700", "1" ], [ "0.0017162", "36100", "1" ], [ "0.0017163", "342000", "1" ], [ "0.0017164", "400000", "1" ], [ "0.0017165", "361700", "1" ], [ "0.0017182", "324700", "1" ], [ "0.0017196", "507800", "1" ], [ "0.0017204", "324700", "1" ], [ "0.0017216", "289700", "1" ], [ "0.0017248", "858200", "1" ], [ "0.0017280", "2124900", "1" ], [ "0.0017312", "2124900", "1" ], [ "0.0017344", "3307700", "1" ], [ "0.0017376", "3307700", "1" ], [ "0.0017386", "5200", "1" ], [ "0.0017426", "5312000", "1" ], [ "0.0017907", "5100", "1" ], [ "0.0018200", "8000", "1" ], [ "0.0018443", "5200", "1" ], [ "0.0018500", "1000", "1" ], [ "0.0018517", "445500", "1" ], [ "0.0018518", "390700", "1" ], [ "0.0018670", "2000", "1" ], [ "0.0018960", "13200", "1" ], [ "0.0018999", "5200", "1" ], [ "0.0019600", "4100", "1" ], [ "0.0019950", "10000", "1" ], [ "0.0020500", "2600", "2" ], [ "0.0020549", "70800", "1" ], [ "0.0020590", "232100", "1" ], [ "0.0020945", "731100", "2" ], [ "0.0021000", "2000", "1" ], [ "0.0021300", "1150900", "2" ], [ "0.0021500", "1500", "1" ], [ "0.0021655", "232100", "1" ], [ "0.0022000", "1500", "1" ], [ "0.0022010", "729800", "1" ], [ "0.0022500", "1500", "1" ], [ "0.0022700", "1000", "1" ], [ "0.0023000", "4000", "2" ], [ "0.0023500", "5400", "1" ], [ "0.0023651", "116800", "1" ], [ "0.0024724", "7400", "1" ], [ "0.0025000", "2000", "1" ], [ "0.0025484", "7200", "1" ], [ "0.0026000", "1000", "1" ], [ "0.0026243", "6900", "1" ], [ "0.0027000", "3000", "1" ] ],
      "t" : 1756462443871
    } ],
    "instrument_name" : "SLP_USD"
  }
}