{
  "id" : -1,
  "method" : "public/get-book",
  "code" : 0,
  "result" : {
    "depth" : 50,
    "data" : [ {
      "bids" : [ [ "0.0017041", "48700", "1" ], [ "0.0017040", "322400", "1" ], [ "0.0017021", "415700", "1" ], [ "0.0017020", "926300", "2" ], [ "0.0017019", "358300", "1" ], [ "0.0017000", "432700", "1" ], [ "0.0016988", "971100", "2" ], [ "0.0016980", "432700", "1" ], [ "0.0016957", "2158400", "3" ], [ "0.0016926", "2158400", "2" ], [ "0.0016895", "2789600", "2" ], [ "0.0016864", "3369900", "1" ], [ "0.0016777", "5312000", "1" ], [ "0.0016557", "32300", "1" ], [ "0.0016388", "64500", "1" ], [ "0.0016220", "9100", "1" ], [ "0.0015696", "7100", "1" ], [ "0.0013688", "70600", "1" ], [ "0.0013490", "317100", "1" ], [ "0.0013135", "1082900", "2" ], [ "0.0012780", "1856700", "3" ], [ "0.0012425", "348000", "1" ], [ "0.0012070", "1249100", "2" ], [ "0.0008700", "1410000", "1" ] ],
      "asks" : [ [ "0.0017124", "68200", "1" ], [ "0.0017125", "403100", "1" ], [ "0.0017130", "396300", "1" ], [ "0.0017137", "409500", "1" ], [ "0.0017138", "409300", "1" ], [ "0.0017139", "411600", "1" ], [ "0.0017140", "408900", "1" ], [ "0.0017150", "507800", "1" ], [ "0.0017160", "408900", "1" ], [ "0.0017174", "285000", "1" ], [ "0.0017180", "369800", "1" ], [ "0.0017205", "952700", "2" ], [ "0.0017236", "952700", "1" ], [ "0.0017266", "209800", "1" ], [ "0.0017267", "2075400", "1" ], [ "0.0017298", "2075400", "1" ], [ "0.0017329", "3278900", "1" ], [ "0.0017393", "5312000", "1" ], [ "0.0017553", "2000", "1" ], [ "0.0018544", "386600", "1" ], [ "0.0018663", "428100", "1" ], [ "0.0018665", "402600", "1" ], [ "0.0020544", "70600", "1" ], [ "0.0020590", "268100", "1" ], [ "0.0020945", "716600", "2" ], [ "0.0021300", "1162700", "2" ], [ "0.0021655", "198600", "1" ], [ "0.0022010", "708000", "1" ], [ "0.0025600", "10600", "1" ], [ "0.0029000", "5000", "1" ], [ "0.0030950", "2000", "1" ], [ "0.0031950", "2000", "1" ], [ "0.0033000", "10000", "1" ], [ "0.0034600", "2000", "1" ], [ "0.0035100", "2000", "1" ], [ "0.0037000", "2500", "1" ], [ "0.0041000", "2500", "1" ], [ "0.0059500", "1500", "1" ], [ "0.0060000", "19000", "1" ], [ "0.0060500", "1500", "1" ], [ "0.0061500", "1500", "1" ], [ "0.0062500", "1500", "1" ], [ "0.0064300", "2000", "1" ], [ "0.0065000", "2000", "1" ], [ "0.0065750", "1500", "1" ], [ "0.0066500", "2000", "1" ], [ "0.0067500", "4000", "1" ], [ "0.0068600", "2000", "1" ], [ "0.0070000", "5000", "1" ], [ "0.0073000", "853400", "2" ] ],
      "t" : 1756462455133
    } ],
    "instrument_name" : "SLP_USDT"
  }
}