{
  "id" : -1,
  "method" : "public/get-book",
  "code" : 0,
  "result" : {
    "depth" : 50,
    "data" : [ {
      "bids" : [ [ "0.0040076", "1000", "1" ], [ "0.0039984", "1000", "1" ], [ "0.0038808", "22000", "1" ], [ "0.0038776", "12000", "1" ], [ "0.0038768", "12000", "1" ], [ "0.0038760", "12000", "1" ], [ "0.0038752", "9000", "1" ], [ "0.0038580", "25000", "1" ], [ "0.0038568", "25000", "1" ], [ "0.0038556", "25000", "1" ], [ "0.0038544", "25000", "1" ], [ "0.0038340", "26000", "1" ], [ "0.0038320", "26000", "1" ], [ "0.0038300", "26000", "1" ], [ "0.0038280", "26000", "1" ], [ "0.0038260", "26000", "1" ], [ "0.0038240", "23000", "1" ], [ "0.0037749", "27000", "1" ], [ "0.0037485", "13000", "1" ], [ "0.0037128", "21000", "1" ], [ "0.0036771", "31000", "1" ], [ "0.0036582", "27000", "1" ], [ "0.0036540", "3000", "1" ], [ "0.0036414", "42000", "1" ], [ "0.0036360", "3000", "1" ], [ "0.0036180", "4000", "2" ], [ "0.0036057", "54000", "1" ], [ "0.0036000", "4000", "1" ], [ "0.0035820", "4000", "1" ], [ "0.0031942", "27000", "1" ], [ "0.0031578", "45000", "1" ], [ "0.0030747", "173000", "1" ], [ "0.0029916", "276000", "1" ], [ "0.0029085", "379000", "1" ], [ "0.0028254", "491000", "1" ], [ "0.0027423", "604000", "1" ] ],
      "asks" : [ [ "0.0040428", "1000", "1" ], [ "0.0040433", "27000", "1" ], [ "0.0040500", "3000", "1" ], [ "0.0040504", "12000", "1" ], [ "0.0040512", "12000", "1" ], [ "0.0040520", "13000", "2" ], [ "0.0040528", "110000", "2" ], [ "0.0040632", "24000", "1" ], [ "0.0040644", "24000", "1" ], [ "0.0040656", "24000", "1" ], [ "0.0040668", "24000", "1" ], [ "0.0040680", "4000", "2" ], [ "0.0040778", "27000", "1" ], [ "0.0040860", "3000", "1" ], [ "0.0040880", "24000", "1" ], [ "0.0040900", "24000", "1" ], [ "0.0040920", "24000", "1" ], [ "0.0040940", "24000", "1" ], [ "0.0040960", "24000", "1" ], [ "0.0040980", "24000", "1" ], [ "0.0041040", "4000", "2" ], [ "0.0041055", "12000", "1" ], [ "0.0041220", "4000", "2" ], [ "0.0041412", "24000", "2" ], [ "0.0041769", "32000", "2" ], [ "0.0042126", "44000", "3" ], [ "0.0042483", "53000", "3" ], [ "0.0048095", "27000", "1" ], [ "0.0048198", "63000", "1" ], [ "0.0049029", "163000", "2" ], [ "0.0049860", "268000", "3" ], [ "0.0050691", "384000", "4" ], [ "0.0051522", "487000", "5" ], [ "0.0052353", "603000", "5" ] ],
      "t" : 1756462439409
    } ],
    "instrument_name" : "SNEKUSD-PERP"
  }
}