{
  "id" : -1,
  "method" : "public/get-book",
  "code" : 0,
  "result" : {
    "depth" : 50,
    "data" : [ {
      "bids" : [ [ "0.0040000", "125500", "3" ], [ "0.0039871", "125400", "1" ], [ "0.0039870", "67000", "1" ], [ "0.0039760", "389700", "1" ], [ "0.0039593", "26500", "1" ], [ "0.0039592", "163600", "1" ], [ "0.0039570", "1134700", "1" ], [ "0.0039480", "1908600", "1" ], [ "0.0039445", "195400", "1" ], [ "0.0039408", "209400", "1" ], [ "0.0039339", "132500", "1" ], [ "0.0039200", "190800", "1" ], [ "0.0039060", "378900", "2" ], [ "0.0038955", "190800", "1" ], [ "0.0038781", "640300", "2" ], [ "0.0038502", "877700", "1" ], [ "0.0038226", "2100", "1" ], [ "0.0038225", "1200", "1" ], [ "0.0038223", "877700", "1" ], [ "0.0037944", "1435100", "1" ], [ "0.0037000", "68800", "1" ], [ "0.0035000", "71400", "1" ], [ "0.0031945", "36100", "1" ], [ "0.0031709", "158600", "1" ], [ "0.0030852", "570200", "1" ], [ "0.0030850", "2100", "1" ], [ "0.0029995", "900200", "1" ], [ "0.0029138", "1678800", "1" ], [ "0.0028281", "5739900", "1" ] ],
      "asks" : [ [ "0.0040427", "116900", "1" ], [ "0.0040428", "163600", "1" ], [ "0.0040530", "67000", "1" ], [ "0.0040613", "209400", "1" ], [ "0.0040620", "389700", "1" ], [ "0.0040670", "154500", "1" ], [ "0.0040734", "99000", "1" ], [ "0.0040800", "1908600", "1" ], [ "0.0040910", "1908600", "1" ], [ "0.0040915", "154500", "1" ], [ "0.0041013", "373800", "1" ], [ "0.0041160", "196800", "1" ], [ "0.0041292", "598800", "2" ], [ "0.0041571", "858600", "2" ], [ "0.0041850", "1073200", "2" ], [ "0.0042129", "1073200", "1" ], [ "0.0048105", "36100", "1" ], [ "0.0048849", "134300", "1" ], [ "0.0049706", "366200", "2" ], [ "0.0050000", "5600", "1" ], [ "0.0050563", "366200", "2" ], [ "0.0051420", "1140700", "3" ], [ "0.0052000", "5700", "1" ], [ "0.0052277", "3230200", "1" ], [ "0.0052413", "200", "1" ], [ "0.0053000", "38900", "1" ], [ "0.0053500", "41600", "1" ], [ "0.0055227", "1200", "1" ], [ "0.0058000", "400", "1" ], [ "0.0071812", "2400", "1" ], [ "0.0072000", "4100", "1" ], [ "0.0095000", "42000", "1" ] ],
      "t" : 1756462367964
    } ],
    "instrument_name" : "SNEK_USD"
  }
}