{
  "id" : -1,
  "method" : "public/get-book",
  "code" : 0,
  "result" : {
    "depth" : 50,
    "data" : [ {
      "bids" : [ [ "0.047888", "0.006", "1" ], [ "0.047872", "0.010", "1" ], [ "0.047858", "19.965", "1" ], [ "0.047857", "1.484", "1" ], [ "0.047835", "2.259", "1" ], [ "0.047754", "4.131", "1" ], [ "0.047752", "3.370", "1" ], [ "0.047748", "7.436", "1" ], [ "0.047679", "7.195", "1" ], [ "0.047637", "6.741", "1" ], [ "0.047616", "5.836", "1" ], [ "0.047610", "7.668", "1" ], [ "0.047492", "17.580", "1" ], [ "0.047385", "0.019", "1" ], [ "0.047382", "0.019", "1" ], [ "0.047371", "0.804", "2" ], [ "0.047369", "6.771", "1" ], [ "0.047368", "27.956", "1" ], [ "0.047244", "47.211", "3" ], [ "0.047041", "980.896", "1" ], [ "0.046698", "0.133", "1" ], [ "0.046670", "0.087", "1" ], [ "0.046559", "0.072", "1" ], [ "0.045899", "0.136", "1" ], [ "0.045819", "0.021", "1" ], [ "0.045747", "0.073", "1" ], [ "0.045500", "3.000", "1" ], [ "0.045400", "3.000", "1" ], [ "0.045303", "0.089", "1" ], [ "0.045300", "3.000", "1" ], [ "0.045200", "3.000", "1" ], [ "0.045168", "0.006", "1" ], [ "0.045100", "3.000", "1" ], [ "0.045099", "0.138", "1" ], [ "0.045000", "3.000", "1" ], [ "0.044935", "0.075", "1" ], [ "0.044900", "3.000", "1" ], [ "0.044800", "3.000", "1" ], [ "0.044700", "3.000", "1" ], [ "0.044600", "3.000", "1" ], [ "0.044500", "3.000", "1" ], [ "0.044400", "3.000", "1" ], [ "0.044300", "3.000", "1" ], [ "0.044298", "0.141", "1" ], [ "0.044200", "3.000", "1" ], [ "0.044123", "0.076", "1" ], [ "0.044100", "3.000", "1" ], [ "0.044000", "3.000", "1" ], [ "0.043936", "0.092", "1" ], [ "0.043900", "3.000", "1" ] ],
      "asks" : [ [ "0.047889", "0.006", "1" ], [ "0.047926", "1.351", "1" ], [ "0.047927", "1.453", "1" ], [ "0.047937", "2.401", "1" ], [ "0.048048", "3.370", "1" ], [ "0.048093", "6.836", "1" ], [ "0.048161", "1.043", "1" ], [ "0.048162", "7.983", "1" ], [ "0.048163", "6.741", "1" ], [ "0.048231", "8.383", "1" ], [ "0.048236", "5.694", "1" ], [ "0.048300", "0.131", "1" ], [ "0.048360", "17.655", "1" ], [ "0.048365", "0.019", "1" ], [ "0.048377", "0.019", "1" ], [ "0.048483", "9.046", "2" ], [ "0.048484", "28.149", "1" ], [ "0.048600", "3.000", "1" ], [ "0.048608", "38.937", "1" ], [ "0.048700", "3.000", "1" ], [ "0.048757", "0.069", "1" ], [ "0.048764", "1600.093", "1" ], [ "0.048766", "980.896", "1" ], [ "0.048800", "3.000", "1" ], [ "0.048829", "1.175", "1" ], [ "0.048900", "3.000", "1" ], [ "0.049000", "3.074", "2" ], [ "0.049100", "3.000", "1" ], [ "0.049171", "1.167", "1" ], [ "0.049200", "3.000", "1" ], [ "0.049300", "3.000", "1" ], [ "0.049400", "3.000", "1" ], [ "0.049404", "0.097", "1" ], [ "0.049438", "0.009", "1" ], [ "0.049500", "3.000", "1" ], [ "0.049515", "1.159", "1" ], [ "0.049600", "3.000", "1" ], [ "0.049700", "3.000", "1" ], [ "0.049800", "3.000", "1" ], [ "0.049862", "1.151", "1" ], [ "0.049900", "3.000", "1" ], [ "0.050000", "51.158", "3" ], [ "0.050100", "3.000", "1" ], [ "0.050200", "3.000", "1" ], [ "0.050211", "1.143", "1" ], [ "0.050250", "0.063", "1" ], [ "0.050300", "3.000", "1" ], [ "0.050323", "7.121", "1" ], [ "0.050400", "3.000", "1" ], [ "0.050500", "3.000", "1" ] ],
      "t" : 1756462481517
    } ],
    "instrument_name" : "SOL_ETH"
  }
}