{
  "id" : -1,
  "method" : "public/get-book",
  "code" : 0,
  "result" : {
    "depth" : 50,
    "data" : [ {
      "bids" : [ [ "0.0018964", "0.006", "1" ], [ "0.0018944", "0.010", "1" ], [ "0.0018943", "19.104", "1" ], [ "0.0018942", "1.438", "1" ], [ "0.0018925", "72.140", "1" ], [ "0.0018924", "0.100", "1" ], [ "0.0018903", "3.370", "1" ], [ "0.0018900", "5.835", "1" ], [ "0.0018895", "16.807", "1" ], [ "0.0018872", "7.492", "1" ], [ "0.0018861", "6.741", "1" ], [ "0.0018853", "45.623", "1" ], [ "0.0018844", "6.424", "1" ], [ "0.0018819", "6.262", "1" ], [ "0.0018784", "0.019", "1" ], [ "0.0018783", "29.050", "2" ], [ "0.0018782", "48.109", "2" ], [ "0.0018768", "17.883", "1" ], [ "0.0018763", "803.448", "1" ], [ "0.0018759", "1.900", "1" ], [ "0.0018737", "57.635", "1" ], [ "0.0018736", "9.419", "1" ], [ "0.0018728", "1.900", "1" ], [ "0.0018717", "27.757", "1" ], [ "0.0018688", "1.900", "1" ], [ "0.0018666", "39.398", "1" ], [ "0.0018653", "1.900", "1" ], [ "0.0018650", "75.700", "1" ], [ "0.0018630", "27.383", "1" ], [ "0.0018629", "1.476", "1" ], [ "0.0018615", "1.900", "1" ], [ "0.0018612", "1961.792", "1" ], [ "0.0018584", "0.794", "1" ], [ "0.0018578", "1.900", "1" ], [ "0.0018553", "0.404", "1" ], [ "0.0018543", "1.900", "1" ], [ "0.0018513", "892.720", "1" ], [ "0.0018504", "2.850", "2" ], [ "0.0018500", "3.000", "1" ], [ "0.0018484", "9.547", "1" ], [ "0.0018481", "1.181", "2" ], [ "0.0018470", "1.900", "1" ], [ "0.0018438", "1.900", "1" ], [ "0.0018401", "1.900", "1" ], [ "0.0018400", "3.000", "1" ], [ "0.0018364", "1.900", "1" ], [ "0.0018328", "1.900", "1" ], [ "0.0018309", "0.409", "1" ], [ "0.0018300", "3.000", "1" ], [ "0.0018292", "1.900", "1" ] ],
      "asks" : [ [ "0.0018965", "0.006", "1" ], [ "0.0018973", "21.346", "1" ], [ "0.0018989", "19.072", "1" ], [ "0.0018990", "71.922", "1" ], [ "0.0018997", "11.677", "1" ], [ "0.0018998", "0.100", "1" ], [ "0.0019020", "3.370", "1" ], [ "0.0019040", "5.466", "1" ], [ "0.0019044", "0.399", "1" ], [ "0.0019066", "47.480", "1" ], [ "0.0019067", "45.610", "1" ], [ "0.0019068", "6.699", "1" ], [ "0.0019069", "6.770", "2" ], [ "0.0019074", "5.588", "1" ], [ "0.0019084", "1.000", "1" ], [ "0.0019096", "8.547", "1" ], [ "0.0019102", "1.000", "1" ], [ "0.0019120", "1.000", "1" ], [ "0.0019125", "16.892", "2" ], [ "0.0019127", "0.019", "1" ], [ "0.0019135", "0.019", "1" ], [ "0.0019138", "1.000", "1" ], [ "0.0019156", "1.000", "1" ], [ "0.0019161", "1.200", "1" ], [ "0.0019165", "803.448", "1" ], [ "0.0019173", "57.566", "1" ], [ "0.0019174", "1.000", "1" ], [ "0.0019176", "16.892", "1" ], [ "0.0019192", "1.000", "1" ], [ "0.0019210", "1.000", "1" ], [ "0.0019227", "27.657", "1" ], [ "0.0019228", "1.490", "2" ], [ "0.0019246", "1.000", "1" ], [ "0.0019264", "1.000", "1" ], [ "0.0019281", "155.908", "1" ], [ "0.0019282", "1.000", "1" ], [ "0.0019284", "1.000", "1" ], [ "0.0019296", "1961.792", "1" ], [ "0.0019300", "1.000", "1" ], [ "0.0019317", "167.900", "1" ], [ "0.0019318", "1.000", "1" ], [ "0.0019336", "1.000", "1" ], [ "0.0019354", "1.000", "1" ], [ "0.0019359", "542.401", "1" ], [ "0.0019372", "1.000", "1" ], [ "0.0019390", "1.000", "1" ], [ "0.0019408", "1.000", "1" ], [ "0.0019426", "1.000", "1" ], [ "0.0019444", "1.000", "1" ], [ "0.0019452", "1319.152", "1" ] ],
      "t" : 1756462477514
    } ],
    "instrument_name" : "SOL_BTC"
  }
}