{
  "id" : -1,
  "method" : "public/get-book",
  "code" : 0,
  "result" : {
    "depth" : 50,
    "data" : [ {
      "bids" : [ [ "0.031061", "6306", "1" ], [ "0.030990", "644", "1" ], [ "0.030978", "382", "1" ], [ "0.030977", "95779", "1" ], [ "0.030972", "98498", "1" ], [ "0.030762", "22259", "1" ], [ "0.030751", "487285", "1" ], [ "0.030669", "28527", "1" ], [ "0.030652", "20419", "1" ], [ "0.030623", "39", "1" ], [ "0.030545", "19179", "1" ], [ "0.030494", "24995", "1" ], [ "0.030340", "50410", "1" ], [ "0.030336", "30466", "1" ], [ "0.030135", "83182", "1" ], [ "0.029930", "118973", "1" ], [ "0.029725", "147224", "1" ], [ "0.029520", "179690", "1" ], [ "0.024850", "2500", "1" ], [ "0.024570", "12878", "1" ], [ "0.023940", "38278", "2" ], [ "0.023310", "64051", "2" ], [ "0.022680", "263787", "2" ], [ "0.022050", "729656", "2" ] ],
      "asks" : [ [ "0.031090", "39", "1" ], [ "0.031189", "158", "1" ], [ "0.031190", "90080", "1" ], [ "0.031206", "88764", "1" ], [ "0.031210", "642", "1" ], [ "0.031222", "88923", "1" ], [ "0.031408", "22259", "1" ], [ "0.031426", "961", "1" ], [ "0.031427", "482337", "1" ], [ "0.031442", "19443", "1" ], [ "0.031501", "28527", "1" ], [ "0.031570", "15934", "1" ], [ "0.031600", "21783", "1" ], [ "0.031758", "25309", "1" ], [ "0.031775", "47488", "2" ], [ "0.031980", "47488", "2" ], [ "0.032185", "109776", "1" ], [ "0.032390", "168552", "1" ], [ "0.032595", "168552", "1" ], [ "0.037292", "2500", "1" ], [ "0.037800", "7775", "1" ], [ "0.038430", "23703", "2" ], [ "0.039060", "23703", "2" ], [ "0.039690", "131846", "3" ], [ "0.040320", "434208", "1" ], [ "0.047000", "99", "1" ], [ "0.050000", "25", "1" ], [ "0.067833", "15", "1" ], [ "0.080000", "250", "1" ], [ "0.090000", "2032", "1" ] ],
      "t" : 1756462503170
    } ],
    "instrument_name" : "SOPH_USD"
  }
}