{
  "id" : -1,
  "method" : "public/get-book",
  "code" : 0,
  "result" : {
    "depth" : 50,
    "data" : [ {
      "bids" : [ [ "0.031069", "10", "1" ], [ "0.031065", "10", "1" ], [ "0.031032", "1610", "1" ], [ "0.031026", "1610", "1" ], [ "0.031020", "1610", "1" ], [ "0.031008", "1610", "1" ], [ "0.030996", "22980", "1" ], [ "0.030988", "20400", "1" ], [ "0.030956", "42270", "1" ], [ "0.030954", "6460", "1" ], [ "0.030946", "26230", "1" ], [ "0.030916", "35150", "1" ], [ "0.030915", "4040", "1" ], [ "0.030906", "4040", "1" ], [ "0.030897", "4040", "1" ], [ "0.030888", "4040", "1" ], [ "0.030848", "4860", "1" ], [ "0.030832", "4860", "1" ], [ "0.030816", "4860", "1" ], [ "0.030800", "4870", "1" ], [ "0.030784", "4870", "1" ], [ "0.030768", "4870", "1" ], [ "0.030724", "22000", "1" ], [ "0.030708", "12400", "1" ], [ "0.030672", "16160", "2" ], [ "0.030636", "14760", "1" ], [ "0.030600", "16860", "3" ], [ "0.030564", "18540", "4" ], [ "0.029946", "31430", "1" ], [ "0.029890", "25920", "1" ], [ "0.029820", "68890", "2" ], [ "0.029750", "95590", "3" ], [ "0.029680", "123990", "4" ], [ "0.029610", "160100", "5" ], [ "0.024848", "15710", "1" ], [ "0.024609", "12600", "1" ], [ "0.023978", "49060", "2" ], [ "0.023347", "77360", "2" ], [ "0.022716", "109310", "2" ], [ "0.022085", "142690", "2" ], [ "0.021454", "170660", "2" ] ],
      "asks" : [ [ "0.031078", "10", "1" ], [ "0.031092", "10", "1" ], [ "0.031146", "3210", "1" ], [ "0.031176", "8010", "2" ], [ "0.031182", "1600", "1" ], [ "0.031188", "1600", "1" ], [ "0.031194", "1600", "1" ], [ "0.031199", "35160", "1" ], [ "0.031202", "13290", "1" ], [ "0.031227", "22000", "1" ], [ "0.031248", "13310", "1" ], [ "0.031275", "3990", "1" ], [ "0.031284", "19600", "2" ], [ "0.031293", "3990", "1" ], [ "0.031296", "31430", "1" ], [ "0.031302", "3990", "1" ], [ "0.031320", "16260", "2" ], [ "0.031344", "4780", "1" ], [ "0.031356", "19150", "2" ], [ "0.031360", "39830", "2" ], [ "0.031376", "4780", "1" ], [ "0.031392", "27500", "2" ], [ "0.031408", "4770", "1" ], [ "0.031424", "4770", "1" ], [ "0.031430", "59730", "1" ], [ "0.031500", "97920", "1" ], [ "0.031570", "131740", "1" ], [ "0.031640", "154940", "1" ], [ "0.037284", "15710", "1" ], [ "0.037860", "16450", "1" ], [ "0.038491", "45760", "2" ], [ "0.039122", "80680", "3" ], [ "0.039753", "108660", "4" ], [ "0.040384", "140450", "5" ], [ "0.041015", "170380", "1" ] ],
      "t" : 1756462506781
    } ],
    "instrument_name" : "SOPHUSD-PERP"
  }
}