{
  "id" : -1,
  "method" : "public/get-book",
  "code" : 0,
  "result" : {
    "depth" : 50,
    "data" : [ {
      "bids" : [ [ "0.0104664", "200", "1" ], [ "0.0104622", "2200", "1" ], [ "0.0104566", "200", "1" ], [ "0.0104468", "200", "1" ], [ "0.0104370", "200", "1" ], [ "0.0104272", "200", "1" ], [ "0.0104174", "200", "1" ], [ "0.0104076", "200", "1" ], [ "0.0103978", "200", "1" ], [ "0.0103880", "200", "1" ], [ "0.0103849", "22900", "1" ], [ "0.0103782", "200", "1" ], [ "0.0103769", "65280", "1" ], [ "0.0103684", "200", "1" ], [ "0.0103525", "76520", "1" ], [ "0.0103488", "200", "1" ], [ "0.0103382", "83500", "1" ], [ "0.0103292", "200", "1" ], [ "0.0103171", "2580", "1" ], [ "0.0103170", "45290", "1" ], [ "0.0103097", "114500", "1" ], [ "0.0103096", "200", "1" ], [ "0.0103020", "85140", "1" ], [ "0.0102900", "200", "1" ], [ "0.0102704", "200", "1" ], [ "0.0102600", "140840", "1" ], [ "0.0102515", "74600", "1" ], [ "0.0102030", "234010", "1" ], [ "0.0101460", "341370", "1" ], [ "0.0100890", "439360", "1" ], [ "0.0100320", "528650", "1" ], [ "0.0083600", "11710", "1" ], [ "0.0082698", "490", "1" ], [ "0.0081548", "48520", "1" ], [ "0.0080000", "2000", "1" ], [ "0.0079402", "179590", "1" ], [ "0.0077736", "800", "1" ], [ "0.0077256", "388630", "1" ], [ "0.0075110", "388630", "1" ], [ "0.0072964", "1244600", "1" ], [ "0.0062800", "160", "1" ], [ "0.0060000", "20", "1" ], [ "0.0050000", "10", "1" ], [ "0.0030000", "100", "1" ] ],
      "asks" : [ [ "0.0104793", "2200", "1" ], [ "0.0104958", "200", "1" ], [ "0.0105056", "200", "1" ], [ "0.0105154", "200", "1" ], [ "0.0105252", "200", "1" ], [ "0.0105288", "22900", "1" ], [ "0.0105350", "200", "1" ], [ "0.0105448", "200", "1" ], [ "0.0105454", "65280", "1" ], [ "0.0105545", "61370", "1" ], [ "0.0105546", "200", "1" ], [ "0.0105644", "200", "1" ], [ "0.0105742", "200", "1" ], [ "0.0105840", "200", "1" ], [ "0.0105842", "83500", "1" ], [ "0.0106014", "114500", "1" ], [ "0.0106020", "42810", "1" ], [ "0.0106036", "200", "1" ], [ "0.0106050", "61370", "1" ], [ "0.0106232", "200", "1" ], [ "0.0106428", "200", "1" ], [ "0.0106555", "62770", "1" ], [ "0.0106590", "144560", "2" ], [ "0.0106624", "200", "1" ], [ "0.0106820", "200", "1" ], [ "0.0107016", "200", "1" ], [ "0.0107160", "144560", "1" ], [ "0.0107730", "318690", "1" ], [ "0.0108300", "411910", "1" ], [ "0.0108870", "495020", "1" ], [ "0.0120000", "14400", "1" ], [ "0.0125678", "11710", "1" ], [ "0.0126000", "4810", "1" ], [ "0.0126614", "33220", "1" ], [ "0.0128760", "107920", "2" ], [ "0.0130906", "193950", "3" ], [ "0.0133052", "193950", "3" ], [ "0.0135198", "739230", "3" ], [ "0.0140617", "360", "1" ], [ "0.0142591", "560", "1" ], [ "0.0169577", "290", "1" ], [ "0.0175020", "420", "1" ], [ "0.0198538", "230", "1" ], [ "0.0200000", "3840", "1" ], [ "0.0207448", "340", "1" ], [ "0.0220000", "6880", "1" ], [ "0.0227498", "190", "1" ], [ "0.0239876", "290", "1" ], [ "0.0245000", "2000", "1" ], [ "0.0250000", "5320", "1" ] ],
      "t" : 1756462510298
    } ],
    "instrument_name" : "SPA_USD"
  }
}