{
  "id" : -1,
  "method" : "public/get-book",
  "code" : 0,
  "result" : {
    "depth" : 50,
    "data" : [ {
      "bids" : [ [ "0.0004874", "205100", "1" ], [ "0.0004873", "92400", "1" ], [ "0.0004870", "134100", "1" ], [ "0.0004864", "876100", "1" ], [ "0.0004863", "1405300", "1" ], [ "0.0004860", "1405300", "1" ], [ "0.0004847", "1912200", "1" ], [ "0.0004846", "1801200", "1" ], [ "0.0004845", "1524900", "1" ], [ "0.0004840", "1044400", "1" ], [ "0.0004830", "1524900", "1" ], [ "0.0004820", "3338800", "2" ], [ "0.0004800", "3338800", "2" ], [ "0.0004780", "7555700", "3" ], [ "0.0004760", "7555700", "3" ], [ "0.0004740", "7555700", "2" ], [ "0.0004724", "9200", "1" ], [ "0.0003909", "252400", "1" ], [ "0.0003900", "1335200", "2" ], [ "0.0003800", "4120500", "2" ], [ "0.0003700", "4120500", "1" ], [ "0.0003600", "13875600", "2" ], [ "0.0003500", "43162400", "2" ], [ "0.0002000", "600", "1" ], [ "0.0001100", "1000000", "1" ], [ "0.0000470", "21700", "1" ] ],
      "asks" : [ [ "0.0004894", "923500", "1" ], [ "0.0004895", "2029800", "1" ], [ "0.0004898", "954100", "1" ], [ "0.0004899", "970400", "1" ], [ "0.0004911", "1405300", "1" ], [ "0.0004920", "1330600", "1" ], [ "0.0004931", "1801200", "1" ], [ "0.0004935", "1330600", "1" ], [ "0.0004939", "8900", "1" ], [ "0.0004940", "840300", "1" ], [ "0.0004950", "1950000", "1" ], [ "0.0004959", "68600", "1" ], [ "0.0004960", "3209000", "2" ], [ "0.0004980", "5055900", "1" ], [ "0.0005000", "7516400", "1" ], [ "0.0005020", "11545200", "1" ], [ "0.0005040", "11545200", "1" ], [ "0.0005046", "8800", "1" ], [ "0.0005153", "8500", "1" ], [ "0.0005259", "8400", "1" ], [ "0.0005366", "8400", "1" ], [ "0.0005376", "166000", "1" ], [ "0.0005473", "8400", "1" ], [ "0.0005582", "8400", "1" ], [ "0.0005866", "252400", "1" ], [ "0.0005900", "938800", "1" ], [ "0.0006000", "2443900", "2" ], [ "0.0006100", "2443900", "2" ], [ "0.0006200", "7684200", "3" ], [ "0.0006300", "25685300", "1" ], [ "0.0006790", "95800", "1" ], [ "0.0007360", "9000", "1" ], [ "0.0007472", "162400", "1" ], [ "0.0007795", "8500", "1" ], [ "0.0008231", "8000", "1" ], [ "0.0008668", "7600", "1" ], [ "0.0008680", "2238000", "1" ], [ "0.0009104", "7200", "1" ], [ "0.0009200", "2100", "1" ], [ "0.0009539", "6800", "1" ], [ "0.0009900", "457700", "2" ], [ "0.0009975", "6500", "1" ], [ "0.0010411", "6200", "1" ], [ "0.0010847", "5900", "1" ], [ "0.0011284", "5700", "1" ], [ "0.0011720", "5500", "1" ], [ "0.0012075", "10700", "1" ], [ "0.0012160", "5300", "1" ], [ "0.0015000", "50000", "1" ], [ "0.0016400", "144200", "1" ] ],
      "t" : 1756462518001
    } ],
    "instrument_name" : "SPELL_USD"
  }
}