{
  "id" : -1,
  "method" : "public/get-book",
  "code" : 0,
  "result" : {
    "depth" : 50,
    "data" : [ {
      "bids" : [ [ "0.056954", "4390", "1" ], [ "0.056953", "15787", "1" ], [ "0.056880", "18409", "1" ], [ "0.056851", "242", "1" ], [ "0.056471", "199", "1" ], [ "0.056470", "171530", "1" ], [ "0.056466", "11464", "1" ], [ "0.056364", "20209", "1" ], [ "0.056296", "22123", "1" ], [ "0.056259", "8251", "1" ], [ "0.056056", "22116", "1" ], [ "0.055884", "253190", "1" ], [ "0.055860", "24897", "2" ], [ "0.055748", "24891", "1" ], [ "0.055461", "43539", "2" ], [ "0.055377", "361", "1" ], [ "0.055062", "60414", "1" ], [ "0.054663", "60414", "1" ], [ "0.054264", "98186", "1" ], [ "0.050009", "20", "1" ], [ "0.045605", "2500", "1" ], [ "0.045214", "13479", "1" ], [ "0.043992", "39306", "1" ], [ "0.042770", "64920", "1" ], [ "0.041548", "135106", "1" ], [ "0.040326", "393627", "1" ] ],
      "asks" : [ [ "0.057181", "4451", "1" ], [ "0.057182", "15785", "1" ], [ "0.057200", "241", "1" ], [ "0.057332", "18409", "1" ], [ "0.057617", "165441", "1" ], [ "0.057641", "11464", "1" ], [ "0.057812", "22123", "1" ], [ "0.057855", "6676", "1" ], [ "0.057904", "18390", "1" ], [ "0.058171", "618", "1" ], [ "0.058172", "256279", "1" ], [ "0.058212", "22640", "1" ], [ "0.058254", "25674", "2" ], [ "0.058520", "25937", "1" ], [ "0.058653", "25674", "2" ], [ "0.058970", "349", "1" ], [ "0.059052", "57690", "2" ], [ "0.059451", "57690", "1" ], [ "0.059850", "72182", "1" ], [ "0.060766", "339", "1" ], [ "0.062562", "329", "1" ], [ "0.064357", "319", "1" ], [ "0.066154", "310", "1" ], [ "0.067949", "302", "1" ], [ "0.068443", "2500", "1" ], [ "0.068750", "320", "1" ], [ "0.069654", "9184", "1" ], [ "0.069746", "299", "1" ], [ "0.070876", "23700", "2" ], [ "0.071541", "299", "1" ], [ "0.072098", "41101", "3" ], [ "0.073320", "74558", "4" ], [ "0.073338", "299", "1" ], [ "0.074542", "232948", "1" ], [ "0.075134", "299", "1" ], [ "0.076000", "1797", "1" ], [ "0.076929", "299", "1" ], [ "0.078726", "299", "1" ], [ "0.080521", "299", "1" ], [ "0.082318", "299", "1" ], [ "0.084113", "299", "1" ], [ "0.085910", "299", "1" ], [ "0.087706", "299", "1" ], [ "0.089501", "299", "1" ], [ "0.091298", "299", "1" ], [ "0.093093", "299", "1" ], [ "0.094890", "299", "1" ], [ "0.095999", "1328", "1" ], [ "0.096685", "299", "1" ], [ "0.098300", "2160", "1" ] ],
      "t" : 1756462520693
    } ],
    "instrument_name" : "SPK_USD"
  }
}