{
  "id" : -1,
  "method" : "public/get-book",
  "code" : 0,
  "result" : {
    "depth" : 50,
    "data" : [ {
      "bids" : [ [ "0.056994", "10", "1" ], [ "0.056982", "10", "1" ], [ "0.056844", "9400", "1" ], [ "0.056832", "12480", "1" ], [ "0.056822", "23400", "1" ], [ "0.056785", "2640", "1" ], [ "0.056749", "880", "1" ], [ "0.056738", "880", "1" ], [ "0.056727", "880", "1" ], [ "0.056716", "880", "1" ], [ "0.056622", "3530", "1" ], [ "0.056605", "15380", "1" ], [ "0.056508", "2210", "1" ], [ "0.056491", "2210", "1" ], [ "0.056474", "2210", "1" ], [ "0.056457", "2210", "1" ], [ "0.056392", "2650", "1" ], [ "0.056364", "2660", "1" ], [ "0.056336", "2660", "1" ], [ "0.056308", "2660", "1" ], [ "0.056280", "2660", "1" ], [ "0.056252", "2660", "1" ], [ "0.053647", "510", "1" ], [ "0.053619", "50", "1" ], [ "0.053558", "60", "1" ], [ "0.053497", "70", "2" ], [ "0.053436", "50", "1" ], [ "0.053375", "70", "1" ], [ "0.051097", "510", "1" ], [ "0.051040", "220", "1" ], [ "0.050924", "330", "2" ], [ "0.050808", "540", "2" ], [ "0.050692", "690", "2" ], [ "0.050576", "930", "2" ], [ "0.045600", "510", "1" ], [ "0.044659", "930", "1" ], [ "0.043452", "2950", "1" ], [ "0.042245", "5110", "1" ], [ "0.041038", "7220", "1" ], [ "0.039831", "9340", "1" ], [ "0.038624", "11380", "1" ], [ "0.028100", "5330", "1" ] ],
      "asks" : [ [ "0.056995", "10", "1" ], [ "0.057024", "1640", "1" ], [ "0.057030", "10", "1" ], [ "0.057057", "760", "1" ], [ "0.057068", "760", "1" ], [ "0.057079", "760", "1" ], [ "0.057090", "760", "1" ], [ "0.057222", "2180", "1" ], [ "0.057239", "2180", "1" ], [ "0.057256", "2180", "1" ], [ "0.057272", "510", "1" ], [ "0.057273", "2180", "1" ], [ "0.057279", "50", "1" ], [ "0.057312", "15390", "1" ], [ "0.057330", "3480", "1" ], [ "0.057340", "60", "1" ], [ "0.057362", "2610", "1" ], [ "0.057363", "510", "1" ], [ "0.057391", "2610", "1" ], [ "0.057401", "70", "1" ], [ "0.057420", "2770", "2" ], [ "0.057449", "2610", "1" ], [ "0.057462", "60", "1" ], [ "0.057478", "2600", "1" ], [ "0.057507", "2490", "1" ], [ "0.057523", "70", "2" ], [ "0.057536", "330", "1" ], [ "0.057652", "560", "2" ], [ "0.057768", "730", "2" ], [ "0.057884", "880", "2" ], [ "0.068429", "510", "1" ], [ "0.068799", "960", "1" ], [ "0.070006", "3250", "2" ], [ "0.071213", "5130", "3" ], [ "0.072420", "6990", "4" ], [ "0.073627", "9120", "5" ], [ "0.074834", "11370", "6" ], [ "0.090000", "1000", "1" ], [ "0.095000", "1000", "1" ] ],
      "t" : 1756462525421
    } ],
    "instrument_name" : "SPKUSD-PERP"
  }
}