{
  "id" : -1,
  "method" : "public/get-book",
  "code" : 0,
  "result" : {
    "depth" : 50,
    "data" : [ {
      "bids" : [ [ "0.008560", "29568", "1" ], [ "0.008559", "80412", "1" ], [ "0.008532", "102925", "1" ], [ "0.008526", "126359", "2" ], [ "0.008484", "268878", "2" ], [ "0.008442", "399412", "2" ], [ "0.008400", "415652", "1" ], [ "0.008358", "523402", "1" ], [ "0.008316", "646775", "1" ], [ "0.006886", "14525", "1" ], [ "0.006747", "75999", "1" ], [ "0.006574", "219089", "1" ], [ "0.006401", "381621", "1" ], [ "0.006228", "1893433", "1" ], [ "0.006055", "5682231", "1" ], [ "0.005000", "10", "1" ], [ "0.002000", "10", "1" ], [ "0.001000", "300", "1" ] ],
      "asks" : [ [ "0.008857", "30409", "1" ], [ "0.008858", "80412", "1" ], [ "0.008862", "95296", "1" ], [ "0.008885", "102925", "1" ], [ "0.008904", "148076", "2" ], [ "0.008946", "260448", "2" ], [ "0.008988", "404366", "1" ], [ "0.009030", "517003", "1" ], [ "0.009072", "621502", "1" ], [ "0.009114", "621502", "1" ], [ "0.010533", "14525", "1" ], [ "0.010553", "55815", "1" ], [ "0.010726", "143033", "2" ], [ "0.010899", "239310", "3" ], [ "0.011072", "1073638", "3" ], [ "0.011245", "2906479", "3" ], [ "0.012737", "13786", "1" ], [ "0.014568", "4172", "1" ], [ "0.015109", "67", "1" ], [ "0.017855", "98", "1" ], [ "0.020000", "1", "1" ], [ "0.025042", "39", "1" ], [ "0.030000", "1", "1" ], [ "0.038060", "5958", "1" ], [ "0.050000", "2", "1" ], [ "0.060000", "1064", "1" ], [ "0.090000", "996", "1" ], [ "0.100000", "346", "1" ] ],
      "t" : 1756462382665
    } ],
    "instrument_name" : "SPS_USD"
  }
}