{
  "id" : -1,
  "method" : "public/get-book",
  "code" : 0,
  "result" : {
    "depth" : 50,
    "data" : [ {
      "bids" : [ [ "1.12109", "565.4", "1" ], [ "1.12091", "1602.0", "1" ], [ "1.12090", "349.0", "1" ], [ "1.12066", "529.6", "1" ], [ "1.11974", "723.7", "1" ], [ "1.11929", "723.1", "1" ], [ "1.11856", "1869.0", "1" ], [ "1.11826", "383.5", "1" ], [ "1.11792", "723.1", "1" ], [ "1.11639", "1325.4", "2" ], [ "1.11452", "1325.4", "2" ], [ "1.11265", "3090.9", "1" ], [ "1.11078", "4755.5", "1" ], [ "1.10891", "4755.5", "1" ], [ "1.10833", "4.0", "1" ], [ "1.10000", "763.7", "2" ], [ "1.05100", "15.6", "1" ], [ "1.00732", "512.8", "2" ], [ "1.00731", "696.1", "1" ], [ "1.00730", "781.5", "1" ], [ "1.00000", "5500.0", "1" ], [ "0.90185", "101.0", "1" ], [ "0.89316", "431.9", "1" ], [ "0.86835", "1629.2", "2" ], [ "0.84354", "1744.9", "1" ], [ "0.81873", "1744.9", "1" ], [ "0.79392", "5179.3", "2" ] ],
      "asks" : [ [ "1.12515", "7.6", "1" ], [ "1.12516", "1602.0", "1" ], [ "1.12518", "351.0", "1" ], [ "1.12649", "565.4", "1" ], [ "1.12667", "1869.0", "1" ], [ "1.12751", "636.9", "1" ], [ "1.12784", "723.7", "1" ], [ "1.12888", "750.4", "1" ], [ "1.12948", "415.2", "1" ], [ "1.13025", "712.3", "1" ], [ "1.13134", "202.0", "1" ], [ "1.13135", "1271.6", "2" ], [ "1.13322", "1271.6", "2" ], [ "1.13509", "3032.9", "3" ], [ "1.13696", "3032.9", "2" ], [ "1.13883", "4719.1", "1" ], [ "1.18122", "189.3", "3" ], [ "1.19292", "269.8", "4" ], [ "1.20461", "156.7", "3" ], [ "1.34998", "720.9", "1" ], [ "1.34999", "663.6", "1" ], [ "1.35000", "16.3", "1" ], [ "1.35340", "101.0", "1" ], [ "1.36454", "739.3", "1" ], [ "1.36455", "290.0", "1" ], [ "1.38935", "848.0", "2" ], [ "1.38936", "995.8", "2" ], [ "1.41417", "995.8", "2" ], [ "1.43898", "972.4", "2" ], [ "1.44798", "0.7", "1" ], [ "1.46379", "2704.2", "1" ], [ "1.60000", "490.3", "1" ], [ "1.61654", "665.6", "1" ], [ "1.61655", "10.5", "1" ], [ "1.64045", "597.1", "1" ], [ "1.65320", "698.9", "1" ], [ "1.65321", "739.6", "2" ], [ "1.68999", "10.0", "1" ], [ "1.72666", "9.8", "1" ], [ "1.76331", "9.6", "1" ], [ "1.79997", "9.4", "1" ], [ "1.80000", "918.1", "1" ], [ "1.83664", "9.1", "1" ], [ "1.87329", "8.9", "1" ], [ "1.90996", "8.8", "1" ], [ "1.94662", "8.7", "1" ], [ "1.98327", "8.4", "1" ], [ "2.00000", "16.4", "1" ], [ "2.01994", "8.4", "1" ], [ "2.05659", "8.2", "1" ] ],
      "t" : 1756462532696
    } ],
    "instrument_name" : "SPX_USD"
  }
}