{
  "id" : -1,
  "method" : "public/get-book",
  "code" : 0,
  "result" : {
    "depth" : 50,
    "data" : [ {
      "bids" : [ [ "1.12298", "1", "1" ], [ "1.12222", "1", "1" ], [ "1.12090", "44", "1" ], [ "1.12068", "44", "1" ], [ "1.12046", "44", "1" ], [ "1.12024", "43", "1" ], [ "1.11965", "1143", "1" ], [ "1.11926", "612", "1" ], [ "1.11913", "1381", "1" ], [ "1.11848", "1224", "1" ], [ "1.11755", "283", "1" ], [ "1.11724", "111", "1" ], [ "1.11690", "111", "1" ], [ "1.11656", "111", "1" ], [ "1.11622", "111", "1" ], [ "1.11618", "53", "1" ], [ "1.11496", "134", "1" ], [ "1.11459", "51", "1" ], [ "1.11440", "134", "1" ], [ "1.11384", "134", "1" ], [ "1.11328", "134", "1" ], [ "1.11300", "59", "1" ], [ "1.11272", "134", "1" ], [ "1.11216", "134", "1" ], [ "1.11141", "67", "2" ], [ "1.10982", "69", "2" ], [ "1.09863", "283", "1" ], [ "1.09586", "292", "1" ], [ "1.09272", "649", "2" ], [ "1.08958", "1048", "3" ], [ "1.08644", "1395", "4" ], [ "1.08330", "1750", "1" ], [ "0.90176", "283", "1" ], [ "0.89022", "385", "1" ], [ "0.86616", "1210", "2" ], [ "0.84210", "2076", "2" ], [ "0.81804", "2832", "2" ], [ "0.79398", "3711", "2" ], [ "0.76992", "4457", "2" ] ],
      "asks" : [ [ "1.12299", "1", "1" ], [ "1.12314", "1", "1" ], [ "1.12442", "88", "1" ], [ "1.12552", "44", "1" ], [ "1.12574", "44", "1" ], [ "1.12596", "44", "1" ], [ "1.12618", "44", "1" ], [ "1.12643", "946", "1" ], [ "1.12749", "1381", "1" ], [ "1.12792", "283", "1" ], [ "1.12798", "1142", "1" ], [ "1.12890", "48", "1" ], [ "1.12914", "110", "1" ], [ "1.12948", "110", "1" ], [ "1.12982", "110", "1" ], [ "1.13016", "110", "1" ], [ "1.13049", "51", "1" ], [ "1.13120", "132", "1" ], [ "1.13176", "132", "1" ], [ "1.13208", "55", "2" ], [ "1.13232", "132", "1" ], [ "1.13288", "132", "1" ], [ "1.13344", "132", "1" ], [ "1.13367", "58", "3" ], [ "1.13400", "132", "1" ], [ "1.13454", "283", "1" ], [ "1.13526", "72", "3" ], [ "1.13668", "375", "1" ], [ "1.13982", "648", "1" ], [ "1.14296", "1072", "1" ], [ "1.14610", "1364", "1" ], [ "1.14924", "1688", "1" ], [ "1.35348", "283", "1" ], [ "1.37142", "364", "1" ], [ "1.39548", "1228", "2" ], [ "1.41954", "1999", "3" ], [ "1.44360", "2803", "4" ], [ "1.46766", "3668", "5" ], [ "1.49172", "4514", "1" ] ],
      "t" : 1756462536519
    } ],
    "instrument_name" : "SPXUSD-PERP"
  }
}