{
  "id" : -1,
  "method" : "public/get-book",
  "code" : 0,
  "result" : {
    "depth" : 50,
    "data" : [ {
      "bids" : [ [ "0.08811", "7080", "1" ], [ "0.08810", "11444", "1" ], [ "0.08800", "19044", "2" ], [ "0.08790", "13844", "2" ], [ "0.08775", "12318", "1" ], [ "0.08760", "27481", "1" ], [ "0.08746", "114", "1" ], [ "0.08745", "27481", "1" ], [ "0.08730", "43424", "1" ], [ "0.08715", "43424", "1" ], [ "0.07161", "190", "2" ], [ "0.07067", "916", "1" ], [ "0.06965", "5429", "1" ], [ "0.06766", "14179", "1" ], [ "0.06567", "22759", "1" ], [ "0.06368", "61530", "1" ], [ "0.06169", "169854", "1" ] ],
      "asks" : [ [ "0.08874", "7080", "1" ], [ "0.08880", "8146", "1" ], [ "0.08886", "9061", "1" ], [ "0.08890", "11826", "2" ], [ "0.08895", "3426", "1" ], [ "0.08900", "8146", "1" ], [ "0.08909", "930", "1" ], [ "0.08910", "11452", "1" ], [ "0.08925", "19076", "1" ], [ "0.08940", "26394", "1" ], [ "0.08955", "34834", "1" ], [ "0.08970", "41575", "1" ], [ "0.10607", "916", "1" ], [ "0.10746", "3376", "1" ], [ "0.10945", "8363", "2" ], [ "0.11144", "14682", "3" ], [ "0.11343", "35923", "4" ], [ "0.11358", "13", "1" ], [ "0.11542", "93431", "1" ], [ "0.14000", "1410", "1" ], [ "0.14500", "143", "1" ], [ "0.18357", "750", "1" ], [ "0.19000", "14727", "1" ], [ "0.20505", "586", "1" ], [ "0.23250", "4000", "1" ], [ "0.27448", "85", "1" ], [ "0.80000", "1457", "1" ], [ "0.98000", "1457", "1" ], [ "1.20000", "1457", "1" ], [ "1.50000", "1457", "1" ] ],
      "t" : 1756462534403
    } ],
    "instrument_name" : "SQD_USD"
  }
}