{
  "id" : -1,
  "method" : "public/get-book",
  "code" : 0,
  "result" : {
    "depth" : 50,
    "data" : [ {
      "bids" : [ [ "0.000782", "471400", "1" ], [ "0.000770", "29690", "1" ], [ "0.000702", "319770", "1" ], [ "0.000701", "192470", "1" ], [ "0.000700", "30000", "1" ], [ "0.000695", "257200", "1" ], [ "0.000693", "487030", "2" ], [ "0.000692", "215360", "1" ], [ "0.000690", "1090080", "2" ], [ "0.000688", "791600", "1" ], [ "0.000687", "822650", "1" ], [ "0.000630", "148810", "1" ], [ "0.000629", "628310", "1" ], [ "0.000612", "2157660", "2" ], [ "0.000595", "3998010", "2" ], [ "0.000578", "7458530", "2" ], [ "0.000561", "20089410", "2" ] ],
      "asks" : [ [ "0.000813", "88920", "1" ], [ "0.000814", "307260", "1" ], [ "0.000815", "216310", "1" ], [ "0.000836", "257200", "1" ], [ "0.000837", "254580", "1" ], [ "0.000838", "236900", "1" ], [ "0.000840", "790790", "2" ], [ "0.000842", "497410", "2" ], [ "0.000843", "737690", "1" ], [ "0.000844", "842110", "2" ], [ "0.000868", "13530", "1" ], [ "0.000900", "2000", "1" ], [ "0.000919", "12870", "1" ], [ "0.000924", "48210", "1" ], [ "0.000930", "899160", "1" ], [ "0.000952", "7480", "1" ], [ "0.000967", "148810", "1" ], [ "0.000969", "491670", "3" ], [ "0.000986", "1543200", "2" ], [ "0.001000", "3960", "1" ], [ "0.001002", "7330", "1" ], [ "0.001003", "1543200", "2" ], [ "0.001013", "46970", "1" ], [ "0.001020", "3400920", "3" ], [ "0.001037", "11295140", "2" ], [ "0.001059", "37180", "1" ], [ "0.001128", "34720", "1" ], [ "0.001131", "4080", "1" ], [ "0.001150", "5000", "1" ], [ "0.001167", "4010", "1" ], [ "0.001176", "18710", "1" ], [ "0.001186", "2770", "1" ], [ "0.001196", "32590", "1" ], [ "0.001203", "3760", "1" ], [ "0.001215", "59500", "1" ], [ "0.001234", "13300", "1" ], [ "0.001239", "3650", "1" ], [ "0.001268", "6410", "1" ], [ "0.001278", "3590", "1" ], [ "0.001290", "2240", "1" ], [ "0.001300", "29920", "1" ], [ "0.001307", "12520", "1" ], [ "0.001319", "3430", "1" ], [ "0.001360", "3330", "1" ], [ "0.001379", "11820", "1" ], [ "0.001385", "29410", "1" ], [ "0.001402", "3220", "1" ], [ "0.001425", "7580", "1" ], [ "0.001440", "135000", "1" ], [ "0.001446", "3130", "1" ] ],
      "t" : 1756462540404
    } ],
    "instrument_name" : "SQT_USD"
  }
}