{
  "id" : -1,
  "method" : "public/get-book",
  "code" : 0,
  "result" : {
    "depth" : 50,
    "data" : [ {
      "bids" : [ [ "0.17251", "1159", "1" ], [ "0.17250", "979", "1" ], [ "0.17220", "611", "1" ], [ "0.17213", "828", "1" ], [ "0.17199", "899", "1" ], [ "0.17187", "306", "1" ], [ "0.17186", "1061", "1" ], [ "0.17178", "899", "1" ], [ "0.17174", "412", "1" ], [ "0.17157", "899", "1" ], [ "0.17143", "1150", "1" ], [ "0.17113", "3851", "1" ], [ "0.17112", "1936", "1" ], [ "0.17103", "7909", "1" ], [ "0.17082", "595", "1" ], [ "0.17081", "2778", "1" ], [ "0.17051", "2334", "1" ], [ "0.17050", "4867", "2" ], [ "0.17020", "4578", "1" ], [ "0.17019", "4396", "1" ], [ "0.17016", "9441", "1" ], [ "0.16706", "41", "1" ], [ "0.15987", "613", "1" ], [ "0.15943", "74", "1" ], [ "0.13865", "739", "1" ], [ "0.13560", "3578", "1" ], [ "0.13221", "12085", "1" ], [ "0.12882", "12085", "1" ], [ "0.12543", "12085", "1" ], [ "0.12204", "37704", "1" ], [ "0.10000", "1490", "1" ] ],
      "asks" : [ [ "0.17281", "996", "1" ], [ "0.17346", "857", "1" ], [ "0.17349", "828", "1" ], [ "0.17367", "829", "1" ], [ "0.17376", "1061", "1" ], [ "0.17388", "829", "1" ], [ "0.17391", "342", "1" ], [ "0.17409", "829", "1" ], [ "0.17422", "1222", "2" ], [ "0.17452", "1888", "1" ], [ "0.17453", "10963", "3" ], [ "0.17484", "2730", "3" ], [ "0.17515", "4561", "3" ], [ "0.17545", "8879", "2" ], [ "0.17546", "3413", "2" ], [ "0.17602", "7756", "1" ], [ "0.20813", "739", "1" ], [ "0.21018", "2054", "1" ], [ "0.21357", "7542", "2" ], [ "0.21696", "1953", "1" ], [ "0.26000", "62", "1" ], [ "0.29382", "4", "1" ], [ "0.35000", "58", "1" ], [ "0.55000", "654", "1" ], [ "0.65000", "327", "1" ], [ "0.73491", "1", "1" ], [ "0.75908", "17", "1" ], [ "0.85000", "25", "1" ], [ "1.00000", "24", "1" ], [ "1.33000", "15", "1" ], [ "1.35000", "26", "1" ], [ "1.38000", "50", "1" ], [ "4.10000", "3", "1" ], [ "5.00000", "181", "1" ] ],
      "t" : 1756462547767
    } ],
    "instrument_name" : "STG_USD"
  }
}