{
  "id" : -1,
  "method" : "public/get-book",
  "code" : 0,
  "result" : {
    "depth" : 50,
    "data" : [ {
      "bids" : [ [ "0.17235", "1", "1" ], [ "0.17222", "1", "1" ], [ "0.17190", "290", "1" ], [ "0.17187", "290", "1" ], [ "0.17184", "290", "1" ], [ "0.17181", "291", "1" ], [ "0.16982", "5802", "1" ], [ "0.16981", "3584", "1" ], [ "0.16886", "5774", "1" ], [ "0.16872", "5501", "1" ], [ "0.16815", "8977", "2" ], [ "0.16758", "14266", "3" ], [ "0.16701", "19281", "4" ], [ "0.16644", "24894", "5" ], [ "0.13864", "2887", "1" ], [ "0.13720", "2396", "1" ], [ "0.13377", "6812", "2" ], [ "0.13034", "10950", "2" ], [ "0.12691", "15212", "2" ], [ "0.12348", "19489", "2" ], [ "0.12005", "23616", "2" ] ],
      "asks" : [ [ "0.17240", "1", "1" ], [ "0.17244", "1", "1" ], [ "0.17325", "288", "1" ], [ "0.17328", "288", "1" ], [ "0.17331", "288", "1" ], [ "0.17334", "288", "1" ], [ "0.17350", "4042", "1" ], [ "0.17352", "1152", "1" ], [ "0.17370", "3240", "1" ], [ "0.17400", "4517", "2" ], [ "0.17430", "4732", "3" ], [ "0.17460", "5493", "4" ], [ "0.17490", "5447", "4" ], [ "0.17508", "5774", "1" ], [ "0.17556", "4616", "1" ], [ "0.17613", "9163", "1" ], [ "0.17670", "14613", "1" ], [ "0.17727", "20618", "1" ], [ "0.17784", "25652", "1" ], [ "0.20808", "2887", "1" ], [ "0.20923", "2300", "1" ], [ "0.21266", "6616", "2" ], [ "0.21609", "11122", "3" ], [ "0.21952", "15120", "4" ], [ "0.22295", "19066", "5" ], [ "0.22638", "23754", "1" ] ],
      "t" : 1756462552177
    } ],
    "instrument_name" : "STGUSD-PERP"
  }
}