{
  "id" : -1,
  "method" : "public/get-book",
  "code" : 0,
  "result" : {
    "depth" : 50,
    "data" : [ {
      "bids" : [ [ "0.25368", "394.1", "1" ], [ "0.25365", "2060.7", "1" ], [ "0.25364", "1150.7", "1" ], [ "0.25363", "133.2", "1" ], [ "0.25362", "2177.4", "1" ], [ "0.25359", "2672.0", "1" ], [ "0.25348", "2244.2", "1" ], [ "0.25347", "3289.8", "1" ], [ "0.25336", "3423.0", "1" ], [ "0.25326", "3289.8", "1" ], [ "0.25320", "889.7", "1" ], [ "0.25305", "3289.8", "1" ], [ "0.25280", "3329.6", "2" ], [ "0.25240", "7304.9", "3" ], [ "0.25201", "337.4", "1" ], [ "0.25200", "7304.9", "2" ], [ "0.25160", "7304.9", "1" ], [ "0.25120", "11751.2", "1" ], [ "0.24620", "42.2", "1" ], [ "0.24225", "53.6", "1" ], [ "0.24224", "132.2", "1" ], [ "0.24223", "55.1", "1" ], [ "0.24111", "4099.5", "2" ], [ "0.24110", "55.1", "1" ], [ "0.20354", "474.9", "1" ], [ "0.19950", "2563.3", "1" ], [ "0.19425", "7178.8", "1" ], [ "0.18900", "11962.4", "1" ], [ "0.18375", "22162.5", "1" ], [ "0.17850", "75141.1", "1" ] ],
      "asks" : [ [ "0.25478", "490.6", "1" ], [ "0.25479", "2672.0", "1" ], [ "0.25493", "1712.6", "1" ], [ "0.25494", "3140.1", "1" ], [ "0.25515", "3140.1", "1" ], [ "0.25522", "3423.0", "1" ], [ "0.25535", "20.9", "1" ], [ "0.25536", "3459.1", "1" ], [ "0.25560", "881.2", "1" ], [ "0.25600", "3287.1", "2" ], [ "0.25640", "7301.9", "2" ], [ "0.25680", "9589.5", "2" ], [ "0.25720", "7301.9", "1" ], [ "0.25760", "11391.6", "1" ], [ "0.26827", "86.3", "1" ], [ "0.26828", "98.9", "1" ], [ "0.26829", "105.2", "1" ], [ "0.26843", "44.6", "1" ], [ "0.27454", "70.3", "1" ], [ "0.27665", "44.6", "1" ], [ "0.29333", "72.8", "1" ], [ "0.30128", "558.8", "1" ], [ "0.30547", "474.9", "1" ], [ "0.30975", "1447.3", "1" ], [ "0.31500", "4864.0", "2" ], [ "0.32025", "4864.0", "2" ], [ "0.32550", "13251.6", "2" ], [ "0.33075", "39110.3", "1" ], [ "0.35600", "92.1", "1" ], [ "0.40000", "93.6", "1" ], [ "0.42100", "713.7", "1" ], [ "0.60000", "93.6", "1" ], [ "0.62000", "63.5", "1" ], [ "0.64000", "5939.5", "1" ], [ "0.72000", "15.4", "1" ], [ "0.75000", "449.7", "1" ], [ "0.78525", "1.2", "1" ], [ "0.79544", "12.0", "1" ], [ "0.84089", "12.0", "1" ], [ "0.84200", "720.0", "1" ], [ "0.87043", "0.3", "1" ], [ "0.88431", "0.3", "1" ], [ "0.88634", "12.0", "1" ], [ "0.93179", "12.0", "1" ], [ "0.97145", "1.0", "1" ], [ "0.97724", "12.0", "1" ], [ "1.00000", "118.7", "2" ], [ "1.02269", "12.0", "1" ], [ "1.06000", "29.0", "1" ], [ "1.06814", "12.0", "1" ] ],
      "t" : 1756462538123
    } ],
    "instrument_name" : "STORJ_USD"
  }
}