{
  "id" : -1,
  "method" : "public/get-book",
  "code" : 0,
  "result" : {
    "depth" : 50,
    "data" : [ {
      "bids" : [ [ "0.25427", "1", "1" ], [ "0.25422", "1", "1" ], [ "0.25389", "196", "1" ], [ "0.25345", "197", "1" ], [ "0.25340", "197", "1" ], [ "0.25335", "197", "1" ], [ "0.25330", "197", "1" ], [ "0.25315", "6014", "2" ], [ "0.25308", "1981", "1" ], [ "0.25296", "5808", "1" ], [ "0.25270", "3141", "2" ], [ "0.25232", "3241", "3" ], [ "0.25194", "3129", "1" ], [ "0.25156", "3113", "2" ], [ "0.23096", "857", "1" ], [ "0.20352", "1890", "1" ], [ "0.19950", "2029", "1" ], [ "0.19425", "5812", "1" ], [ "0.18900", "9330", "1" ], [ "0.18375", "13544", "1" ], [ "0.17850", "16934", "1" ], [ "0.17325", "21149", "1" ] ],
      "asks" : [ [ "0.25435", "1", "1" ], [ "0.25443", "1", "1" ], [ "0.25493", "196", "1" ], [ "0.25505", "196", "1" ], [ "0.25510", "196", "1" ], [ "0.25515", "195", "1" ], [ "0.25520", "195", "1" ], [ "0.25547", "4214", "1" ], [ "0.25551", "5816", "1" ], [ "0.25560", "6014", "2" ], [ "0.25574", "2134", "1" ], [ "0.25581", "3779", "1" ], [ "0.25604", "4203", "1" ], [ "0.25612", "2952", "2" ], [ "0.25650", "2613", "1" ], [ "0.25678", "7889", "2" ], [ "0.25688", "3506", "2" ], [ "0.25726", "3173", "1" ], [ "0.25752", "10776", "2" ], [ "0.25826", "15590", "2" ], [ "0.25900", "18384", "2" ], [ "0.25938", "9536", "1" ], [ "0.26069", "9536", "1" ], [ "0.27990", "857", "1" ], [ "0.30540", "1890", "1" ], [ "0.30975", "1639", "1" ], [ "0.31500", "5664", "1" ], [ "0.31571", "9536", "1" ], [ "0.31702", "9536", "1" ], [ "0.32025", "9415", "1" ], [ "0.32550", "13021", "1" ], [ "0.33075", "17293", "1" ], [ "0.33600", "20666", "1" ] ],
      "t" : 1756462563722
    } ],
    "instrument_name" : "STORJUSD-PERP"
  }
}