{
  "id" : -1,
  "method" : "public/get-book",
  "code" : 0,
  "result" : {
    "depth" : 50,
    "data" : [ {
      "bids" : [ [ "0.25370", "122.1", "1" ], [ "0.25369", "2672.0", "1" ], [ "0.25368", "2859.5", "1" ], [ "0.25348", "373.2", "1" ], [ "0.25347", "3184.3", "1" ], [ "0.25336", "3423.0", "1" ], [ "0.25326", "3184.3", "1" ], [ "0.25308", "899.0", "1" ], [ "0.25271", "3071.2", "2" ], [ "0.25234", "5143.8", "2" ], [ "0.25197", "9762.9", "2" ], [ "0.25160", "11709.9", "1" ], [ "0.25123", "11709.9", "1" ], [ "0.24966", "33.8", "1" ], [ "0.24956", "17.5", "1" ], [ "0.24079", "54.0", "1" ], [ "0.21286", "4961.4", "1" ], [ "0.21285", "7321.6", "1" ], [ "0.20352", "480.9", "1" ], [ "0.19950", "2499.9", "1" ], [ "0.19425", "7586.2", "1" ], [ "0.18900", "12490.9", "1" ], [ "0.18375", "21642.7", "1" ], [ "0.17850", "70411.6", "1" ] ],
      "asks" : [ [ "0.25481", "2672.0", "1" ], [ "0.25493", "373.2", "1" ], [ "0.25494", "2640.9", "1" ], [ "0.25514", "3423.0", "1" ], [ "0.25515", "2640.9", "1" ], [ "0.25530", "1075.9", "1" ], [ "0.25536", "2954.9", "1" ], [ "0.25566", "1178.0", "1" ], [ "0.25567", "3315.1", "2" ], [ "0.25604", "3315.1", "1" ], [ "0.25641", "5113.5", "1" ], [ "0.25678", "7347.0", "1" ], [ "0.25715", "11707.9", "1" ], [ "0.26352", "183.6", "1" ], [ "0.29990", "4863.9", "1" ], [ "0.30540", "480.9", "1" ], [ "0.30975", "1273.6", "1" ], [ "0.31500", "4949.5", "2" ], [ "0.32025", "4949.5", "2" ], [ "0.32550", "12014.2", "2" ], [ "0.33075", "40395.2", "1" ], [ "0.48700", "10165.3", "1" ], [ "0.70000", "1189.9", "1" ], [ "0.80440", "4.1", "1" ], [ "1.10000", "150.0", "1" ], [ "1.20000", "105.4", "2" ], [ "1.73000", "58.8", "1" ], [ "3.20000", "74.3", "1" ], [ "3.40000", "32.6", "1" ] ],
      "t" : 1756462559474
    } ],
    "instrument_name" : "STORJ_USDT"
  }
}