{
  "id" : -1,
  "method" : "public/get-book",
  "code" : 0,
  "result" : {
    "depth" : 50,
    "data" : [ {
      "bids" : [ [ "0.04364", "14026", "1" ], [ "0.04363", "15726", "1" ], [ "0.04360", "15247", "1" ], [ "0.04356", "35404", "2" ], [ "0.04354", "14785", "1" ], [ "0.04352", "19162", "1" ], [ "0.04347", "50231", "2" ], [ "0.04340", "50231", "1" ], [ "0.04333", "77673", "1" ], [ "0.04326", "140482", "1" ], [ "0.04311", "931", "1" ], [ "0.04307", "1020", "1" ], [ "0.04303", "976", "1" ], [ "0.04299", "1305", "1" ], [ "0.03497", "2815", "1" ], [ "0.03420", "14831", "1" ], [ "0.03330", "46277", "1" ], [ "0.03240", "73805", "1" ], [ "0.03150", "173503", "1" ], [ "0.03060", "527053", "1" ] ],
      "asks" : [ [ "0.04381", "15726", "1" ], [ "0.04384", "13603", "1" ], [ "0.04385", "70", "1" ], [ "0.04386", "20157", "1" ], [ "0.04388", "16002", "1" ], [ "0.04389", "18195", "1" ], [ "0.04392", "16002", "1" ], [ "0.04396", "46279", "2" ], [ "0.04403", "46279", "2" ], [ "0.04409", "7233", "1" ], [ "0.04410", "110999", "3" ], [ "0.04417", "143635", "1" ], [ "0.04431", "964", "1" ], [ "0.04435", "1072", "1" ], [ "0.04439", "1020", "1" ], [ "0.04443", "1234", "1" ], [ "0.05252", "2815", "1" ], [ "0.05310", "10955", "1" ], [ "0.05400", "26440", "2" ], [ "0.05490", "47474", "3" ], [ "0.05580", "95008", "4" ], [ "0.05670", "306339", "1" ], [ "0.05911", "2721", "1" ], [ "0.06845", "511", "1" ], [ "0.07999", "183", "1" ], [ "0.08076", "31683", "1" ], [ "0.09400", "258", "2" ], [ "0.10000", "311", "1" ], [ "0.11000", "121", "2" ], [ "0.11200", "279", "1" ], [ "0.12000", "611", "2" ], [ "0.12499", "66", "1" ], [ "0.12999", "66", "1" ], [ "0.13499", "66", "1" ], [ "0.13999", "66", "1" ], [ "0.14499", "66", "1" ], [ "0.14999", "70", "1" ], [ "0.17000", "2499", "1" ], [ "0.20000", "2089", "2" ], [ "0.34000", "100000", "1" ], [ "0.40000", "411", "1" ], [ "0.50000", "412", "1" ], [ "1.00000", "525", "1" ] ],
      "t" : 1756462482622
    } ],
    "instrument_name" : "STRAX_USD"
  }
}