{
  "id" : -1,
  "method" : "public/get-book",
  "code" : 0,
  "result" : {
    "depth" : 50,
    "data" : [ {
      "bids" : [ [ "0.056928", "12258.3", "1" ], [ "0.056774", "184.9", "1" ], [ "0.056773", "15690.3", "1" ], [ "0.056667", "11022.6", "1" ], [ "0.056364", "9489.7", "1" ], [ "0.055632", "18190.1", "1" ], [ "0.055000", "21818.0", "4" ], [ "0.054900", "22713.8", "1" ], [ "0.054600", "30225.5", "2" ], [ "0.052552", "2507.3", "1" ], [ "0.050000", "400.0", "1" ], [ "0.049800", "5000.0", "1" ], [ "0.045780", "2205.0", "1" ], [ "0.045201", "9499.6", "1" ], [ "0.044042", "34328.2", "2" ], [ "0.042883", "34328.2", "1" ], [ "0.041724", "55165.5", "1" ], [ "0.040565", "306641.8", "2" ] ],
      "asks" : [ [ "0.057965", "2043.9", "1" ], [ "0.057972", "12258.3", "1" ], [ "0.058125", "1899.5", "1" ], [ "0.058126", "8468.0", "1" ], [ "0.058128", "15690.3", "1" ], [ "0.058560", "22370.5", "2" ], [ "0.059292", "43302.4", "2" ], [ "0.060024", "55370.1", "3" ], [ "0.060756", "61001.8", "2" ], [ "0.061488", "80749.6", "2" ], [ "0.062220", "96171.9", "2" ], [ "0.068000", "8074.6", "1" ], [ "0.068800", "1297.0", "1" ], [ "0.069206", "2205.0", "1" ], [ "0.069540", "7972.7", "1" ], [ "0.070699", "21169.1", "2" ], [ "0.071858", "37023.1", "3" ], [ "0.073017", "37023.1", "2" ], [ "0.074000", "1782.5", "2" ], [ "0.074176", "181558.9", "2" ], [ "0.075000", "2252.8", "2" ], [ "0.075111", "9910.9", "1" ], [ "0.075389", "288.4", "1" ], [ "0.076381", "288.3", "1" ], [ "0.079705", "1166.0", "1" ], [ "0.081000", "10713.2", "1" ], [ "0.084000", "19699.1", "4" ], [ "0.085000", "22363.7", "3" ], [ "0.085150", "499.4", "1" ], [ "0.085217", "12.2", "1" ], [ "0.087000", "3795.5", "1" ], [ "0.087391", "576.7", "1" ], [ "0.087699", "1166.0", "1" ], [ "0.089185", "9910.9", "1" ], [ "0.090000", "17397.1", "4" ], [ "0.090641", "2993.1", "1" ], [ "0.093000", "412.2", "1" ], [ "0.095000", "5332.3", "2" ], [ "0.095600", "338.2", "1" ], [ "0.098000", "1555.0", "2" ], [ "0.100000", "3018.7", "3" ], [ "0.104000", "2000.0", "1" ], [ "0.106000", "3000.0", "1" ], [ "0.120000", "7722.1", "3" ], [ "0.120688", "1437.8", "1" ], [ "0.125489", "1900.1", "1" ], [ "0.130000", "5161.4", "2" ], [ "0.132552", "3408.2", "1" ], [ "0.137552", "2179.0", "1" ], [ "0.137584", "5700.1", "1" ] ],
      "t" : 1756462594912
    } ],
    "instrument_name" : "SUDO_USD"
  }
}