{
  "id" : -1,
  "method" : "public/get-book",
  "code" : 0,
  "result" : {
    "depth" : 50,
    "data" : [ {
      "bids" : [ [ "3.29714", "0.4", "1" ], [ "3.29651", "30.3", "1" ], [ "3.29614", "678.1", "2" ], [ "3.29613", "4925.0", "1" ], [ "3.29605", "3.7", "1" ], [ "3.29533", "1599.7", "1" ], [ "3.29528", "174.7", "1" ], [ "3.29526", "305.9", "1" ], [ "3.29491", "221.6", "1" ], [ "3.29475", "128.9", "1" ], [ "3.29420", "49.1", "1" ], [ "3.29392", "230.5", "1" ], [ "3.29362", "1091.2", "1" ], [ "3.29350", "49.1", "1" ], [ "3.29307", "30.3", "1" ], [ "3.29303", "485.3", "1" ], [ "3.29280", "49.1", "1" ], [ "3.29190", "303.2", "1" ], [ "3.29149", "1202.3", "1" ], [ "3.29073", "70.8", "1" ], [ "3.29060", "900.0", "1" ], [ "3.29049", "450.9", "1" ], [ "3.29042", "485.2", "1" ], [ "3.29011", "601.2", "1" ], [ "3.29010", "70.8", "1" ], [ "3.28991", "450.9", "1" ], [ "3.28944", "70.8", "1" ], [ "3.28939", "19701.0", "1" ], [ "3.28911", "70.8", "1" ], [ "3.28904", "1309.7", "1" ], [ "3.28878", "70.8", "1" ], [ "3.28808", "70.8", "1" ], [ "3.28753", "1202.3", "1" ], [ "3.28706", "70.8", "1" ], [ "3.28671", "450.9", "1" ], [ "3.28636", "70.8", "1" ], [ "3.28615", "601.2", "1" ], [ "3.28537", "70.8", "1" ], [ "3.28454", "450.9", "1" ], [ "3.28447", "80.6", "1" ], [ "3.28438", "70.8", "1" ], [ "3.28306", "70.8", "1" ], [ "3.28301", "450.9", "1" ], [ "3.28240", "70.8", "1" ], [ "3.28119", "14.0", "1" ], [ "3.28056", "1.2", "1" ], [ "3.28016", "70.8", "1" ], [ "3.28001", "450.9", "1" ], [ "3.28000", "650.0", "2" ], [ "3.27983", "70.8", "1" ] ],
      "asks" : [ [ "3.29715", "212.6", "2" ], [ "3.29716", "311.2", "1" ], [ "3.29718", "0.6", "1" ], [ "3.29726", "0.4", "1" ], [ "3.29752", "91.0", "1" ], [ "3.29753", "303.2", "1" ], [ "3.29849", "454.9", "1" ], [ "3.29850", "1516.3", "1" ], [ "3.29855", "90.5", "1" ], [ "3.29856", "301.7", "1" ], [ "3.29889", "66.9", "1" ], [ "3.29898", "222.9", "1" ], [ "3.29940", "173.9", "1" ], [ "3.29943", "450.9", "1" ], [ "3.29945", "128.9", "1" ], [ "3.29973", "30.3", "1" ], [ "3.29979", "218.5", "2" ], [ "3.29980", "46.9", "1" ], [ "3.29981", "485.3", "1" ], [ "3.29986", "224.2", "1" ], [ "3.30026", "327.1", "1" ], [ "3.30027", "1090.4", "1" ], [ "3.30050", "46.9", "1" ], [ "3.30052", "450.9", "1" ], [ "3.30066", "67.1", "1" ], [ "3.30067", "223.7", "1" ], [ "3.30106", "601.2", "1" ], [ "3.30120", "46.9", "1" ], [ "3.30248", "450.9", "1" ], [ "3.30310", "70.8", "1" ], [ "3.30320", "601.2", "1" ], [ "3.30359", "70.8", "1" ], [ "3.30366", "450.9", "1" ], [ "3.30377", "485.3", "1" ], [ "3.30425", "70.8", "1" ], [ "3.30449", "1308.8", "1" ], [ "3.30544", "70.8", "1" ], [ "3.30583", "70.8", "1" ], [ "3.30590", "450.9", "1" ], [ "3.30647", "70.8", "1" ], [ "3.30664", "450.9", "1" ], [ "3.30683", "70.8", "1" ], [ "3.30712", "601.2", "1" ], [ "3.30759", "70.8", "1" ], [ "3.30897", "49.3", "1" ], [ "3.30898", "70.8", "1" ], [ "3.30913", "601.2", "1" ], [ "3.30915", "450.9", "1" ], [ "3.30954", "70.8", "1" ], [ "3.30964", "450.9", "1" ] ],
      "t" : 1756462606267
    } ],
    "instrument_name" : "SUI_USDT"
  }
}