{
  "id" : -1,
  "method" : "public/get-book",
  "code" : 0,
  "result" : {
    "depth" : 50,
    "data" : [ {
      "bids" : [ [ "3.29668", "22.7", "1" ], [ "3.29652", "0.6", "1" ], [ "3.29651", "1.8", "1" ], [ "3.29636", "111.0", "1" ], [ "3.29635", "151.6", "1" ], [ "3.29632", "218.4", "1" ], [ "3.29624", "91.0", "1" ], [ "3.29623", "303.2", "1" ], [ "3.29590", "107.6", "1" ], [ "3.29589", "305.4", "1" ], [ "3.29585", "53.1", "1" ], [ "3.29573", "448.0", "1" ], [ "3.29572", "1493.4", "1" ], [ "3.29516", "53.1", "1" ], [ "3.29506", "68.5", "1" ], [ "3.29505", "228.3", "1" ], [ "3.29482", "53.1", "1" ], [ "3.29475", "128.9", "1" ], [ "3.29414", "53.1", "1" ], [ "3.29385", "39.8", "1" ], [ "3.29381", "3.1", "1" ], [ "3.29380", "53.1", "1" ], [ "3.29379", "48.2", "1" ], [ "3.29373", "599.2", "1" ], [ "3.29372", "300.6", "1" ], [ "3.29369", "1091.3", "1" ], [ "3.29363", "727.9", "1" ], [ "3.29347", "53.1", "1" ], [ "3.29346", "30.3", "1" ], [ "3.29314", "53.1", "1" ], [ "3.29301", "493.6", "1" ], [ "3.29300", "1645.2", "1" ], [ "3.29281", "53.1", "1" ], [ "3.29280", "41.2", "1" ], [ "3.29248", "53.1", "1" ], [ "3.29247", "96.0", "1" ], [ "3.29241", "30.3", "1" ], [ "3.29239", "135.2", "1" ], [ "3.29238", "450.8", "1" ], [ "3.29215", "53.1", "1" ], [ "3.29203", "7107.1", "1" ], [ "3.29179", "53.1", "1" ], [ "3.29175", "39.8", "1" ], [ "3.29146", "53.1", "1" ], [ "3.29119", "500.0", "1" ], [ "3.29111", "53.1", "1" ], [ "3.29108", "1202.1", "1" ], [ "3.29089", "2550.0", "1" ], [ "3.29077", "53.1", "1" ], [ "3.29066", "601.1", "1" ] ],
      "asks" : [ [ "3.29724", "62.5", "2" ], [ "3.29725", "244.9", "1" ], [ "3.29726", "513.1", "1" ], [ "3.29727", "303.2", "1" ], [ "3.29737", "218.4", "1" ], [ "3.29742", "466.8", "1" ], [ "3.29743", "1493.0", "1" ], [ "3.29753", "22.7", "1" ], [ "3.29775", "0.4", "1" ], [ "3.29829", "53.1", "1" ], [ "3.29882", "89.3", "1" ], [ "3.29883", "297.8", "1" ], [ "3.29889", "1516.3", "1" ], [ "3.29908", "53.1", "1" ], [ "3.29940", "229.6", "1" ], [ "3.29941", "53.1", "1" ], [ "3.29974", "53.1", "1" ], [ "3.30028", "224.7", "1" ], [ "3.30040", "53.1", "1" ], [ "3.30056", "1090.9", "1" ], [ "3.30071", "47.7", "1" ], [ "3.30079", "30.3", "1" ], [ "3.30081", "151.4", "1" ], [ "3.30090", "1803.2", "2" ], [ "3.30104", "128.9", "1" ], [ "3.30105", "53.1", "1" ], [ "3.30108", "226.5", "1" ], [ "3.30120", "43.4", "1" ], [ "3.30153", "300.6", "1" ], [ "3.30158", "122.6", "1" ], [ "3.30159", "450.8", "1" ], [ "3.30167", "53.1", "1" ], [ "3.30203", "95.4", "1" ], [ "3.30217", "30.2", "1" ], [ "3.30225", "104.1", "2" ], [ "3.30270", "53.1", "1" ], [ "3.30298", "1803.2", "2" ], [ "3.30305", "53.1", "1" ], [ "3.30330", "43.4", "1" ], [ "3.30375", "53.1", "1" ], [ "3.30494", "1308.6", "1" ], [ "3.30533", "53.1", "1" ], [ "3.30549", "300.6", "1" ], [ "3.30551", "450.8", "1" ], [ "3.30562", "601.1", "1" ], [ "3.30567", "53.1", "1" ], [ "3.30601", "779.7", "2" ], [ "3.30636", "53.1", "1" ], [ "3.30640", "1202.1", "1" ], [ "3.30750", "53.1", "1" ] ],
      "t" : 1756462602595
    } ],
    "instrument_name" : "SUI_USD"
  }
}