{
  "id" : -1,
  "method" : "public/get-book",
  "code" : 0,
  "result" : {
    "depth" : 50,
    "data" : [ {
      "bids" : [ [ "0.000029882", "1921.5", "2" ], [ "0.000029816", "5.8", "1" ], [ "0.000029799", "6.5", "1" ], [ "0.000029736", "7.0", "1" ], [ "0.000029722", "1.2", "1" ], [ "0.000029712", "1.2", "1" ], [ "0.000029673", "7.0", "1" ], [ "0.000029474", "6.9", "1" ], [ "0.000029269", "76.5", "1" ], [ "0.000029000", "10.0", "1" ], [ "0.000028848", "7.1", "1" ], [ "0.000028500", "10.0", "1" ], [ "0.000028235", "6.6", "1" ], [ "0.000028000", "10.0", "1" ], [ "0.000027636", "7.4", "1" ], [ "0.000027611", "81.1", "1" ], [ "0.000027500", "10.0", "1" ], [ "0.000027374", "28.8", "1" ], [ "0.000027342", "15.6", "1" ], [ "0.000027279", "46.4", "1" ], [ "0.000027216", "82.8", "1" ], [ "0.000027153", "118.0", "1" ], [ "0.000027090", "152.8", "1" ], [ "0.000027049", "7.5", "1" ], [ "0.000027027", "184.3", "1" ], [ "0.000027000", "10.0", "1" ], [ "0.000026475", "7.5", "1" ], [ "0.000026001", "68.5", "1" ], [ "0.000026000", "359.2", "3" ], [ "0.000025956", "230.3", "2" ], [ "0.000025955", "86.3", "1" ], [ "0.000025913", "7.9", "1" ], [ "0.000025001", "198.0", "1" ], [ "0.000025000", "50.0", "1" ], [ "0.000024298", "92.2", "1" ], [ "0.000024059", "36.0", "1" ], [ "0.000023674", "169.3", "1" ], [ "0.000023051", "591.2", "1" ], [ "0.000022640", "98.9", "1" ], [ "0.000022428", "945.0", "2" ], [ "0.000021805", "34.8", "1" ], [ "0.000021182", "104.6", "1" ], [ "0.000020984", "106.7", "1" ], [ "0.000019326", "115.9", "1" ], [ "0.000010000", "107.0", "1" ] ],
      "asks" : [ [ "0.000030059", "10.9", "1" ], [ "0.000030060", "0.6", "1" ], [ "0.000030248", "5.8", "1" ], [ "0.000030303", "4.7", "1" ], [ "0.000030337", "1.2", "1" ], [ "0.000030340", "1.2", "1" ], [ "0.000030366", "4.7", "1" ], [ "0.000030369", "28.8", "1" ], [ "0.000030429", "19.0", "2" ], [ "0.000030487", "30.0", "1" ], [ "0.000030488", "91.0", "1" ], [ "0.000030492", "46.4", "1" ], [ "0.000030555", "81.6", "1" ], [ "0.000030618", "145.1", "1" ], [ "0.000030681", "182.9", "1" ], [ "0.000030744", "182.9", "1" ], [ "0.000031600", "405.1", "1" ], [ "0.000031606", "14.0", "1" ], [ "0.000032045", "182.8", "1" ], [ "0.000032150", "99.6", "1" ], [ "0.000032583", "72.3", "1" ], [ "0.000032595", "179.6", "1" ], [ "0.000032795", "178.7", "1" ], [ "0.000033145", "176.7", "1" ], [ "0.000033695", "173.7", "1" ], [ "0.000033983", "172.1", "1" ], [ "0.000034239", "68.6", "1" ], [ "0.000034245", "170.8", "1" ], [ "0.000034586", "6.1", "1" ], [ "0.000034795", "168.1", "1" ], [ "0.000035172", "166.2", "1" ], [ "0.000035337", "5.9", "1" ], [ "0.000035345", "165.4", "1" ], [ "0.000035896", "228.1", "2" ], [ "0.000036000", "57.1", "1" ], [ "0.000036090", "36.0", "1" ], [ "0.000036104", "5.8", "1" ], [ "0.000036134", "94.2", "1" ], [ "0.000036362", "160.4", "1" ], [ "0.000036446", "160.4", "1" ], [ "0.000036757", "346.0", "2" ], [ "0.000036887", "5.7", "1" ], [ "0.000036996", "157.9", "1" ], [ "0.000037380", "346.0", "2" ], [ "0.000037546", "169.7", "1" ], [ "0.000037551", "155.3", "1" ], [ "0.000037553", "62.3", "1" ], [ "0.000037614", "5.5", "1" ], [ "0.000038003", "32.1", "1" ], [ "0.000038096", "169.7", "1" ] ],
      "t" : 1756462596182
    } ],
    "instrument_name" : "SUI_BTC"
  }
}