{
  "id" : -1,
  "method" : "public/get-book",
  "code" : 0,
  "result" : {
    "depth" : 50,
    "data" : [ {
      "bids" : [ [ "3.29651", "1", "1" ], [ "3.29522", "75", "1" ], [ "3.29493", "187", "1" ], [ "3.29492", "624", "1" ], [ "3.29472", "1", "1" ], [ "3.29459", "71", "1" ], [ "3.29458", "155", "1" ], [ "3.29451", "394", "1" ], [ "3.29392", "70", "1" ], [ "3.29385", "1965", "1" ], [ "3.29384", "6549", "1" ], [ "3.29357", "71", "1" ], [ "3.29355", "60", "1" ], [ "3.29353", "118", "1" ], [ "3.29352", "394", "1" ], [ "3.29323", "68", "1" ], [ "3.29300", "1", "1" ], [ "3.29282", "70", "1" ], [ "3.29255", "151", "1" ], [ "3.29254", "140", "1" ], [ "3.29253", "394", "1" ], [ "3.29248", "71", "1" ], [ "3.29238", "201", "1" ], [ "3.29234", "780", "1" ], [ "3.29233", "2599", "1" ], [ "3.29208", "60", "1" ], [ "3.29192", "171", "1" ], [ "3.29191", "500", "1" ], [ "3.29188", "70", "1" ], [ "3.29155", "139", "1" ], [ "3.29154", "464", "2" ], [ "3.29056", "118", "1" ], [ "3.29055", "394", "1" ], [ "3.29022", "69", "1" ], [ "3.29007", "6549", "1" ], [ "3.29006", "21830", "1" ], [ "3.28963", "77", "1" ], [ "3.28962", "69", "1" ], [ "3.28956", "188", "1" ], [ "3.28928", "69", "1" ], [ "3.28901", "61", "1" ], [ "3.28900", "61", "1" ], [ "3.28895", "70", "1" ], [ "3.28862", "69", "1" ], [ "3.28840", "288", "1" ], [ "3.28829", "71", "1" ], [ "3.28812", "15", "1" ], [ "3.28796", "70", "1" ], [ "3.28755", "68", "1" ], [ "3.28748", "283", "1" ] ],
      "asks" : [ [ "3.29665", "1", "1" ], [ "3.29670", "1", "1" ], [ "3.29706", "20", "1" ], [ "3.29769", "121", "1" ], [ "3.29788", "118", "1" ], [ "3.29789", "394", "1" ], [ "3.29802", "69", "1" ], [ "3.29825", "75", "1" ], [ "3.29835", "69", "1" ], [ "3.29847", "291", "2" ], [ "3.29848", "394", "1" ], [ "3.29849", "624", "1" ], [ "3.29868", "129", "2" ], [ "3.29898", "151", "1" ], [ "3.29899", "118", "1" ], [ "3.29900", "394", "1" ], [ "3.29916", "71", "1" ], [ "3.29917", "1965", "1" ], [ "3.29918", "6549", "1" ], [ "3.29940", "890", "1" ], [ "3.29941", "2574", "1" ], [ "3.29950", "394", "1" ], [ "3.29963", "70", "1" ], [ "3.29999", "139", "1" ], [ "3.30000", "464", "2" ], [ "3.30049", "155", "1" ], [ "3.30050", "394", "1" ], [ "3.30053", "70", "1" ], [ "3.30062", "30", "1" ], [ "3.30085", "78", "1" ], [ "3.30086", "60", "1" ], [ "3.30087", "201", "1" ], [ "3.30090", "1", "1" ], [ "3.30103", "70", "1" ], [ "3.30116", "155", "1" ], [ "3.30117", "394", "1" ], [ "3.30118", "122", "2" ], [ "3.30149", "500", "1" ], [ "3.30165", "185", "1" ], [ "3.30167", "70", "1" ], [ "3.30170", "394", "1" ], [ "3.30201", "70", "1" ], [ "3.30219", "124", "1" ], [ "3.30220", "394", "1" ], [ "3.30261", "70", "1" ], [ "3.30262", "158", "1" ], [ "3.30272", "394", "1" ], [ "3.30315", "61", "1" ], [ "3.30316", "61", "1" ], [ "3.30321", "70", "1" ] ],
      "t" : 1756462610067
    } ],
    "instrument_name" : "SUIUSD-PERP"
  }
}