{
  "id" : -1,
  "method" : "public/get-book",
  "code" : 0,
  "result" : {
    "depth" : 50,
    "data" : [ {
      "bids" : [ [ "0.31680", "2", "2" ], [ "0.31662", "157", "1" ], [ "0.31656", "742", "2" ], [ "0.31653", "631", "1" ], [ "0.31650", "157", "1" ], [ "0.31644", "157", "1" ], [ "0.31617", "943", "1" ], [ "0.31616", "3144", "1" ], [ "0.31599", "1309", "1" ], [ "0.31598", "4362", "1" ], [ "0.31584", "4260", "1" ], [ "0.31574", "3053", "1" ], [ "0.31540", "396", "1" ], [ "0.31530", "396", "1" ], [ "0.31528", "2661", "1" ], [ "0.31520", "396", "1" ], [ "0.31510", "396", "1" ], [ "0.31472", "6683", "3" ], [ "0.31456", "476", "1" ], [ "0.31451", "2137", "1" ], [ "0.31449", "2468", "3" ], [ "0.31440", "477", "1" ], [ "0.31424", "477", "1" ], [ "0.31416", "11079", "4" ], [ "0.31408", "477", "1" ], [ "0.31392", "477", "1" ], [ "0.31383", "2082", "1" ], [ "0.31360", "12115", "1" ], [ "0.31350", "2416", "1" ], [ "0.31317", "3314", "1" ], [ "0.31304", "14783", "1" ], [ "0.29301", "5000", "1" ], [ "0.28570", "2800", "1" ], [ "0.26480", "3776", "1" ], [ "0.26406", "7738", "1" ], [ "0.26082", "7738", "1" ], [ "0.25920", "7738", "1" ], [ "0.25392", "1527", "1" ], [ "0.25311", "1455", "1" ], [ "0.24662", "4576", "2" ], [ "0.24624", "7738", "1" ], [ "0.24013", "7677", "2" ], [ "0.23364", "10433", "2" ], [ "0.22715", "13833", "2" ], [ "0.22066", "16894", "2" ] ],
      "asks" : [ [ "0.31689", "1", "1" ], [ "0.31707", "1", "1" ], [ "0.31719", "585", "1" ], [ "0.31734", "315", "1" ], [ "0.31758", "157", "1" ], [ "0.31761", "629", "1" ], [ "0.31764", "157", "1" ], [ "0.31770", "157", "1" ], [ "0.31776", "157", "1" ], [ "0.31810", "3998", "1" ], [ "0.31813", "5281", "2" ], [ "0.31845", "2293", "1" ], [ "0.31858", "3053", "1" ], [ "0.31860", "392", "1" ], [ "0.31864", "3014", "1" ], [ "0.31870", "392", "1" ], [ "0.31878", "2093", "1" ], [ "0.31880", "392", "1" ], [ "0.31890", "391", "1" ], [ "0.31911", "2093", "1" ], [ "0.31920", "5577", "2" ], [ "0.31936", "469", "1" ], [ "0.31944", "2995", "2" ], [ "0.31952", "469", "1" ], [ "0.31968", "469", "1" ], [ "0.31976", "8951", "3" ], [ "0.31977", "3252", "2" ], [ "0.31984", "468", "1" ], [ "0.32000", "468", "1" ], [ "0.32016", "468", "1" ], [ "0.32032", "12738", "3" ], [ "0.32088", "15814", "4" ], [ "0.32562", "7738", "1" ], [ "0.32724", "7738", "1" ], [ "0.38100", "1527", "1" ], [ "0.38291", "1677", "1" ], [ "0.38940", "4510", "2" ], [ "0.39589", "7715", "3" ], [ "0.39690", "7738", "1" ], [ "0.39852", "7738", "1" ], [ "0.40238", "10742", "4" ], [ "0.40887", "13544", "4" ], [ "0.41536", "17067", "4" ] ],
      "t" : 1756462620957
    } ],
    "instrument_name" : "SUSD-PERP"
  }
}