{
  "id" : -1,
  "method" : "public/get-book",
  "code" : 0,
  "result" : {
    "depth" : 50,
    "data" : [ {
      "bids" : [ [ "0.07106", "17", "1" ], [ "0.07085", "589", "1" ], [ "0.07042", "767", "2" ], [ "0.07041", "195294", "1" ], [ "0.07029", "9653", "1" ], [ "0.07008", "12372", "2" ], [ "0.06993", "12133", "1" ], [ "0.06970", "325449", "1" ], [ "0.06960", "4436", "1" ], [ "0.06956", "11303", "1" ], [ "0.06919", "11303", "1" ], [ "0.06912", "15662", "2" ], [ "0.06864", "15662", "2" ], [ "0.06816", "36701", "2" ], [ "0.06773", "77", "1" ], [ "0.06772", "115", "1" ], [ "0.06771", "15", "1" ], [ "0.06768", "46806", "2" ], [ "0.06720", "56143", "1" ], [ "0.05680", "876", "1" ], [ "0.05548", "4622", "1" ], [ "0.05402", "13646", "1" ], [ "0.05256", "23276", "1" ], [ "0.05110", "112497", "1" ], [ "0.04964", "352645", "1" ] ],
      "asks" : [ [ "0.07118", "585", "1" ], [ "0.07170", "302", "1" ], [ "0.07171", "190855", "1" ], [ "0.07183", "9653", "1" ], [ "0.07204", "12372", "1" ], [ "0.07215", "11078", "1" ], [ "0.07243", "323570", "1" ], [ "0.07248", "4152", "1" ], [ "0.07252", "11063", "1" ], [ "0.07289", "11078", "1" ], [ "0.07296", "15146", "2" ], [ "0.07344", "33000", "3" ], [ "0.07392", "33000", "1" ], [ "0.07440", "52378", "1" ], [ "0.07488", "52378", "1" ], [ "0.08333", "264", "1" ], [ "0.08534", "876", "1" ], [ "0.08614", "2985", "1" ], [ "0.08760", "8472", "2" ], [ "0.08906", "14391", "3" ], [ "0.09052", "81761", "4" ], [ "0.09198", "203364", "1" ], [ "0.10445", "183", "1" ], [ "0.13000", "13375", "1" ], [ "0.15000", "200", "2" ] ],
      "t" : 1756462635518
    } ],
    "instrument_name" : "SXT_USD"
  }
}