{
  "id" : -1,
  "method" : "public/get-book",
  "code" : 0,
  "result" : {
    "depth" : 50,
    "data" : [ {
      "bids" : [ [ "0.07093", "140", "1" ], [ "0.07091", "10", "1" ], [ "0.07089", "700", "1" ], [ "0.07088", "700", "1" ], [ "0.07087", "700", "1" ], [ "0.07086", "680", "1" ], [ "0.07063", "7480", "1" ], [ "0.07059", "9490", "1" ], [ "0.07058", "1770", "1" ], [ "0.07057", "13080", "1" ], [ "0.07056", "1770", "1" ], [ "0.07054", "1770", "1" ], [ "0.07052", "1770", "1" ], [ "0.07050", "9020", "2" ], [ "0.07048", "13550", "1" ], [ "0.07044", "2120", "1" ], [ "0.07040", "2130", "1" ], [ "0.07036", "2130", "1" ], [ "0.07035", "8860", "1" ], [ "0.07032", "2130", "1" ], [ "0.07028", "16760", "2" ], [ "0.07024", "2130", "1" ], [ "0.07020", "8860", "1" ], [ "0.07005", "12960", "4" ], [ "0.07000", "25740", "2" ], [ "0.06990", "12320", "1" ], [ "0.06972", "40940", "3" ], [ "0.06944", "55720", "4" ], [ "0.06916", "68920", "1" ], [ "0.06443", "1310", "1" ], [ "0.05680", "6780", "1" ], [ "0.05586", "8000", "1" ], [ "0.05439", "20020", "1" ], [ "0.05292", "34050", "1" ], [ "0.05145", "48290", "1" ], [ "0.04998", "60980", "1" ], [ "0.04851", "75720", "1" ] ],
      "asks" : [ [ "0.07096", "10", "1" ], [ "0.07101", "140", "1" ], [ "0.07109", "1400", "1" ], [ "0.07116", "700", "1" ], [ "0.07117", "700", "1" ], [ "0.07118", "700", "1" ], [ "0.07119", "700", "1" ], [ "0.07140", "18190", "3" ], [ "0.07142", "11240", "2" ], [ "0.07144", "1740", "1" ], [ "0.07146", "1740", "1" ], [ "0.07155", "9290", "1" ], [ "0.07156", "2090", "1" ], [ "0.07160", "2090", "1" ], [ "0.07164", "2090", "1" ], [ "0.07168", "2090", "1" ], [ "0.07170", "10520", "2" ], [ "0.07172", "2090", "1" ], [ "0.07176", "2090", "1" ], [ "0.07185", "11730", "3" ], [ "0.07194", "13550", "1" ], [ "0.07196", "11690", "1" ], [ "0.07200", "12400", "3" ], [ "0.07215", "13150", "3" ], [ "0.07224", "27880", "2" ], [ "0.07252", "40770", "2" ], [ "0.07280", "54110", "2" ], [ "0.07308", "65810", "2" ], [ "0.07814", "1310", "1" ], [ "0.08532", "6780", "1" ], [ "0.08673", "5710", "1" ], [ "0.08820", "19700", "2" ], [ "0.08967", "34200", "3" ], [ "0.09114", "47390", "3" ], [ "0.09261", "60000", "3" ], [ "0.09408", "74470", "1" ] ],
      "t" : 1756462639733
    } ],
    "instrument_name" : "SXTUSD-PERP"
  }
}