{
  "id" : -1,
  "method" : "public/get-book",
  "code" : 0,
  "result" : {
    "depth" : 50,
    "data" : [ {
      "bids" : [ [ "0.44699", "1118.5", "1" ], [ "0.44698", "27.2", "1" ], [ "0.44696", "48.9", "1" ], [ "0.44623", "1535.4", "1" ], [ "0.44620", "2667.1", "1" ], [ "0.44488", "2749.7", "1" ], [ "0.44390", "2966.9", "1" ], [ "0.44252", "1099.9", "1" ], [ "0.44160", "3468.0", "1" ], [ "0.43953", "3368.0", "2" ], [ "0.43654", "5912.2", "3" ], [ "0.43355", "10499.0", "2" ], [ "0.43057", "273.9", "2" ], [ "0.43056", "8492.8", "1" ], [ "0.42757", "13159.0", "1" ], [ "0.39845", "7.5", "1" ], [ "0.39500", "60.7", "1" ], [ "0.36123", "204.0", "1" ], [ "0.35724", "866.0", "1" ], [ "0.34808", "3153.7", "2" ], [ "0.33892", "5374.9", "3" ], [ "0.32976", "11779.5", "3" ], [ "0.32060", "36405.2", "1" ] ],
      "asks" : [ [ "0.45566", "502.7", "1" ], [ "0.45567", "1535.4", "1" ], [ "0.45703", "2749.7", "1" ], [ "0.45747", "893.6", "1" ], [ "0.45770", "3117.7", "1" ], [ "0.46000", "3334.5", "1" ], [ "0.46046", "3355.3", "2" ], [ "0.46230", "3052.6", "1" ], [ "0.46345", "5714.8", "3" ], [ "0.46644", "5714.8", "3" ], [ "0.46943", "9905.1", "3" ], [ "0.47242", "12077.7", "1" ], [ "0.48410", "199.5", "1" ], [ "0.54203", "204.0", "1" ], [ "0.54960", "642.5", "1" ], [ "0.55000", "49.7", "1" ], [ "0.55876", "2007.0", "2" ], [ "0.56792", "3448.7", "2" ], [ "0.57708", "6064.6", "2" ], [ "0.58624", "19740.0", "1" ], [ "0.70000", "37.9", "1" ] ],
      "t" : 1756462646137
    } ],
    "instrument_name" : "SYRUP_USD"
  }
}