{
  "id" : -1,
  "method" : "public/get-book",
  "code" : 0,
  "result" : {
    "depth" : 50,
    "data" : [ {
      "bids" : [ [ "0.015977", "26390", "1" ], [ "0.015976", "15830", "1" ], [ "0.015975", "27610", "1" ], [ "0.015951", "22280", "1" ], [ "0.015950", "38040", "1" ], [ "0.015940", "54520", "1" ], [ "0.015936", "32680", "1" ], [ "0.015928", "38040", "1" ], [ "0.015907", "8700", "1" ], [ "0.015906", "54340", "1" ], [ "0.015904", "91650", "2" ], [ "0.015884", "54340", "1" ], [ "0.015872", "158420", "3" ], [ "0.015840", "299260", "4" ], [ "0.015808", "299260", "4" ], [ "0.015776", "357930", "1" ], [ "0.015451", "1530", "1" ], [ "0.015450", "2160", "1" ], [ "0.012932", "67200", "1" ], [ "0.012931", "64570", "1" ], [ "0.012801", "7640", "1" ], [ "0.012540", "43590", "1" ], [ "0.012210", "115530", "1" ], [ "0.011880", "199160", "1" ], [ "0.011550", "1012280", "1" ], [ "0.011220", "2829770", "1" ] ],
      "asks" : [ [ "0.016052", "7390", "2" ], [ "0.016053", "10140", "1" ], [ "0.016054", "26900", "1" ], [ "0.016055", "42570", "1" ], [ "0.016060", "49280", "1" ], [ "0.016075", "54520", "1" ], [ "0.016082", "49280", "1" ], [ "0.016096", "36520", "1" ], [ "0.016104", "49280", "1" ], [ "0.016128", "96440", "2" ], [ "0.016160", "96440", "1" ], [ "0.016192", "220010", "1" ], [ "0.016224", "220010", "1" ], [ "0.016256", "345960", "1" ], [ "0.016354", "1560", "1" ], [ "0.016355", "1600", "1" ], [ "0.019216", "7640", "1" ], [ "0.019470", "24670", "1" ], [ "0.019800", "72750", "2" ], [ "0.020130", "124630", "3" ], [ "0.020460", "473580", "3" ], [ "0.020790", "1646330", "1" ], [ "0.030000", "720", "1" ], [ "0.044999", "80", "1" ], [ "0.045499", "80", "1" ], [ "0.045999", "80", "1" ], [ "0.046499", "80", "1" ], [ "0.046999", "80", "1" ], [ "0.047499", "80", "1" ], [ "0.047999", "80", "1" ], [ "0.048499", "80", "1" ], [ "0.048999", "80", "1" ], [ "0.049499", "80", "1" ], [ "0.049999", "80", "1" ], [ "0.050499", "80", "1" ], [ "0.050999", "80", "1" ], [ "0.051499", "80", "1" ], [ "0.051999", "80", "1" ], [ "0.052499", "80", "1" ], [ "0.052999", "80", "1" ], [ "0.053499", "80", "1" ], [ "0.053999", "80", "1" ], [ "0.054499", "80", "1" ], [ "0.054999", "80", "1" ], [ "0.055499", "80", "1" ], [ "0.055999", "80", "1" ], [ "0.056000", "180", "1" ], [ "0.056071", "10", "1" ], [ "0.056499", "80", "1" ], [ "0.056999", "80", "1" ] ],
      "t" : 1756462584005
    } ],
    "instrument_name" : "T_USD"
  }
}