{
  "id" : -1,
  "method" : "public/get-book",
  "code" : 0,
  "result" : {
    "depth" : 50,
    "data" : [ {
      "bids" : [ [ "0.004552", "5008", "1" ], [ "0.004550", "10000", "1" ], [ "0.004548", "29429", "1" ], [ "0.004522", "27845", "1" ], [ "0.004519", "37669", "1" ], [ "0.004500", "4000", "1" ], [ "0.004488", "64929", "2" ], [ "0.004454", "128097", "2" ], [ "0.004420", "146581", "1" ], [ "0.004386", "216648", "1" ], [ "0.003682", "25810", "1" ], [ "0.003648", "131557", "1" ], [ "0.003552", "403624", "2" ], [ "0.003456", "683690", "2" ], [ "0.003360", "1654717", "3" ], [ "0.003264", "4171950", "3" ], [ "0.000550", "1819", "1" ] ],
      "asks" : [ [ "0.004662", "110772", "1" ], [ "0.004664", "29429", "1" ], [ "0.004692", "32687", "1" ], [ "0.004694", "37669", "1" ], [ "0.004726", "57973", "2" ], [ "0.004760", "113441", "2" ], [ "0.004794", "145008", "1" ], [ "0.004828", "204435", "2" ], [ "0.004900", "9975", "1" ], [ "0.004950", "9975", "1" ], [ "0.005100", "19892", "1" ], [ "0.005308", "4145", "1" ], [ "0.005530", "25810", "1" ], [ "0.005568", "69578", "1" ], [ "0.005600", "29740", "1" ], [ "0.005664", "239482", "2" ], [ "0.005760", "435511", "2" ], [ "0.005856", "435511", "1" ], [ "0.005952", "2407307", "2" ], [ "0.006800", "50000", "1" ], [ "0.008915", "113", "1" ], [ "0.009000", "3990", "1" ], [ "0.010000", "1995", "1" ], [ "0.011000", "2350", "2" ], [ "0.015200", "3953", "1" ], [ "0.016500", "9858", "1" ], [ "0.022304", "90", "1" ], [ "0.023597", "480", "1" ], [ "0.024304", "466", "1" ], [ "0.025000", "11124", "1" ], [ "0.025034", "350", "1" ], [ "0.025785", "296", "1" ], [ "0.026558", "318", "1" ], [ "0.027355", "268", "1" ], [ "0.028000", "579", "1" ], [ "0.028176", "260", "1" ], [ "0.029021", "253", "1" ], [ "0.029877", "53", "1" ], [ "0.029892", "245", "1" ], [ "0.030000", "6726", "1" ], [ "0.030788", "238", "1" ], [ "0.031712", "319", "1" ], [ "0.032664", "329", "1" ], [ "0.033000", "2146", "1" ], [ "0.033643", "339", "1" ], [ "0.034033", "29", "1" ], [ "0.034500", "512", "1" ], [ "0.034653", "210", "1" ], [ "0.035692", "204", "1" ], [ "0.036000", "29", "1" ] ],
      "t" : 1756462618566
    } ],
    "instrument_name" : "TEVA_USD"
  }
}