{
  "id" : -1,
  "method" : "public/get-book",
  "code" : 0,
  "result" : {
    "depth" : 50,
    "data" : [ {
      "bids" : [ [ "0.033929", "20024", "1" ], [ "0.033908", "21171", "1" ], [ "0.033881", "25644", "1" ], [ "0.033880", "21171", "1" ], [ "0.033859", "10100", "1" ], [ "0.033852", "24108", "1" ], [ "0.033810", "28408", "2" ], [ "0.033761", "50056", "2" ], [ "0.033712", "50056", "1" ], [ "0.033664", "2860", "1" ], [ "0.033663", "68743", "1" ], [ "0.033614", "107586", "1" ], [ "0.027184", "3570", "1" ], [ "0.026562", "21894", "1" ], [ "0.025863", "56557", "1" ], [ "0.025164", "80846", "1" ], [ "0.024465", "80846", "1" ], [ "0.023766", "226306", "1" ] ],
      "asks" : [ [ "0.034061", "13277", "1" ], [ "0.034062", "20024", "1" ], [ "0.034076", "23160", "1" ], [ "0.034104", "23019", "1" ], [ "0.034109", "25644", "1" ], [ "0.034132", "23019", "1" ], [ "0.034153", "10828", "1" ], [ "0.034202", "29297", "2" ], [ "0.034251", "29297", "1" ], [ "0.034300", "86516", "2" ], [ "0.034349", "67235", "1" ], [ "0.034398", "106801", "1" ], [ "0.040812", "3570", "1" ], [ "0.041241", "10863", "1" ], [ "0.041940", "35111", "2" ], [ "0.042639", "58560", "3" ], [ "0.043338", "35111", "2" ], [ "0.044037", "105423", "1" ], [ "0.052000", "44915", "1" ], [ "0.084839", "134", "1" ], [ "0.085607", "132", "1" ], [ "0.086382", "131", "1" ], [ "0.087164", "129", "1" ], [ "0.087953", "129", "1" ], [ "0.088544", "170", "1" ], [ "0.088749", "128", "1" ], [ "0.089416", "169", "1" ], [ "0.089552", "127", "1" ], [ "0.090298", "166", "1" ], [ "0.090364", "125", "1" ], [ "0.091181", "124", "1" ], [ "0.091188", "165", "1" ], [ "0.092006", "123", "1" ], [ "0.092087", "164", "1" ], [ "0.092839", "122", "1" ], [ "0.092995", "161", "1" ], [ "0.093680", "121", "1" ], [ "0.093912", "161", "1" ], [ "0.094528", "120", "1" ], [ "0.094838", "159", "1" ], [ "0.095383", "119", "1" ], [ "0.095772", "157", "1" ], [ "0.096247", "118", "1" ], [ "0.096717", "156", "1" ], [ "0.097118", "116", "1" ], [ "0.097671", "153", "1" ], [ "0.097998", "116", "1" ], [ "0.098634", "153", "1" ], [ "0.098885", "115", "1" ], [ "0.099606", "151", "1" ] ],
      "t" : 1756462677060
    } ],
    "instrument_name" : "TFUEL_USDT"
  }
}