{
  "id" : -1,
  "method" : "public/get-book",
  "code" : 0,
  "result" : {
    "depth" : 50,
    "data" : [ {
      "bids" : [ [ "0.033930", "78735", "1" ], [ "0.033929", "20024", "1" ], [ "0.033908", "22558", "1" ], [ "0.033881", "25644", "1" ], [ "0.033880", "22558", "1" ], [ "0.033867", "11036", "1" ], [ "0.033852", "24282", "1" ], [ "0.033814", "29177", "2" ], [ "0.033762", "214", "1" ], [ "0.033761", "50299", "2" ], [ "0.033708", "50299", "1" ], [ "0.033699", "188717", "1" ], [ "0.033655", "68512", "1" ], [ "0.033602", "109457", "1" ], [ "0.033420", "189708", "1" ], [ "0.027186", "3574", "1" ], [ "0.026562", "15124", "1" ], [ "0.025863", "51869", "1" ], [ "0.025164", "84265", "1" ], [ "0.024465", "84265", "1" ], [ "0.023766", "226790", "1" ] ],
      "asks" : [ [ "0.034066", "33652", "2" ], [ "0.034072", "20024", "1" ], [ "0.034076", "23963", "1" ], [ "0.034104", "23963", "1" ], [ "0.034118", "11363", "1" ], [ "0.034119", "25644", "1" ], [ "0.034132", "34727", "2" ], [ "0.034185", "27216", "2" ], [ "0.034238", "47274", "3" ], [ "0.034291", "47274", "2" ], [ "0.034297", "47628", "1" ], [ "0.034344", "87641", "2" ], [ "0.034397", "67602", "1" ], [ "0.034576", "47628", "1" ], [ "0.037000", "11243", "1" ], [ "0.040821", "3574", "1" ], [ "0.041241", "13269", "1" ], [ "0.041940", "34717", "2" ], [ "0.042639", "60173", "3" ], [ "0.043338", "34717", "2" ], [ "0.044037", "116456", "1" ], [ "0.046000", "22", "1" ], [ "0.047000", "22", "1" ], [ "0.048000", "21", "1" ], [ "0.049000", "21", "1" ], [ "0.050000", "1825", "2" ], [ "0.051000", "20", "1" ], [ "0.055000", "20", "1" ], [ "0.082000", "1838", "1" ], [ "0.088318", "2", "1" ], [ "0.089000", "145651", "1" ], [ "0.090000", "2183", "1" ], [ "0.096000", "10", "1" ], [ "0.100000", "3495", "1" ], [ "0.118100", "3366", "1" ], [ "0.120000", "537", "1" ], [ "0.123000", "300", "1" ], [ "0.124320", "4483", "1" ], [ "0.129975", "7", "1" ], [ "0.135000", "199", "1" ], [ "0.137000", "5213", "1" ], [ "0.140000", "1000", "1" ], [ "0.150000", "1007", "3" ], [ "0.150030", "10992", "1" ], [ "0.230000", "8000", "1" ], [ "0.240000", "1000", "1" ], [ "0.250000", "189", "1" ], [ "0.300000", "4310", "3" ], [ "0.338398", "83", "1" ], [ "0.339000", "1333", "1" ] ],
      "t" : 1756462673155
    } ],
    "instrument_name" : "TFUEL_USD"
  }
}