{
  "id" : -1,
  "method" : "public/get-book",
  "code" : 0,
  "result" : {
    "depth" : 50,
    "data" : [ {
      "bids" : [ [ "0.78789", "155.0", "1" ], [ "0.78510", "1044.6", "1" ], [ "0.78509", "1264.0", "1" ], [ "0.78505", "870.4", "1" ], [ "0.78390", "977.9", "1" ], [ "0.78308", "1114.1", "1" ], [ "0.78190", "62.4", "1" ], [ "0.78189", "962.2", "1" ], [ "0.78076", "891.1", "1" ], [ "0.78068", "177.8", "2" ], [ "0.77988", "887.2", "1" ], [ "0.77778", "2239.6", "2" ], [ "0.77528", "34447.2", "1" ], [ "0.77480", "4259.5", "2" ], [ "0.77419", "179.3", "2" ], [ "0.77182", "4259.5", "1" ], [ "0.76884", "5327.9", "1" ], [ "0.76771", "180.7", "2" ], [ "0.76586", "6550.3", "1" ], [ "0.76121", "182.4", "2" ], [ "0.75471", "19.9", "1" ], [ "0.75470", "144.3", "1" ], [ "0.75001", "150.0", "1" ], [ "0.74822", "185.4", "2" ], [ "0.74173", "187.1", "2" ], [ "0.72120", "500.0", "1" ], [ "0.70000", "150.0", "1" ], [ "0.68800", "307.2", "1" ], [ "0.63120", "155.4", "1" ], [ "0.62751", "779.6", "1" ], [ "0.61142", "2445.5", "2" ], [ "0.59533", "2445.5", "1" ], [ "0.57924", "4436.3", "1" ], [ "0.56315", "12649.3", "2" ] ],
      "asks" : [ [ "0.78949", "310.0", "1" ], [ "0.79348", "1044.6", "1" ], [ "0.79349", "15.4", "1" ], [ "0.79350", "634.8", "1" ], [ "0.79366", "176.1", "2" ], [ "0.79395", "856.1", "1" ], [ "0.79592", "72.2", "1" ], [ "0.79593", "1114.1", "1" ], [ "0.79596", "1020.3", "1" ], [ "0.79797", "942.5", "1" ], [ "0.79864", "842.2", "1" ], [ "0.79998", "942.5", "1" ], [ "0.80015", "174.5", "2" ], [ "0.80162", "2058.8", "1" ], [ "0.80372", "34447.2", "1" ], [ "0.80460", "4182.0", "1" ], [ "0.80664", "173.1", "2" ], [ "0.80758", "5210.6", "2" ], [ "0.81056", "6259.4", "1" ], [ "0.81313", "171.7", "2" ], [ "0.81354", "6259.4", "1" ], [ "0.81962", "170.4", "2" ], [ "0.82611", "169.1", "2" ], [ "0.83260", "167.9", "2" ], [ "0.83909", "166.4", "2" ], [ "0.84558", "165.3", "2" ], [ "0.85207", "163.9", "2" ], [ "0.85857", "162.6", "2" ], [ "0.86507", "161.4", "2" ], [ "0.87156", "160.2", "2" ], [ "0.87804", "165.8", "2" ], [ "0.88453", "165.8", "2" ], [ "0.89102", "165.8", "2" ], [ "0.89751", "165.8", "2" ], [ "0.90424", "165.8", "2" ], [ "0.94800", "155.4", "1" ], [ "0.94931", "528.7", "1" ], [ "0.95000", "449.7", "1" ], [ "0.96540", "1538.5", "2" ], [ "0.98149", "2583.2", "3" ], [ "0.99758", "2583.2", "3" ], [ "1.01367", "6532.6", "3" ], [ "1.10000", "29.6", "1" ], [ "1.11000", "72.9", "1" ], [ "1.13000", "145.3", "1" ], [ "1.40000", "66.2", "1" ], [ "1.50000", "223.8", "3" ], [ "1.70000", "50.8", "1" ], [ "1.90000", "330.0", "1" ], [ "1.90587", "123.1", "1" ] ],
      "t" : 1756462684474
    } ],
    "instrument_name" : "THETA_USDT"
  }
}