{
  "id" : -1,
  "method" : "public/get-book",
  "code" : 0,
  "result" : {
    "depth" : 50,
    "data" : [ {
      "bids" : [ [ "0.78807", "253.5", "1" ], [ "0.78506", "1121.6", "1" ], [ "0.78505", "870.4", "1" ], [ "0.78390", "1003.9", "1" ], [ "0.78308", "1114.1", "1" ], [ "0.78189", "825.6", "1" ], [ "0.78155", "4212.8", "1" ], [ "0.78030", "692.5", "1" ], [ "0.77988", "932.4", "1" ], [ "0.77724", "1858.8", "2" ], [ "0.77540", "34447.2", "1" ], [ "0.77476", "4250.5", "1" ], [ "0.77418", "3258.1", "2" ], [ "0.77112", "4457.0", "1" ], [ "0.76806", "5731.1", "2" ], [ "0.76500", "6964.5", "1" ], [ "0.76163", "4268.0", "2" ], [ "0.65300", "765.6", "1" ], [ "0.63126", "155.0", "1" ], [ "0.62790", "747.9", "1" ], [ "0.61180", "2565.1", "2" ], [ "0.59900", "500.0", "1" ], [ "0.59570", "3432.4", "1" ], [ "0.57960", "3432.4", "1" ], [ "0.56350", "13127.1", "2" ] ],
      "asks" : [ [ "0.78982", "236.0", "1" ], [ "0.78986", "253.3", "1" ], [ "0.79242", "50.9", "1" ], [ "0.79418", "1121.6", "1" ], [ "0.79419", "870.4", "1" ], [ "0.79542", "2407.1", "1" ], [ "0.79596", "1001.8", "1" ], [ "0.79617", "1114.1", "1" ], [ "0.79797", "998.9", "1" ], [ "0.79866", "540.7", "1" ], [ "0.79998", "998.9", "1" ], [ "0.80155", "2407.0", "1" ], [ "0.80172", "1707.0", "1" ], [ "0.80384", "34447.2", "1" ], [ "0.80450", "12.3", "1" ], [ "0.80478", "2966.4", "1" ], [ "0.80784", "5461.4", "2" ], [ "0.81090", "6565.6", "1" ], [ "0.81396", "6565.6", "1" ], [ "0.90000", "1366.3", "1" ], [ "0.94819", "155.0", "1" ], [ "0.94990", "466.9", "1" ], [ "0.96127", "1544.3", "1" ], [ "0.96600", "1555.5", "2" ], [ "0.98210", "2828.9", "3" ], [ "0.99820", "2828.9", "3" ], [ "1.00000", "40.0", "1" ], [ "1.01430", "5900.6", "1" ], [ "1.18206", "50.0", "1" ], [ "1.20000", "185.9", "2" ], [ "1.30000", "747.0", "1" ], [ "1.55952", "21.4", "1" ], [ "1.61904", "20.5", "1" ], [ "1.67856", "19.8", "1" ], [ "1.68539", "103.4", "1" ], [ "1.70000", "59.5", "1" ], [ "1.73808", "19.1", "1" ], [ "1.79760", "18.4", "1" ], [ "1.80000", "2243.1", "2" ], [ "1.85712", "17.8", "1" ], [ "1.91663", "17.2", "1" ], [ "1.95998", "20.3", "1" ], [ "1.97615", "16.7", "1" ], [ "2.00000", "500.0", "1" ], [ "2.01997", "19.7", "1" ], [ "2.03568", "16.2", "1" ], [ "2.07996", "19.1", "1" ], [ "2.09520", "15.7", "1" ], [ "2.13995", "18.6", "1" ], [ "2.15472", "15.3", "1" ] ],
      "t" : 1756462680599
    } ],
    "instrument_name" : "THETA_USD"
  }
}