{
  "id" : -1,
  "method" : "public/get-book",
  "code" : 0,
  "result" : {
    "depth" : 50,
    "data" : [ {
      "bids" : [ [ "0.78914", "1", "1" ], [ "0.78888", "1", "1" ], [ "0.78848", "253", "1" ], [ "0.78837", "50", "1" ], [ "0.78836", "633", "1" ], [ "0.78688", "63", "1" ], [ "0.78672", "63", "1" ], [ "0.78656", "63", "1" ], [ "0.78640", "63", "1" ], [ "0.78633", "1899", "1" ], [ "0.78565", "1605", "1" ], [ "0.78534", "848", "1" ], [ "0.78400", "711", "1" ], [ "0.78260", "1055", "3" ], [ "0.78120", "1125", "2" ], [ "0.77980", "941", "1" ], [ "0.77840", "1126", "1" ], [ "0.77602", "3300", "1" ], [ "0.75000", "100", "2" ], [ "0.69000", "79", "1" ], [ "0.65000", "123", "1" ], [ "0.63120", "606", "1" ], [ "0.63114", "3106", "1" ], [ "0.62712", "3106", "1" ], [ "0.61750", "428", "1" ], [ "0.61104", "3106", "1" ], [ "0.60702", "3106", "1" ], [ "0.60125", "1169", "1" ], [ "0.58500", "1824", "1" ], [ "0.56875", "2557", "1" ], [ "0.55250", "3386", "1" ], [ "0.53625", "4065", "1" ] ],
      "asks" : [ [ "0.78915", "1", "1" ], [ "0.78928", "1", "1" ], [ "0.78966", "50", "1" ], [ "0.78967", "633", "1" ], [ "0.79000", "253", "1" ], [ "0.79152", "63", "1" ], [ "0.79168", "63", "1" ], [ "0.79184", "63", "1" ], [ "0.79200", "63", "1" ], [ "0.79203", "1605", "1" ], [ "0.79251", "1899", "1" ], [ "0.79252", "1760", "1" ], [ "0.79262", "1740", "1" ], [ "0.79356", "848", "1" ], [ "0.79380", "975", "1" ], [ "0.79520", "974", "1" ], [ "0.79660", "1076", "3" ], [ "0.79799", "1212", "1" ], [ "0.79800", "1801", "2" ], [ "0.79940", "1037", "2" ], [ "0.80085", "1662", "2" ], [ "0.80223", "3300", "1" ], [ "0.80370", "2626", "2" ], [ "0.80655", "3304", "2" ], [ "0.80940", "4126", "1" ], [ "0.84018", "3106", "1" ], [ "0.84420", "3106", "1" ], [ "0.94800", "606", "1" ], [ "0.95875", "417", "1" ], [ "0.97500", "1181", "2" ], [ "0.99125", "1785", "3" ], [ "1.00750", "2555", "4" ], [ "1.00902", "3106", "1" ], [ "1.01304", "3106", "1" ], [ "1.02375", "3283", "4" ], [ "1.04000", "4013", "1" ] ],
      "t" : 1756462688106
    } ],
    "instrument_name" : "THETAUSD-PERP"
  }
}