{
  "id" : -1,
  "method" : "public/get-book",
  "code" : 0,
  "result" : {
    "depth" : 50,
    "data" : [ {
      "bids" : [ [ "0.11699", "1", "1" ], [ "0.11696", "1", "1" ], [ "0.11684", "1711", "1" ], [ "0.11573", "8547", "1" ], [ "0.11572", "2998", "2" ], [ "0.11567", "9162", "1" ], [ "0.11536", "4334", "1" ], [ "0.11534", "4335", "1" ], [ "0.11532", "4334", "1" ], [ "0.10340", "6257", "1" ] ],
      "asks" : [ [ "0.11708", "1", "1" ], [ "0.11710", "1", "1" ], [ "0.11742", "1703", "1" ], [ "0.11805", "7518", "1" ], [ "0.11832", "9162", "1" ], [ "0.11900", "4201", "1" ], [ "0.11902", "4200", "1" ], [ "0.11904", "4200", "1" ], [ "0.13300", "5000", "1" ] ],
      "t" : 1756462706135
    } ],
    "instrument_name" : "TNSRUSD-PERP"
  }
}