{
  "id" : -1,
  "method" : "public/get-book",
  "code" : 0,
  "result" : {
    "depth" : 50,
    "data" : [ {
      "bids" : [ [ "0.00000005359", "3077000000", "1" ], [ "0.00000005343", "500000000", "1" ], [ "0.00000005340", "5581000000", "1" ], [ "0.00000005311", "7077000000", "1" ], [ "0.00000005310", "5581000000", "1" ], [ "0.00000005285", "16262000000", "1" ], [ "0.00000005280", "5581000000", "1" ], [ "0.00000005253", "7077000000", "1" ], [ "0.00000005250", "21843000000", "2" ], [ "0.00000005220", "20185000000", "2" ], [ "0.00000005215", "16262000000", "1" ], [ "0.00000005190", "5581000000", "1" ], [ "0.00000005180", "16262000000", "1" ], [ "0.00000005160", "20185000000", "2" ], [ "0.00000005145", "16262000000", "2" ], [ "0.00000005130", "5581000000", "1" ], [ "0.00000005110", "16262000000", "1" ], [ "0.00000005100", "20185000000", "2" ], [ "0.00000005075", "16262000000", "1" ], [ "0.00000005070", "5581000000", "1" ], [ "0.00000005040", "36447000000", "3" ], [ "0.00000005010", "5581000000", "1" ], [ "0.00000005005", "16262000000", "1" ], [ "0.00000004980", "20185000000", "2" ], [ "0.00000004970", "16262000000", "1" ], [ "0.00000004950", "5581000000", "1" ], [ "0.00000004935", "15601000000", "2" ], [ "0.00000004920", "20185000000", "2" ], [ "0.00000004919", "427000000", "1" ], [ "0.00000004900", "16262000000", "1" ], [ "0.00000004865", "16262000000", "1" ], [ "0.00000004860", "25743000000", "2" ], [ "0.00000004859", "11473000000", "1" ], [ "0.00000004844", "5863000000", "1" ], [ "0.00000004830", "21713000000", "2" ], [ "0.00000004816", "20891000000", "2" ], [ "0.00000004807", "13033000000", "2" ], [ "0.00000004800", "14604000000", "1" ], [ "0.00000004795", "16262000000", "1" ], [ "0.00000004784", "13033000000", "2" ], [ "0.00000004740", "16830000000", "1" ], [ "0.00000004680", "14604000000", "1" ], [ "0.00000004620", "15992000000", "1" ], [ "0.00000004560", "15992000000", "1" ], [ "0.00000004500", "15992000000", "1" ], [ "0.00000004440", "15992000000", "1" ], [ "0.00000004380", "15577000000", "1" ], [ "0.00000003000", "1500000000", "1" ], [ "0.00000002548", "42000000", "1" ], [ "0.00000002500", "1500000000", "1" ] ],
      "asks" : [ [ "0.00000005439", "3077000000", "1" ], [ "0.00000005442", "11139000000", "1" ], [ "0.00000005458", "5863000000", "1" ], [ "0.00000005460", "6061000000", "1" ], [ "0.00000005461", "10037000000", "1" ], [ "0.00000005463", "7077000000", "1" ], [ "0.00000005474", "5799000000", "1" ], [ "0.00000005490", "4307000000", "1" ], [ "0.00000005495", "14874000000", "1" ], [ "0.00000005497", "12734000000", "1" ], [ "0.00000005501", "7077000000", "1" ], [ "0.00000005504", "22808000000", "1" ], [ "0.00000005520", "40145000000", "3" ], [ "0.00000005530", "14874000000", "1" ], [ "0.00000005550", "4988000000", "1" ], [ "0.00000005565", "14874000000", "1" ], [ "0.00000005580", "20769000000", "2" ], [ "0.00000005600", "14874000000", "1" ], [ "0.00000005610", "5777000000", "1" ], [ "0.00000005635", "14874000000", "1" ], [ "0.00000005640", "17642000000", "2" ], [ "0.00000005670", "20651000000", "2" ], [ "0.00000005700", "20769000000", "2" ], [ "0.00000005705", "14874000000", "1" ], [ "0.00000005730", "5777000000", "1" ], [ "0.00000005740", "14874000000", "1" ], [ "0.00000005760", "18980000000", "2" ], [ "0.00000005775", "14874000000", "1" ], [ "0.00000005790", "5777000000", "1" ], [ "0.00000005810", "14874000000", "1" ], [ "0.00000005820", "18666000000", "2" ], [ "0.00000005845", "14874000000", "1" ], [ "0.00000005850", "5777000000", "1" ], [ "0.00000005880", "33006000000", "3" ], [ "0.00000005915", "14874000000", "1" ], [ "0.00000005921", "398000000", "1" ], [ "0.00000005940", "12355000000", "1" ], [ "0.00000005950", "14874000000", "1" ], [ "0.00000005985", "14874000000", "1" ], [ "0.00000006000", "12355000000", "1" ], [ "0.00000006060", "12355000000", "1" ], [ "0.00000006120", "12355000000", "1" ], [ "0.00000006180", "12355000000", "1" ], [ "0.00000006240", "12355000000", "1" ], [ "0.00000006300", "12355000000", "1" ], [ "0.00000006350", "3149000000", "1" ], [ "0.00000006360", "12355000000", "1" ], [ "0.00000006800", "50000000", "1" ], [ "0.00000006950", "2877000000", "1" ], [ "0.00000007504", "8000000", "1" ] ],
      "t" : 1756462722808
    } ],
    "instrument_name" : "TONIC_USD"
  }
}