{
  "id" : -1,
  "method" : "public/get-book",
  "code" : 0,
  "result" : {
    "depth" : 50,
    "data" : [ {
      "bids" : [ [ "0.00060028", "2132200", "1" ], [ "0.00060027", "1088500", "1" ], [ "0.00059995", "1282200", "1" ], [ "0.00059955", "1393300", "1" ], [ "0.00059946", "828500", "1" ], [ "0.00059924", "1321900", "1" ], [ "0.00059853", "1108300", "1" ], [ "0.00059849", "2596200", "2" ], [ "0.00059752", "2596200", "1" ], [ "0.00059655", "4009400", "1" ], [ "0.00059558", "7567500", "1" ], [ "0.00059461", "9163600", "1" ], [ "0.00058633", "3400", "1" ], [ "0.00058380", "10000", "1" ], [ "0.00058120", "27500", "1" ], [ "0.00057952", "172500", "1" ], [ "0.00057243", "1278900", "1" ], [ "0.00057242", "122000", "2" ], [ "0.00057241", "3493900", "1" ], [ "0.00056405", "123900", "2" ], [ "0.00056404", "177200", "1" ], [ "0.00055436", "3600", "1" ], [ "0.00052241", "580300", "1" ], [ "0.00052240", "3800", "1" ], [ "0.00052202", "37700", "1" ], [ "0.00052201", "2402900", "1" ], [ "0.00052200", "306500", "1" ], [ "0.00049779", "20000", "1" ], [ "0.00049043", "4100", "1" ], [ "0.00048116", "194300", "1" ], [ "0.00047804", "922500", "1" ], [ "0.00046900", "1280000", "1" ], [ "0.00046513", "2281000", "1" ], [ "0.00046512", "2819500", "2" ], [ "0.00045221", "2098300", "2" ], [ "0.00045220", "4982700", "2" ], [ "0.00043928", "16636700", "2" ], [ "0.00042636", "41860200", "2" ] ],
      "asks" : [ [ "0.00060275", "6709800", "1" ], [ "0.00060276", "895700", "1" ], [ "0.00060278", "18000", "1" ], [ "0.00060341", "1088500", "1" ], [ "0.00060350", "962100", "1" ], [ "0.00060403", "1393300", "1" ], [ "0.00060421", "1198800", "1" ], [ "0.00060430", "18000", "1" ], [ "0.00060431", "777200", "1" ], [ "0.00060492", "1248700", "1" ], [ "0.00060528", "2470400", "2" ], [ "0.00060625", "2470400", "2" ], [ "0.00060721", "18000", "1" ], [ "0.00060722", "7334100", "2" ], [ "0.00060819", "8995700", "2" ], [ "0.00060916", "8995700", "1" ], [ "0.00061180", "167700", "1" ], [ "0.00061378", "17600", "1" ], [ "0.00062861", "166900", "1" ], [ "0.00063916", "161000", "1" ], [ "0.00064214", "126700", "2" ], [ "0.00064215", "926700", "1" ], [ "0.00064342", "19700", "1" ], [ "0.00064343", "571800", "1" ], [ "0.00064472", "859600", "1" ], [ "0.00064588", "158900", "1" ], [ "0.00064601", "574800", "1" ], [ "0.00064730", "822500", "1" ], [ "0.00064859", "664400", "1" ], [ "0.00064989", "636100", "1" ], [ "0.00065028", "3200", "1" ], [ "0.00065119", "606500", "1" ], [ "0.00065249", "993300", "1" ], [ "0.00065379", "735100", "1" ], [ "0.00065510", "846200", "1" ], [ "0.00065640", "18900", "1" ], [ "0.00065641", "974000", "1" ], [ "0.00065755", "7100", "1" ], [ "0.00065772", "718400", "1" ], [ "0.00065831", "156200", "1" ], [ "0.00065904", "627400", "1" ], [ "0.00066035", "18900", "1" ], [ "0.00066036", "973000", "1" ], [ "0.00066168", "566500", "1" ], [ "0.00066300", "729500", "1" ], [ "0.00066363", "154600", "1" ], [ "0.00066433", "899800", "1" ], [ "0.00066566", "803800", "1" ], [ "0.00066699", "841700", "1" ], [ "0.00066954", "7000", "1" ] ],
      "t" : 1756462715530
    } ],
    "instrument_name" : "TOSHI_USD"
  }
}