{
  "id" : -1,
  "method" : "public/get-book",
  "code" : 0,
  "result" : {
    "depth" : 50,
    "data" : [ {
      "bids" : [ [ "0.00060075", "10000", "1" ], [ "0.00060060", "10000", "1" ], [ "0.00059988", "40000", "1" ], [ "0.00059940", "80000", "1" ], [ "0.00059928", "410000", "2" ], [ "0.00059916", "80000", "1" ], [ "0.00059904", "80000", "1" ], [ "0.00059687", "970000", "1" ], [ "0.00059634", "200000", "1" ], [ "0.00059616", "200000", "1" ], [ "0.00059598", "200000", "1" ], [ "0.00059580", "200000", "1" ], [ "0.00059280", "250000", "1" ], [ "0.00059250", "250000", "1" ], [ "0.00059220", "250000", "1" ], [ "0.00059190", "250000", "1" ], [ "0.00059160", "250000", "1" ], [ "0.00059130", "250000", "1" ] ],
      "asks" : [ [ "0.00060321", "10000", "1" ], [ "0.00060330", "10000", "1" ], [ "0.00060336", "330000", "1" ], [ "0.00060348", "80000", "1" ], [ "0.00060360", "80000", "1" ], [ "0.00060372", "80000", "1" ], [ "0.00060384", "80000", "1" ], [ "0.00060412", "970000", "1" ], [ "0.00060588", "200000", "1" ], [ "0.00060606", "200000", "1" ], [ "0.00060624", "200000", "1" ], [ "0.00060642", "200000", "1" ], [ "0.00060960", "240000", "1" ], [ "0.00060990", "240000", "1" ], [ "0.00061020", "240000", "1" ], [ "0.00061050", "240000", "1" ], [ "0.00061080", "240000", "1" ], [ "0.00061110", "240000", "1" ] ],
      "t" : 1756462727590
    } ],
    "instrument_name" : "TOSHIUSD-PERP"
  }
}