{
  "id" : -1,
  "method" : "public/get-book",
  "code" : 0,
  "result" : {
    "depth" : 50,
    "data" : [ {
      "bids" : [ [ "0.023043", "100", "1" ], [ "0.023026", "100", "1" ], [ "0.023016", "19900", "1" ], [ "0.022995", "2100", "1" ], [ "0.022994", "17300", "1" ], [ "0.022990", "2100", "1" ], [ "0.022985", "2100", "1" ], [ "0.022980", "2100", "1" ], [ "0.022957", "41600", "1" ], [ "0.022924", "23900", "1" ], [ "0.022913", "38300", "1" ], [ "0.022911", "5400", "1" ], [ "0.022909", "59300", "1" ], [ "0.022904", "5400", "1" ], [ "0.022897", "5400", "1" ], [ "0.022890", "5400", "1" ], [ "0.022880", "43000", "2" ], [ "0.022860", "6500", "1" ], [ "0.022854", "79100", "1" ], [ "0.022848", "6500", "1" ], [ "0.022836", "75600", "4" ], [ "0.022824", "6500", "1" ], [ "0.022813", "77200", "1" ], [ "0.022812", "6500", "1" ], [ "0.022800", "6500", "1" ], [ "0.022792", "90100", "2" ], [ "0.022748", "117800", "2" ], [ "0.022727", "76800", "1" ], [ "0.022335", "29100", "1" ], [ "0.022320", "31800", "1" ], [ "0.022296", "33400", "1" ], [ "0.022272", "32800", "2" ], [ "0.022248", "32800", "2" ], [ "0.022224", "45200", "3" ], [ "0.018416", "20800", "1" ], [ "0.018354", "10600", "1" ], [ "0.017871", "28700", "2" ], [ "0.017388", "52900", "2" ], [ "0.016905", "69900", "2" ], [ "0.016422", "92500", "2" ], [ "0.015939", "112300", "2" ] ],
      "asks" : [ [ "0.023048", "100", "1" ], [ "0.023062", "100", "1" ], [ "0.023063", "18400", "1" ], [ "0.023080", "4300", "1" ], [ "0.023097", "29100", "1" ], [ "0.023100", "2100", "1" ], [ "0.023104", "35700", "1" ], [ "0.023105", "2100", "1" ], [ "0.023110", "2100", "1" ], [ "0.023112", "30500", "1" ], [ "0.023115", "2100", "1" ], [ "0.023129", "55200", "1" ], [ "0.023136", "32300", "1" ], [ "0.023140", "41600", "1" ], [ "0.023144", "20200", "1" ], [ "0.023148", "17200", "1" ], [ "0.023160", "31100", "1" ], [ "0.023177", "79500", "1" ], [ "0.023184", "43000", "3" ], [ "0.023188", "41600", "1" ], [ "0.023191", "5300", "1" ], [ "0.023198", "5300", "1" ], [ "0.023205", "5300", "1" ], [ "0.023208", "41700", "2" ], [ "0.023232", "77400", "3" ], [ "0.023244", "6400", "1" ], [ "0.023256", "6400", "1" ], [ "0.023268", "6400", "1" ], [ "0.023274", "79300", "1" ], [ "0.023276", "88600", "2" ], [ "0.023280", "6400", "1" ], [ "0.023292", "6400", "1" ], [ "0.023303", "75600", "1" ], [ "0.023320", "118300", "2" ], [ "0.027636", "20800", "1" ], [ "0.028014", "12000", "1" ], [ "0.028497", "30100", "2" ], [ "0.028980", "50500", "3" ], [ "0.029463", "70000", "4" ], [ "0.029946", "93600", "5" ], [ "0.030429", "111400", "1" ] ],
      "t" : 1756462740837
    } ],
    "instrument_name" : "TOWNSUSD-PERP"
  }
}