{
  "id" : -1,
  "method" : "public/get-book",
  "code" : 0,
  "result" : {
    "depth" : 50,
    "data" : [ {
      "bids" : [ [ "0.022934", "11000", "1" ], [ "0.022802", "310", "1" ], [ "0.022801", "31620", "1" ], [ "0.022755", "28330", "1" ], [ "0.022732", "40510", "1" ], [ "0.022644", "35210", "1" ], [ "0.022620", "20890", "1" ], [ "0.022533", "39570", "1" ], [ "0.022475", "70260", "2" ], [ "0.022331", "4380", "1" ], [ "0.022330", "127430", "2" ], [ "0.022185", "175090", "1" ], [ "0.022040", "175090", "1" ], [ "0.021895", "273190", "1" ], [ "0.020000", "1000", "1" ], [ "0.018417", "3230", "1" ], [ "0.018245", "14070", "1" ], [ "0.017800", "46900", "2" ], [ "0.017355", "83820", "2" ], [ "0.016910", "299000", "2" ], [ "0.016465", "801760", "2" ] ],
      "asks" : [ [ "0.023143", "11000", "1" ], [ "0.023286", "31620", "1" ], [ "0.023310", "30510", "1" ], [ "0.023355", "40510", "1" ], [ "0.023421", "34130", "1" ], [ "0.023490", "25170", "1" ], [ "0.023532", "39130", "1" ], [ "0.023635", "72710", "2" ], [ "0.023780", "72710", "2" ], [ "0.023925", "159460", "3" ], [ "0.024070", "250810", "1" ], [ "0.024215", "250810", "1" ], [ "0.027642", "3230", "1" ], [ "0.028035", "8850", "1" ], [ "0.028480", "32010", "2" ], [ "0.028925", "32010", "2" ], [ "0.029370", "168350", "3" ], [ "0.029815", "475150", "1" ], [ "0.030000", "490", "1" ], [ "0.034000", "600", "1" ], [ "0.035548", "540", "1" ], [ "0.038087", "30", "1" ], [ "0.048500", "830", "1" ], [ "0.049999", "200", "1" ], [ "0.050000", "40", "1" ], [ "0.050729", "20", "1" ], [ "0.052405", "20", "1" ], [ "0.059999", "180", "1" ], [ "0.061000", "830", "1" ] ],
      "t" : 1756462715448
    } ],
    "instrument_name" : "TOWNS_USD"
  }
}