{
  "id" : -1,
  "method" : "public/get-book",
  "code" : 0,
  "result" : {
    "depth" : 50,
    "data" : [ {
      "bids" : [ [ "0.37750", "34.6", "1" ], [ "0.37749", "1492.7", "1" ], [ "0.37748", "29.4", "1" ], [ "0.37659", "594.9", "1" ], [ "0.37658", "1667.6", "2" ], [ "0.37507", "1472.9", "1" ], [ "0.37505", "140.2", "1" ], [ "0.37504", "3999.6", "2" ], [ "0.37503", "3999.6", "2" ], [ "0.37322", "156.8", "1" ], [ "0.37321", "1472.9", "1" ], [ "0.37284", "1472.9", "1" ], [ "0.37247", "1472.9", "1" ], [ "0.37236", "8056.8", "4" ], [ "0.37210", "1472.9", "1" ], [ "0.37173", "1472.9", "1" ], [ "0.37136", "10310.3", "7" ], [ "0.35898", "156.0", "1" ], [ "0.29415", "190.0", "1" ], [ "0.29232", "158.8", "1" ], [ "0.29000", "407.5", "2" ], [ "0.28768", "407.5", "1" ], [ "0.28235", "321.4", "1" ], [ "0.27864", "1709.5", "1" ], [ "0.27650", "190.0", "1" ], [ "0.27608", "1213.0", "1" ], [ "0.27376", "2079.2", "2" ], [ "0.27144", "3533.6", "3" ], [ "0.27090", "5106.5", "2" ], [ "0.26316", "5106.5", "1" ], [ "0.25542", "17748.9", "2" ], [ "0.24768", "51240.1", "1" ] ],
      "asks" : [ [ "0.37813", "29.4", "1" ], [ "0.37879", "1517.6", "1" ], [ "0.37880", "294.7", "1" ], [ "0.37989", "157.6", "1" ], [ "0.37990", "41.7", "1" ], [ "0.38093", "83.7", "1" ], [ "0.38094", "362.2", "1" ], [ "0.38096", "1446.7", "1" ], [ "0.38100", "1472.9", "1" ], [ "0.38107", "7872.4", "4" ], [ "0.38286", "1472.9", "1" ], [ "0.38323", "1472.9", "1" ], [ "0.38360", "1472.9", "1" ], [ "0.38397", "1472.9", "1" ], [ "0.38408", "7810.8", "4" ], [ "0.38434", "1472.9", "1" ], [ "0.38471", "7826.2", "6" ], [ "0.38661", "41.7", "1" ], [ "0.39058", "50.9", "1" ], [ "0.39059", "60.0", "1" ], [ "0.39060", "60.9", "1" ], [ "0.39414", "41.7", "1" ], [ "0.41425", "26.3", "1" ], [ "0.42273", "25.2", "1" ], [ "0.42505", "25.2", "1" ], [ "0.44797", "510.2", "1" ], [ "0.46245", "190.0", "1" ], [ "0.46400", "155.2", "1" ], [ "0.46632", "405.9", "1" ], [ "0.46864", "597.3", "1" ], [ "0.47582", "321.4", "1" ], [ "0.47988", "1046.6", "1" ], [ "0.48227", "190.0", "1" ], [ "0.48256", "1136.9", "1" ], [ "0.48488", "2131.2", "2" ], [ "0.48720", "2131.2", "1" ], [ "0.48762", "3286.0", "2" ], [ "0.49536", "3286.0", "1" ], [ "0.50310", "8937.0", "2" ], [ "0.51084", "28569.0", "2" ], [ "0.60000", "9.8", "1" ], [ "0.68457", "182.6", "1" ], [ "0.69999", "89.8", "1" ], [ "0.71575", "174.6", "1" ], [ "0.73187", "170.8", "1" ], [ "0.74835", "167.1", "1" ], [ "0.76392", "30.7", "1" ], [ "0.76521", "163.4", "1" ], [ "0.77622", "30.2", "1" ], [ "0.78245", "159.7", "1" ] ],
      "t" : 1756462742639
    } ],
    "instrument_name" : "TRAC_USD"
  }
}