{
  "id" : -1,
  "method" : "public/get-book",
  "code" : 0,
  "result" : {
    "depth" : 50,
    "data" : [ {
      "bids" : [ [ "0.029843", "946", "1" ], [ "0.029842", "719", "1" ], [ "0.029840", "20211", "1" ], [ "0.029833", "4247", "1" ], [ "0.029830", "13573", "1" ], [ "0.029829", "1171", "1" ], [ "0.029717", "22076", "1" ], [ "0.029580", "28309", "1" ], [ "0.029528", "28257", "1" ], [ "0.029376", "27915", "1" ], [ "0.029294", "21033", "1" ], [ "0.029172", "27915", "1" ], [ "0.028992", "72007", "2" ], [ "0.028691", "20550", "1" ], [ "0.028690", "122681", "2" ], [ "0.028388", "231192", "2" ], [ "0.028086", "231192", "1" ], [ "0.024082", "3956", "1" ], [ "0.023532", "20307", "1" ], [ "0.022896", "62745", "1" ], [ "0.022260", "99897", "1" ], [ "0.021624", "148346", "1" ], [ "0.020988", "451327", "1" ] ],
      "asks" : [ [ "0.030365", "3252", "1" ], [ "0.030366", "2653", "1" ], [ "0.030368", "20819", "1" ], [ "0.030384", "6957", "1" ], [ "0.030593", "22076", "1" ], [ "0.030599", "19895", "1" ], [ "0.030600", "17894", "1" ], [ "0.030782", "20550", "1" ], [ "0.030783", "28257", "1" ], [ "0.030804", "43275", "2" ], [ "0.031008", "26884", "1" ], [ "0.031106", "68051", "2" ], [ "0.031408", "117421", "3" ], [ "0.031710", "117421", "2" ], [ "0.032012", "211408", "2" ], [ "0.034083", "19981", "1" ], [ "0.034208", "9787", "1" ], [ "0.036248", "3956", "1" ], [ "0.036252", "13933", "1" ], [ "0.036888", "39601", "2" ], [ "0.037524", "39601", "2" ], [ "0.038160", "68648", "3" ], [ "0.038796", "238769", "4" ], [ "0.098999", "99", "1" ], [ "0.099000", "9214", "1" ], [ "0.099200", "34", "1" ], [ "0.140000", "908", "1" ], [ "0.150000", "6714", "1" ], [ "0.157400", "2360", "1" ], [ "0.159000", "454", "1" ], [ "0.160000", "1976", "2" ], [ "0.180000", "29", "1" ], [ "0.200000", "1245", "2" ], [ "0.228000", "542", "1" ], [ "0.239000", "3796", "2" ], [ "0.244999", "18", "1" ], [ "0.246153", "4", "1" ], [ "0.249999", "18", "1" ], [ "0.250000", "350", "1" ], [ "0.254999", "18", "1" ], [ "0.259999", "18", "1" ], [ "0.260000", "1143", "1" ], [ "0.264999", "18", "1" ], [ "0.269999", "18", "1" ], [ "0.274999", "18", "1" ], [ "0.279999", "18", "1" ], [ "0.284999", "18", "1" ], [ "0.289999", "18", "1" ], [ "0.294999", "18", "1" ], [ "0.299999", "18", "1" ] ],
      "t" : 1756462759465
    } ],
    "instrument_name" : "TRU_USD"
  }
}