{
  "id" : -1,
  "method" : "public/get-book",
  "code" : 0,
  "result" : {
    "depth" : 50,
    "data" : [ {
      "bids" : [ [ "0.04012", "0.24", "1" ], [ "0.04011", "0.24", "1" ], [ "0.03983", "60.49", "2" ], [ "0.03975", "0.47", "1" ], [ "0.03973", "0.47", "1" ], [ "0.03972", "82.62", "1" ], [ "0.03960", "182.15", "1" ], [ "0.03940", "141.30", "1" ], [ "0.03920", "200.72", "1" ], [ "0.03657", "146.10", "1" ], [ "0.03645", "69.97", "1" ], [ "0.03640", "131.49", "1" ], [ "0.03639", "165.25", "1" ], [ "0.03630", "56.20", "1" ], [ "0.03618", "52.51", "1" ], [ "0.03615", "144.03", "2" ], [ "0.03605", "291.16", "2" ], [ "0.03600", "144.03", "1" ], [ "0.03591", "184.63", "1" ], [ "0.03585", "327.65", "2" ], [ "0.03564", "310.28", "1" ], [ "0.03537", "413.87", "1" ], [ "0.03510", "537.53", "1" ], [ "0.03483", "666.51", "1" ], [ "0.03211", "14.61", "1" ], [ "0.03198", "89.77", "1" ], [ "0.03116", "237.29", "2" ], [ "0.03034", "237.29", "1" ], [ "0.02952", "484.11", "1" ], [ "0.02870", "1578.92", "2" ] ],
      "asks" : [ [ "0.04055", "0.47", "1" ], [ "0.04059", "48.88", "2" ], [ "0.04060", "82.62", "1" ], [ "0.04061", "146.10", "1" ], [ "0.04072", "235.22", "2" ], [ "0.04077", "58.49", "1" ], [ "0.04080", "248.70", "2" ], [ "0.04095", "274.62", "3" ], [ "0.04100", "160.58", "1" ], [ "0.04104", "162.94", "2" ], [ "0.04110", "154.79", "1" ], [ "0.04120", "195.87", "1" ], [ "0.04125", "230.10", "1" ], [ "0.04130", "303.55", "1" ], [ "0.04131", "280.76", "2" ], [ "0.04158", "280.76", "1" ], [ "0.04185", "387.12", "1" ], [ "0.04212", "626.52", "1" ], [ "0.04535", "3.41", "1" ], [ "0.04824", "14.61", "1" ], [ "0.04838", "47.11", "1" ], [ "0.04920", "148.24", "2" ], [ "0.05002", "148.24", "1" ], [ "0.05084", "244.51", "1" ], [ "0.05166", "963.10", "2" ], [ "0.09431", "44.33", "1" ], [ "0.10542", "39.10", "1" ], [ "0.14446", "3.13", "1" ], [ "0.14692", "10.21", "1" ], [ "0.15076", "0.21", "1" ], [ "0.15551", "11.91", "1" ], [ "0.15999", "28.22", "1" ], [ "0.17177", "1.51", "1" ], [ "0.20625", "2.05", "1" ], [ "0.21376", "0.16", "1" ], [ "0.21477", "1.29", "1" ], [ "0.21726", "9.77", "1" ] ],
      "t" : 1756462767415
    } ],
    "instrument_name" : "TRUMP_SOL"
  }
}