{
  "id" : -1,
  "method" : "public/get-book",
  "code" : 0,
  "result" : {
    "depth" : 50,
    "data" : [ {
      "bids" : [ [ "0.00007610", "119.73", "1" ], [ "0.00007534", "0.47", "1" ], [ "0.00007531", "0.47", "1" ], [ "0.00007517", "17.97", "1" ], [ "0.00007516", "82.62", "1" ], [ "0.00007473", "200.52", "1" ], [ "0.00007426", "166.59", "1" ], [ "0.00007379", "166.59", "1" ], [ "0.00006882", "165.25", "1" ], [ "0.00006844", "57.44", "1" ], [ "0.00006785", "177.70", "1" ], [ "0.00006726", "299.88", "1" ], [ "0.00006667", "415.77", "1" ], [ "0.00006608", "548.41", "1" ], [ "0.00006549", "657.02", "1" ], [ "0.00006089", "14.78", "1" ], [ "0.00006080", "76.95", "1" ], [ "0.00005994", "217.69", "2" ], [ "0.00005980", "167.91", "1" ], [ "0.00005967", "62.44", "1" ], [ "0.00005940", "165.08", "2" ], [ "0.00005928", "228.25", "2" ], [ "0.00005915", "318.67", "2" ], [ "0.00005913", "165.08", "1" ], [ "0.00005886", "241.93", "1" ], [ "0.00005776", "385.50", "2" ], [ "0.00005624", "385.50", "1" ], [ "0.00005472", "1689.86", "2" ] ],
      "asks" : [ [ "0.00007616", "0.24", "1" ], [ "0.00007620", "2.08", "1" ], [ "0.00007621", "119.16", "1" ], [ "0.00007696", "0.47", "1" ], [ "0.00007698", "0.47", "1" ], [ "0.00007719", "82.62", "1" ], [ "0.00007740", "165.25", "1" ], [ "0.00007755", "158.59", "1" ], [ "0.00007788", "47.73", "1" ], [ "0.00007802", "182.85", "1" ], [ "0.00007847", "164.95", "1" ], [ "0.00007849", "193.19", "1" ], [ "0.00007906", "271.31", "1" ], [ "0.00007965", "379.93", "1" ], [ "0.00008024", "619.15", "1" ], [ "0.00008083", "619.15", "1" ], [ "0.00008637", "217.69", "2" ], [ "0.00008640", "56.93", "1" ], [ "0.00008645", "120.08", "1" ], [ "0.00008667", "158.81", "2" ], [ "0.00008694", "158.81", "1" ], [ "0.00008710", "289.96", "1" ], [ "0.00008721", "308.58", "1" ], [ "0.00008800", "0.39", "1" ], [ "0.00009145", "14.78", "1" ], [ "0.00009272", "48.74", "1" ], [ "0.00009424", "144.77", "1" ], [ "0.00009576", "272.86", "1" ], [ "0.00009728", "272.86", "1" ], [ "0.00009880", "877.52", "1" ], [ "0.00009990", "0.51", "1" ], [ "0.00010000", "0.85", "1" ], [ "0.00015217", "0.82", "1" ], [ "0.00017180", "1.36", "1" ], [ "0.00018443", "0.64", "1" ], [ "0.00019923", "17.42", "1" ], [ "0.00020378", "0.43", "1" ], [ "0.00020379", "0.12", "1" ], [ "0.00020514", "1.27", "1" ], [ "0.00021671", "0.53", "1" ], [ "0.00024898", "0.45", "1" ], [ "0.00026819", "11.46", "1" ], [ "0.00027917", "0.26", "1" ], [ "0.00027918", "0.07", "1" ], [ "0.00039713", "0.21", "1" ], [ "0.00051937", "0.19", "1" ], [ "0.00060000", "2.70", "1" ], [ "0.00067822", "2.00", "1" ], [ "0.00069880", "536.34", "1" ], [ "0.00075900", "105.76", "1" ] ],
      "t" : 1756462761804
    } ],
    "instrument_name" : "TRUMP_BTC"
  }
}