{
  "id" : -1,
  "method" : "public/get-book",
  "code" : 0,
  "result" : {
    "depth" : 50,
    "data" : [ {
      "bids" : [ [ "0.0039155", "620", "2" ], [ "0.0039147", "320", "1" ], [ "0.0039143", "320", "1" ], [ "0.0039135", "320", "1" ], [ "0.0039109", "55030", "1" ], [ "0.0039108", "696610", "1" ], [ "0.0039103", "320", "1" ], [ "0.0039100", "172970", "1" ], [ "0.0039097", "320", "1" ], [ "0.0039096", "76810", "1" ], [ "0.0039093", "320", "1" ], [ "0.0039081", "158370", "1" ], [ "0.0039074", "320", "1" ], [ "0.0039062", "320", "1" ], [ "0.0039060", "158370", "1" ], [ "0.0039044", "320", "1" ], [ "0.0039039", "158690", "2" ], [ "0.0039022", "320", "1" ], [ "0.0039018", "320", "1" ], [ "0.0038996", "221500", "1" ], [ "0.0038994", "320", "1" ], [ "0.0038979", "104140", "1" ], [ "0.0038931", "320", "1" ], [ "0.0038918", "321230", "2" ], [ "0.0038915", "320", "1" ], [ "0.0038863", "215280", "2" ], [ "0.0038857", "577410", "3" ], [ "0.0038800", "66190", "2" ], [ "0.0038797", "647650", "1" ], [ "0.0038796", "577410", "3" ], [ "0.0038736", "90130", "1" ], [ "0.0038735", "998830", "1" ], [ "0.0038612", "320", "1" ], [ "0.0038436", "1798390", "1" ], [ "0.0038247", "320", "1" ], [ "0.0038172", "810", "1" ], [ "0.0037354", "3630", "2" ], [ "0.0037353", "820", "1" ], [ "0.0037094", "6130", "1" ], [ "0.0037093", "11400", "1" ], [ "0.0037082", "6890", "1" ], [ "0.0036535", "840", "1" ], [ "0.0035717", "860", "1" ], [ "0.0034900", "880", "1" ], [ "0.0034082", "900", "1" ], [ "0.0033264", "930", "1" ], [ "0.0032445", "950", "1" ], [ "0.0031494", "320", "1" ], [ "0.0031275", "30900", "1" ], [ "0.0030894", "148920", "1" ] ],
      "asks" : [ [ "0.0039156", "2950", "1" ], [ "0.0039165", "300", "1" ], [ "0.0039211", "320", "1" ], [ "0.0039219", "320", "1" ], [ "0.0039221", "2560", "1" ], [ "0.0039222", "696610", "1" ], [ "0.0039227", "320", "1" ], [ "0.0039231", "320", "1" ], [ "0.0039235", "172970", "1" ], [ "0.0039239", "320", "1" ], [ "0.0039249", "221980", "1" ], [ "0.0039251", "320", "1" ], [ "0.0039270", "221980", "1" ], [ "0.0039273", "320", "1" ], [ "0.0039275", "2950", "1" ], [ "0.0039281", "320", "1" ], [ "0.0039289", "221500", "1" ], [ "0.0039291", "221980", "1" ], [ "0.0039317", "320", "1" ], [ "0.0039321", "47840", "1" ], [ "0.0039322", "642290", "1" ], [ "0.0039341", "320", "1" ], [ "0.0039345", "126150", "1" ], [ "0.0039349", "320", "1" ], [ "0.0039351", "2950", "1" ], [ "0.0039405", "1282150", "2" ], [ "0.0039406", "331720", "1" ], [ "0.0039461", "2950", "1" ], [ "0.0039467", "546710", "1" ], [ "0.0039526", "2950", "1" ], [ "0.0039528", "1019430", "1" ], [ "0.0039537", "320", "1" ], [ "0.0039589", "1019430", "1" ], [ "0.0039807", "790", "1" ], [ "0.0039846", "1798390", "1" ], [ "0.0040456", "320", "1" ], [ "0.0040494", "6220", "1" ], [ "0.0040495", "3130", "1" ], [ "0.0040496", "6320", "1" ], [ "0.0040626", "770", "1" ], [ "0.0041177", "320", "1" ], [ "0.0041196", "2600", "1" ], [ "0.0041302", "320", "1" ], [ "0.0041444", "750", "1" ], [ "0.0041592", "3030", "1" ], [ "0.0041593", "6160", "1" ], [ "0.0041700", "1230", "1" ], [ "0.0041711", "2600", "1" ], [ "0.0041992", "1420", "1" ], [ "0.0042116", "2660", "1" ] ],
      "t" : 1756462783707
    } ],
    "instrument_name" : "TURBO_USD"
  }
}