{
  "id" : -1,
  "method" : "public/get-book",
  "code" : 0,
  "result" : {
    "depth" : 50,
    "data" : [ {
      "bids" : [ [ "0.0039176", "100", "1" ], [ "0.0039158", "100", "1" ], [ "0.0039060", "51200", "1" ], [ "0.0039000", "12800", "1" ], [ "0.0038992", "12800", "1" ], [ "0.0038984", "12800", "1" ], [ "0.0038976", "12800", "1" ], [ "0.0038931", "273700", "1" ], [ "0.0038688", "32300", "1" ], [ "0.0038676", "32300", "1" ], [ "0.0038664", "32300", "1" ], [ "0.0038652", "32300", "1" ], [ "0.0038608", "38800", "1" ], [ "0.0038589", "38800", "1" ], [ "0.0038570", "38800", "1" ], [ "0.0038551", "38900", "1" ], [ "0.0038532", "38900", "1" ], [ "0.0038513", "38900", "1" ], [ "0.0038373", "169700", "1" ], [ "0.0038325", "183500", "1" ], [ "0.0038295", "242400", "1" ], [ "0.0038250", "207300", "2" ], [ "0.0038181", "272700", "1" ], [ "0.0038175", "197400", "2" ], [ "0.0038100", "214700", "2" ], [ "0.0038038", "463300", "2" ], [ "0.0038025", "213200", "2" ], [ "0.0037895", "703700", "3" ], [ "0.0037752", "978900", "4" ], [ "0.0037609", "1182500", "4" ], [ "0.0037332", "614200", "1" ], [ "0.0037128", "614200", "1" ], [ "0.0035583", "206700", "1" ], [ "0.0031280", "121200", "1" ], [ "0.0030932", "124900", "1" ], [ "0.0030118", "382200", "2" ], [ "0.0029304", "610300", "2" ], [ "0.0029172", "614200", "1" ], [ "0.0028968", "614200", "1" ], [ "0.0028490", "834800", "2" ], [ "0.0027676", "1084400", "2" ], [ "0.0026862", "1310800", "2" ] ],
      "asks" : [ [ "0.0039177", "100", "1" ], [ "0.0039200", "100", "1" ], [ "0.0039220", "50900", "1" ], [ "0.0039224", "25400", "1" ], [ "0.0039304", "12700", "1" ], [ "0.0039312", "12700", "1" ], [ "0.0039320", "12700", "1" ], [ "0.0039328", "12700", "1" ], [ "0.0039346", "100000", "1" ], [ "0.0039391", "273700", "1" ], [ "0.0039408", "31700", "1" ], [ "0.0039419", "169700", "1" ], [ "0.0039420", "31700", "1" ], [ "0.0039432", "31700", "1" ], [ "0.0039444", "31600", "1" ], [ "0.0039446", "242400", "1" ], [ "0.0039450", "196500", "2" ], [ "0.0039468", "218600", "1" ], [ "0.0039480", "37900", "1" ], [ "0.0039500", "37900", "1" ], [ "0.0039520", "37900", "1" ], [ "0.0039525", "156000", "1" ], [ "0.0039540", "37900", "1" ], [ "0.0039560", "37900", "1" ], [ "0.0039580", "37800", "1" ], [ "0.0039600", "211900", "1" ], [ "0.0039611", "485300", "1" ], [ "0.0039675", "237200", "2" ], [ "0.0039750", "227700", "1" ], [ "0.0039754", "767300", "1" ], [ "0.0039897", "999100", "1" ], [ "0.0040040", "1214500", "1" ], [ "0.0043112", "206700", "1" ], [ "0.0046932", "121200", "1" ], [ "0.0047212", "102500", "1" ], [ "0.0048026", "374300", "2" ], [ "0.0048144", "614200", "1" ], [ "0.0048348", "614200", "1" ], [ "0.0048840", "582800", "3" ], [ "0.0049654", "847300", "4" ], [ "0.0050468", "1106200", "4" ], [ "0.0050592", "614200", "1" ], [ "0.0050796", "614200", "1" ], [ "0.0051282", "1314600", "1" ] ],
      "t" : 1756462791711
    } ],
    "instrument_name" : "TURBOUSD-PERP"
  }
}