{
  "id" : -1,
  "method" : "public/get-book",
  "code" : 0,
  "result" : {
    "depth" : 50,
    "data" : [ {
      "bids" : [ [ "0.0039154", "300", "1" ], [ "0.0039101", "2560", "1" ], [ "0.0039100", "24720", "1" ], [ "0.0039081", "28620", "1" ], [ "0.0039070", "76510", "1" ], [ "0.0039060", "28620", "1" ], [ "0.0039039", "28620", "1" ], [ "0.0038998", "142720", "1" ], [ "0.0038997", "113930", "1" ], [ "0.0038996", "123640", "1" ], [ "0.0038988", "94200", "1" ], [ "0.0038932", "58070", "1" ], [ "0.0038931", "328590", "2" ], [ "0.0038875", "40010", "1" ], [ "0.0038874", "573510", "3" ], [ "0.0038817", "573510", "3" ], [ "0.0038760", "1038740", "1" ], [ "0.0038448", "4640", "1" ], [ "0.0038430", "1798390", "1" ], [ "0.0038165", "4680", "1" ], [ "0.0038000", "43750", "1" ], [ "0.0037884", "4710", "1" ], [ "0.0037605", "4750", "1" ], [ "0.0037328", "4780", "1" ], [ "0.0037054", "4820", "1" ], [ "0.0031272", "30900", "1" ], [ "0.0030894", "135910", "1" ], [ "0.0030081", "473420", "2" ], [ "0.0029268", "810510", "2" ], [ "0.0028455", "382510", "1" ], [ "0.0027642", "1231600", "2" ] ],
      "asks" : [ [ "0.0039156", "300", "1" ], [ "0.0039223", "24720", "1" ], [ "0.0039228", "20970", "1" ], [ "0.0039243", "142720", "1" ], [ "0.0039249", "107980", "2" ], [ "0.0039270", "30390", "1" ], [ "0.0039277", "123640", "1" ], [ "0.0039314", "4600", "1" ], [ "0.0039329", "114790", "1" ], [ "0.0039330", "124770", "1" ], [ "0.0039387", "348350", "1" ], [ "0.0039444", "599950", "1" ], [ "0.0039501", "1033530", "1" ], [ "0.0039558", "1033530", "1" ], [ "0.0039606", "4560", "1" ], [ "0.0039840", "1798390", "1" ], [ "0.0039900", "4540", "1" ], [ "0.0040196", "4500", "1" ], [ "0.0040494", "4640", "1" ], [ "0.0040495", "4460", "1" ], [ "0.0040794", "4430", "1" ], [ "0.0041098", "4400", "1" ], [ "0.0041402", "4370", "1" ], [ "0.0041709", "4330", "1" ], [ "0.0042018", "4300", "1" ], [ "0.0042330", "4270", "1" ], [ "0.0042462", "2540", "1" ], [ "0.0042644", "4250", "1" ], [ "0.0042960", "4210", "1" ], [ "0.0043279", "4180", "1" ], [ "0.0043599", "113680", "1" ], [ "0.0043600", "62240", "1" ], [ "0.0043601", "4140", "1" ], [ "0.0043672", "16490", "1" ], [ "0.0043673", "123910", "1" ], [ "0.0043923", "4110", "1" ], [ "0.0044249", "4090", "1" ], [ "0.0044578", "4050", "1" ], [ "0.0044908", "4020", "1" ], [ "0.0045242", "3990", "1" ], [ "0.0045577", "3390", "1" ], [ "0.0045915", "3940", "1" ], [ "0.0046256", "3920", "1" ], [ "0.0046599", "3890", "1" ], [ "0.0046920", "30900", "1" ], [ "0.0046944", "3850", "1" ], [ "0.0047154", "107280", "1" ], [ "0.0047292", "3820", "1" ], [ "0.0047643", "3790", "1" ], [ "0.0047967", "306480", "2" ] ],
      "t" : 1756462787327
    } ],
    "instrument_name" : "TURBO_USDT"
  }
}