{
  "id" : -1,
  "method" : "public/get-book",
  "code" : 0,
  "result" : {
    "depth" : 50,
    "data" : [ {
      "bids" : [ [ "1.00055", "4896.3", "1" ], [ "0.99366", "94.6", "1" ], [ "0.99360", "91.3", "1" ], [ "0.99130", "195.7", "2" ], [ "0.99066", "565.7", "1" ], [ "0.98940", "576.6", "1" ], [ "0.98900", "195.7", "2" ], [ "0.98670", "431.2", "2" ], [ "0.98649", "1282.8", "2" ], [ "0.98500", "1000.0", "1" ], [ "0.98440", "549.6", "2" ], [ "0.98358", "1282.8", "2" ], [ "0.98210", "431.2", "1" ], [ "0.98067", "2579.7", "3" ], [ "0.98000", "55.2", "2" ], [ "0.97980", "549.6", "1" ], [ "0.97900", "10.0", "1" ], [ "0.97800", "10.0", "1" ], [ "0.97776", "2579.7", "2" ], [ "0.97750", "667.3", "1" ], [ "0.97700", "10.0", "1" ], [ "0.97600", "10.0", "1" ], [ "0.97520", "784.4", "1" ], [ "0.97500", "10.0", "1" ], [ "0.97485", "3392.9", "2" ], [ "0.97400", "10.0", "1" ], [ "0.97300", "10.0", "1" ], [ "0.97200", "10.0", "1" ], [ "0.97100", "10.0", "1" ], [ "0.97000", "510.0", "2" ], [ "0.96900", "10.0", "1" ], [ "0.96800", "10.0", "1" ], [ "0.96700", "10.0", "1" ], [ "0.96600", "10.0", "1" ], [ "0.96500", "10.0", "1" ], [ "0.96400", "10.0", "1" ], [ "0.96300", "10.0", "1" ], [ "0.96200", "10.0", "1" ], [ "0.96100", "10.0", "1" ], [ "0.96000", "10.0", "1" ], [ "0.95900", "10.0", "1" ], [ "0.95800", "10.0", "1" ], [ "0.95700", "10.0", "1" ], [ "0.95600", "10.0", "1" ], [ "0.95500", "10.0", "1" ], [ "0.95400", "10.0", "1" ], [ "0.95300", "10.0", "1" ], [ "0.95200", "10.0", "1" ], [ "0.95100", "10.0", "1" ], [ "0.95000", "598.4", "4" ] ],
      "asks" : [ [ "1.00842", "457.5", "1" ], [ "1.00843", "33881.2", "2" ], [ "1.00970", "3022.8", "1" ], [ "1.01000", "210.0", "1" ], [ "1.01114", "94.6", "1" ], [ "1.01200", "92.7", "1" ], [ "1.01416", "565.7", "1" ], [ "1.01430", "216.7", "1" ], [ "1.01490", "6106.8", "1" ], [ "1.01559", "568.5", "1" ], [ "1.01660", "339.8", "1" ], [ "1.01850", "1143.0", "1" ], [ "1.01890", "434.4", "1" ], [ "1.02000", "10.0", "1" ], [ "1.02120", "536.5", "1" ], [ "1.02141", "1990.7", "1" ], [ "1.02350", "884.2", "1" ], [ "1.02432", "2524.6", "1" ], [ "1.02500", "10.0", "1" ], [ "1.02580", "1006.8", "1" ], [ "1.02723", "3921.5", "1" ], [ "1.02810", "1006.8", "1" ], [ "1.03000", "10.0", "1" ], [ "1.03014", "3921.5", "1" ], [ "1.03040", "1006.8", "1" ], [ "1.03500", "10.0", "1" ], [ "1.04000", "10.0", "1" ], [ "1.05000", "10.0", "1" ], [ "1.06000", "110.0", "2" ], [ "1.20649", "100.6", "1" ], [ "1.20981", "20.7", "1" ], [ "1.22549", "97.2", "1" ], [ "1.24558", "260.5", "1" ], [ "1.26567", "416.1", "1" ], [ "1.28576", "12558.6", "1" ], [ "1.30585", "34274.8", "1" ] ],
      "t" : 1756462574335
    } ],
    "instrument_name" : "USC_USD"
  }
}