{
  "id" : -1,
  "method" : "public/get-book",
  "code" : 0,
  "result" : {
    "depth" : 50,
    "data" : [ {
      "bids" : [ [ "1.00008", "109293.7", "5" ], [ "1.00007", "1.5", "1" ], [ "1.00005", "2.0", "1" ], [ "1.00004", "4478.6", "2" ], [ "1.00003", "272.4", "4" ], [ "1.00000", "22666.8", "7" ], [ "0.99999", "15795.5", "3" ], [ "0.99998", "3336.0", "1" ], [ "0.99992", "3336.0", "1" ], [ "0.99991", "1.1", "1" ], [ "0.99990", "2065.2", "1" ], [ "0.99970", "49977.0", "1" ], [ "0.99969", "320000.0", "1" ], [ "0.99961", "452482.2", "1" ], [ "0.99960", "103491.8", "1" ], [ "0.99940", "67.4", "1" ], [ "0.99939", "123342.3", "2" ], [ "0.99929", "400000.0", "1" ], [ "0.99918", "157144.6", "1" ], [ "0.99917", "73103.1", "1" ], [ "0.99916", "1.2", "1" ], [ "0.99907", "2.4", "2" ], [ "0.99900", "1000.0", "1" ], [ "0.99897", "152700.5", "1" ], [ "0.99876", "423861.8", "3" ], [ "0.99867", "1.5", "1" ], [ "0.99855", "183352.8", "1" ], [ "0.99835", "266585.4", "2" ], [ "0.99834", "215304.2", "1" ], [ "0.99813", "213387.9", "1" ], [ "0.99800", "100.0", "1" ], [ "0.99794", "710816.0", "2" ], [ "0.99753", "710816.0", "1" ], [ "0.99712", "868175.7", "1" ], [ "0.99685", "74965.6", "1" ], [ "0.98987", "149931.2", "1" ], [ "0.97997", "199908.3", "1" ], [ "0.97005", "199.9", "1" ], [ "0.96000", "10005.0", "2" ], [ "0.95600", "2092.0", "1" ], [ "0.90000", "93.5", "2" ], [ "0.80008", "125.0", "1" ], [ "0.78039", "652.2", "1" ], [ "0.76038", "1962.5", "1" ], [ "0.74037", "3259.0", "1" ], [ "0.72036", "25350.6", "1" ], [ "0.70035", "84609.8", "1" ] ],
      "asks" : [ [ "1.00009", "268538.7", "8" ], [ "1.00010", "301974.4", "10" ], [ "1.00013", "5836.2", "2" ], [ "1.00016", "71.0", "1" ], [ "1.00019", "3336.0", "1" ], [ "1.00024", "50045.5", "9" ], [ "1.00025", "3418.5", "2" ], [ "1.00026", "402.6", "2" ], [ "1.00030", "14995.5", "1" ], [ "1.00034", "14995.0", "1" ], [ "1.00043", "2.6", "2" ], [ "1.00045", "40.0", "1" ], [ "1.00047", "94.8", "1" ], [ "1.00058", "1.0", "1" ], [ "1.00060", "2.0", "1" ], [ "1.00061", "320056.6", "2" ], [ "1.00063", "999.3", "1" ], [ "1.00065", "103606.2", "1" ], [ "1.00071", "1.1", "1" ], [ "1.00086", "125382.9", "1" ], [ "1.00101", "227804.4", "1" ], [ "1.00107", "155766.1", "1" ], [ "1.00128", "169807.6", "1" ], [ "1.00131", "400000.0", "1" ], [ "1.00149", "159560.8", "1" ], [ "1.00163", "91164.3", "1" ], [ "1.00170", "168172.8", "1" ], [ "1.00191", "173537.7", "1" ], [ "1.00204", "230971.2", "2" ], [ "1.00212", "208097.1", "1" ], [ "1.00245", "407712.6", "2" ], [ "1.00286", "549482.1", "1" ], [ "1.00327", "725647.2", "1" ], [ "1.00368", "890451.4", "1" ], [ "1.01000", "422.4", "1" ], [ "1.02908", "777.4", "1" ], [ "1.03021", "199.9", "1" ], [ "1.05000", "10.2", "1" ], [ "1.06000", "10.6", "1" ], [ "1.07000", "134.4", "2" ], [ "1.07060", "1.3", "1" ], [ "1.08000", "180.4", "1" ], [ "1.09000", "84.3", "1" ], [ "1.10000", "79.2", "4" ], [ "1.10521", "158.7", "1" ], [ "1.11000", "50.0", "1" ], [ "1.12300", "50.0", "1" ], [ "1.20000", "50.0", "1" ], [ "1.20025", "125.0", "1" ], [ "1.20060", "359.3", "1" ] ],
      "t" : 1756462812602
    } ],
    "instrument_name" : "USDT_USD"
  }
}