{
  "id" : -1,
  "method" : "public/get-book",
  "code" : 0,
  "result" : {
    "depth" : 50,
    "data" : [ {
      "bids" : [ [ "0.19972", "10", "1" ], [ "0.19956", "10", "1" ], [ "0.19894", "150", "1" ], [ "0.19892", "150", "1" ], [ "0.19890", "150", "1" ], [ "0.19888", "150", "1" ], [ "0.19752", "500", "1" ], [ "0.19657", "5000", "1" ], [ "0.19656", "5370", "1" ], [ "0.19632", "4150", "1" ], [ "0.19630", "500", "1" ], [ "0.19248", "660", "1" ], [ "0.19034", "130", "1" ], [ "0.18727", "180", "3" ], [ "0.18690", "660", "1" ], [ "0.18420", "170", "2" ], [ "0.18390", "570", "1" ], [ "0.18113", "160", "1" ], [ "0.17806", "210", "1" ], [ "0.17777", "1250", "2" ], [ "0.17164", "1790", "2" ], [ "0.16551", "2450", "2" ], [ "0.15938", "3180", "2" ], [ "0.15844", "660", "1" ], [ "0.15516", "1360", "1" ], [ "0.15085", "4040", "1" ], [ "0.14654", "6680", "1" ], [ "0.14223", "9160", "1" ], [ "0.13792", "11990", "1" ], [ "0.13361", "14670", "1" ] ],
      "asks" : [ [ "0.19985", "10", "1" ], [ "0.20002", "10", "1" ], [ "0.20054", "140", "1" ], [ "0.20056", "140", "1" ], [ "0.20058", "140", "1" ], [ "0.20060", "140", "1" ], [ "0.20190", "4530", "1" ], [ "0.20196", "490", "1" ], [ "0.20241", "7480", "1" ], [ "0.20320", "490", "1" ], [ "0.20966", "660", "1" ], [ "0.21183", "160", "1" ], [ "0.21490", "140", "1" ], [ "0.21539", "660", "1" ], [ "0.21797", "190", "1" ], [ "0.22068", "730", "1" ], [ "0.22104", "170", "1" ], [ "0.22411", "210", "1" ], [ "0.22681", "1320", "2" ], [ "0.23294", "1740", "3" ], [ "0.23907", "2480", "1" ], [ "0.24520", "3110", "1" ], [ "0.24546", "660", "1" ], [ "0.24567", "1550", "1" ], [ "0.24998", "3740", "1" ], [ "0.25429", "6380", "1" ], [ "0.25860", "9200", "1" ], [ "0.26291", "11640", "1" ], [ "0.26722", "14490", "1" ] ],
      "t" : 1756462821224
    } ],
    "instrument_name" : "USELESSUSD-PERP"
  }
}