{
  "id" : -1,
  "method" : "public/get-book",
  "code" : 0,
  "result" : {
    "depth" : 50,
    "data" : [ {
      "bids" : [ [ "0.198059", "1027", "1" ], [ "0.198058", "7582", "1" ], [ "0.195001", "1048", "1" ], [ "0.195000", "6214", "7" ], [ "0.194914", "894", "1" ], [ "0.194739", "1431", "2" ], [ "0.194000", "3000", "1" ], [ "0.193338", "2032", "2" ], [ "0.193157", "761", "1" ], [ "0.191937", "2032", "2" ], [ "0.190936", "894", "1" ], [ "0.190000", "48515", "3" ], [ "0.189916", "1041", "1" ], [ "0.188714", "1814", "2" ], [ "0.187512", "3073", "3" ], [ "0.181880", "65", "1" ], [ "0.179633", "60", "1" ], [ "0.170000", "182", "1" ], [ "0.158847", "625", "1" ], [ "0.156390", "3595", "1" ], [ "0.152380", "9776", "1" ], [ "0.150000", "160", "1" ], [ "0.148370", "9776", "1" ], [ "0.144360", "9776", "1" ], [ "0.140350", "31231", "1" ] ],
      "asks" : [ [ "0.203882", "1033", "1" ], [ "0.203917", "894", "1" ], [ "0.204546", "334", "1" ], [ "0.205947", "1996", "1" ], [ "0.207348", "3068", "1" ], [ "0.207915", "894", "1" ], [ "0.207946", "721", "1" ], [ "0.209148", "2043", "1" ], [ "0.210350", "3188", "1" ], [ "0.212921", "926", "3" ], [ "0.215029", "882", "4" ], [ "0.217137", "651", "3" ], [ "0.230000", "771", "1" ], [ "0.231500", "95", "1" ], [ "0.239499", "625", "1" ], [ "0.240000", "380", "2" ], [ "0.240600", "2165", "1" ], [ "0.244610", "6312", "2" ], [ "0.248620", "6312", "2" ], [ "0.252630", "5510", "2" ], [ "0.256640", "16817", "1" ], [ "0.280000", "2375", "1" ], [ "0.290000", "1960", "2" ], [ "0.292300", "941", "1" ], [ "0.300000", "770", "1" ], [ "0.301000", "1969", "1" ], [ "0.310500", "320", "1" ], [ "0.318817", "409", "1" ], [ "0.358800", "2339", "1" ], [ "0.369508", "3", "1" ], [ "0.372000", "360", "1" ], [ "0.379000", "9", "1" ], [ "0.380000", "1047", "2" ], [ "0.390000", "59", "1" ], [ "0.400000", "100", "1" ], [ "0.418000", "356", "1" ], [ "0.420000", "24", "1" ], [ "0.439220", "3", "1" ], [ "0.445056", "10000", "1" ], [ "0.450000", "11288", "1" ], [ "0.500000", "40", "1" ], [ "0.600000", "199388", "3" ], [ "0.750000", "23", "1" ], [ "0.960000", "23", "1" ], [ "1.000000", "609", "2" ], [ "2.000285", "47", "1" ], [ "2.065000", "29839", "2" ], [ "2.970000", "30000", "3" ] ],
      "t" : 1756462818260
    } ],
    "instrument_name" : "USELESS_USD"
  }
}