{
  "id" : -1,
  "method" : "public/get-book",
  "code" : 0,
  "result" : {
    "depth" : 50,
    "data" : [ {
      "bids" : [ [ "0.027572", "1297", "1" ], [ "0.027522", "4807", "2" ], [ "0.027521", "27108", "1" ], [ "0.027517", "23804", "1" ], [ "0.027405", "26922", "1" ], [ "0.027327", "30468", "1" ], [ "0.027202", "24843", "1" ], [ "0.027056", "17963", "1" ], [ "0.026999", "26448", "1" ], [ "0.026752", "46966", "1" ], [ "0.026449", "1641", "1" ], [ "0.026448", "79253", "2" ], [ "0.026144", "111971", "3" ], [ "0.025840", "142428", "3" ], [ "0.025536", "142428", "2" ], [ "0.025300", "10000", "1" ], [ "0.023300", "10000", "1" ], [ "0.022242", "4210", "1" ], [ "0.021830", "25235", "1" ], [ "0.021400", "140", "1" ], [ "0.021240", "62945", "1" ], [ "0.020650", "108341", "1" ], [ "0.020060", "209924", "1" ], [ "0.019470", "655456", "1" ] ],
      "asks" : [ [ "0.028226", "14274", "1" ], [ "0.028227", "7386", "1" ], [ "0.028234", "8036", "1" ], [ "0.028238", "29622", "1" ], [ "0.028393", "23804", "1" ], [ "0.028420", "23340", "1" ], [ "0.028582", "20836", "1" ], [ "0.028583", "30468", "1" ], [ "0.028623", "21670", "1" ], [ "0.028825", "27688", "1" ], [ "0.028826", "25738", "1" ], [ "0.028880", "13002", "1" ], [ "0.029184", "41344", "2" ], [ "0.029488", "41344", "2" ], [ "0.029792", "127557", "3" ], [ "0.030096", "127557", "1" ], [ "0.030400", "157363", "1" ], [ "0.033487", "4210", "1" ], [ "0.033630", "14964", "1" ], [ "0.034220", "42886", "2" ], [ "0.034810", "42886", "2" ], [ "0.035100", "8613", "1" ], [ "0.035400", "140627", "3" ], [ "0.035990", "401443", "4" ], [ "0.036500", "21205", "1" ], [ "0.037000", "4367", "1" ], [ "0.039000", "43", "1" ], [ "0.040000", "23426", "2" ], [ "0.045000", "14037", "1" ], [ "0.046000", "4348", "1" ], [ "0.050000", "200", "1" ], [ "0.061000", "299", "1" ], [ "0.070200", "8600", "1" ], [ "0.162285", "6", "1" ], [ "0.230000", "7575", "1" ], [ "0.233000", "28493", "1" ], [ "0.235000", "22105", "1" ], [ "0.240000", "22622", "1" ], [ "0.248000", "500", "1" ], [ "0.250000", "4286", "2" ], [ "0.280000", "7275", "1" ], [ "0.281945", "3", "1" ], [ "0.300000", "30", "1" ], [ "0.320204", "73", "1" ], [ "0.340000", "3000", "1" ], [ "0.347000", "5000", "1" ], [ "0.350000", "58", "1" ], [ "0.360000", "200", "1" ], [ "0.370000", "2000", "1" ], [ "0.371050", "934", "1" ] ],
      "t" : 1756462824194
    } ],
    "instrument_name" : "VANRY_USD"
  }
}