{
  "id" : -1,
  "method" : "public/get-book",
  "code" : 0,
  "result" : {
    "depth" : 50,
    "data" : [ {
      "bids" : [ [ "0.003940", "280", "1" ], [ "0.003936", "280", "1" ], [ "0.003932", "280", "1" ], [ "0.003928", "290", "1" ], [ "0.003927", "6090", "1" ], [ "0.003924", "290", "1" ], [ "0.003920", "290", "1" ], [ "0.003916", "290", "1" ], [ "0.003912", "290", "1" ], [ "0.003908", "11920", "2" ], [ "0.003905", "105630", "1" ], [ "0.003904", "167040", "3" ], [ "0.003896", "290", "1" ], [ "0.003888", "290", "1" ], [ "0.003883", "176150", "1" ], [ "0.003880", "290", "1" ], [ "0.003876", "304870", "1" ], [ "0.003872", "147110", "2" ], [ "0.003864", "290", "1" ], [ "0.003860", "225460", "1" ], [ "0.003842", "108980", "1" ], [ "0.003840", "188700", "1" ], [ "0.003809", "44740", "1" ], [ "0.003808", "488010", "2" ], [ "0.003774", "515870", "2" ], [ "0.003740", "906130", "2" ], [ "0.003706", "1116340", "2" ], [ "0.003672", "1116340", "1" ], [ "0.003500", "4000", "1" ], [ "0.003141", "31550", "1" ], [ "0.003081", "130670", "1" ], [ "0.003002", "476610", "2" ], [ "0.002923", "919750", "2" ], [ "0.002844", "784430", "1" ], [ "0.002765", "2599320", "1" ] ],
      "asks" : [ [ "0.003941", "6090", "1" ], [ "0.003952", "280", "1" ], [ "0.003956", "280", "1" ], [ "0.003959", "60970", "1" ], [ "0.003960", "280", "1" ], [ "0.003964", "280", "1" ], [ "0.003968", "280", "1" ], [ "0.003972", "280", "1" ], [ "0.003976", "280", "1" ], [ "0.003980", "25110", "2" ], [ "0.003981", "176150", "1" ], [ "0.003984", "280", "1" ], [ "0.003987", "304850", "1" ], [ "0.003988", "280", "1" ], [ "0.003992", "280", "1" ], [ "0.004000", "189840", "2" ], [ "0.004004", "225460", "1" ], [ "0.004008", "280", "1" ], [ "0.004012", "103550", "1" ], [ "0.004016", "280", "1" ], [ "0.004024", "280", "1" ], [ "0.004032", "193820", "2" ], [ "0.004046", "261650", "2" ], [ "0.004064", "175020", "1" ], [ "0.004080", "479470", "3" ], [ "0.004114", "479470", "2" ], [ "0.004148", "660560", "1" ], [ "0.004182", "829660", "1" ], [ "0.004250", "22250", "1" ], [ "0.004300", "50000", "1" ], [ "0.004400", "40000", "1" ], [ "0.004450", "50000", "1" ], [ "0.004500", "10000", "1" ], [ "0.004550", "50000", "1" ], [ "0.004600", "34770", "2" ], [ "0.004630", "16020", "1" ], [ "0.004700", "10500", "1" ], [ "0.004723", "31550", "1" ], [ "0.004740", "94600", "1" ], [ "0.004819", "327780", "2" ], [ "0.004898", "327780", "2" ], [ "0.004977", "327780", "1" ], [ "0.005056", "1467230", "2" ], [ "0.008975", "9370", "1" ], [ "0.009000", "2000", "1" ], [ "0.009205", "6250", "1" ], [ "0.010000", "26010", "2" ], [ "0.015000", "11740", "1" ], [ "0.021702", "7500", "1" ], [ "0.026000", "90", "1" ] ],
      "t" : 1756462756746
    } ],
    "instrument_name" : "VARA_USD"
  }
}