{
  "id" : -1,
  "method" : "public/get-book",
  "code" : 0,
  "result" : {
    "depth" : 50,
    "data" : [ {
      "bids" : [ [ "0.05002", "21553", "1" ], [ "0.05001", "13407", "1" ], [ "0.04998", "15321", "1" ], [ "0.04982", "30173", "2" ], [ "0.04977", "16482", "1" ], [ "0.04961", "1111", "1" ], [ "0.04960", "9029", "1" ], [ "0.04956", "14144", "1" ], [ "0.04929", "30399", "2" ], [ "0.04898", "52683", "3" ], [ "0.04867", "93911", "3" ], [ "0.04836", "73159", "1" ], [ "0.04805", "116328", "1" ], [ "0.04500", "445", "1" ], [ "0.04032", "2409", "1" ], [ "0.03990", "14564", "1" ], [ "0.03885", "37788", "2" ], [ "0.03780", "37788", "1" ], [ "0.03675", "108874", "2" ], [ "0.03570", "397081", "2" ] ],
      "asks" : [ [ "0.05077", "3375", "1" ], [ "0.05078", "6582", "1" ], [ "0.05079", "23645", "2" ], [ "0.05101", "13407", "1" ], [ "0.05103", "14123", "1" ], [ "0.05120", "17160", "1" ], [ "0.05123", "22875", "1" ], [ "0.05124", "14123", "1" ], [ "0.05145", "14123", "1" ], [ "0.05146", "10161", "1" ], [ "0.05177", "29763", "2" ], [ "0.05208", "29763", "2" ], [ "0.05239", "70684", "1" ], [ "0.05270", "106642", "1" ], [ "0.05301", "106642", "1" ], [ "0.06062", "2409", "1" ], [ "0.06090", "8174", "1" ], [ "0.06195", "25080", "3" ], [ "0.06300", "25080", "2" ], [ "0.06405", "70906", "3" ], [ "0.06510", "228014", "1" ], [ "0.07627", "175", "1" ], [ "0.08080", "25", "1" ], [ "0.08172", "162", "1" ], [ "0.08719", "151", "1" ], [ "0.09264", "142", "1" ], [ "0.09811", "133", "1" ], [ "0.10101", "25", "1" ], [ "0.10356", "126", "1" ], [ "0.10903", "119", "1" ], [ "0.10950", "24", "1" ], [ "0.11200", "179", "1" ], [ "0.11451", "113", "1" ], [ "0.17928", "40", "1" ], [ "0.18750", "1", "1" ], [ "0.18828", "80", "1" ], [ "0.19280", "100", "1" ], [ "0.19980", "100", "1" ], [ "0.20000", "2", "1" ], [ "0.20910", "100", "1" ], [ "0.21230", "11", "1" ], [ "0.21510", "100", "1" ], [ "0.25000", "298", "1" ], [ "0.29457", "3", "1" ], [ "0.30000", "3", "1" ], [ "0.33000", "76708", "2" ], [ "0.33800", "155", "1" ], [ "0.37490", "1141", "1" ], [ "0.39120", "2283", "1" ], [ "0.39900", "1403", "1" ] ],
      "t" : 1756462776819
    } ],
    "instrument_name" : "VELODROME_USD"
  }
}