{
  "id" : -1,
  "method" : "public/get-book",
  "code" : 0,
  "result" : {
    "depth" : 50,
    "data" : [ {
      "bids" : [ [ "0.0143318", "48900", "1" ], [ "0.0143317", "14160", "1" ], [ "0.0143312", "47190", "1" ], [ "0.0143154", "60420", "1" ], [ "0.0143136", "42650", "1" ], [ "0.0142922", "35750", "1" ], [ "0.0142912", "58200", "1" ], [ "0.0142688", "64500", "1" ], [ "0.0142683", "110080", "2" ], [ "0.0142444", "110080", "1" ], [ "0.0142206", "23320", "1" ], [ "0.0142205", "322610", "2" ], [ "0.0141966", "322610", "1" ], [ "0.0141727", "393990", "1" ], [ "0.0141247", "708170", "1" ], [ "0.0140000", "7690", "4" ], [ "0.0138253", "80", "1" ], [ "0.0138000", "200", "1" ], [ "0.0137747", "1490", "1" ], [ "0.0134376", "610", "1" ], [ "0.0134375", "380", "1" ], [ "0.0134373", "1530", "1" ], [ "0.0131082", "1570", "1" ], [ "0.0128000", "10000", "1" ], [ "0.0127872", "1610", "1" ], [ "0.0125000", "6000", "1" ], [ "0.0124740", "1650", "1" ], [ "0.0123160", "10000", "1" ], [ "0.0120000", "17000", "2" ], [ "0.0115000", "2000", "1" ], [ "0.0114803", "8460", "1" ], [ "0.0113506", "37560", "1" ], [ "0.0110519", "139620", "2" ], [ "0.0107532", "139620", "1" ], [ "0.0107000", "50000", "1" ], [ "0.0104545", "601340", "2" ], [ "0.0101558", "2381100", "2" ], [ "0.0100000", "8300", "2" ], [ "0.0095000", "10000", "1" ], [ "0.0070000", "10710", "1" ], [ "0.0060000", "334330", "2" ], [ "0.0041000", "30000", "1" ] ],
      "asks" : [ [ "0.0144165", "63360", "1" ], [ "0.0144166", "47190", "1" ], [ "0.0144256", "45780", "1" ], [ "0.0144323", "18130", "1" ], [ "0.0144324", "60420", "1" ], [ "0.0144356", "38830", "1" ], [ "0.0144480", "62580", "1" ], [ "0.0144595", "112360", "2" ], [ "0.0144704", "62580", "1" ], [ "0.0144834", "112360", "1" ], [ "0.0145073", "181230", "1" ], [ "0.0145312", "243290", "1" ], [ "0.0145551", "383770", "1" ], [ "0.0146161", "1450", "1" ], [ "0.0146426", "708170", "1" ], [ "0.0149830", "1410", "1" ], [ "0.0153593", "1380", "1" ], [ "0.0157449", "1340", "1" ], [ "0.0161402", "70", "1" ], [ "0.0165454", "1280", "1" ], [ "0.0169608", "1250", "1" ], [ "0.0170000", "19630", "2" ], [ "0.0172271", "8460", "1" ], [ "0.0173246", "32600", "1" ], [ "0.0173867", "600", "1" ], [ "0.0176233", "77710", "2" ], [ "0.0178232", "1190", "1" ], [ "0.0179220", "139710", "3" ], [ "0.0180001", "2020", "1" ], [ "0.0182207", "481700", "4" ], [ "0.0182706", "1150", "1" ], [ "0.0185194", "1242520", "1" ], [ "0.0187294", "1130", "1" ], [ "0.0191995", "1110", "1" ], [ "0.0192000", "18930", "1" ], [ "0.0195000", "1000", "1" ], [ "0.0195630", "29920", "1" ], [ "0.0196816", "1080", "1" ], [ "0.0201757", "1040", "1" ], [ "0.0206823", "1030", "1" ], [ "0.0207328", "100000", "1" ], [ "0.0210000", "526100", "11" ], [ "0.0212016", "1000", "1" ], [ "0.0217340", "960", "1" ], [ "0.0220000", "457040", "12" ], [ "0.0230000", "434700", "10" ], [ "0.0240000", "416600", "10" ], [ "0.0245627", "3420", "1" ], [ "0.0250000", "467950", "4" ], [ "0.0252000", "340", "1" ] ],
      "t" : 1756462819687
    } ],
    "instrument_name" : "VELO_USD"
  }
}