{
  "id" : -1,
  "method" : "public/get-book",
  "code" : 0,
  "result" : {
    "depth" : 50,
    "data" : [ {
      "bids" : [ [ "0.024568", "50", "1" ], [ "0.024525", "490", "1" ], [ "0.024524", "3320", "1" ], [ "0.024521", "154940", "1" ], [ "0.024520", "27900", "1" ], [ "0.024507", "56700", "1" ], [ "0.024488", "41620", "1" ], [ "0.024486", "56700", "1" ], [ "0.024472", "36950", "1" ], [ "0.024465", "56700", "1" ], [ "0.024435", "55430", "1" ], [ "0.024434", "72730", "2" ], [ "0.024396", "72730", "2" ], [ "0.024393", "50", "1" ], [ "0.024359", "14880", "1" ], [ "0.024358", "145870", "2" ], [ "0.024321", "53050", "1" ], [ "0.024320", "145870", "1" ], [ "0.024282", "175700", "1" ], [ "0.024131", "7937010", "1" ], [ "0.024088", "200", "1" ], [ "0.024084", "1880", "1" ], [ "0.024057", "83120", "1" ], [ "0.024010", "8320", "1" ], [ "0.023872", "1740", "1" ], [ "0.023761", "1910", "1" ], [ "0.023648", "790", "1" ], [ "0.023550", "14100", "1" ], [ "0.023438", "1930", "1" ], [ "0.023390", "1780", "1" ], [ "0.023200", "1610", "1" ], [ "0.023040", "810", "1" ], [ "0.023000", "170", "1" ], [ "0.022715", "740", "1" ], [ "0.022680", "268200", "1" ], [ "0.022500", "19960", "1" ], [ "0.022433", "830", "1" ], [ "0.022371", "750", "1" ], [ "0.022290", "298060", "1" ], [ "0.022206", "1680", "1" ], [ "0.022200", "4500", "1" ], [ "0.022000", "20250", "4" ], [ "0.021924", "50", "1" ], [ "0.021825", "860", "1" ], [ "0.021680", "289210", "1" ], [ "0.021500", "5000", "1" ], [ "0.021256", "50", "1" ], [ "0.021216", "880", "1" ], [ "0.021100", "19900", "1" ], [ "0.021000", "7890", "3" ] ],
      "asks" : [ [ "0.024569", "50", "1" ], [ "0.024619", "490", "1" ], [ "0.024620", "154940", "1" ], [ "0.024621", "28740", "1" ], [ "0.024624", "50710", "1" ], [ "0.024627", "27900", "1" ], [ "0.024632", "9500", "1" ], [ "0.024633", "43710", "1" ], [ "0.024653", "3760", "1" ], [ "0.024654", "68630", "1" ], [ "0.024659", "41620", "1" ], [ "0.024662", "46760", "1" ], [ "0.024675", "68630", "1" ], [ "0.024700", "46760", "1" ], [ "0.024729", "1860", "1" ], [ "0.024738", "145460", "2" ], [ "0.024776", "145460", "1" ], [ "0.024814", "179650", "1" ], [ "0.024837", "1710", "1" ], [ "0.024852", "206470", "1" ], [ "0.024865", "770", "1" ], [ "0.025017", "7937010", "1" ], [ "0.025052", "1830", "1" ], [ "0.025191", "1530", "1" ], [ "0.025319", "1710", "1" ], [ "0.025375", "1810", "1" ], [ "0.025472", "750", "1" ], [ "0.025698", "1790", "1" ], [ "0.025801", "1710", "1" ], [ "0.026027", "1760", "1" ], [ "0.026081", "730", "1" ], [ "0.026189", "1470", "1" ], [ "0.026286", "1710", "1" ], [ "0.026349", "1740", "1" ], [ "0.026672", "1720", "1" ], [ "0.026689", "720", "1" ], [ "0.026995", "1700", "1" ], [ "0.027000", "110", "1" ], [ "0.027296", "690", "1" ], [ "0.027316", "600", "1" ], [ "0.027329", "640", "1" ], [ "0.027350", "40", "1" ], [ "0.027500", "22000", "1" ], [ "0.027800", "40", "1" ], [ "0.027904", "680", "1" ], [ "0.028000", "1000", "1" ], [ "0.028513", "660", "1" ], [ "0.029000", "780", "1" ], [ "0.029121", "660", "1" ], [ "0.029442", "4990", "1" ] ],
      "t" : 1756462842525
    } ],
    "instrument_name" : "VET_USD"
  }
}