{
  "id" : -1,
  "method" : "public/get-book",
  "code" : 0,
  "result" : {
    "depth" : 50,
    "data" : [ {
      "bids" : [ [ "0.024564", "50", "1" ], [ "0.024528", "10000", "1" ], [ "0.024521", "40340", "1" ], [ "0.024520", "27900", "1" ], [ "0.024511", "40840", "1" ], [ "0.024510", "10000", "1" ], [ "0.024507", "45300", "1" ], [ "0.024488", "41620", "1" ], [ "0.024486", "45300", "1" ], [ "0.024480", "58270", "1" ], [ "0.024465", "45300", "1" ], [ "0.024444", "58270", "1" ], [ "0.024409", "4450", "1" ], [ "0.024408", "113960", "2" ], [ "0.024372", "113960", "1" ], [ "0.024336", "142170", "1" ], [ "0.024300", "173860", "1" ], [ "0.024240", "2750", "1" ], [ "0.024122", "7937010", "1" ], [ "0.024000", "120", "1" ], [ "0.023990", "2770", "1" ], [ "0.023760", "120", "1" ], [ "0.023741", "2800", "1" ], [ "0.023710", "140", "1" ], [ "0.023520", "120", "1" ], [ "0.023491", "2830", "1" ], [ "0.023410", "140", "1" ], [ "0.023400", "140", "1" ], [ "0.023290", "120", "1" ], [ "0.023241", "2860", "1" ], [ "0.023100", "140", "1" ], [ "0.023081", "150", "1" ], [ "0.023050", "120", "1" ], [ "0.022945", "2900", "1" ], [ "0.022820", "120", "1" ], [ "0.022790", "140", "1" ], [ "0.022750", "160", "1" ], [ "0.022741", "2930", "1" ], [ "0.022590", "120", "1" ], [ "0.022500", "150", "1" ], [ "0.022492", "2960", "1" ], [ "0.022440", "160", "1" ], [ "0.022370", "120", "1" ], [ "0.022242", "2990", "1" ], [ "0.022210", "150", "1" ], [ "0.022150", "120", "1" ], [ "0.022120", "160", "1" ], [ "0.021992", "20", "1" ], [ "0.021920", "280", "2" ], [ "0.021890", "180", "1" ] ],
      "asks" : [ [ "0.024566", "50", "1" ], [ "0.024572", "10000", "1" ], [ "0.024590", "10000", "1" ], [ "0.024599", "81180", "2" ], [ "0.024602", "33830", "1" ], [ "0.024620", "27900", "1" ], [ "0.024632", "16070", "1" ], [ "0.024633", "60210", "1" ], [ "0.024652", "41620", "1" ], [ "0.024654", "60210", "1" ], [ "0.024660", "52280", "1" ], [ "0.024675", "60210", "1" ], [ "0.024696", "89510", "2" ], [ "0.024732", "89510", "1" ], [ "0.024740", "2720", "1" ], [ "0.024768", "117170", "1" ], [ "0.024804", "186370", "1" ], [ "0.024840", "186370", "1" ], [ "0.024989", "2680", "1" ], [ "0.025008", "7937010", "1" ], [ "0.025239", "2660", "1" ], [ "0.025489", "2640", "1" ], [ "0.025739", "2600", "1" ], [ "0.025854", "120", "1" ], [ "0.025989", "2590", "1" ], [ "0.026034", "520", "1" ], [ "0.026123", "110", "1" ], [ "0.026238", "2550", "1" ], [ "0.026302", "150", "1" ], [ "0.026382", "110", "1" ], [ "0.026488", "2530", "1" ], [ "0.026651", "110", "1" ], [ "0.026652", "140", "1" ], [ "0.026738", "2510", "1" ], [ "0.026920", "110", "1" ], [ "0.026988", "2490", "1" ], [ "0.027003", "140", "1" ], [ "0.027189", "110", "1" ], [ "0.027207", "160", "1" ], [ "0.027237", "2860", "1" ], [ "0.027353", "130", "1" ], [ "0.027420", "140", "1" ], [ "0.027469", "100", "1" ], [ "0.027487", "2860", "1" ], [ "0.027612", "150", "1" ], [ "0.027714", "130", "1" ], [ "0.027737", "2860", "1" ], [ "0.027738", "100", "1" ], [ "0.027812", "140", "1" ], [ "0.027987", "2860", "1" ] ],
      "t" : 1756462847845
    } ],
    "instrument_name" : "VET_USDT"
  }
}