{
  "id" : -1,
  "method" : "public/get-book",
  "code" : 0,
  "result" : {
    "depth" : 50,
    "data" : [ {
      "bids" : [ [ "0.0000002228", "18860", "2" ], [ "0.0000002227", "10000", "1" ], [ "0.0000002225", "37900", "2" ], [ "0.0000002221", "36130", "1" ], [ "0.0000002220", "43160", "1" ], [ "0.0000002215", "64210", "1" ], [ "0.0000002212", "40", "1" ], [ "0.0000002210", "72200", "1" ], [ "0.0000002044", "27740", "1" ], [ "0.0000002043", "41620", "1" ], [ "0.0000002037", "103500", "1" ], [ "0.0000002030", "128730", "1" ], [ "0.0000002023", "111660", "1" ], [ "0.0000002016", "93910", "1" ], [ "0.0000002009", "127300", "1" ], [ "0.0000002002", "108280", "1" ], [ "0.0000001950", "2000", "1" ], [ "0.0000001925", "10000", "1" ], [ "0.0000001866", "80", "1" ], [ "0.0000001850", "50", "1" ], [ "0.0000001800", "140", "2" ], [ "0.0000001785", "5000", "1" ], [ "0.0000001755", "26940", "1" ], [ "0.0000001750", "1000", "1" ], [ "0.0000001725", "1000", "1" ], [ "0.0000001710", "82050", "1" ], [ "0.0000001700", "10000", "1" ], [ "0.0000001665", "128080", "1" ], [ "0.0000001620", "681630", "1" ], [ "0.0000001575", "1878960", "1" ] ],
      "asks" : [ [ "0.0000002240", "61230", "2" ], [ "0.0000002241", "19900", "2" ], [ "0.0000002243", "10000", "1" ], [ "0.0000002245", "37900", "2" ], [ "0.0000002248", "41620", "1" ], [ "0.0000002250", "55180", "1" ], [ "0.0000002254", "107750", "1" ], [ "0.0000002255", "58770", "1" ], [ "0.0000002260", "58770", "1" ], [ "0.0000002261", "114230", "1" ], [ "0.0000002268", "96370", "1" ], [ "0.0000002269", "3070", "1" ], [ "0.0000002270", "3070", "1" ], [ "0.0000002271", "320", "2" ], [ "0.0000002272", "3070", "1" ], [ "0.0000002275", "124210", "1" ], [ "0.0000002282", "112770", "1" ], [ "0.0000002289", "103480", "1" ], [ "0.0000002410", "290", "1" ], [ "0.0000002430", "290", "1" ], [ "0.0000002681", "5000", "1" ], [ "0.0000002700", "13690", "1" ], [ "0.0000002745", "49470", "2" ], [ "0.0000002790", "49470", "2" ], [ "0.0000002835", "314450", "2" ], [ "0.0000002880", "1071900", "3" ], [ "0.0000003300", "2330", "1" ], [ "0.0000006600", "10000", "1" ], [ "0.0000006847", "2220", "1" ], [ "0.0000007400", "23670", "1" ], [ "0.0000007806", "290", "1" ], [ "0.0000008000", "8250", "2" ], [ "0.0000008351", "270", "1" ], [ "0.0000008777", "150", "1" ], [ "0.0000008935", "260", "1" ], [ "0.0000009000", "2010", "1" ], [ "0.0000009100", "21520", "1" ], [ "0.0000009277", "100", "1" ], [ "0.0000009559", "260", "1" ], [ "0.0000010226", "260", "1" ], [ "0.0000010600", "50000", "1" ], [ "0.0000010945", "260", "1" ], [ "0.0000012500", "100000", "1" ], [ "0.0000013000", "2680", "1" ], [ "0.0000013600", "36880", "1" ], [ "0.0000015000", "50000", "1" ], [ "0.0000015800", "255020", "1" ], [ "0.0000016294", "1000", "1" ], [ "0.0000017390", "25000", "1" ], [ "0.0000019030", "5000", "1" ] ],
      "t" : 1756462788035
    } ],
    "instrument_name" : "VET_BTC"
  }
}