{
  "id" : -1,
  "method" : "public/get-book",
  "code" : 0,
  "result" : {
    "depth" : 50,
    "data" : [ {
      "bids" : [ [ "0.024545", "10", "1" ], [ "0.024528", "8150", "1" ], [ "0.024507", "10", "1" ], [ "0.024486", "61130", "1" ], [ "0.024485", "105510", "1" ], [ "0.024480", "71360", "1" ], [ "0.024470", "72720", "1" ], [ "0.024460", "2040", "1" ], [ "0.024455", "2040", "1" ], [ "0.024450", "2040", "1" ], [ "0.024447", "27440", "1" ], [ "0.024445", "2040", "1" ], [ "0.024440", "26430", "1" ], [ "0.024414", "25590", "1" ], [ "0.024388", "27800", "1" ], [ "0.024380", "39280", "1" ], [ "0.024362", "35990", "2" ], [ "0.024336", "34070", "2" ], [ "0.024334", "41890", "1" ], [ "0.024288", "77050", "2" ], [ "0.024242", "110770", "1" ], [ "0.024196", "153930", "1" ], [ "0.024150", "189960", "1" ], [ "0.024000", "200000", "1" ], [ "0.020000", "2500", "1" ], [ "0.019616", "19640", "1" ], [ "0.019114", "18840", "1" ], [ "0.018611", "57220", "1" ], [ "0.018108", "96940", "1" ], [ "0.017605", "139540", "1" ], [ "0.017102", "175920", "1" ], [ "0.016599", "214470", "1" ] ],
      "asks" : [ [ "0.024546", "10", "1" ], [ "0.024570", "8140", "1" ], [ "0.024589", "61130", "1" ], [ "0.024590", "72720", "1" ], [ "0.024594", "51600", "1" ], [ "0.024612", "71360", "1" ], [ "0.024620", "2030", "1" ], [ "0.024625", "2030", "1" ], [ "0.024630", "2030", "1" ], [ "0.024635", "2020", "1" ], [ "0.024638", "27440", "1" ], [ "0.024648", "23700", "1" ], [ "0.024674", "27000", "1" ], [ "0.024700", "31950", "1" ], [ "0.024715", "39280", "1" ], [ "0.024726", "37290", "2" ], [ "0.024748", "39670", "1" ], [ "0.024752", "35280", "2" ], [ "0.024794", "82010", "1" ], [ "0.024840", "112110", "1" ], [ "0.024886", "149660", "1" ], [ "0.024932", "197620", "1" ], [ "0.029436", "19640", "1" ], [ "0.029677", "22380", "1" ], [ "0.030180", "60350", "2" ], [ "0.030683", "101240", "3" ], [ "0.031186", "134490", "3" ], [ "0.031689", "174230", "3" ], [ "0.032192", "215850", "1" ] ],
      "t" : 1756462851553
    } ],
    "instrument_name" : "VETUSD-PERP"
  }
}