{
  "id" : -1,
  "method" : "public/get-book",
  "code" : 0,
  "result" : {
    "depth" : 50,
    "data" : [ {
      "bids" : [ [ "0.07149", "196", "1" ], [ "0.07148", "4184", "1" ], [ "0.07147", "6973", "1" ], [ "0.07142", "1000", "1" ], [ "0.07141", "5184", "2" ], [ "0.07140", "6973", "1" ], [ "0.07135", "9675", "1" ], [ "0.07134", "6973", "1" ], [ "0.07133", "4184", "1" ], [ "0.07128", "18063", "2" ], [ "0.07124", "12417", "1" ], [ "0.07121", "4184", "1" ], [ "0.07116", "8905", "1" ], [ "0.07111", "12909", "2" ], [ "0.07110", "7571", "1" ], [ "0.07109", "4184", "1" ], [ "0.07105", "10631", "1" ], [ "0.07104", "8905", "1" ], [ "0.07098", "4184", "1" ], [ "0.07095", "23140", "2" ], [ "0.07087", "3563", "1" ], [ "0.07086", "4184", "1" ], [ "0.07080", "23140", "1" ], [ "0.07074", "5395", "2" ], [ "0.07065", "38013", "1" ], [ "0.07050", "50772", "1" ], [ "0.07035", "81029", "1" ], [ "0.07006", "296", "1" ], [ "0.07005", "713", "1" ], [ "0.07000", "152", "2" ], [ "0.06961", "296", "1" ], [ "0.06948", "27529", "1" ], [ "0.06888", "1415", "1" ], [ "0.06887", "1440", "2" ], [ "0.06850", "729", "1" ], [ "0.06840", "852", "1" ], [ "0.06750", "157", "2" ], [ "0.06702", "6173", "1" ], [ "0.06700", "1279", "1" ], [ "0.06698", "201", "1" ], [ "0.06697", "5102", "1" ], [ "0.06694", "746", "1" ], [ "0.06539", "764", "1" ], [ "0.06511", "1523", "2" ], [ "0.06500", "163", "2" ], [ "0.06385", "783", "1" ], [ "0.06325", "1355", "1" ], [ "0.06322", "213", "1" ], [ "0.06286", "9919", "1" ], [ "0.06285", "34856", "1" ] ],
      "asks" : [ [ "0.07175", "1962", "2" ], [ "0.07176", "6973", "1" ], [ "0.07177", "4184", "1" ], [ "0.07180", "9675", "1" ], [ "0.07183", "6973", "1" ], [ "0.07184", "4184", "1" ], [ "0.07188", "8434", "1" ], [ "0.07189", "12417", "1" ], [ "0.07191", "4184", "1" ], [ "0.07195", "6973", "1" ], [ "0.07198", "4184", "1" ], [ "0.07200", "18550", "2" ], [ "0.07205", "4184", "1" ], [ "0.07212", "10290", "1" ], [ "0.07214", "4184", "1" ], [ "0.07215", "23013", "2" ], [ "0.07226", "4184", "1" ], [ "0.07230", "23013", "2" ], [ "0.07238", "4184", "1" ], [ "0.07245", "52337", "3" ], [ "0.07260", "79964", "1" ], [ "0.07263", "85", "1" ], [ "0.07275", "79964", "1" ], [ "0.07306", "293", "1" ], [ "0.07315", "698", "1" ], [ "0.07327", "467", "1" ], [ "0.07343", "2565", "3" ], [ "0.07415", "577", "1" ], [ "0.07416", "3231", "4" ], [ "0.07424", "272", "1" ], [ "0.07439", "272", "1" ], [ "0.07452", "1364", "2" ], [ "0.07470", "683", "1" ], [ "0.07487", "571", "1" ], [ "0.07488", "2823", "3" ], [ "0.07499", "146", "2" ], [ "0.07552", "874", "1" ], [ "0.07580", "371", "1" ], [ "0.07632", "672", "1" ], [ "0.07641", "1150", "1" ], [ "0.07670", "310", "1" ], [ "0.07749", "140", "2" ], [ "0.07800", "2291", "1" ], [ "0.07819", "310", "1" ], [ "0.07939", "371", "1" ], [ "0.07975", "785", "1" ], [ "0.07999", "137", "2" ], [ "0.08248", "57", "1" ], [ "0.08250", "96", "1" ], [ "0.08283", "5331", "1" ] ],
      "t" : 1756462851961
    } ],
    "instrument_name" : "VINE_USD"
  }
}