{
  "id" : -1,
  "method" : "public/get-book",
  "code" : 0,
  "result" : {
    "depth" : 50,
    "data" : [ {
      "bids" : [ [ "0.07148", "10", "1" ], [ "0.07146", "6980", "1" ], [ "0.07145", "10", "1" ], [ "0.07141", "700", "1" ], [ "0.07140", "7680", "2" ], [ "0.07139", "700", "1" ], [ "0.07138", "690", "1" ], [ "0.07134", "6980", "1" ], [ "0.07126", "6980", "1" ], [ "0.07120", "6980", "1" ], [ "0.07118", "1750", "1" ], [ "0.07116", "1750", "1" ], [ "0.07114", "1750", "1" ], [ "0.07112", "1750", "1" ], [ "0.07104", "2110", "1" ], [ "0.07100", "2110", "1" ], [ "0.07096", "2110", "1" ], [ "0.07092", "11390", "2" ], [ "0.07088", "2110", "1" ], [ "0.07084", "12380", "2" ], [ "0.07062", "21370", "1" ], [ "0.07040", "35900", "1" ], [ "0.07039", "9280", "1" ], [ "0.07029", "3900", "2" ], [ "0.07018", "48840", "2" ], [ "0.07007", "4870", "3" ], [ "0.06996", "60680", "2" ], [ "0.06985", "4730", "1" ], [ "0.05708", "6890", "1" ], [ "0.05694", "7260", "1" ], [ "0.05548", "21560", "2" ], [ "0.05402", "35020", "2" ], [ "0.05256", "48550", "2" ], [ "0.05110", "63350", "2" ], [ "0.04964", "76440", "2" ] ],
      "asks" : [ [ "0.07149", "10", "1" ], [ "0.07150", "10", "1" ], [ "0.07154", "1390", "1" ], [ "0.07163", "6980", "1" ], [ "0.07166", "7460", "1" ], [ "0.07167", "690", "1" ], [ "0.07168", "690", "1" ], [ "0.07169", "7670", "2" ], [ "0.07171", "12930", "2" ], [ "0.07181", "6980", "1" ], [ "0.07182", "9280", "1" ], [ "0.07183", "2910", "1" ], [ "0.07193", "6980", "1" ], [ "0.07194", "5880", "2" ], [ "0.07196", "1730", "1" ], [ "0.07198", "1730", "1" ], [ "0.07200", "1730", "1" ], [ "0.07205", "4180", "2" ], [ "0.07208", "2080", "1" ], [ "0.07212", "2070", "1" ], [ "0.07216", "6990", "3" ], [ "0.07220", "2070", "1" ], [ "0.07224", "2070", "1" ], [ "0.07227", "4900", "2" ], [ "0.07228", "2070", "1" ], [ "0.07249", "9280", "1" ], [ "0.07260", "10940", "1" ], [ "0.07282", "23390", "2" ], [ "0.07304", "33080", "3" ], [ "0.07326", "44450", "4" ], [ "0.07348", "55590", "5" ], [ "0.08572", "6890", "1" ], [ "0.08614", "6110", "1" ], [ "0.08760", "20530", "2" ], [ "0.08906", "33320", "3" ], [ "0.09052", "47180", "4" ], [ "0.09198", "62580", "4" ], [ "0.09344", "75160", "2" ] ],
      "t" : 1756462859157
    } ],
    "instrument_name" : "VINEUSD-PERP"
  }
}