{
  "id" : -1,
  "method" : "public/get-book",
  "code" : 0,
  "result" : {
    "depth" : 50,
    "data" : [ {
      "bids" : [ [ "0.03006", "8445", "1" ], [ "0.03003", "14576", "1" ], [ "0.03000", "45827", "2" ], [ "0.02997", "18827", "1" ], [ "0.02996", "1445", "1" ], [ "0.02995", "47866", "1" ], [ "0.02994", "10132", "1" ], [ "0.02991", "14576", "1" ], [ "0.02990", "49649", "1" ], [ "0.02988", "16932", "2" ], [ "0.02985", "62442", "2" ], [ "0.02982", "13517", "1" ], [ "0.02980", "47866", "1" ], [ "0.02979", "18827", "1" ], [ "0.02976", "18827", "1" ], [ "0.02975", "49649", "1" ], [ "0.02973", "16216", "1" ], [ "0.02970", "55332", "2" ], [ "0.02967", "16932", "1" ], [ "0.02965", "54277", "1" ], [ "0.02964", "16992", "1" ], [ "0.02961", "14576", "1" ], [ "0.02960", "56352", "2" ], [ "0.02955", "47866", "1" ], [ "0.02950", "47866", "1" ], [ "0.02945", "49649", "1" ], [ "0.02940", "56352", "2" ], [ "0.02937", "50311", "1" ], [ "0.02935", "47866", "1" ], [ "0.02930", "169995", "2" ], [ "0.02925", "54488", "2" ], [ "0.02920", "122129", "1" ], [ "0.02910", "122129", "1" ], [ "0.02900", "123198", "3" ], [ "0.02890", "122129", "1" ], [ "0.02880", "122129", "1" ], [ "0.02870", "122129", "1" ], [ "0.02860", "122129", "1" ], [ "0.02850", "122129", "1" ], [ "0.02840", "122129", "2" ], [ "0.02830", "96587", "1" ], [ "0.02820", "96587", "1" ], [ "0.02810", "96587", "1" ], [ "0.02800", "96587", "1" ], [ "0.02793", "23236", "1" ], [ "0.02790", "96587", "1" ], [ "0.02784", "26620", "1" ], [ "0.02774", "23236", "1" ], [ "0.02771", "26620", "1" ], [ "0.02755", "26120", "1" ] ],
      "asks" : [ [ "0.03016", "8571", "1" ], [ "0.03018", "21356", "2" ], [ "0.03021", "14932", "1" ], [ "0.03024", "16858", "1" ], [ "0.03026", "2769", "1" ], [ "0.03027", "17998", "1" ], [ "0.03030", "17228", "1" ], [ "0.03033", "19137", "1" ], [ "0.03036", "16265", "1" ], [ "0.03039", "17114", "1" ], [ "0.03042", "16940", "1" ], [ "0.03045", "16616", "1" ], [ "0.03048", "15517", "1" ], [ "0.03051", "17114", "1" ], [ "0.03053", "32310", "1" ], [ "0.03054", "16940", "1" ], [ "0.03055", "44762", "1" ], [ "0.03057", "16616", "1" ], [ "0.03060", "69644", "2" ], [ "0.03065", "60211", "1" ], [ "0.03068", "50311", "1" ], [ "0.03070", "161287", "2" ], [ "0.03075", "44911", "1" ], [ "0.03080", "177360", "2" ], [ "0.03085", "42681", "1" ], [ "0.03090", "169587", "2" ], [ "0.03095", "42681", "1" ], [ "0.03100", "152681", "2" ], [ "0.03105", "53449", "1" ], [ "0.03109", "23236", "1" ], [ "0.03110", "146803", "2" ], [ "0.03115", "45672", "1" ], [ "0.03116", "20032", "1" ], [ "0.03118", "26620", "1" ], [ "0.03120", "157631", "2" ], [ "0.03125", "45672", "1" ], [ "0.03128", "25132", "1" ], [ "0.03130", "110585", "1" ], [ "0.03135", "46634", "1" ], [ "0.03140", "93756", "1" ], [ "0.03145", "55693", "1" ], [ "0.03150", "109761", "1" ], [ "0.03154", "74004", "1" ], [ "0.03156", "49312", "1" ], [ "0.03160", "133011", "1" ], [ "0.03162", "93837", "1" ], [ "0.03170", "120674", "1" ], [ "0.03180", "127236", "1" ], [ "0.03190", "130771", "1" ], [ "0.03200", "123494", "1" ] ],
      "t" : 1756462874039
    } ],
    "instrument_name" : "VNO_USD"
  }
}