{
  "id" : -1,
  "method" : "public/get-book",
  "code" : 0,
  "result" : {
    "depth" : 50,
    "data" : [ {
      "bids" : [ [ "0.05577", "1459", "1" ], [ "0.05554", "1783", "1" ], [ "0.05553", "4427", "1" ], [ "0.05552", "14758", "1" ], [ "0.05551", "11922", "1" ], [ "0.05544", "11723", "1" ], [ "0.05532", "15338", "1" ], [ "0.05523", "12697", "1" ], [ "0.05518", "6084", "1" ], [ "0.05502", "13248", "1" ], [ "0.05487", "15154", "2" ], [ "0.05456", "26979", "3" ], [ "0.05425", "26979", "2" ], [ "0.05395", "333", "1" ], [ "0.05394", "47307", "2" ], [ "0.05364", "588", "2" ], [ "0.05363", "36785", "2" ], [ "0.04480", "2134", "1" ], [ "0.04366", "9901", "1" ], [ "0.04248", "40777", "1" ], [ "0.04130", "40777", "1" ], [ "0.04012", "40777", "1" ], [ "0.03894", "116513", "1" ] ],
      "asks" : [ [ "0.05632", "2585", "1" ], [ "0.05633", "7510", "1" ], [ "0.05640", "3577", "1" ], [ "0.05641", "11922", "1" ], [ "0.05649", "11454", "1" ], [ "0.05660", "15338", "1" ], [ "0.05669", "24494", "1" ], [ "0.05670", "11454", "1" ], [ "0.05673", "4087", "1" ], [ "0.05691", "12023", "1" ], [ "0.05703", "217", "1" ], [ "0.05704", "15313", "2" ], [ "0.05723", "466", "1" ], [ "0.05735", "33767", "2" ], [ "0.05765", "211", "1" ], [ "0.05766", "33767", "1" ], [ "0.05788", "466", "1" ], [ "0.05797", "54729", "1" ], [ "0.05828", "54729", "1" ], [ "0.05970", "2570", "1" ], [ "0.06019", "353", "1" ], [ "0.06135", "517", "1" ], [ "0.06204", "2747", "1" ], [ "0.06205", "517", "1" ], [ "0.06734", "2134", "1" ], [ "0.06844", "5755", "1" ], [ "0.06962", "21363", "2" ], [ "0.07080", "21363", "2" ], [ "0.07198", "21363", "2" ], [ "0.07316", "62092", "1" ], [ "0.09613", "38", "1" ], [ "0.10000", "1032", "2" ], [ "0.11999", "129", "1" ], [ "0.12000", "14025", "3" ], [ "0.17000", "169", "1" ], [ "0.21400", "47", "1" ], [ "0.24500", "41", "1" ], [ "0.27500", "37", "1" ], [ "0.28000", "3000", "1" ], [ "0.28900", "35", "1" ], [ "0.29900", "48", "1" ], [ "0.54020", "100", "1" ], [ "0.55000", "476", "1" ], [ "0.90000", "50", "1" ] ],
      "t" : 1756462877340
    } ],
    "instrument_name" : "VOXEL_USD"
  }
}