{
  "id" : -1,
  "method" : "public/get-book",
  "code" : 0,
  "result" : {
    "depth" : 50,
    "data" : [ {
      "bids" : [ [ "0.05594", "1489", "1" ], [ "0.05564", "2695", "1" ], [ "0.05563", "1312", "1" ], [ "0.05558", "8490", "1" ], [ "0.05552", "3577", "1" ], [ "0.05551", "11922", "1" ], [ "0.05541", "11084", "1" ], [ "0.05540", "10975", "1" ], [ "0.05532", "15338", "1" ], [ "0.05520", "17577", "2" ], [ "0.05500", "12611", "1" ], [ "0.05490", "15852", "1" ], [ "0.05480", "117211", "1" ], [ "0.05474", "11232", "1" ], [ "0.05460", "25270", "1" ], [ "0.05430", "35920", "2" ], [ "0.05424", "11243", "1" ], [ "0.05400", "47142", "2" ], [ "0.05370", "57332", "2" ], [ "0.04480", "2145", "1" ], [ "0.04366", "12493", "1" ], [ "0.04248", "35495", "1" ], [ "0.04130", "35495", "1" ], [ "0.04012", "35495", "1" ], [ "0.03894", "115724", "1" ] ],
      "asks" : [ [ "0.05599", "1495", "1" ], [ "0.05638", "12067", "2" ], [ "0.05639", "15992", "2" ], [ "0.05640", "13568", "1" ], [ "0.05655", "11021", "1" ], [ "0.05658", "15338", "1" ], [ "0.05660", "13568", "1" ], [ "0.05670", "4505", "1" ], [ "0.05680", "14052", "1" ], [ "0.05698", "11000", "1" ], [ "0.05700", "14556", "1" ], [ "0.05730", "24465", "1" ], [ "0.05733", "10726", "1" ], [ "0.05760", "34674", "2" ], [ "0.05790", "43313", "2" ], [ "0.05820", "53717", "2" ], [ "0.06257", "1949", "1" ], [ "0.06732", "2145", "1" ], [ "0.06844", "8325", "1" ], [ "0.06962", "19844", "2" ], [ "0.07080", "35263", "4" ], [ "0.07198", "17928", "2" ], [ "0.07316", "66627", "1" ], [ "0.14000", "19", "1" ], [ "0.33130", "969", "1" ], [ "1.70000", "30", "1" ], [ "1.80000", "3784", "1" ] ],
      "t" : 1756462881923
    } ],
    "instrument_name" : "VOXEL_USDT"
  }
}