{
  "id" : -1,
  "method" : "public/get-book",
  "code" : 0,
  "result" : {
    "depth" : 50,
    "data" : [ {
      "bids" : [ [ "0.0013904", "80300", "1" ], [ "0.0013902", "102300", "1" ], [ "0.0013901", "80300", "1" ], [ "0.0013892", "482600", "1" ], [ "0.0013858", "477500", "1" ], [ "0.0013855", "617800", "1" ], [ "0.0013832", "384400", "1" ], [ "0.0013817", "477500", "1" ], [ "0.0013776", "1440800", "3" ], [ "0.0013720", "1667200", "3" ], [ "0.0013664", "1667200", "2" ], [ "0.0013608", "2977100", "2" ], [ "0.0013578", "800", "1" ], [ "0.0013500", "43100", "1" ], [ "0.0013338", "1499400", "1" ], [ "0.0012000", "100000", "1" ], [ "0.0011169", "86600", "1" ], [ "0.0011058", "525800", "1" ], [ "0.0010767", "1282200", "2" ], [ "0.0010476", "2268900", "2" ], [ "0.0010185", "2268900", "1" ], [ "0.0010000", "3530000", "6" ], [ "0.0009894", "8544800", "2" ], [ "0.0007400", "120000", "1" ], [ "0.0007000", "200000", "1" ], [ "0.0005100", "100000", "1" ], [ "0.0005000", "12000000", "2" ] ],
      "asks" : [ [ "0.0014043", "576500", "2" ], [ "0.0014044", "312100", "1" ], [ "0.0014049", "482600", "1" ], [ "0.0014063", "537200", "1" ], [ "0.0014086", "617800", "1" ], [ "0.0014104", "537200", "1" ], [ "0.0014110", "519300", "1" ], [ "0.0014112", "275100", "1" ], [ "0.0014145", "537200", "1" ], [ "0.0014168", "917000", "2" ], [ "0.0014224", "2267100", "2" ], [ "0.0014280", "2876600", "1" ], [ "0.0014330", "581400", "1" ], [ "0.0014336", "2876600", "1" ], [ "0.0014406", "215500", "3" ], [ "0.0014548", "297500", "4" ], [ "0.0014619", "569700", "1" ], [ "0.0014691", "212600", "3" ], [ "0.0014909", "565700", "1" ], [ "0.0015200", "565700", "1" ], [ "0.0015490", "565700", "1" ], [ "0.0015779", "565700", "1" ], [ "0.0016070", "565700", "1" ], [ "0.0016450", "101700", "1" ], [ "0.0016692", "2000", "1" ], [ "0.0016768", "86600", "1" ], [ "0.0016878", "231400", "1" ], [ "0.0017169", "862000", "2" ], [ "0.0017460", "1462200", "3" ], [ "0.0017751", "1462200", "3" ], [ "0.0017855", "2000", "1" ], [ "0.0018042", "5346000", "1" ], [ "0.0018197", "117100", "1" ], [ "0.0018400", "2100", "1" ], [ "0.0019800", "600900", "2" ], [ "0.0020000", "58500", "2" ], [ "0.0020817", "10800", "1" ], [ "0.0021500", "6000", "1" ], [ "0.0022000", "61400", "2" ], [ "0.0022680", "5900", "1" ], [ "0.0025001", "24400", "1" ], [ "0.0028000", "33900", "2" ], [ "0.0030000", "1273800", "1" ], [ "0.0031000", "2500", "1" ], [ "0.0032022", "351100", "1" ], [ "0.0034304", "117000", "1" ], [ "0.0035000", "67000", "2" ], [ "0.0040000", "715700", "3" ], [ "0.0041000", "4900", "1" ], [ "0.0041555", "1000", "1" ] ],
      "t" : 1756462886208
    } ],
    "instrument_name" : "VRA_USD"
  }
}