{
  "id" : -1,
  "method" : "public/get-book",
  "code" : 0,
  "result" : {
    "depth" : 50,
    "data" : [ {
      "bids" : [ [ "0.0013896", "79400", "1" ], [ "0.0013894", "6600", "1" ], [ "0.0013892", "482600", "1" ], [ "0.0013858", "524300", "1" ], [ "0.0013855", "617800", "1" ], [ "0.0013824", "332400", "1" ], [ "0.0013817", "524300", "1" ], [ "0.0013776", "524300", "1" ], [ "0.0013770", "1050400", "2" ], [ "0.0013716", "1050400", "2" ], [ "0.0013662", "2319700", "2" ], [ "0.0013608", "2926700", "2" ], [ "0.0011168", "86800", "1" ], [ "0.0011058", "492800", "1" ], [ "0.0010767", "1312300", "2" ], [ "0.0010476", "2294300", "2" ], [ "0.0010185", "3142300", "1" ], [ "0.0010000", "1888000", "2" ], [ "0.0009894", "8988300", "2" ], [ "0.0009000", "1111100", "1" ] ],
      "asks" : [ [ "0.0014041", "156900", "1" ], [ "0.0014042", "314100", "1" ], [ "0.0014045", "482600", "1" ], [ "0.0014063", "386200", "1" ], [ "0.0014082", "617800", "1" ], [ "0.0014094", "273900", "1" ], [ "0.0014104", "575500", "1" ], [ "0.0014145", "575500", "1" ], [ "0.0014148", "977900", "1" ], [ "0.0014202", "2284600", "2" ], [ "0.0014256", "2854600", "1" ], [ "0.0014310", "2854600", "1" ], [ "0.0015000", "1000", "1" ], [ "0.0016764", "86800", "1" ], [ "0.0016878", "287400", "1" ], [ "0.0017169", "814000", "2" ], [ "0.0017460", "1469300", "3" ], [ "0.0017751", "1469300", "3" ], [ "0.0018042", "5209600", "1" ], [ "0.0019000", "2516600", "1" ], [ "0.0020000", "1800", "1" ], [ "0.0030000", "27000", "1" ], [ "0.0031720", "6800", "1" ], [ "0.0034000", "5000", "1" ], [ "0.0039790", "175300", "1" ], [ "0.0040000", "47000", "2" ], [ "0.0050000", "53600", "1" ], [ "0.0053400", "87200", "1" ], [ "0.0070000", "155100", "3" ], [ "0.0078900", "10000", "1" ], [ "0.0079200", "600", "1" ], [ "0.0080000", "150000", "2" ], [ "0.0086000", "4000", "1" ], [ "0.0090000", "100000", "1" ], [ "0.0091000", "2000", "1" ], [ "0.0095000", "7400", "1" ], [ "0.0099000", "5800", "1" ], [ "0.0100000", "264900", "5" ], [ "0.0123701", "700", "1" ], [ "0.0130000", "28200", "2" ], [ "0.0140000", "79800", "1" ], [ "0.0140329", "121100", "1" ], [ "0.0143900", "175400", "1" ], [ "0.0149000", "32900", "1" ], [ "0.0150000", "598600", "7" ], [ "0.0156418", "5100", "1" ], [ "0.0172139", "300", "1" ], [ "0.0174700", "6900", "1" ], [ "0.0180000", "700", "1" ], [ "0.0193300", "10300", "1" ] ],
      "t" : 1756462889744
    } ],
    "instrument_name" : "VRA_USDT"
  }
}