{
  "id" : -1,
  "method" : "public/get-book",
  "code" : 0,
  "result" : {
    "depth" : 50,
    "data" : [ {
      "bids" : [ [ "0.0013926", "1000", "1" ], [ "0.0013906", "1000", "1" ], [ "0.0013881", "71000", "1" ], [ "0.0013878", "43000", "1" ], [ "0.0013871", "315000", "1" ], [ "0.0013858", "42000", "1" ], [ "0.0013830", "36000", "1" ], [ "0.0013827", "36000", "1" ], [ "0.0013824", "36000", "1" ], [ "0.0013821", "36000", "1" ], [ "0.0013817", "53000", "2" ], [ "0.0013776", "42000", "1" ], [ "0.0013735", "68000", "3" ], [ "0.0013694", "80000", "4" ], [ "0.0011168", "315000", "1" ], [ "0.0011058", "82000", "1" ], [ "0.0010767", "246000", "2" ], [ "0.0010476", "438000", "2" ], [ "0.0010185", "586000", "2" ], [ "0.0009894", "777000", "2" ], [ "0.0009603", "938000", "2" ] ],
      "asks" : [ [ "0.0014052", "1000", "1" ], [ "0.0014053", "1000", "1" ], [ "0.0014085", "35000", "1" ], [ "0.0014088", "77000", "2" ], [ "0.0014091", "35000", "1" ], [ "0.0014094", "35000", "1" ], [ "0.0014099", "315000", "1" ], [ "0.0014104", "61000", "2" ], [ "0.0014120", "315000", "1" ], [ "0.0014145", "56000", "1" ], [ "0.0014186", "67000", "2" ], [ "0.0014193", "148000", "1" ], [ "0.0014227", "56000", "1" ], [ "0.0014268", "61000", "1" ], [ "0.0014276", "356000", "2" ], [ "0.0014359", "502000", "1" ], [ "0.0014442", "704000", "1" ], [ "0.0014525", "860000", "1" ], [ "0.0016764", "315000", "1" ], [ "0.0016878", "95000", "1" ], [ "0.0017169", "252000", "2" ], [ "0.0017460", "421000", "3" ], [ "0.0017751", "600000", "4" ], [ "0.0018042", "777000", "4" ], [ "0.0018333", "937000", "1" ] ],
      "t" : 1756462893248
    } ],
    "instrument_name" : "VRAUSD-PERP"
  }
}