{
  "id" : -1,
  "method" : "public/get-book",
  "code" : 0,
  "result" : {
    "depth" : 50,
    "data" : [ {
      "bids" : [ [ "0.0018496", "100", "1" ], [ "0.0018487", "100", "1" ], [ "0.0018472", "27000", "1" ], [ "0.0018468", "81100", "2" ], [ "0.0018464", "27000", "1" ], [ "0.0018460", "27000", "1" ], [ "0.0018408", "320900", "1" ], [ "0.0018396", "67900", "1" ], [ "0.0018395", "756000", "2" ], [ "0.0018390", "67900", "1" ], [ "0.0018386", "502900", "1" ], [ "0.0018384", "67900", "1" ], [ "0.0018378", "68000", "1" ], [ "0.0018377", "362700", "1" ], [ "0.0018360", "81600", "1" ], [ "0.0018354", "466800", "1" ], [ "0.0018351", "81700", "1" ], [ "0.0018342", "81700", "1" ], [ "0.0018333", "81800", "1" ], [ "0.0018331", "362700", "1" ], [ "0.0018324", "81800", "1" ], [ "0.0018315", "81900", "1" ], [ "0.0018308", "550700", "3" ], [ "0.0018285", "519400", "1" ], [ "0.0018192", "525800", "1" ], [ "0.0018170", "524600", "1" ], [ "0.0018124", "984000", "2" ], [ "0.0018078", "1520000", "3" ], [ "0.0018032", "2159200", "3" ], [ "0.0017986", "2719700", "4" ], [ "0.0016810", "486700", "1" ], [ "0.0014808", "262900", "1" ], [ "0.0014703", "212200", "1" ], [ "0.0014326", "791500", "2" ], [ "0.0013949", "1311200", "2" ], [ "0.0013572", "1891200", "2" ], [ "0.0013195", "2404000", "2" ], [ "0.0012818", "2906400", "2" ] ],
      "asks" : [ [ "0.0018497", "100", "1" ], [ "0.0018518", "100", "1" ], [ "0.0018536", "26700", "1" ], [ "0.0018556", "26900", "1" ], [ "0.0018560", "26900", "1" ], [ "0.0018564", "26900", "1" ], [ "0.0018568", "80700", "2" ], [ "0.0018576", "368000", "1" ], [ "0.0018584", "428000", "1" ], [ "0.0018607", "364600", "1" ], [ "0.0018620", "525800", "1" ], [ "0.0018630", "945100", "3" ], [ "0.0018636", "67000", "1" ], [ "0.0018642", "67000", "1" ], [ "0.0018648", "67000", "1" ], [ "0.0018653", "490600", "3" ], [ "0.0018654", "67000", "1" ], [ "0.0018675", "80300", "1" ], [ "0.0018676", "1478300", "3" ], [ "0.0018684", "80200", "1" ], [ "0.0018693", "80200", "1" ], [ "0.0018702", "80200", "1" ], [ "0.0018711", "80100", "1" ], [ "0.0018720", "80100", "1" ], [ "0.0018722", "1476000", "2" ], [ "0.0018768", "2012400", "2" ], [ "0.0018814", "2715500", "2" ], [ "0.0020358", "486700", "1" ], [ "0.0022224", "262900", "1" ], [ "0.0022243", "247500", "1" ], [ "0.0022620", "828200", "2" ], [ "0.0022997", "1262800", "3" ], [ "0.0023374", "1849000", "3" ], [ "0.0023751", "2391800", "3" ], [ "0.0024128", "2944000", "1" ] ],
      "t" : 1756462896699
    } ],
    "instrument_name" : "VTHOUSD-PERP"
  }
}