{
  "id" : -1,
  "method" : "public/get-book",
  "code" : 0,
  "result" : {
    "depth" : 50,
    "data" : [ {
      "bids" : [ [ "0.0018482", "136800", "1" ], [ "0.0018464", "271000", "1" ], [ "0.0018463", "1311700", "1" ], [ "0.0018460", "274400", "1" ], [ "0.0018459", "2977200", "1" ], [ "0.0018456", "74400", "1" ], [ "0.0018438", "85700", "1" ], [ "0.0018432", "95300", "1" ], [ "0.0018417", "85700", "1" ], [ "0.0018415", "439800", "2" ], [ "0.0018414", "84900", "1" ], [ "0.0018397", "421900", "2" ], [ "0.0018396", "463500", "2" ], [ "0.0018384", "387900", "1" ], [ "0.0018383", "311000", "2" ], [ "0.0018352", "528800", "3" ], [ "0.0018322", "1488600", "1" ], [ "0.0018321", "528800", "3" ], [ "0.0018290", "929700", "3" ], [ "0.0018259", "700100", "1" ], [ "0.0018185", "1352900", "1" ], [ "0.0018184", "7191800", "1" ], [ "0.0018073", "1488600", "1" ], [ "0.0017601", "7700", "1" ], [ "0.0017600", "20000", "1" ], [ "0.0017501", "18100", "2" ], [ "0.0017500", "23000", "2" ], [ "0.0017400", "2500", "1" ], [ "0.0017050", "5300", "1" ], [ "0.0016458", "487900", "1" ], [ "0.0014809", "66400", "1" ], [ "0.0014800", "200", "1" ], [ "0.0014703", "296800", "1" ], [ "0.0014326", "1066800", "2" ], [ "0.0013949", "1066800", "1" ], [ "0.0013572", "7068600", "2" ], [ "0.0013195", "19176100", "2" ], [ "0.0002068", "20000", "1" ] ],
      "asks" : [ [ "0.0018539", "5000", "1" ], [ "0.0018541", "131000", "1" ], [ "0.0018553", "693300", "1" ], [ "0.0018554", "2977200", "1" ], [ "0.0018580", "74400", "1" ], [ "0.0018585", "86400", "1" ], [ "0.0018604", "95300", "1" ], [ "0.0018606", "78300", "1" ], [ "0.0018627", "97300", "1" ], [ "0.0018631", "86400", "1" ], [ "0.0018662", "301800", "1" ], [ "0.0018693", "496700", "1" ], [ "0.0018702", "1488600", "1" ], [ "0.0018724", "717500", "1" ], [ "0.0018755", "1101400", "1" ], [ "0.0018786", "1101400", "1" ], [ "0.0018852", "7191800", "1" ], [ "0.0018879", "1488600", "1" ], [ "0.0019400", "6000", "1" ], [ "0.0019960", "11100", "1" ], [ "0.0020134", "8500", "1" ], [ "0.0020400", "4000", "1" ], [ "0.0020800", "4200", "1" ], [ "0.0021200", "10500", "1" ], [ "0.0021500", "7700", "2" ], [ "0.0022229", "66400", "1" ], [ "0.0022243", "249200", "1" ], [ "0.0022300", "10200", "1" ], [ "0.0022620", "681400", "2" ], [ "0.0022700", "2200", "1" ], [ "0.0022975", "10400", "1" ], [ "0.0022997", "681400", "2" ], [ "0.0023374", "2967900", "2" ], [ "0.0023500", "5100", "1" ], [ "0.0023751", "10779100", "1" ], [ "0.0024000", "5100", "1" ], [ "0.0024500", "5200", "1" ], [ "0.0024950", "10800", "1" ], [ "0.0025000", "1500", "1" ], [ "0.0025250", "3800", "1" ], [ "0.0025500", "6100", "1" ], [ "0.0025650", "7200", "1" ], [ "0.0025685", "40400", "1" ], [ "0.0025810", "40100", "1" ], [ "0.0025934", "40100", "1" ], [ "0.0025970", "18500", "1" ], [ "0.0026059", "40100", "1" ], [ "0.0026184", "40100", "1" ], [ "0.0026500", "8800", "1" ], [ "0.0026970", "10200", "1" ] ],
      "t" : 1756462895982
    } ],
    "instrument_name" : "VTHO_USD"
  }
}