{
  "id" : -1,
  "method" : "public/get-book",
  "code" : 0,
  "result" : {
    "depth" : 50,
    "data" : [ {
      "bids" : [ [ "0.0000062192", "57810000", "1" ], [ "0.0000062169", "170810000", "1" ], [ "0.0000062160", "91680000", "1" ], [ "0.0000062046", "500810000", "1" ], [ "0.0000062040", "91680000", "1" ], [ "0.0000062000", "234950000", "1" ], [ "0.0000061920", "91680000", "1" ], [ "0.0000061919", "180000", "1" ], [ "0.0000061825", "5000000", "1" ], [ "0.0000061800", "803350000", "2" ], [ "0.0000061750", "234950000", "1" ], [ "0.0000061680", "91680000", "1" ], [ "0.0000061560", "91680000", "1" ], [ "0.0000061533", "12540000", "1" ], [ "0.0000061512", "14850000", "1" ], [ "0.0000061500", "946620000", "2" ], [ "0.0000061440", "91680000", "1" ], [ "0.0000061380", "27110000", "1" ], [ "0.0000061320", "91680000", "1" ], [ "0.0000061250", "234950000", "1" ], [ "0.0000061248", "36590000", "1" ], [ "0.0000061200", "803350000", "2" ], [ "0.0000061116", "51870000", "1" ], [ "0.0000061103", "1414810000", "1" ], [ "0.0000061080", "91680000", "1" ], [ "0.0000061000", "234950000", "1" ], [ "0.0000060984", "61920000", "1" ], [ "0.0000060960", "91680000", "1" ], [ "0.0000060900", "711670000", "1" ], [ "0.0000060852", "74000000", "1" ], [ "0.0000060840", "91680000", "1" ], [ "0.0000060750", "234950000", "1" ], [ "0.0000060720", "177040000", "2" ], [ "0.0000060600", "2504020000", "3" ], [ "0.0000060588", "102350000", "2" ], [ "0.0000060500", "234950000", "1" ], [ "0.0000060480", "57810000", "1" ], [ "0.0000060456", "110750000", "3" ], [ "0.0000060324", "124520000", "2" ], [ "0.0000060300", "711670000", "1" ], [ "0.0000060250", "234950000", "1" ], [ "0.0000060000", "2655050000", "3" ], [ "0.0000059750", "234950000", "1" ], [ "0.0000059700", "711670000", "1" ], [ "0.0000059500", "208120000", "1" ], [ "0.0000059400", "2396220000", "2" ], [ "0.0000059250", "208120000", "1" ], [ "0.0000059100", "687790000", "1" ], [ "0.0000059000", "208120000", "1" ], [ "0.0000058800", "2396220000", "2" ] ],
      "asks" : [ [ "0.0000062373", "229330000", "2" ], [ "0.0000062400", "89980000", "1" ], [ "0.0000062469", "170100000", "1" ], [ "0.0000062499", "116870000", "1" ], [ "0.0000062500", "211150000", "1" ], [ "0.0000062511", "180000", "1" ], [ "0.0000062520", "87550000", "1" ], [ "0.0000062640", "81650000", "1" ], [ "0.0000062646", "500100000", "1" ], [ "0.0000062700", "726280000", "1" ], [ "0.0000062750", "211150000", "1" ], [ "0.0000062760", "85040000", "1" ], [ "0.0000062766", "12540000", "1" ], [ "0.0000062832", "14180000", "1" ], [ "0.0000062880", "85040000", "1" ], [ "0.0000062904", "1415100000", "1" ], [ "0.0000062964", "27260000", "1" ], [ "0.0000063000", "2814780000", "4" ], [ "0.0000063096", "38060000", "1" ], [ "0.0000063120", "85040000", "1" ], [ "0.0000063228", "51920000", "1" ], [ "0.0000063240", "85040000", "1" ], [ "0.0000063250", "284400000", "1" ], [ "0.0000063300", "717140000", "1" ], [ "0.0000063360", "149120000", "2" ], [ "0.0000063480", "85040000", "1" ], [ "0.0000063492", "76060000", "1" ], [ "0.0000063500", "280190000", "1" ], [ "0.0000063600", "2758890000", "3" ], [ "0.0000063624", "89680000", "1" ], [ "0.0000063720", "85040000", "1" ], [ "0.0000063750", "292880000", "1" ], [ "0.0000063756", "102360000", "2" ], [ "0.0000063840", "85040000", "1" ], [ "0.0000063888", "114290000", "2" ], [ "0.0000063900", "830920000", "1" ], [ "0.0000063960", "85040000", "1" ], [ "0.0000064000", "292880000", "1" ], [ "0.0000064020", "124450000", "2" ], [ "0.0000064080", "85040000", "1" ], [ "0.0000064200", "2568350000", "2" ], [ "0.0000064250", "292880000", "1" ], [ "0.0000064500", "940390000", "2" ], [ "0.0000064750", "292880000", "1" ], [ "0.0000064800", "2756790000", "2" ], [ "0.0000065000", "292880000", "1" ], [ "0.0000065100", "894890000", "1" ], [ "0.0000065250", "292880000", "1" ], [ "0.0000065400", "2756790000", "2" ], [ "0.0000065500", "292880000", "1" ] ],
      "t" : 1756462908518
    } ],
    "instrument_name" : "VVS_USDT"
  }
}