{
  "id" : -1,
  "method" : "public/get-book",
  "code" : 0,
  "result" : {
    "depth" : 50,
    "data" : [ {
      "bids" : [ [ "0.0000062259", "1320000", "1" ], [ "0.0000062258", "57810000", "1" ], [ "0.0000062253", "170810000", "1" ], [ "0.0000062190", "95280000", "1" ], [ "0.0000062160", "220640000", "1" ], [ "0.0000062100", "95280000", "1" ], [ "0.0000062020", "220640000", "1" ], [ "0.0000062016", "500810000", "1" ], [ "0.0000062010", "100760000", "2" ], [ "0.0000061920", "1017060000", "2" ], [ "0.0000061880", "170810000", "1" ], [ "0.0000061830", "100760000", "2" ], [ "0.0000061776", "135670000", "1" ], [ "0.0000061775", "1433810000", "1" ], [ "0.0000061740", "315920000", "2" ], [ "0.0000061680", "3483120000", "2" ], [ "0.0000061650", "100760000", "2" ], [ "0.0000061600", "220640000", "1" ], [ "0.0000061560", "95280000", "1" ], [ "0.0000061545", "12520000", "1" ], [ "0.0000061512", "11920000", "1" ], [ "0.0000061470", "95280000", "1" ], [ "0.0000061460", "220640000", "1" ], [ "0.0000061440", "3483120000", "2" ], [ "0.0000061380", "119900000", "2" ], [ "0.0000061320", "220640000", "1" ], [ "0.0000061290", "95280000", "1" ], [ "0.0000061248", "36230000", "1" ], [ "0.0000061200", "3094430000", "4" ], [ "0.0000061180", "220640000", "1" ], [ "0.0000061116", "50770000", "1" ], [ "0.0000061110", "95280000", "1" ], [ "0.0000061040", "220640000", "1" ], [ "0.0000061020", "95280000", "1" ], [ "0.0000060984", "61700000", "1" ], [ "0.0000060960", "3483120000", "2" ], [ "0.0000060930", "95280000", "1" ], [ "0.0000060900", "220640000", "1" ], [ "0.0000060852", "74730000", "1" ], [ "0.0000060760", "220640000", "1" ], [ "0.0000060720", "3569680000", "3" ], [ "0.0000060620", "220640000", "1" ], [ "0.0000060588", "101480000", "2" ], [ "0.0000060480", "3219790000", "3" ], [ "0.0000060456", "114330000", "3" ], [ "0.0000060340", "220640000", "1" ], [ "0.0000060324", "123400000", "2" ], [ "0.0000060240", "2999150000", "2" ], [ "0.0000060200", "220640000", "1" ], [ "0.0000060000", "2667090000", "2" ] ],
      "asks" : [ [ "0.0000062375", "41570000", "3" ], [ "0.0000062439", "57100000", "1" ], [ "0.0000062460", "68650000", "1" ], [ "0.0000062549", "1960000", "1" ], [ "0.0000062550", "68650000", "1" ], [ "0.0000062553", "170100000", "1" ], [ "0.0000062580", "282980000", "1" ], [ "0.0000062640", "87850000", "1" ], [ "0.0000062715", "500100000", "1" ], [ "0.0000062720", "209530000", "1" ], [ "0.0000062730", "69700000", "1" ], [ "0.0000062755", "1433100000", "1" ], [ "0.0000062772", "12520000", "1" ], [ "0.0000062820", "87680000", "1" ], [ "0.0000062832", "12580000", "1" ], [ "0.0000062860", "287390000", "1" ], [ "0.0000062880", "2554770000", "2" ], [ "0.0000062910", "83950000", "1" ], [ "0.0000062964", "25730000", "1" ], [ "0.0000062992", "64130000", "4" ], [ "0.0000063000", "336560000", "2" ], [ "0.0000063090", "87560000", "1" ], [ "0.0000063096", "36130000", "1" ], [ "0.0000063120", "2852230000", "2" ], [ "0.0000063140", "236920000", "1" ], [ "0.0000063180", "99260000", "1" ], [ "0.0000063228", "49730000", "1" ], [ "0.0000063270", "72870000", "1" ], [ "0.0000063280", "294120000", "1" ], [ "0.0000063360", "2685720000", "4" ], [ "0.0000063420", "230350000", "1" ], [ "0.0000063450", "80910000", "1" ], [ "0.0000063492", "75730000", "1" ], [ "0.0000063540", "84390000", "1" ], [ "0.0000063560", "284170000", "1" ], [ "0.0000063600", "2852230000", "2" ], [ "0.0000063610", "51040000", "3" ], [ "0.0000063624", "86200000", "1" ], [ "0.0000063630", "84390000", "1" ], [ "0.0000063700", "307080000", "1" ], [ "0.0000063720", "84390000", "1" ], [ "0.0000063756", "101870000", "2" ], [ "0.0000063840", "3210110000", "3" ], [ "0.0000063888", "114260000", "2" ], [ "0.0000063980", "212080000", "1" ], [ "0.0000064020", "125350000", "2" ], [ "0.0000064080", "2665030000", "2" ], [ "0.0000064120", "212080000", "1" ], [ "0.0000064260", "279850000", "1" ], [ "0.0000064320", "2665030000", "2" ] ],
      "t" : 1756462905507
    } ],
    "instrument_name" : "VVS_USD"
  }
}