{
  "id" : -1,
  "method" : "public/get-book",
  "code" : 0,
  "result" : {
    "depth" : 50,
    "data" : [ {
      "bids" : [ [ "0.091322", "17", "1" ], [ "0.091260", "57010", "1" ], [ "0.091259", "39000", "1" ], [ "0.091257", "16435", "2" ], [ "0.091224", "27404", "1" ], [ "0.091100", "109769", "1" ], [ "0.091067", "155000", "1" ], [ "0.090962", "109935", "1" ], [ "0.090897", "9521", "1" ], [ "0.090873", "11076", "1" ], [ "0.090701", "155000", "1" ], [ "0.090666", "12364", "1" ], [ "0.090650", "12187", "1" ], [ "0.090597", "10907", "1" ], [ "0.090459", "11963", "1" ], [ "0.090294", "30238", "1" ], [ "0.089991", "55575", "1" ], [ "0.089929", "465000", "1" ], [ "0.089688", "73740", "1" ], [ "0.077553", "68", "1" ], [ "0.077552", "107", "1" ], [ "0.077550", "1264", "7" ], [ "0.073127", "1701", "1" ], [ "0.072324", "7155", "1" ], [ "0.070848", "27000", "2" ], [ "0.069372", "27000", "2" ], [ "0.067896", "1765", "1" ], [ "0.066420", "5253", "2" ] ],
      "asks" : [ [ "0.091506", "17", "1" ], [ "0.091536", "289", "1" ], [ "0.091537", "5462", "1" ], [ "0.091556", "10922", "1" ], [ "0.091601", "27292", "1" ], [ "0.091773", "50216", "1" ], [ "0.091774", "108964", "1" ], [ "0.091847", "498", "1" ], [ "0.091848", "155000", "1" ], [ "0.091928", "326345", "1" ], [ "0.092114", "9521", "1" ], [ "0.092115", "10836", "1" ], [ "0.092203", "155000", "1" ], [ "0.092322", "11340", "1" ], [ "0.092361", "12187", "1" ], [ "0.092415", "8844", "1" ], [ "0.092529", "12414", "1" ], [ "0.092718", "31710", "1" ], [ "0.092935", "155000", "1" ], [ "0.093021", "51458", "1" ], [ "0.093070", "310000", "1" ], [ "0.093323", "992", "1" ], [ "0.093324", "70429", "1" ], [ "0.098000", "11322", "1" ], [ "0.109942", "1701", "1" ], [ "0.110700", "5427", "4" ], [ "0.112176", "15836", "2" ], [ "0.112200", "1288", "1" ], [ "0.113652", "27311", "2" ], [ "0.115000", "35", "1" ], [ "0.115128", "1020", "1" ], [ "0.116604", "956", "1" ], [ "0.120000", "492", "1" ], [ "0.140000", "1399", "1" ], [ "0.150000", "2451", "2" ], [ "0.200000", "71", "1" ] ],
      "t" : 1756462913352
    } ],
    "instrument_name" : "W_USD"
  }
}