{
  "id" : -1,
  "method" : "public/get-book",
  "code" : 0,
  "result" : {
    "depth" : 50,
    "data" : [ {
      "bids" : [ [ "0.091429", "17", "1" ], [ "0.091097", "6586", "1" ], [ "0.091064", "20394", "1" ], [ "0.091063", "155000", "1" ], [ "0.090897", "9521", "1" ], [ "0.090800", "7894", "1" ], [ "0.090697", "155000", "1" ], [ "0.090650", "12187", "1" ], [ "0.090600", "11714", "1" ], [ "0.090597", "8761", "1" ], [ "0.090400", "11520", "1" ], [ "0.090294", "30944", "1" ], [ "0.089991", "55129", "1" ], [ "0.089775", "465000", "1" ], [ "0.089688", "75248", "1" ], [ "0.089415", "2710", "1" ], [ "0.073121", "10067", "2" ], [ "0.073120", "1701", "1" ], [ "0.072325", "8574", "1" ], [ "0.072324", "7991", "1" ], [ "0.070848", "27761", "2" ], [ "0.069372", "27761", "2" ], [ "0.067896", "1413", "1" ], [ "0.066420", "5032", "2" ], [ "0.060000", "16666", "1" ], [ "0.055000", "18181", "1" ] ],
      "asks" : [ [ "0.091431", "17", "1" ], [ "0.091823", "5135", "1" ], [ "0.091845", "155000", "1" ], [ "0.092086", "9521", "1" ], [ "0.092199", "155000", "1" ], [ "0.092200", "10199", "1" ], [ "0.092333", "12187", "1" ], [ "0.092400", "12085", "1" ], [ "0.092415", "9671", "1" ], [ "0.092600", "11764", "1" ], [ "0.092718", "32022", "1" ], [ "0.092931", "279000", "1" ], [ "0.093021", "51411", "1" ], [ "0.093067", "186000", "1" ], [ "0.093324", "73804", "1" ], [ "0.109920", "1701", "1" ], [ "0.110700", "4483", "3" ], [ "0.112176", "15956", "3" ], [ "0.113652", "27910", "3" ], [ "0.115128", "1466", "2" ], [ "0.116604", "494", "1" ], [ "0.147540", "80", "1" ], [ "0.184645", "50", "1" ], [ "0.350225", "1571", "1" ] ],
      "t" : 1756462916998
    } ],
    "instrument_name" : "W_USDT"
  }
}