{
  "id" : -1,
  "method" : "public/get-book",
  "code" : 0,
  "result" : {
    "depth" : 50,
    "data" : [ {
      "bids" : [ [ "0.38750", "42.6", "2" ], [ "0.38747", "2099.3", "1" ], [ "0.38707", "2573.1", "1" ], [ "0.38697", "778.6", "1" ], [ "0.38674", "1729.2", "1" ], [ "0.38667", "778.6", "1" ], [ "0.38655", "1492.0", "1" ], [ "0.38647", "2213.9", "1" ], [ "0.38640", "778.6", "1" ], [ "0.38615", "778.6", "1" ], [ "0.38613", "881.6", "1" ], [ "0.38610", "8422.7", "2" ], [ "0.38577", "778.6", "1" ], [ "0.38565", "1910.6", "1" ], [ "0.38552", "3037.9", "2" ], [ "0.38545", "778.6", "1" ], [ "0.38521", "778.6", "1" ], [ "0.38493", "778.6", "1" ], [ "0.38491", "3037.9", "2" ], [ "0.38439", "6552.8", "1" ], [ "0.38430", "6610.6", "3" ], [ "0.38370", "4089.0", "1" ], [ "0.38369", "6610.6", "3" ], [ "0.38333", "3888.0", "1" ], [ "0.38308", "10526.3", "1" ], [ "0.38161", "6668.0", "1" ], [ "0.31011", "260.4", "1" ], [ "0.30894", "1434.6", "1" ], [ "0.30081", "3966.4", "2" ], [ "0.29268", "3966.4", "1" ], [ "0.28455", "10907.0", "2" ], [ "0.27642", "26969.4", "2" ] ],
      "asks" : [ [ "0.38751", "3.0", "1" ], [ "0.38774", "39.5", "1" ], [ "0.38798", "2062.8", "1" ], [ "0.38836", "778.6", "1" ], [ "0.38839", "2606.4", "1" ], [ "0.38840", "1729.2", "1" ], [ "0.38864", "778.6", "1" ], [ "0.38880", "1729.2", "1" ], [ "0.38906", "2213.9", "1" ], [ "0.38917", "778.6", "1" ], [ "0.38918", "762.5", "1" ], [ "0.38925", "1519.9", "1" ], [ "0.38944", "6419.5", "1" ], [ "0.38969", "778.6", "1" ], [ "0.38970", "1519.9", "1" ], [ "0.38979", "2864.4", "2" ], [ "0.39024", "778.6", "1" ], [ "0.39040", "2864.4", "1" ], [ "0.39082", "6396.8", "1" ], [ "0.39101", "4669.2", "1" ], [ "0.39162", "6722.4", "1" ], [ "0.39223", "10511.2", "1" ], [ "0.39480", "6332.3", "1" ], [ "0.41000", "1899.3", "1" ], [ "0.45267", "48.6", "1" ], [ "0.46534", "260.4", "1" ], [ "0.47154", "862.1", "1" ], [ "0.47967", "2433.6", "2" ], [ "0.48780", "4102.0", "3" ], [ "0.49593", "4102.0", "3" ], [ "0.50406", "15697.9", "1" ], [ "0.51500", "12590.8", "2" ], [ "0.55000", "40.0", "1" ], [ "0.60000", "40.0", "1" ], [ "0.65000", "128.6", "1" ], [ "0.70000", "40.0", "1" ], [ "0.80000", "97.2", "1" ], [ "1.50000", "200.0", "1" ], [ "1.68000", "750.0", "1" ], [ "2.50000", "200.0", "1" ], [ "4.50000", "285.2", "1" ] ],
      "t" : 1756462920520
    } ],
    "instrument_name" : "WAL_USD"
  }
}