{
  "id" : -1,
  "method" : "public/get-book",
  "code" : 0,
  "result" : {
    "depth" : 50,
    "data" : [ {
      "bids" : [ [ "0.38811", "10", "1" ], [ "0.38752", "20", "1" ], [ "0.38736", "250", "1" ], [ "0.38704", "120", "1" ], [ "0.38696", "120", "1" ], [ "0.38688", "120", "1" ], [ "0.38680", "120", "1" ], [ "0.38668", "1730", "1" ], [ "0.38661", "380", "1" ], [ "0.38612", "450", "2" ], [ "0.38563", "350", "1" ], [ "0.38560", "250", "1" ], [ "0.38514", "500", "2" ], [ "0.38484", "320", "1" ], [ "0.38472", "320", "1" ], [ "0.38465", "490", "2" ], [ "0.38460", "320", "1" ], [ "0.38448", "320", "1" ], [ "0.38399", "390", "1" ], [ "0.38380", "390", "1" ], [ "0.38361", "390", "1" ], [ "0.38342", "390", "1" ], [ "0.38323", "390", "1" ], [ "0.38304", "390", "1" ], [ "0.31008", "1240", "1" ], [ "0.30362", "1230", "1" ], [ "0.29563", "3840", "1" ], [ "0.28764", "6210", "1" ], [ "0.27965", "8820", "1" ], [ "0.27166", "11150", "1" ], [ "0.26367", "13530", "1" ] ],
      "asks" : [ [ "0.38812", "20", "1" ], [ "0.38826", "10", "1" ], [ "0.38832", "120", "1" ], [ "0.38840", "120", "1" ], [ "0.38848", "120", "1" ], [ "0.38856", "120", "1" ], [ "0.38860", "250", "1" ], [ "0.38882", "1730", "1" ], [ "0.38906", "390", "1" ], [ "0.38920", "2110", "1" ], [ "0.38936", "3160", "1" ], [ "0.38955", "440", "1" ], [ "0.38967", "1770", "1" ], [ "0.38976", "320", "1" ], [ "0.38988", "320", "1" ], [ "0.38994", "1260", "1" ], [ "0.39000", "320", "1" ], [ "0.39004", "470", "1" ], [ "0.39012", "320", "1" ], [ "0.39053", "460", "2" ], [ "0.39064", "380", "1" ], [ "0.39083", "380", "1" ], [ "0.39091", "2910", "2" ], [ "0.39102", "830", "3" ], [ "0.39121", "380", "1" ], [ "0.39140", "380", "1" ], [ "0.39159", "380", "1" ], [ "0.39188", "4000", "2" ], [ "0.39285", "5140", "2" ], [ "0.39382", "6730", "2" ], [ "0.46524", "1240", "1" ], [ "0.47141", "1330", "1" ], [ "0.47940", "3930", "1" ], [ "0.48739", "6060", "1" ], [ "0.49538", "8840", "1" ], [ "0.50337", "11360", "1" ], [ "0.51136", "13560", "1" ] ],
      "t" : 1756462923709
    } ],
    "instrument_name" : "WALUSD-PERP"
  }
}