{
  "id" : -1,
  "method" : "public/get-book",
  "code" : 0,
  "result" : {
    "depth" : 50,
    "data" : [ {
      "bids" : [ [ "0.020005", "5936", "1" ], [ "0.020004", "2066", "1" ], [ "0.020000", "17211", "1" ], [ "0.019999", "34457", "1" ], [ "0.019992", "35296", "1" ], [ "0.019989", "44170", "1" ], [ "0.019971", "39326", "1" ], [ "0.019964", "29020", "1" ], [ "0.019950", "39326", "1" ], [ "0.019934", "6676", "1" ], [ "0.019933", "83407", "2" ], [ "0.019902", "184759", "3" ], [ "0.019871", "184759", "2" ], [ "0.019840", "291505", "1" ], [ "0.019809", "291505", "1" ], [ "0.018250", "5480", "1" ], [ "0.017650", "5665", "1" ], [ "0.016041", "6154", "1" ], [ "0.015912", "29491", "1" ], [ "0.015504", "100462", "2" ], [ "0.015096", "117833", "1" ], [ "0.014688", "117833", "1" ], [ "0.014280", "303347", "2" ] ],
      "asks" : [ [ "0.020105", "856", "1" ], [ "0.020118", "9320", "1" ], [ "0.020119", "34457", "1" ], [ "0.020139", "78627", "2" ], [ "0.020150", "21791", "1" ], [ "0.020160", "34613", "1" ], [ "0.020181", "110609", "3" ], [ "0.020212", "128836", "2" ], [ "0.020243", "180136", "1" ], [ "0.020274", "180136", "1" ], [ "0.020305", "286031", "1" ], [ "0.021500", "5021", "1" ], [ "0.024077", "6154", "1" ], [ "0.024480", "22588", "1" ], [ "0.024888", "56609", "2" ], [ "0.025296", "103488", "3" ], [ "0.025704", "56609", "1" ], [ "0.026112", "180968", "1" ], [ "0.026200", "62", "1" ], [ "0.030000", "1206", "1" ], [ "0.040000", "199", "1" ], [ "0.052099", "1599", "1" ], [ "0.090538", "5500", "1" ], [ "0.100000", "1949", "2" ], [ "0.101773", "287", "1" ], [ "0.112500", "950", "1" ], [ "0.120000", "82", "1" ], [ "0.150000", "3972", "2" ], [ "0.157804", "1", "1" ], [ "0.170000", "6413", "1" ], [ "0.180000", "6192", "1" ], [ "0.241430", "20", "1" ], [ "0.341420", "20", "1" ], [ "0.450000", "200", "1" ], [ "0.559700", "13", "1" ], [ "0.607804", "10", "1" ] ],
      "t" : 1756462928392
    } ],
    "instrument_name" : "WAXP_USD"
  }
}