{
  "id" : -1,
  "method" : "public/get-book",
  "code" : 0,
  "result" : {
    "depth" : 50,
    "data" : [ {
      "bids" : [ [ "0.020056", "20", "2" ], [ "0.020012", "2490", "1" ], [ "0.020008", "2490", "1" ], [ "0.020004", "2490", "1" ], [ "0.020003", "33720", "1" ], [ "0.020000", "2500", "1" ], [ "0.019988", "52900", "1" ], [ "0.019987", "22990", "1" ], [ "0.019964", "22990", "1" ], [ "0.019941", "22990", "1" ], [ "0.019918", "39850", "1" ], [ "0.019895", "39950", "1" ], [ "0.019739", "14370", "1" ], [ "0.019675", "48170", "1" ], [ "0.019642", "40380", "1" ], [ "0.019596", "76160", "2" ], [ "0.019550", "123670", "3" ], [ "0.019504", "153410", "4" ], [ "0.019458", "190480", "1" ], [ "0.016040", "24080", "1" ], [ "0.016029", "20260", "1" ], [ "0.016014", "122420", "1" ], [ "0.015912", "122420", "1" ], [ "0.015618", "50350", "2" ], [ "0.015606", "122420", "1" ], [ "0.015504", "122420", "1" ], [ "0.015207", "85980", "2" ], [ "0.014796", "119480", "2" ], [ "0.014385", "151060", "2" ], [ "0.013974", "190750", "2" ] ],
      "asks" : [ [ "0.020064", "10", "1" ], [ "0.020074", "10", "1" ], [ "0.020112", "14370", "1" ], [ "0.020113", "33720", "1" ], [ "0.020123", "61930", "1" ], [ "0.020125", "30980", "1" ], [ "0.020128", "2480", "1" ], [ "0.020132", "2480", "1" ], [ "0.020136", "2480", "1" ], [ "0.020140", "2480", "1" ], [ "0.020146", "10", "1" ], [ "0.020148", "28460", "1" ], [ "0.020156", "48170", "1" ], [ "0.020171", "36540", "2" ], [ "0.020194", "68340", "3" ], [ "0.020217", "44090", "4" ], [ "0.020240", "84600", "2" ], [ "0.020286", "114090", "2" ], [ "0.020332", "156020", "2" ], [ "0.020378", "190220", "2" ], [ "0.020400", "122420", "1" ], [ "0.020502", "122420", "1" ], [ "0.020604", "122420", "1" ], [ "0.024072", "24080", "1" ], [ "0.024249", "14330", "1" ], [ "0.024276", "122420", "1" ], [ "0.024660", "52420", "2" ], [ "0.025071", "87360", "3" ], [ "0.025482", "122820", "3" ], [ "0.025893", "151140", "3" ], [ "0.026304", "185520", "1" ] ],
      "t" : 1756462931742
    } ],
    "instrument_name" : "WAXPUSD-PERP"
  }
}