{
  "id" : -1,
  "method" : "public/get-book",
  "code" : 0,
  "result" : {
    "depth" : 50,
    "data" : [ {
      "bids" : [ [ "0.99861", "0.000092", "1" ], [ "0.99860", "0.004586", "1" ], [ "0.99859", "0.006695", "1" ], [ "0.99858", "0.010104", "1" ], [ "0.99827", "0.019988", "1" ], [ "0.99804", "0.136742", "1" ], [ "0.99579", "0.002174", "1" ], [ "0.99198", "0.002237", "1" ], [ "0.99100", "0.154404", "1" ], [ "0.98847", "1.276164", "1" ], [ "0.98697", "0.002438", "1" ], [ "0.98196", "0.002408", "1" ], [ "0.98078", "0.005435", "1" ], [ "0.97858", "1.417960", "1" ], [ "0.97722", "0.004684", "1" ], [ "0.97695", "0.002584", "1" ], [ "0.97194", "0.002724", "1" ], [ "0.96921", "0.015671", "1" ], [ "0.96179", "0.000510", "1" ], [ "0.96120", "0.027162", "1" ], [ "0.95319", "0.037497", "1" ], [ "0.94518", "0.049166", "1" ], [ "0.93717", "0.059226", "1" ], [ "0.80064", "0.001118", "1" ], [ "0.78117", "0.006592", "1" ], [ "0.76114", "0.016762", "1" ], [ "0.74111", "0.029195", "1" ], [ "0.72108", "0.268718", "1" ], [ "0.70105", "0.879229", "1" ] ],
      "asks" : [ [ "1.00078", "0.100000", "1" ], [ "1.00108", "0.016187", "2" ], [ "1.00109", "0.136376", "1" ], [ "1.00150", "0.256766", "1" ], [ "1.00231", "0.019984", "1" ], [ "1.00591", "0.002174", "1" ], [ "1.00701", "0.002361", "1" ], [ "1.01068", "1.276164", "1" ], [ "1.01202", "0.002615", "1" ], [ "1.01500", "0.741393", "1" ], [ "1.01703", "0.002298", "1" ], [ "1.01909", "0.000490", "1" ], [ "1.02079", "1.417960", "1" ], [ "1.02092", "0.005435", "1" ], [ "1.02204", "0.002450", "1" ], [ "1.02528", "0.004726", "1" ], [ "1.02705", "0.002914", "1" ], [ "1.03329", "0.016953", "1" ], [ "1.04130", "0.028201", "1" ], [ "1.04931", "0.038080", "1" ], [ "1.05732", "0.048188", "1" ], [ "1.06533", "0.060048", "1" ], [ "1.20108", "0.001118", "1" ], [ "1.20180", "0.003727", "1" ], [ "1.22183", "0.011237", "1" ], [ "1.24186", "0.018521", "1" ], [ "1.26189", "0.130374", "1" ], [ "1.28192", "0.465258", "1" ] ],
      "t" : 1756462923010
    } ],
    "instrument_name" : "WBTC_BTC"
  }
}