{
  "id" : -1,
  "method" : "public/get-book",
  "code" : 0,
  "result" : {
    "depth" : 50,
    "data" : [ {
      "bids" : [ [ "109905.96", "0.006250", "1" ], [ "109751.17", "0.013962", "2" ], [ "109751.16", "0.013109", "3" ], [ "109706.39", "0.136742", "1" ], [ "109526.72", "0.001406", "1" ], [ "109302.28", "0.001437", "1" ], [ "108895.43", "0.002307", "1" ], [ "108895.42", "0.012500", "1" ], [ "108872.08", "0.004659", "1" ], [ "108754.34", "1.276164", "1" ], [ "108558.00", "0.000011", "1" ], [ "108479.04", "0.013449", "1" ], [ "108086.00", "0.023628", "1" ], [ "108044.19", "0.142854", "1" ], [ "107692.96", "0.032658", "1" ], [ "107661.38", "1.417960", "1" ], [ "107299.92", "0.042969", "1" ], [ "106906.88", "0.052428", "2" ], [ "88039.78", "0.001119", "1" ], [ "87610.38", "0.005974", "1" ], [ "85363.96", "0.018241", "1" ], [ "83117.54", "0.028037", "1" ], [ "80871.12", "0.267478", "1" ], [ "78624.70", "0.802598", "1" ] ],
      "asks" : [ [ "110026.94", "0.136357", "1" ], [ "110137.11", "0.000011", "1" ], [ "110153.88", "0.013659", "2" ], [ "110200.04", "0.001194", "1" ], [ "110424.48", "0.001377", "1" ], [ "110648.92", "0.001579", "1" ], [ "110981.23", "1.276164", "1" ], [ "111725.76", "1.417960", "1" ], [ "112005.09", "0.142854", "1" ], [ "119960.80", "0.012500", "1" ], [ "120270.24", "0.005323", "1" ], [ "120663.28", "0.012929", "1" ], [ "121039.93", "0.002514", "1" ], [ "121056.32", "0.022676", "1" ], [ "121449.36", "0.030885", "1" ], [ "121842.40", "0.041305", "2" ], [ "122235.44", "0.049810", "2" ], [ "132093.74", "0.001119", "1" ], [ "132538.78", "0.004315", "1" ], [ "134785.20", "0.010250", "2" ], [ "137031.62", "0.017930", "3" ], [ "139278.04", "0.129500", "3" ], [ "141524.46", "0.467938", "3" ] ],
      "t" : 1756462938917
    } ],
    "instrument_name" : "WBTC_USD"
  }
}