{
  "id" : -1,
  "method" : "public/get-book",
  "code" : 0,
  "result" : {
    "depth" : 50,
    "data" : [ {
      "bids" : [ [ "0.29838", "48", "1" ], [ "0.29776", "19", "1" ], [ "0.29775", "2270", "1" ], [ "0.29756", "2909", "1" ], [ "0.29736", "1328", "1" ], [ "0.29733", "10384", "2" ], [ "0.29680", "2384", "1" ], [ "0.29677", "4244", "2" ], [ "0.29633", "142", "1" ], [ "0.29632", "20800", "2" ], [ "0.29627", "2384", "1" ], [ "0.29618", "4244", "2" ], [ "0.29594", "24541", "1" ], [ "0.29559", "9619", "3" ], [ "0.29500", "9619", "3" ], [ "0.29441", "14850", "1" ], [ "0.29421", "4", "1" ], [ "0.29403", "28800", "2" ], [ "0.29298", "40203", "1" ], [ "0.24257", "21", "1" ], [ "0.24256", "33", "1" ], [ "0.23898", "405", "1" ], [ "0.23446", "2236", "1" ], [ "0.22829", "6825", "1" ], [ "0.22212", "6825", "1" ], [ "0.21595", "6825", "1" ], [ "0.20978", "19278", "1" ], [ "0.10000", "62", "1" ] ],
      "asks" : [ [ "0.29870", "4", "1" ], [ "0.29885", "49", "1" ], [ "0.29954", "2270", "1" ], [ "0.29984", "8000", "1" ], [ "0.29998", "2538", "1" ], [ "0.30003", "2909", "1" ], [ "0.30031", "1440", "1" ], [ "0.30051", "2538", "1" ], [ "0.30090", "3988", "2" ], [ "0.30104", "2480", "1" ], [ "0.30135", "24592", "1" ], [ "0.30149", "3988", "1" ], [ "0.30155", "20800", "2" ], [ "0.30208", "6553", "1" ], [ "0.30267", "9348", "1" ], [ "0.30326", "14858", "1" ], [ "0.30395", "28800", "1" ], [ "0.30437", "40291", "1" ], [ "0.35864", "405", "1" ], [ "0.36065", "61", "1" ], [ "0.36403", "1476", "1" ], [ "0.37020", "3974", "2" ], [ "0.37637", "6809", "3" ], [ "0.38000", "323", "1" ], [ "0.38254", "2931", "2" ], [ "0.38871", "11039", "1" ], [ "0.40000", "287", "2" ], [ "0.47000", "42", "1" ], [ "0.53000", "943", "1" ], [ "0.60024", "2", "1" ], [ "0.87291", "20302", "1" ], [ "0.88888", "705", "1" ], [ "0.91842", "117", "1" ], [ "0.93480", "1761", "1" ], [ "1.00000", "694", "3" ], [ "1.08000", "183", "1" ], [ "1.19795", "7988", "1" ], [ "1.50000", "2", "1" ], [ "1.70000", "19", "1" ], [ "2.49000", "16501", "1" ], [ "2.80000", "8033", "1" ] ],
      "t" : 1756462941522
    } ],
    "instrument_name" : "WCT_USD"
  }
}