{
  "id" : -1,
  "method" : "public/get-book",
  "code" : 0,
  "result" : {
    "depth" : 50,
    "data" : [ {
      "bids" : [ [ "0.29853", "10", "1" ], [ "0.29850", "10", "1" ], [ "0.29837", "1280", "1" ], [ "0.29818", "14450", "1" ], [ "0.29814", "160", "1" ], [ "0.29808", "160", "1" ], [ "0.29802", "160", "1" ], [ "0.29796", "160", "1" ], [ "0.29781", "330", "1" ], [ "0.29700", "420", "1" ], [ "0.29691", "420", "1" ], [ "0.29682", "420", "1" ], [ "0.29674", "32450", "2" ], [ "0.29673", "420", "1" ], [ "0.29640", "500", "1" ], [ "0.29625", "500", "1" ], [ "0.29610", "500", "1" ], [ "0.29595", "500", "1" ], [ "0.29580", "500", "1" ], [ "0.29565", "500", "1" ], [ "0.29552", "2260", "1" ], [ "0.29543", "2230", "2" ], [ "0.29512", "2200", "1" ], [ "0.29481", "2300", "2" ], [ "0.29450", "2960", "1" ], [ "0.29449", "40170", "1" ], [ "0.29419", "3580", "1" ], [ "0.29120", "40180", "1" ], [ "0.29000", "300", "1" ], [ "0.23896", "1620", "1" ], [ "0.23790", "1900", "1" ], [ "0.23180", "4570", "2" ], [ "0.22570", "8110", "2" ], [ "0.21960", "11230", "2" ], [ "0.21350", "14430", "2" ], [ "0.20740", "18010", "2" ] ],
      "asks" : [ [ "0.29870", "10", "1" ], [ "0.29880", "10", "1" ], [ "0.29898", "330", "1" ], [ "0.29905", "140", "1" ], [ "0.29917", "310", "1" ], [ "0.29918", "14460", "1" ], [ "0.29922", "160", "1" ], [ "0.29928", "160", "1" ], [ "0.29931", "330", "1" ], [ "0.29934", "160", "1" ], [ "0.29940", "160", "1" ], [ "0.29944", "2260", "1" ], [ "0.29946", "1930", "1" ], [ "0.29977", "2870", "1" ], [ "0.29986", "3230", "1" ], [ "0.30008", "2960", "2" ], [ "0.30016", "2790", "1" ], [ "0.30033", "410", "1" ], [ "0.30039", "3280", "2" ], [ "0.30042", "410", "1" ], [ "0.30051", "410", "1" ], [ "0.30060", "32540", "2" ], [ "0.30070", "2890", "2" ], [ "0.30072", "6050", "2" ], [ "0.30090", "490", "1" ], [ "0.30105", "490", "1" ], [ "0.30120", "490", "1" ], [ "0.30128", "10230", "3" ], [ "0.30135", "490", "1" ], [ "0.30150", "490", "1" ], [ "0.30165", "490", "1" ], [ "0.30184", "13290", "4" ], [ "0.30240", "16480", "4" ], [ "0.30284", "40180", "1" ], [ "0.30613", "40170", "1" ], [ "0.35856", "1620", "1" ], [ "0.35990", "1830", "1" ], [ "0.36600", "4620", "2" ], [ "0.37210", "7880", "3" ], [ "0.37820", "11190", "3" ], [ "0.38430", "14450", "3" ], [ "0.39040", "17690", "3" ], [ "0.45000", "800", "1" ] ],
      "t" : 1756462944333
    } ],
    "instrument_name" : "WCTUSD-PERP"
  }
}