{
  "id" : -1,
  "method" : "public/get-book",
  "code" : 0,
  "result" : {
    "depth" : 50,
    "data" : [ {
      "bids" : [ [ "0.00003442", "35000", "1" ], [ "0.00003400", "198649000", "1" ], [ "0.00003362", "20255000", "1" ], [ "0.00003360", "18981000", "1" ], [ "0.00003352", "25222000", "1" ], [ "0.00003344", "24806000", "1" ], [ "0.00003326", "1225000", "1" ], [ "0.00003325", "13087000", "2" ], [ "0.00003322", "28478000", "1" ], [ "0.00003321", "17590000", "1" ], [ "0.00003313", "25369000", "1" ], [ "0.00003312", "17590000", "1" ], [ "0.00003303", "47016000", "1" ], [ "0.00003294", "75673000", "1" ], [ "0.00003285", "143138000", "1" ], [ "0.00003276", "169774000", "1" ], [ "0.00003267", "169774000", "1" ], [ "0.00003158", "120000", "1" ], [ "0.00003150", "119000", "1" ], [ "0.00003149", "110000", "1" ], [ "0.00003146", "127000", "1" ], [ "0.00003125", "244000", "2" ], [ "0.00003124", "263000", "2" ], [ "0.00003102", "263000", "1" ], [ "0.00003100", "342000", "2" ], [ "0.00003000", "300000", "1" ], [ "0.00002763", "3599000", "1" ], [ "0.00002730", "18891000", "1" ], [ "0.00002660", "54878000", "2" ], [ "0.00002590", "93270000", "2" ], [ "0.00002520", "227667000", "2" ], [ "0.00002450", "583116000", "2" ], [ "0.00002000", "1000000", "1" ], [ "0.00001000", "100000", "1" ], [ "0.00000538", "200000", "1" ] ],
      "asks" : [ [ "0.00003449", "35000", "1" ], [ "0.00003477", "120000", "1" ], [ "0.00003488", "110000", "1" ], [ "0.00003491", "198649000", "1" ], [ "0.00003493", "2668000", "1" ], [ "0.00003494", "4727000", "1" ], [ "0.00003495", "24724000", "1" ], [ "0.00003496", "12805000", "1" ], [ "0.00003498", "126000", "1" ], [ "0.00003500", "120000", "1" ], [ "0.00003520", "251000", "1" ], [ "0.00003525", "225000", "2" ], [ "0.00003529", "20255000", "1" ], [ "0.00003536", "16304000", "1" ], [ "0.00003542", "384000", "2" ], [ "0.00003544", "22406000", "1" ], [ "0.00003550", "364000", "1" ], [ "0.00003552", "20420000", "1" ], [ "0.00003570", "25926000", "1" ], [ "0.00003573", "14192000", "1" ], [ "0.00003582", "47953000", "2" ], [ "0.00003591", "47953000", "1" ], [ "0.00003600", "78223000", "1" ], [ "0.00003609", "105236000", "1" ], [ "0.00003618", "137163000", "1" ], [ "0.00004041", "22646000", "1" ], [ "0.00004155", "3599000", "1" ], [ "0.00004200", "10329000", "1" ], [ "0.00004270", "34046000", "2" ], [ "0.00004340", "59261000", "3" ], [ "0.00004410", "125063000", "1" ], [ "0.00004480", "349393000", "1" ], [ "0.00004500", "24623000", "1" ], [ "0.00005500", "56000", "1" ], [ "0.00006200", "27000", "1" ], [ "0.00006272", "2030000", "1" ], [ "0.00006850", "293000", "1" ], [ "0.00007000", "975000", "2" ], [ "0.00007070", "80000", "1" ], [ "0.00007300", "597000", "1" ], [ "0.00007877", "173000", "1" ], [ "0.00009730", "760000", "1" ], [ "0.00010000", "142000", "1" ], [ "0.00011000", "350000", "1" ], [ "0.00014437", "1039000", "1" ], [ "0.00015000", "401000", "1" ], [ "0.00016900", "5000", "1" ], [ "0.00019500", "486000", "1" ], [ "0.00019900", "638000", "1" ], [ "0.00020000", "2354000", "6" ] ],
      "t" : 1756462950721
    } ],
    "instrument_name" : "WEN_USD"
  }
}