{
  "id" : -1,
  "method" : "public/get-book",
  "code" : 0,
  "result" : {
    "depth" : 50,
    "data" : [ {
      "bids" : [ [ "0.06772", "667", "1" ], [ "0.06771", "21737", "3" ], [ "0.06763", "3428", "1" ], [ "0.06762", "10442", "1" ], [ "0.06752", "12546", "1" ], [ "0.06741", "11092", "1" ], [ "0.06727", "6848", "1" ], [ "0.06720", "11695", "1" ], [ "0.06696", "22212", "1" ], [ "0.06665", "38135", "1" ], [ "0.06634", "69557", "2" ], [ "0.06603", "69557", "1" ], [ "0.06000", "83333", "1" ], [ "0.05500", "90909", "1" ], [ "0.05456", "1758", "1" ], [ "0.05328", "8366", "1" ], [ "0.05184", "32584", "1" ], [ "0.05040", "32584", "1" ], [ "0.04896", "32584", "1" ], [ "0.04752", "120112", "1" ] ],
      "asks" : [ [ "0.06851", "5292", "1" ], [ "0.06854", "8110", "1" ], [ "0.06857", "11767", "1" ], [ "0.06858", "668", "1" ], [ "0.06861", "11066", "1" ], [ "0.06874", "9802", "1" ], [ "0.06888", "8604", "1" ], [ "0.06893", "12546", "1" ], [ "0.06909", "10581", "1" ], [ "0.06913", "7663", "1" ], [ "0.06930", "11539", "1" ], [ "0.06944", "20974", "1" ], [ "0.06975", "37018", "1" ], [ "0.07006", "51663", "2" ], [ "0.07037", "65833", "3" ], [ "0.07499", "2845", "1" ], [ "0.08100", "2250", "1" ], [ "0.08196", "1758", "1" ], [ "0.08208", "5006", "1" ], [ "0.08352", "17694", "3" ], [ "0.08496", "17694", "3" ], [ "0.08640", "17694", "2" ], [ "0.08784", "66223", "1" ], [ "0.29000", "1265", "1" ], [ "0.60000", "214", "1" ], [ "1.20000", "1000", "1" ], [ "2.10000", "21", "1" ] ],
      "t" : 1756462979400
    } ],
    "instrument_name" : "WOO_USDT"
  }
}