{
  "id" : -1,
  "method" : "public/get-book",
  "code" : 0,
  "result" : {
    "depth" : 50,
    "data" : [ {
      "bids" : [ [ "0.06777", "1110", "1" ], [ "0.06776", "7947", "1" ], [ "0.06775", "10726", "1" ], [ "0.06771", "9802", "1" ], [ "0.06764", "2794", "1" ], [ "0.06762", "10699", "1" ], [ "0.06752", "12546", "1" ], [ "0.06742", "1069", "1" ], [ "0.06741", "9279", "1" ], [ "0.06727", "9145", "1" ], [ "0.06720", "12850", "1" ], [ "0.06696", "23829", "1" ], [ "0.06665", "51986", "1" ], [ "0.06634", "68291", "2" ], [ "0.06603", "68291", "1" ], [ "0.05460", "1507", "2" ], [ "0.05456", "1733", "1" ], [ "0.05328", "9805", "1" ], [ "0.05184", "25347", "1" ], [ "0.05040", "38594", "1" ], [ "0.04896", "38594", "1" ], [ "0.04752", "115821", "1" ], [ "0.00877", "6446", "1" ] ],
      "asks" : [ [ "0.06869", "3579", "1" ], [ "0.06870", "11156", "1" ], [ "0.06871", "3405", "1" ], [ "0.06872", "12258", "1" ], [ "0.06876", "9802", "1" ], [ "0.06886", "472", "1" ], [ "0.06888", "8139", "1" ], [ "0.06895", "12546", "1" ], [ "0.06909", "10741", "1" ], [ "0.06913", "7808", "1" ], [ "0.06930", "11076", "1" ], [ "0.06944", "23106", "1" ], [ "0.06975", "36570", "1" ], [ "0.07006", "51217", "1" ], [ "0.07037", "65051", "2" ], [ "0.08198", "1733", "1" ], [ "0.08208", "6514", "1" ], [ "0.08352", "16687", "2" ], [ "0.08496", "16687", "2" ], [ "0.08640", "16687", "2" ], [ "0.08784", "64388", "1" ], [ "0.09000", "11260", "1" ], [ "0.10000", "74", "1" ], [ "0.15236", "261", "1" ], [ "0.24400", "880", "1" ], [ "0.25000", "39", "1" ], [ "0.32150", "1282", "1" ], [ "0.34000", "1196", "1" ], [ "0.35000", "78", "1" ], [ "0.45000", "151", "1" ], [ "0.46000", "117", "1" ], [ "0.47680", "280", "1" ], [ "0.48000", "5965", "1" ], [ "0.50300", "1953", "1" ], [ "0.56000", "156", "1" ], [ "0.63750", "200", "1" ], [ "0.64150", "189", "1" ], [ "0.74000", "66", "1" ], [ "0.80000", "52", "1" ], [ "0.96000", "1953", "1" ], [ "0.97000", "8029", "1" ], [ "1.00000", "50", "1" ], [ "1.05000", "200", "1" ], [ "1.27000", "130", "1" ], [ "1.47000", "1953", "1" ], [ "1.50000", "414", "2" ], [ "1.51000", "387", "1" ], [ "1.70000", "334", "1" ] ],
      "t" : 1756462974391
    } ],
    "instrument_name" : "WOO_USD"
  }
}