{
  "id" : -1,
  "method" : "public/get-book",
  "code" : 0,
  "result" : {
    "depth" : 50,
    "data" : [ {
      "bids" : [ [ "0.06817", "10", "1" ], [ "0.06815", "10", "1" ], [ "0.06806", "2930", "1" ], [ "0.06788", "11280", "1" ], [ "0.06787", "17600", "1" ], [ "0.06783", "9700", "1" ], [ "0.06782", "16680", "1" ], [ "0.06780", "9970", "1" ], [ "0.06765", "11290", "3" ], [ "0.06758", "730", "1" ], [ "0.06757", "730", "1" ], [ "0.06756", "14610", "2" ], [ "0.06755", "740", "1" ], [ "0.06750", "9890", "1" ], [ "0.06735", "13140", "2" ], [ "0.06728", "11910", "1" ], [ "0.06720", "12380", "1" ], [ "0.06699", "29240", "2" ], [ "0.06670", "40410", "3" ], [ "0.06641", "55900", "4" ], [ "0.06612", "72110", "1" ], [ "0.06552", "35160", "1" ], [ "0.06516", "35160", "1" ], [ "0.05456", "6930", "1" ], [ "0.05434", "5990", "1" ], [ "0.05291", "20840", "2" ], [ "0.05148", "34450", "2" ], [ "0.05005", "49640", "2" ], [ "0.05004", "35160", "1" ], [ "0.04968", "35160", "1" ], [ "0.04862", "61780", "2" ], [ "0.04719", "75140", "2" ] ],
      "asks" : [ [ "0.06818", "10", "1" ], [ "0.06822", "10", "1" ], [ "0.06829", "2920", "1" ], [ "0.06845", "11280", "1" ], [ "0.06846", "15980", "1" ], [ "0.06859", "9700", "1" ], [ "0.06870", "8840", "2" ], [ "0.06871", "720", "1" ], [ "0.06872", "17380", "2" ], [ "0.06873", "720", "1" ], [ "0.06876", "13870", "1" ], [ "0.06885", "9020", "2" ], [ "0.06900", "10110", "2" ], [ "0.06902", "14430", "1" ], [ "0.06915", "12660", "2" ], [ "0.06930", "12220", "1" ], [ "0.06931", "29320", "2" ], [ "0.06960", "44000", "2" ], [ "0.06989", "53640", "2" ], [ "0.07018", "69400", "2" ], [ "0.08196", "6930", "1" ], [ "0.08294", "5730", "1" ], [ "0.08437", "20180", "2" ], [ "0.08460", "35160", "1" ], [ "0.08580", "35940", "3" ], [ "0.08723", "47570", "4" ], [ "0.08748", "35160", "1" ], [ "0.08784", "35160", "1" ], [ "0.08866", "62270", "4" ], [ "0.08892", "35160", "1" ], [ "0.09009", "75510", "1" ] ],
      "t" : 1756462984012
    } ],
    "instrument_name" : "WOOUSD-PERP"
  }
}