{
  "id" : -1,
  "method" : "public/get-book",
  "code" : 0,
  "result" : {
    "depth" : 50,
    "data" : [ {
      "bids" : [ [ "0.090938", "2", "2" ], [ "0.090918", "2199", "1" ], [ "0.090900", "2200", "1" ], [ "0.090505", "8783", "1" ], [ "0.090486", "552", "1" ], [ "0.090477", "7189", "1" ], [ "0.090468", "552", "1" ], [ "0.090450", "552", "1" ], [ "0.090432", "552", "1" ], [ "0.090396", "10716", "1" ], [ "0.090315", "11814", "1" ], [ "0.090234", "11320", "1" ], [ "0.090153", "12920", "1" ], [ "0.090081", "4297", "1" ], [ "0.089814", "11286", "1" ], [ "0.088621", "29039", "1" ], [ "0.088255", "12547", "1" ], [ "0.088160", "12947", "1" ], [ "0.088008", "12947", "1" ], [ "0.087856", "23833", "1" ], [ "0.087747", "31542", "1" ], [ "0.087704", "50018", "1" ], [ "0.087552", "62346", "1" ], [ "0.082604", "15900", "1" ], [ "0.072720", "6274", "1" ], [ "0.071685", "6511", "1" ], [ "0.070092", "19407", "2" ], [ "0.068499", "31897", "3" ], [ "0.066906", "44740", "3" ], [ "0.065313", "57105", "3" ], [ "0.063720", "68677", "1" ] ],
      "asks" : [ [ "0.090939", "1", "1" ], [ "0.090999", "1", "1" ], [ "0.091457", "8783", "1" ], [ "0.091494", "2185", "1" ], [ "0.091512", "17959", "2" ], [ "0.091530", "10321", "1" ], [ "0.091566", "546", "1" ], [ "0.091584", "545", "1" ], [ "0.091593", "14541", "1" ], [ "0.091602", "545", "1" ], [ "0.091611", "8450", "1" ], [ "0.091620", "545", "1" ], [ "0.091692", "9364", "1" ], [ "0.091773", "12568", "2" ], [ "0.091854", "13086", "2" ], [ "0.091901", "12547", "1" ], [ "0.091960", "14129", "1" ], [ "0.092112", "14129", "1" ], [ "0.092264", "38746", "1" ], [ "0.092416", "48951", "1" ], [ "0.092568", "63127", "1" ], [ "0.093797", "28938", "1" ], [ "0.093857", "31328", "1" ], [ "0.100218", "15900", "1" ], [ "0.109320", "6274", "1" ], [ "0.109917", "5513", "1" ], [ "0.111510", "18119", "2" ], [ "0.113103", "30242", "2" ], [ "0.114696", "44788", "2" ], [ "0.116289", "55861", "2" ], [ "0.117882", "69186", "2" ] ],
      "t" : 1756462988058
    } ],
    "instrument_name" : "WUSD-PERP"
  }
}