{
  "id" : -1,
  "method" : "public/get-book",
  "code" : 0,
  "result" : {
    "depth" : 50,
    "data" : [ {
      "bids" : [ [ "0.04710", "671.8", "1" ], [ "0.04689", "2804.9", "1" ], [ "0.04686", "2981.7", "1" ], [ "0.04672", "7609.5", "1" ], [ "0.04671", "3597.4", "1" ], [ "0.04653", "2981.7", "1" ], [ "0.04640", "1823.6", "1" ], [ "0.04620", "2896.2", "1" ], [ "0.04600", "4953.8", "1" ], [ "0.04560", "8490.6", "2" ], [ "0.04520", "12042.3", "2" ], [ "0.04500", "600.0", "1" ], [ "0.04480", "15478.5", "2" ], [ "0.04440", "18531.5", "1" ], [ "0.04150", "2410.9", "1" ], [ "0.03816", "2463.0", "1" ], [ "0.03800", "11596.3", "2" ], [ "0.03700", "40674.9", "2" ], [ "0.03600", "40674.9", "1" ], [ "0.03500", "63850.3", "1" ], [ "0.03400", "335270.3", "2" ] ],
      "asks" : [ [ "0.04838", "715.9", "1" ], [ "0.04861", "328.4", "1" ], [ "0.04862", "2804.9", "1" ], [ "0.04881", "3597.4", "1" ], [ "0.04884", "3112.7", "1" ], [ "0.04917", "3098.4", "1" ], [ "0.04920", "1276.9", "1" ], [ "0.04950", "3310.0", "1" ], [ "0.04960", "4364.5", "2" ], [ "0.05000", "10896.4", "2" ], [ "0.05040", "10896.4", "3" ], [ "0.05080", "10896.4", "1" ], [ "0.05120", "16901.7", "1" ], [ "0.05738", "2463.0", "1" ], [ "0.05789", "380.0", "1" ], [ "0.05800", "6503.7", "1" ], [ "0.05900", "23325.1", "2" ], [ "0.06000", "39978.0", "3" ], [ "0.06100", "39978.0", "3" ], [ "0.06200", "211436.0", "1" ], [ "0.08000", "83296.2", "1" ], [ "0.08506", "16.2", "1" ], [ "0.09900", "91.5", "1" ], [ "0.10000", "399.0", "1" ], [ "0.10620", "487.4", "1" ], [ "0.11000", "585.5", "1" ], [ "0.12000", "18.5", "1" ], [ "0.16500", "5855.0", "1" ], [ "0.17741", "24.7", "1" ], [ "0.18000", "9.2", "1" ], [ "0.18362", "23.9", "1" ], [ "0.18600", "2155.1", "1" ], [ "0.18984", "23.0", "1" ], [ "0.19500", "922.4", "1" ], [ "0.19606", "22.3", "1" ], [ "0.20000", "385.7", "2" ], [ "0.20228", "21.6", "1" ], [ "0.20851", "20.9", "1" ], [ "0.21150", "7151.7", "1" ], [ "0.21473", "20.3", "1" ], [ "0.22095", "19.7", "1" ], [ "0.22717", "19.1", "1" ], [ "0.23338", "18.6", "1" ], [ "0.23960", "18.1", "1" ], [ "0.24000", "700.0", "1" ], [ "0.24582", "17.6", "1" ], [ "0.24650", "18474.4", "1" ], [ "0.25204", "17.2", "1" ], [ "0.25826", "16.7", "1" ], [ "0.26449", "16.3", "1" ] ],
      "t" : 1756462874301
    } ],
    "instrument_name" : "XAI_USD"
  }
}