{
  "id" : -1,
  "method" : "public/get-book",
  "code" : 0,
  "result" : {
    "depth" : 50,
    "data" : [ {
      "bids" : [ [ "0.36556", "641", "1" ], [ "0.36555", "7490", "1" ], [ "0.36554", "4", "1" ], [ "0.36550", "641", "1" ], [ "0.36548", "1083", "2" ], [ "0.36547", "2516", "1" ], [ "0.36546", "641", "1" ], [ "0.36544", "171", "1" ], [ "0.36537", "641", "1" ], [ "0.36534", "400", "1" ], [ "0.36533", "3493", "3" ], [ "0.36532", "5497", "1" ], [ "0.36530", "1394", "1" ], [ "0.36529", "641", "1" ], [ "0.36524", "18694", "2" ], [ "0.36523", "83987", "3" ], [ "0.36522", "8747", "2" ], [ "0.36521", "41072", "1" ], [ "0.36519", "641", "1" ], [ "0.36518", "273", "1" ], [ "0.36516", "2738", "2" ], [ "0.36515", "15411", "2" ], [ "0.36514", "3009", "1" ], [ "0.36511", "641", "1" ], [ "0.36509", "3207", "2" ], [ "0.36504", "641", "1" ], [ "0.36503", "42896", "1" ], [ "0.36500", "5242", "2" ], [ "0.36495", "5497", "1" ], [ "0.36492", "641", "1" ], [ "0.36491", "3008", "1" ], [ "0.36484", "641", "1" ], [ "0.36480", "5242", "2" ], [ "0.36472", "641", "1" ], [ "0.36467", "14770", "1" ], [ "0.36464", "641", "1" ], [ "0.36460", "5242", "2" ], [ "0.36458", "5497", "1" ], [ "0.36456", "641", "1" ], [ "0.36453", "3679", "1" ], [ "0.36451", "641", "1" ], [ "0.36450", "2065", "1" ], [ "0.36447", "641", "1" ], [ "0.36434", "171584", "1" ], [ "0.36397", "641", "1" ], [ "0.36396", "4778", "2" ], [ "0.36374", "96", "1" ], [ "0.36373", "641", "1" ], [ "0.36367", "2198", "2" ], [ "0.36365", "641", "1" ] ],
      "asks" : [ [ "0.36557", "2689", "3" ], [ "0.36561", "41", "1" ], [ "0.36567", "434", "1" ], [ "0.36568", "2364", "1" ], [ "0.36569", "7240", "1" ], [ "0.36570", "641", "1" ], [ "0.36578", "1324", "2" ], [ "0.36579", "3942", "2" ], [ "0.36580", "14769", "1" ], [ "0.36582", "3378", "1" ], [ "0.36583", "641", "1" ], [ "0.36588", "5497", "1" ], [ "0.36589", "3009", "1" ], [ "0.36590", "641", "1" ], [ "0.36592", "956", "2" ], [ "0.36598", "641", "1" ], [ "0.36599", "1203", "1" ], [ "0.36600", "42896", "1" ], [ "0.36601", "1838", "1" ], [ "0.36603", "12911", "3" ], [ "0.36604", "1365", "1" ], [ "0.36606", "5497", "1" ], [ "0.36608", "2006", "2" ], [ "0.36612", "641", "1" ], [ "0.36613", "17402", "1" ], [ "0.36614", "1202", "1" ], [ "0.36618", "641", "1" ], [ "0.36620", "3189", "1" ], [ "0.36623", "8503", "2" ], [ "0.36625", "641", "1" ], [ "0.36630", "14767", "1" ], [ "0.36631", "40949", "1" ], [ "0.36636", "641", "1" ], [ "0.36640", "3830", "2" ], [ "0.36642", "19780", "1" ], [ "0.36644", "641", "1" ], [ "0.36648", "6138", "2" ], [ "0.36660", "3830", "2" ], [ "0.36664", "138", "1" ], [ "0.36668", "641", "1" ], [ "0.36677", "3679", "1" ], [ "0.36678", "23128", "1" ], [ "0.36700", "196862", "2" ], [ "0.36720", "1894", "1" ], [ "0.36752", "1088", "1" ], [ "0.36756", "1088", "1" ], [ "0.36764", "29231", "1" ], [ "0.36770", "1087", "1" ], [ "0.36774", "4660", "2" ], [ "0.36775", "1087", "1" ] ],
      "t" : 1756463003515
    } ],
    "instrument_name" : "XLM_USDT"
  }
}