{
  "id" : -1,
  "method" : "public/get-book",
  "code" : 0,
  "result" : {
    "depth" : 50,
    "data" : [ {
      "bids" : [ [ "0.36560", "484", "2" ], [ "0.36557", "2369", "1" ], [ "0.36556", "7897", "2" ], [ "0.36555", "944", "1" ], [ "0.36554", "3145", "1" ], [ "0.36553", "480", "1" ], [ "0.36551", "102", "1" ], [ "0.36549", "480", "1" ], [ "0.36548", "85", "1" ], [ "0.36544", "684", "1" ], [ "0.36538", "480", "1" ], [ "0.36535", "551", "1" ], [ "0.36534", "1837", "2" ], [ "0.36533", "683", "1" ], [ "0.36530", "569", "2" ], [ "0.36529", "616", "1" ], [ "0.36528", "2053", "1" ], [ "0.36527", "26294", "2" ], [ "0.36526", "131355", "3" ], [ "0.36525", "8573", "2" ], [ "0.36524", "48396", "3" ], [ "0.36523", "1643", "1" ], [ "0.36522", "7109", "2" ], [ "0.36520", "18942", "4" ], [ "0.36519", "6738", "1" ], [ "0.36516", "32389", "2" ], [ "0.36512", "480", "1" ], [ "0.36510", "5498", "1" ], [ "0.36509", "1838", "1" ], [ "0.36508", "7327", "2" ], [ "0.36505", "6848", "1" ], [ "0.36501", "3931", "2" ], [ "0.36500", "62650", "1" ], [ "0.36497", "1640", "1" ], [ "0.36494", "62988", "2" ], [ "0.36491", "1365", "13" ], [ "0.36481", "480", "1" ], [ "0.36478", "3451", "1" ], [ "0.36475", "480", "1" ], [ "0.36473", "14770", "1" ], [ "0.36470", "483", "2" ], [ "0.36466", "480", "1" ], [ "0.36461", "77588", "1" ], [ "0.36458", "480", "1" ], [ "0.36455", "3451", "1" ], [ "0.36454", "480", "1" ], [ "0.36453", "3679", "1" ], [ "0.36450", "480", "1" ], [ "0.36434", "89944", "1" ], [ "0.36430", "171584", "1" ] ],
      "asks" : [ [ "0.36561", "4", "1" ], [ "0.36563", "944", "1" ], [ "0.36564", "3145", "1" ], [ "0.36567", "155", "3" ], [ "0.36568", "2324", "1" ], [ "0.36569", "480", "1" ], [ "0.36570", "7101", "1" ], [ "0.36579", "480", "1" ], [ "0.36580", "170", "1" ], [ "0.36581", "1013", "1" ], [ "0.36582", "4127", "2" ], [ "0.36583", "1163", "2" ], [ "0.36584", "1332", "1" ], [ "0.36585", "4431", "1" ], [ "0.36586", "14770", "1" ], [ "0.36587", "480", "1" ], [ "0.36589", "683", "1" ], [ "0.36591", "480", "1" ], [ "0.36592", "1731", "1" ], [ "0.36593", "5498", "1" ], [ "0.36594", "1032", "2" ], [ "0.36595", "2049", "1" ], [ "0.36596", "480", "1" ], [ "0.36597", "1367", "1" ], [ "0.36600", "2713", "2" ], [ "0.36601", "7310", "2" ], [ "0.36602", "3649", "2" ], [ "0.36603", "1641", "1" ], [ "0.36604", "7280", "1" ], [ "0.36605", "8721", "2" ], [ "0.36606", "42896", "1" ], [ "0.36609", "6829", "1" ], [ "0.36610", "480", "1" ], [ "0.36612", "7336", "2" ], [ "0.36614", "480", "1" ], [ "0.36615", "55446", "1" ], [ "0.36616", "9600", "2" ], [ "0.36618", "31268", "2" ], [ "0.36621", "6826", "1" ], [ "0.36627", "480", "1" ], [ "0.36629", "1639", "1" ], [ "0.36631", "5978", "2" ], [ "0.36633", "14768", "1" ], [ "0.36638", "41429", "2" ], [ "0.36639", "2773", "1" ], [ "0.36642", "480", "1" ], [ "0.36645", "68068", "2" ], [ "0.36651", "480", "1" ], [ "0.36653", "5498", "1" ], [ "0.36659", "480", "1" ] ],
      "t" : 1756462999515
    } ],
    "instrument_name" : "XLM_USD"
  }
}