{
  "id" : -1,
  "method" : "public/get-book",
  "code" : 0,
  "result" : {
    "depth" : 50,
    "data" : [ {
      "bids" : [ [ "0.36555", "10", "1" ], [ "0.36550", "350", "2" ], [ "0.36549", "340", "1" ], [ "0.36548", "10", "1" ], [ "0.36544", "540", "1" ], [ "0.36541", "450", "1" ], [ "0.36530", "440", "1" ], [ "0.36529", "6680", "1" ], [ "0.36526", "440", "1" ], [ "0.36524", "10", "1" ], [ "0.36514", "1910", "1" ], [ "0.36510", "4550", "2" ], [ "0.36469", "440", "1" ], [ "0.36463", "130", "1" ], [ "0.36461", "440", "1" ], [ "0.36456", "130", "1" ], [ "0.36453", "450", "1" ], [ "0.36449", "570", "2" ], [ "0.36442", "130", "1" ], [ "0.36433", "450", "1" ], [ "0.36414", "1910", "1" ], [ "0.36413", "440", "1" ], [ "0.36406", "1850", "1" ], [ "0.36405", "450", "1" ], [ "0.36404", "1950", "1" ], [ "0.36372", "460", "1" ], [ "0.36366", "2350", "2" ], [ "0.36335", "430", "1" ], [ "0.36328", "1890", "1" ], [ "0.36325", "270", "1" ], [ "0.36301", "1910", "1" ], [ "0.36295", "440", "1" ], [ "0.36290", "2650", "2" ], [ "0.36260", "440", "1" ], [ "0.36252", "2330", "1" ], [ "0.36143", "440", "1" ], [ "0.36098", "2640", "1" ], [ "0.36078", "3130", "2" ], [ "0.36036", "5210", "2" ], [ "0.36028", "440", "1" ], [ "0.35994", "8320", "3" ], [ "0.35952", "10710", "4" ], [ "0.35944", "450", "1" ], [ "0.35910", "12900", "1" ], [ "0.35721", "6610", "1" ], [ "0.35532", "6610", "1" ], [ "0.35343", "6610", "1" ], [ "0.35154", "6610", "1" ], [ "0.29280", "1320", "1" ], [ "0.29250", "1110", "1" ] ],
      "asks" : [ [ "0.36556", "10", "1" ], [ "0.36563", "250", "1" ], [ "0.36564", "10", "1" ], [ "0.36565", "370", "2" ], [ "0.36571", "250", "1" ], [ "0.36572", "460", "1" ], [ "0.36574", "1530", "1" ], [ "0.36575", "4100", "1" ], [ "0.36576", "990", "2" ], [ "0.36577", "1300", "1" ], [ "0.36578", "4340", "1" ], [ "0.36589", "440", "1" ], [ "0.36590", "580", "1" ], [ "0.36591", "1910", "1" ], [ "0.36592", "10", "1" ], [ "0.36611", "460", "1" ], [ "0.36615", "460", "1" ], [ "0.36648", "440", "1" ], [ "0.36652", "570", "2" ], [ "0.36656", "1000", "2" ], [ "0.36657", "1850", "1" ], [ "0.36659", "130", "1" ], [ "0.36660", "440", "1" ], [ "0.36666", "130", "1" ], [ "0.36668", "450", "1" ], [ "0.36670", "2040", "1" ], [ "0.36672", "440", "1" ], [ "0.36673", "130", "1" ], [ "0.36676", "460", "1" ], [ "0.36680", "450", "1" ], [ "0.36695", "440", "1" ], [ "0.36697", "2640", "1" ], [ "0.36707", "440", "1" ], [ "0.36708", "4930", "2" ], [ "0.36715", "440", "1" ], [ "0.36728", "1910", "1" ], [ "0.36743", "450", "1" ], [ "0.36746", "2210", "2" ], [ "0.36747", "440", "1" ], [ "0.36750", "5580", "2" ], [ "0.36759", "450", "1" ], [ "0.36767", "450", "1" ], [ "0.36779", "450", "1" ], [ "0.36784", "2300", "2" ], [ "0.36787", "2340", "2" ], [ "0.36792", "7980", "2" ], [ "0.36795", "440", "1" ], [ "0.36822", "2390", "3" ], [ "0.36823", "450", "1" ], [ "0.36834", "10860", "2" ] ],
      "t" : 1756463007739
    } ],
    "instrument_name" : "XLMUSD-PERP"
  }
}