{
  "id" : -1,
  "method" : "public/get-book",
  "code" : 0,
  "result" : {
    "depth" : 50,
    "data" : [ {
      "bids" : [ [ "0.88717", "74.3", "1" ], [ "0.88716", "743.7", "1" ], [ "0.88620", "956.0", "1" ], [ "0.88596", "900.8", "1" ], [ "0.88389", "759.4", "1" ], [ "0.88324", "794.2", "1" ], [ "0.88182", "759.4", "1" ], [ "0.88014", "118.6", "1" ], [ "0.88013", "2259.3", "1" ], [ "0.87702", "3885.4", "1" ], [ "0.87391", "5409.3", "1" ], [ "0.87272", "4.9", "1" ], [ "0.87124", "19.5", "1" ], [ "0.87080", "6945.3", "1" ], [ "0.84008", "69.5", "1" ], [ "0.84007", "71.0", "1" ], [ "0.83999", "20.2", "1" ], [ "0.83635", "5.1", "1" ], [ "0.80000", "5.3", "1" ], [ "0.71367", "133.9", "1" ], [ "0.70443", "31.7", "1" ], [ "0.69745", "678.2", "1" ], [ "0.67860", "1975.2", "1" ], [ "0.65975", "3518.0", "1" ], [ "0.64090", "5055.9", "1" ], [ "0.62205", "13114.6", "1" ], [ "0.47999", "46.5", "1" ] ],
      "asks" : [ [ "0.89689", "182.7", "1" ], [ "0.89690", "896.5", "1" ], [ "0.89711", "743.7", "1" ], [ "0.89838", "806.4", "1" ], [ "0.89908", "956.0", "1" ], [ "0.90045", "933.7", "1" ], [ "0.90190", "698.5", "1" ], [ "0.90252", "1025.7", "1" ], [ "0.90501", "2252.6", "2" ], [ "0.90812", "5002.3", "2" ], [ "0.91123", "5002.3", "1" ], [ "0.91434", "6481.4", "1" ], [ "0.93374", "18.7", "1" ], [ "0.94543", "4.7", "1" ], [ "0.96499", "18.1", "1" ], [ "0.98180", "4.5", "1" ], [ "0.99624", "17.5", "1" ], [ "1.01815", "4.2", "1" ], [ "1.02749", "17.0", "1" ], [ "1.03000", "695.1", "1" ], [ "1.04828", "107.8", "1" ], [ "1.05451", "4.2", "1" ], [ "1.05874", "16.4", "1" ], [ "1.06218", "106.4", "1" ], [ "1.07182", "133.9", "1" ], [ "1.07445", "457.1", "1" ], [ "1.07627", "105.9", "1" ], [ "1.09000", "17.3", "1" ], [ "1.09055", "107.8", "1" ], [ "1.09088", "3.9", "1" ], [ "1.09330", "1311.4", "2" ], [ "1.10502", "107.8", "1" ], [ "1.11215", "1311.4", "2" ], [ "1.11969", "107.8", "1" ], [ "1.12165", "24.0", "1" ], [ "1.12724", "3.8", "1" ], [ "1.13100", "2632.9", "3" ], [ "1.13454", "107.8", "1" ], [ "1.14959", "107.8", "1" ], [ "1.14985", "7863.1", "4" ], [ "1.15331", "23.9", "1" ], [ "1.16359", "3.7", "1" ], [ "1.16490", "107.8", "1" ], [ "1.19999", "3.6", "1" ], [ "1.20000", "20.0", "1" ], [ "1.21313", "22.0", "1" ], [ "1.37776", "19.2", "1" ], [ "1.54377", "27.5", "1" ], [ "1.58881", "26.7", "1" ], [ "1.60220", "16.1", "1" ] ],
      "t" : 1756463009989
    } ],
    "instrument_name" : "XNO_USD"
  }
}