{
  "id" : -1,
  "method" : "public/get-book",
  "code" : 0,
  "result" : {
    "depth" : 50,
    "data" : [ {
      "bids" : [ [ "0.03247", "38", "1" ], [ "0.03208", "250", "1" ], [ "0.03200", "234", "1" ], [ "0.03198", "500", "1" ], [ "0.03181", "88", "1" ], [ "0.03180", "762", "2" ], [ "0.03160", "1812", "2" ], [ "0.03140", "2471", "1" ], [ "0.03120", "3536", "1" ], [ "0.03100", "4700", "2" ], [ "0.03080", "5661", "1" ], [ "0.03039", "8828", "1" ], [ "0.02582", "3978", "1" ], [ "0.02560", "21174", "1" ], [ "0.02500", "600", "1" ], [ "0.02496", "61556", "2" ], [ "0.02432", "105947", "3" ], [ "0.02368", "230841", "3" ], [ "0.02304", "680821", "3" ] ],
      "asks" : [ [ "0.03251", "38", "1" ], [ "0.03286", "3622", "2" ], [ "0.03297", "500", "1" ], [ "0.03300", "623", "2" ], [ "0.03320", "1636", "2" ], [ "0.03340", "2723", "2" ], [ "0.03360", "3485", "1" ], [ "0.03370", "38", "1" ], [ "0.03380", "4471", "1" ], [ "0.03400", "5309", "1" ], [ "0.03896", "2251", "1" ], [ "0.03919", "3978", "1" ], [ "0.03968", "14478", "1" ], [ "0.04032", "40417", "2" ], [ "0.04096", "40417", "2" ], [ "0.04160", "139529", "1" ], [ "0.04224", "380163", "1" ], [ "0.04469", "724", "1" ], [ "0.04680", "724", "1" ], [ "0.05000", "1000", "1" ], [ "0.06000", "3394", "1" ], [ "0.06100", "498", "1" ], [ "0.07000", "578", "1" ], [ "0.07500", "269", "1" ], [ "0.09900", "4523", "1" ], [ "0.09991", "4523", "1" ], [ "0.15000", "3393", "2" ], [ "0.20000", "2262", "1" ], [ "0.30235", "3", "1" ], [ "0.98000", "14", "1" ] ],
      "t" : 1756463014518
    } ],
    "instrument_name" : "XPLA_USD"
  }
}