{
  "id" : -1,
  "method" : "public/get-book",
  "code" : 0,
  "result" : {
    "depth" : 50,
    "data" : [ {
      "bids" : [ [ "0.000026220", "75.9", "1" ], [ "0.000026215", "0.5", "1" ], [ "0.000026211", "44.4", "1" ], [ "0.000026210", "75.9", "1" ], [ "0.000026209", "206.2", "1" ], [ "0.000026201", "8400.7", "1" ], [ "0.000026200", "162.9", "2" ], [ "0.000026198", "3125.2", "1" ], [ "0.000026190", "162.9", "2" ], [ "0.000026185", "142.3", "1" ], [ "0.000026184", "5213.2", "1" ], [ "0.000026183", "282.6", "1" ], [ "0.000026180", "75.9", "1" ], [ "0.000026171", "3125.0", "1" ], [ "0.000026170", "75.9", "1" ], [ "0.000026130", "75.9", "1" ], [ "0.000026121", "361.7", "1" ], [ "0.000026120", "75.9", "1" ], [ "0.000026115", "288.1", "2" ], [ "0.000026114", "9715.6", "1" ], [ "0.000026107", "47.0", "1" ], [ "0.000026100", "75.9", "1" ], [ "0.000026091", "188.8", "1" ], [ "0.000026090", "75.9", "1" ], [ "0.000026080", "261.2", "2" ], [ "0.000026060", "75.9", "1" ], [ "0.000026040", "248.4", "2" ], [ "0.000026020", "75.9", "1" ], [ "0.000026018", "1.4", "1" ], [ "0.000026015", "1.4", "1" ], [ "0.000026012", "9753.6", "1" ], [ "0.000026010", "75.9", "1" ], [ "0.000026000", "190.6", "1" ], [ "0.000025960", "75.9", "1" ], [ "0.000025956", "912.7", "1" ], [ "0.000025950", "75.9", "1" ], [ "0.000025930", "75.9", "1" ], [ "0.000025927", "98.2", "1" ], [ "0.000025925", "53498.0", "1" ], [ "0.000025920", "75.9", "1" ], [ "0.000025910", "9792.0", "1" ], [ "0.000025900", "225.9", "2" ], [ "0.000025810", "75.9", "1" ], [ "0.000025808", "9830.7", "1" ], [ "0.000025805", "998.4", "1" ], [ "0.000025800", "150.0", "1" ], [ "0.000025750", "75.9", "1" ], [ "0.000025739", "142151.3", "1" ], [ "0.000025730", "84.9", "2" ], [ "0.000025723", "170.2", "1" ] ],
      "asks" : [ [ "0.000026221", "0.5", "1" ], [ "0.000026229", "44.4", "1" ], [ "0.000026230", "75.9", "1" ], [ "0.000026237", "10.4", "1" ], [ "0.000026240", "75.9", "1" ], [ "0.000026243", "3124.7", "1" ], [ "0.000026249", "514.8", "1" ], [ "0.000026250", "75.9", "1" ], [ "0.000026260", "5276.1", "2" ], [ "0.000026263", "87.0", "1" ], [ "0.000026265", "3125.2", "1" ], [ "0.000026270", "75.9", "1" ], [ "0.000026274", "280.0", "1" ], [ "0.000026279", "272.1", "1" ], [ "0.000026289", "87.0", "1" ], [ "0.000026317", "419.6", "2" ], [ "0.000026318", "9677.9", "1" ], [ "0.000026319", "142.5", "1" ], [ "0.000026324", "47.0", "1" ], [ "0.000026360", "150.5", "1" ], [ "0.000026392", "987.3", "1" ], [ "0.000026400", "184.5", "1" ], [ "0.000026403", "1.4", "1" ], [ "0.000026406", "1.4", "1" ], [ "0.000026416", "94.0", "1" ], [ "0.000026420", "9640.5", "1" ], [ "0.000026424", "219.9", "1" ], [ "0.000026440", "218.1", "1" ], [ "0.000026443", "115543.8", "1" ], [ "0.000026458", "53498.0", "1" ], [ "0.000026460", "6.0", "1" ], [ "0.000026496", "406.6", "2" ], [ "0.000026522", "9603.2", "1" ], [ "0.000026545", "980.8", "1" ], [ "0.000026568", "406.6", "1" ], [ "0.000026588", "269.0", "1" ], [ "0.000026625", "9566.4", "1" ], [ "0.000026640", "840.2", "1" ], [ "0.000026643", "0.9", "1" ], [ "0.000026684", "142151.3", "1" ], [ "0.000026690", "976.2", "1" ], [ "0.000026727", "9625.8", "2" ], [ "0.000026730", "59442.3", "1" ], [ "0.000026810", "6.0", "1" ], [ "0.000026829", "9492.9", "1" ], [ "0.000026849", "969.9", "1" ], [ "0.000026900", "265.9", "1" ], [ "0.000026931", "9456.8", "1" ], [ "0.000026999", "965.3", "1" ], [ "0.000027000", "150.0", "1" ] ],
      "t" : 1756463018690
    } ],
    "instrument_name" : "XRP_BTC"
  }
}