{
  "id" : -1,
  "method" : "public/get-book",
  "code" : 0,
  "result" : {
    "depth" : 50,
    "data" : [ {
      "bids" : [ [ "0.0099054", "120", "1" ], [ "0.0098703", "10130", "1" ], [ "0.0098701", "1450", "1" ], [ "0.0098474", "69340", "1" ], [ "0.0098356", "88780", "1" ], [ "0.0098235", "51350", "1" ], [ "0.0098192", "63260", "1" ], [ "0.0097902", "143490", "1" ], [ "0.0097869", "63260", "1" ], [ "0.0097569", "243920", "1" ], [ "0.0097546", "96840", "1" ], [ "0.0097236", "341970", "1" ], [ "0.0096903", "447720", "1" ], [ "0.0096570", "536710", "1" ], [ "0.0092000", "1000", "1" ], [ "0.0090000", "610", "1" ], [ "0.0085389", "16000", "1" ], [ "0.0079208", "12450", "1" ], [ "0.0078585", "72700", "1" ], [ "0.0076570", "201120", "2" ], [ "0.0074555", "201120", "1" ], [ "0.0074500", "600", "1" ], [ "0.0072540", "922450", "2" ], [ "0.0070525", "2204650", "1" ], [ "0.0060916", "16410", "1" ] ],
      "asks" : [ [ "0.0099296", "120", "1" ], [ "0.0099818", "69340", "1" ], [ "0.0100015", "12360", "1" ], [ "0.0100016", "88780", "1" ], [ "0.0100129", "120", "1" ], [ "0.0100130", "59190", "1" ], [ "0.0100233", "56290", "1" ], [ "0.0100359", "3490", "1" ], [ "0.0100453", "73460", "1" ], [ "0.0100566", "140980", "2" ], [ "0.0100776", "76690", "1" ], [ "0.0100899", "235710", "2" ], [ "0.0101232", "328290", "1" ], [ "0.0101565", "438030", "1" ], [ "0.0101898", "534600", "1" ], [ "0.0119196", "12450", "1" ], [ "0.0120900", "40920", "1" ], [ "0.0122915", "117070", "2" ], [ "0.0124930", "202560", "3" ], [ "0.0126945", "400720", "4" ], [ "0.0128960", "1371560", "5" ], [ "0.0150000", "590", "1" ], [ "0.0177559", "7420", "1" ], [ "0.0186045", "6110", "1" ], [ "0.0210000", "5250", "1" ], [ "0.0238067", "5360", "1" ], [ "0.0260000", "5000", "1" ], [ "0.0272000", "5000", "1" ], [ "0.0282000", "4980", "1" ], [ "0.0284000", "510", "1" ], [ "0.0284400", "70", "1" ], [ "0.0294000", "4980", "1" ], [ "0.0304000", "5000", "1" ], [ "0.0313000", "35910", "2" ], [ "0.0314000", "4950", "1" ], [ "0.0323000", "4030", "1" ], [ "0.0340137", "350", "1" ], [ "0.0342000", "8550", "1" ], [ "0.0348245", "1200", "1" ], [ "0.0362000", "7480", "1" ], [ "0.0390000", "2080", "1" ], [ "0.0400000", "1640", "1" ], [ "0.0408000", "760", "1" ], [ "0.0420000", "7140", "2" ], [ "0.0426001", "270", "1" ], [ "0.0500000", "9550", "4" ], [ "0.0500001", "19620", "1" ], [ "0.0550000", "3470", "3" ], [ "0.0580000", "12000", "1" ], [ "0.0582700", "260", "1" ] ],
      "t" : 1756463056523
    } ],
    "instrument_name" : "XYO_USDT"
  }
}