{
  "id" : -1,
  "method" : "public/get-book",
  "code" : 0,
  "result" : {
    "depth" : 50,
    "data" : [ {
      "bids" : [ [ "0.0099069", "120", "1" ], [ "0.0098633", "50990", "1" ], [ "0.0098475", "58020", "1" ], [ "0.0098474", "69340", "1" ], [ "0.0098360", "89720", "1" ], [ "0.0098359", "147430", "1" ], [ "0.0098356", "88780", "1" ], [ "0.0098235", "40160", "1" ], [ "0.0098192", "76820", "1" ], [ "0.0097927", "810", "1" ], [ "0.0097926", "607200", "1" ], [ "0.0097902", "143610", "1" ], [ "0.0097869", "82410", "1" ], [ "0.0097591", "607200", "1" ], [ "0.0097569", "252420", "1" ], [ "0.0097546", "82410", "1" ], [ "0.0097267", "865010", "1" ], [ "0.0097236", "348450", "1" ], [ "0.0096903", "438220", "1" ], [ "0.0096800", "210", "1" ], [ "0.0096570", "553420", "1" ], [ "0.0096500", "10360", "1" ], [ "0.0090000", "7250", "1" ], [ "0.0089158", "120", "1" ], [ "0.0087500", "10000", "1" ], [ "0.0086000", "5560", "1" ], [ "0.0085000", "10000", "1" ], [ "0.0079215", "12440", "1" ], [ "0.0078585", "58720", "1" ], [ "0.0076570", "199910", "2" ], [ "0.0074555", "199910", "1" ], [ "0.0072540", "889160", "2" ], [ "0.0070525", "2334320", "1" ], [ "0.0050000", "2060", "1" ], [ "0.0012800", "790", "1" ] ],
      "asks" : [ [ "0.0099205", "11400", "1" ], [ "0.0099206", "31090", "1" ], [ "0.0099211", "50990", "1" ], [ "0.0099311", "120", "1" ], [ "0.0099538", "166160", "2" ], [ "0.0099568", "35000", "1" ], [ "0.0099569", "147430", "1" ], [ "0.0099845", "350", "1" ], [ "0.0099847", "69340", "1" ], [ "0.0100046", "88780", "1" ], [ "0.0100130", "74070", "1" ], [ "0.0100172", "607200", "1" ], [ "0.0100233", "54680", "1" ], [ "0.0100256", "607200", "1" ], [ "0.0100453", "78730", "1" ], [ "0.0100566", "134670", "2" ], [ "0.0100612", "607200", "1" ], [ "0.0100776", "83400", "1" ], [ "0.0100899", "234320", "2" ], [ "0.0101232", "234320", "1" ], [ "0.0101565", "423510", "1" ], [ "0.0101898", "530540", "1" ], [ "0.0102330", "260", "1" ], [ "0.0110000", "2000", "1" ], [ "0.0119220", "12440", "1" ], [ "0.0120000", "59390", "1" ], [ "0.0120900", "36810", "1" ], [ "0.0122915", "126200", "2" ], [ "0.0124930", "126200", "2" ], [ "0.0126945", "435700", "3" ], [ "0.0128960", "1403170", "4" ], [ "0.0146278", "59400", "1" ], [ "0.0150000", "1540", "1" ], [ "0.0154020", "1235680", "1" ], [ "0.0156700", "140560", "1" ], [ "0.0160000", "200", "1" ], [ "0.0169000", "90", "1" ], [ "0.0175300", "1235690", "1" ], [ "0.0180000", "1610", "2" ], [ "0.0187654", "156480", "1" ], [ "0.0191000", "40100", "1" ], [ "0.0200000", "104380", "4" ], [ "0.0204291", "4970", "1" ], [ "0.0210000", "49990", "2" ], [ "0.0220000", "245470", "1" ], [ "0.0225000", "320", "1" ], [ "0.0225800", "100", "1" ], [ "0.0250000", "4220", "7" ], [ "0.0252525", "40220", "1" ], [ "0.0255000", "200", "1" ] ],
      "t" : 1756463053085
    } ],
    "instrument_name" : "XYO_USD"
  }
}