{
  "id" : -1,
  "method" : "public/get-book",
  "code" : 0,
  "result" : {
    "depth" : 50,
    "data" : [ {
      "bids" : [ [ "5329.61", "0.12717", "1" ], [ "5329.56", "0.14724", "1" ], [ "5326.80", "0.14724", "1" ], [ "5324.04", "0.14724", "1" ], [ "5321.61", "0.01872", "1" ], [ "5318.52", "0.16284", "1" ], [ "5313.89", "0.10011", "1" ], [ "5305.61", "0.02844", "1" ], [ "5305.60", "0.29770", "1" ], [ "5297.32", "0.04433", "1" ], [ "5297.31", "0.50189", "1" ], [ "5289.02", "0.69200", "1" ], [ "5280.73", "0.86547", "1" ], [ "5272.44", "1.05495", "1" ], [ "5237.30", "3.27103", "1" ], [ "5200.01", "0.00424", "1" ], [ "5200.00", "0.01350", "1" ], [ "5100.02", "0.00342", "1" ], [ "5100.01", "0.00324", "1" ], [ "5100.00", "0.01836", "1" ], [ "4366.68", "0.00057", "1" ], [ "4269.22", "0.02267", "1" ], [ "4198.62", "0.12205", "1" ], [ "4088.13", "0.36794", "2" ], [ "3977.64", "0.36794", "1" ], [ "3867.15", "1.21408", "2" ], [ "3756.66", "3.12478", "2" ], [ "3449.30", "0.00072", "1" ], [ "2531.94", "0.00098", "1" ] ],
      "asks" : [ [ "5342.63", "0.02339", "1" ], [ "5342.64", "0.39590", "1" ], [ "5343.07", "0.17224", "1" ], [ "5345.08", "0.12717", "1" ], [ "5346.11", "0.04243", "1" ], [ "5346.12", "0.11377", "1" ], [ "5348.88", "0.17668", "1" ], [ "5351.64", "0.17668", "1" ], [ "5355.28", "0.16284", "1" ], [ "5355.34", "0.10520", "1" ], [ "5363.63", "0.28564", "1" ], [ "5371.92", "0.47511", "1" ], [ "5380.21", "0.66856", "1" ], [ "5388.50", "0.85729", "1" ], [ "5396.79", "1.05516", "1" ], [ "5429.30", "3.27103", "1" ], [ "5512.39", "0.00432", "1" ], [ "5534.53", "0.00315", "1" ], [ "5534.54", "0.00299", "1" ], [ "5851.05", "0.07300", "1" ], [ "5889.27", "0.00862", "1" ], [ "6145.00", "0.00411", "1" ], [ "6201.42", "0.00047", "1" ], [ "6250.00", "0.00839", "1" ], [ "6405.69", "0.02267", "1" ], [ "6408.42", "0.06297", "1" ], [ "6500.00", "0.14670", "2" ], [ "6518.91", "0.22323", "2" ], [ "6629.40", "0.37902", "3" ], [ "6739.89", "0.66906", "4" ], [ "6750.00", "0.00843", "1" ], [ "6850.38", "1.84198", "1" ], [ "7000.00", "0.00434", "1" ], [ "7118.78", "0.00039", "1" ], [ "8036.15", "0.00034", "1" ], [ "8888.00", "0.99632", "1" ], [ "8953.53", "0.00030", "1" ], [ "9455.00", "0.01154", "1" ], [ "9850.00", "0.02036", "1" ], [ "9870.89", "0.00026", "1" ], [ "9883.12", "0.99817", "1" ], [ "10000.00", "0.01633", "1" ], [ "10788.27", "0.00024", "1" ], [ "11705.63", "0.00022", "1" ], [ "12000.00", "0.00752", "1" ], [ "12500.00", "0.00751", "1" ], [ "12623.01", "0.00020", "1" ], [ "12800.00", "0.05500", "1" ], [ "13000.00", "0.01503", "1" ], [ "13460.05", "0.49931", "1" ] ],
      "t" : 1756463059448
    } ],
    "instrument_name" : "YFI_USD"
  }
}