{
  "id" : -1,
  "method" : "public/get-book",
  "code" : 0,
  "result" : {
    "depth" : 50,
    "data" : [ {
      "bids" : [ [ "0.0040567", "15600", "1" ], [ "0.0040563", "1849100", "1" ], [ "0.0040562", "15600", "1" ], [ "0.0040544", "161800", "1" ], [ "0.0040499", "15600", "1" ], [ "0.0040480", "147300", "1" ], [ "0.0040474", "15600", "1" ], [ "0.0040471", "207000", "1" ], [ "0.0040402", "15600", "1" ], [ "0.0040388", "147300", "1" ], [ "0.0040372", "15600", "1" ], [ "0.0040370", "280000", "1" ], [ "0.0040301", "15600", "1" ], [ "0.0040296", "205600", "2" ], [ "0.0040271", "15600", "1" ], [ "0.0040260", "807000", "2" ], [ "0.0040228", "67900", "1" ], [ "0.0040227", "15600", "1" ], [ "0.0040216", "6595100", "1" ], [ "0.0040193", "15600", "1" ], [ "0.0040150", "1381100", "3" ], [ "0.0040054", "15600", "1" ], [ "0.0040040", "1381100", "3" ], [ "0.0040002", "15600", "1" ], [ "0.0040000", "200000", "1" ], [ "0.0039832", "10552100", "1" ], [ "0.0039649", "15600", "1" ], [ "0.0039332", "7800", "1" ], [ "0.0039000", "4500", "2" ], [ "0.0038002", "18800", "1" ], [ "0.0038001", "57000", "1" ], [ "0.0038000", "7500", "2" ], [ "0.0037000", "67500", "1" ], [ "0.0035865", "5500", "1" ], [ "0.0035764", "59500", "1" ], [ "0.0035500", "40000", "1" ], [ "0.0035110", "53900", "1" ], [ "0.0035000", "250000", "1" ], [ "0.0034000", "58800", "1" ], [ "0.0033000", "2700", "1" ], [ "0.0032461", "28900", "1" ], [ "0.0032264", "142200", "1" ], [ "0.0031392", "447600", "2" ], [ "0.0030520", "774700", "2" ], [ "0.0030000", "6506900", "1" ], [ "0.0029648", "1779300", "2" ], [ "0.0028776", "6114000", "2" ], [ "0.0028000", "600", "1" ], [ "0.0023309", "500", "1" ], [ "0.0023000", "12000", "1" ] ],
      "asks" : [ [ "0.0040769", "15600", "1" ], [ "0.0040812", "1838000", "1" ], [ "0.0040814", "15600", "1" ], [ "0.0040867", "15600", "1" ], [ "0.0040878", "161800", "1" ], [ "0.0040915", "15600", "1" ], [ "0.0040920", "15600", "1" ], [ "0.0040930", "15600", "1" ], [ "0.0040940", "179600", "2" ], [ "0.0040951", "207000", "1" ], [ "0.0040955", "15600", "1" ], [ "0.0041030", "304700", "1" ], [ "0.0041032", "163100", "1" ], [ "0.0041065", "111100", "1" ], [ "0.0041066", "6595100", "1" ], [ "0.0041124", "163100", "1" ], [ "0.0041140", "779800", "1" ], [ "0.0041250", "1300900", "1" ], [ "0.0041342", "10552100", "1" ], [ "0.0041360", "1916600", "1" ], [ "0.0044500", "68500", "1" ], [ "0.0044999", "2000", "1" ], [ "0.0047329", "3200", "1" ], [ "0.0047510", "8400", "1" ], [ "0.0048775", "28900", "1" ], [ "0.0048832", "105600", "1" ], [ "0.0049704", "283100", "2" ], [ "0.0049998", "1800", "1" ], [ "0.0050576", "283100", "2" ], [ "0.0050889", "7800", "1" ], [ "0.0051448", "1168400", "3" ], [ "0.0052320", "3309800", "4" ], [ "0.0053000", "96000", "1" ], [ "0.0054270", "8400", "1" ], [ "0.0054995", "49900", "1" ], [ "0.0054999", "1700", "1" ], [ "0.0055000", "95000", "1" ], [ "0.0055983", "97600", "1" ], [ "0.0056000", "92600", "2" ], [ "0.0057000", "343700", "1" ], [ "0.0057125", "16500", "1" ], [ "0.0057410", "64600", "1" ], [ "0.0057651", "8400", "1" ], [ "0.0058000", "95600", "1" ], [ "0.0058800", "183000", "1" ], [ "0.0059192", "200", "1" ], [ "0.0060000", "6500", "2" ], [ "0.0065000", "31500", "1" ], [ "0.0066000", "1000", "2" ], [ "0.0066600", "4500", "1" ] ],
      "t" : 1756463084979
    } ],
    "instrument_name" : "ZBCN_USD"
  }
}