{
  "id" : -1,
  "method" : "public/get-book",
  "code" : 0,
  "result" : {
    "depth" : 50,
    "data" : [ {
      "bids" : [ [ "0.006859", "17490", "1" ], [ "0.006846", "17840", "1" ], [ "0.006838", "17840", "1" ], [ "0.006830", "14310", "1" ], [ "0.006829", "17840", "1" ], [ "0.006807", "18420", "1" ], [ "0.006792", "37440", "2" ], [ "0.006780", "18410", "1" ], [ "0.006764", "19020", "1" ], [ "0.006750", "19310", "1" ], [ "0.006743", "9820", "1" ], [ "0.006732", "8190", "1" ], [ "0.006721", "9350", "1" ], [ "0.006669", "10800", "1" ], [ "0.006664", "19690", "2" ], [ "0.006612", "20480", "1" ], [ "0.006000", "2000", "1" ], [ "0.005432", "17380", "1" ], [ "0.005365", "105020", "1" ], [ "0.005220", "251750", "1" ], [ "0.005075", "464640", "2" ], [ "0.004930", "271150", "1" ], [ "0.004785", "823340", "1" ] ],
      "asks" : [ [ "0.006897", "9820", "1" ], [ "0.006908", "17840", "1" ], [ "0.006915", "9350", "1" ], [ "0.006916", "18130", "1" ], [ "0.006927", "18130", "1" ], [ "0.006936", "8780", "1" ], [ "0.006938", "19160", "1" ], [ "0.006950", "19250", "1" ], [ "0.006954", "7500", "1" ], [ "0.006962", "19250", "1" ], [ "0.006973", "19310", "1" ], [ "0.006986", "19160", "1" ], [ "0.007000", "19310", "1" ], [ "0.007004", "18990", "1" ], [ "0.007009", "19310", "1" ], [ "0.007011", "22330", "1" ], [ "0.008213", "17380", "1" ], [ "0.008265", "59990", "1" ], [ "0.008410", "176100", "2" ], [ "0.008555", "176100", "2" ], [ "0.008700", "176100", "2" ], [ "0.008845", "467990", "3" ], [ "0.010000", "12240", "1" ], [ "0.019800", "1570", "1" ], [ "0.019999", "24930", "1" ], [ "0.020000", "8480", "1" ], [ "0.022000", "22010", "1" ], [ "0.022930", "9500", "1" ], [ "0.031000", "100", "1" ], [ "0.040000", "100", "1" ], [ "0.041000", "21890", "1" ], [ "0.042000", "43780", "2" ], [ "0.044000", "21890", "1" ], [ "0.045000", "21890", "1" ], [ "0.046000", "14880", "1" ], [ "0.046261", "20", "1" ], [ "0.050000", "110", "1" ], [ "0.051000", "4120", "2" ], [ "0.100000", "4990", "1" ], [ "0.108995", "10", "1" ], [ "0.130000", "300", "1" ], [ "0.200000", "1390", "1" ] ],
      "t" : 1756463087193
    } ],
    "instrument_name" : "ZED_USD"
  }
}