{
  "id" : -1,
  "method" : "public/get-book",
  "code" : 0,
  "result" : {
    "depth" : 50,
    "data" : [ {
      "bids" : [ [ "0.02334", "12440", "1" ], [ "0.02333", "29591", "1" ], [ "0.02330", "27412", "1" ], [ "0.02320", "38626", "1" ], [ "0.02310", "31746", "1" ], [ "0.02297", "37940", "1" ], [ "0.02292", "231", "1" ], [ "0.02291", "363", "1" ], [ "0.02288", "20692", "1" ], [ "0.02275", "67142", "1" ], [ "0.02262", "120036", "1" ], [ "0.02249", "159192", "1" ], [ "0.02236", "210034", "1" ], [ "0.02223", "258154", "1" ], [ "0.02066", "48089", "1" ], [ "0.02000", "1000", "1" ], [ "0.01908", "5204", "1" ], [ "0.01872", "24771", "1" ], [ "0.01824", "85567", "2" ], [ "0.01776", "85567", "1" ], [ "0.01728", "262509", "2" ], [ "0.01680", "844229", "2" ] ],
      "asks" : [ [ "0.02402", "122", "1" ], [ "0.02527", "1948", "1" ], [ "0.02528", "29591", "1" ], [ "0.02530", "29698", "1" ], [ "0.02540", "36710", "1" ], [ "0.02550", "29698", "1" ], [ "0.02577", "37940", "1" ], [ "0.02587", "22834", "1" ], [ "0.02600", "69398", "1" ], [ "0.02613", "108665", "1" ], [ "0.02626", "151633", "1" ], [ "0.02639", "193301", "1" ], [ "0.02650", "5727", "1" ], [ "0.02652", "244393", "1" ], [ "0.02800", "28786", "1" ], [ "0.02948", "1290", "1" ], [ "0.02999", "5204", "1" ], [ "0.03024", "13838", "1" ], [ "0.03072", "52784", "1" ], [ "0.03120", "81981", "1" ], [ "0.03168", "178317", "1" ], [ "0.03216", "512407", "1" ], [ "0.03608", "1169", "1" ], [ "0.03700", "768", "1" ], [ "0.03704", "1135", "1" ], [ "0.03803", "1108", "1" ], [ "0.03905", "1076", "1" ], [ "0.04340", "969", "1" ], [ "0.04456", "945", "1" ], [ "0.04500", "100", "1" ], [ "0.04823", "872", "1" ], [ "0.04952", "848", "1" ], [ "0.05085", "826", "1" ], [ "0.05100", "599", "1" ], [ "0.05500", "100", "1" ], [ "0.05650", "745", "1" ], [ "0.05700", "499", "1" ], [ "0.06000", "741", "1" ], [ "0.06800", "50", "1" ], [ "0.06979", "605", "1" ], [ "0.07000", "11773", "1" ], [ "0.07700", "50", "1" ], [ "0.07739", "546", "1" ], [ "0.07970", "50", "1" ], [ "0.08000", "13", "1" ], [ "0.08301", "504", "1" ], [ "0.08517", "491", "1" ], [ "0.08738", "478", "1" ], [ "0.08964", "467", "1" ], [ "0.09000", "10", "1" ] ],
      "t" : 1756463091927
    } ],
    "instrument_name" : "ZERC_USD"
  }
}