{
  "id" : -1,
  "method" : "public/get-book",
  "code" : 0,
  "result" : {
    "depth" : 50,
    "data" : [ {
      "bids" : [ [ "0.19665", "1000.0", "1" ], [ "0.19664", "1525.5", "2" ], [ "0.19653", "20353.0", "1" ], [ "0.19601", "25508.1", "1" ], [ "0.19600", "26020.4", "1" ], [ "0.19558", "690.0", "1" ], [ "0.19547", "23021.3", "1" ], [ "0.19495", "26160.6", "1" ], [ "0.19440", "2070.0", "1" ], [ "0.19430", "690.0", "1" ], [ "0.19375", "690.0", "1" ], [ "0.19333", "3624.2", "1" ], [ "0.19323", "612.4", "1" ], [ "0.19322", "3450.0", "1" ], [ "0.19321", "4638.8", "1" ], [ "0.19316", "3566.6", "1" ], [ "0.19313", "5425.3", "2" ], [ "0.19304", "3450.0", "1" ], [ "0.19294", "3986.8", "1" ], [ "0.19282", "4994.9", "1" ], [ "0.19272", "3733.8", "1" ], [ "0.19251", "8220.0", "1" ], [ "0.19220", "11996.4", "1" ], [ "0.19189", "14942.7", "1" ], [ "0.19158", "18672.3", "1" ], [ "0.16900", "8.5", "1" ], [ "0.15737", "648.9", "1" ], [ "0.15480", "3147.8", "1" ], [ "0.15093", "10425.1", "2" ], [ "0.14706", "10425.1", "1" ], [ "0.14319", "20458.9", "1" ], [ "0.13932", "61377.2", "2" ] ],
      "asks" : [ [ "0.19705", "1000.0", "1" ], [ "0.19706", "1522.3", "2" ], [ "0.19727", "20276.8", "1" ], [ "0.19769", "10827.1", "1" ], [ "0.19776", "25283.5", "1" ], [ "0.19822", "10827.1", "1" ], [ "0.19831", "22692.6", "1" ], [ "0.19839", "690.0", "1" ], [ "0.19855", "176279.2", "1" ], [ "0.19906", "690.0", "1" ], [ "0.19957", "2760.0", "1" ], [ "0.20023", "3624.2", "1" ], [ "0.20024", "3450.0", "1" ], [ "0.20042", "2955.2", "1" ], [ "0.20064", "4575.9", "1" ], [ "0.20065", "4638.8", "1" ], [ "0.20081", "4140.0", "1" ], [ "0.20086", "4659.4", "1" ], [ "0.20088", "1875.3", "1" ], [ "0.20119", "4727.5", "1" ], [ "0.20150", "7972.2", "1" ], [ "0.20181", "11242.5", "1" ], [ "0.20212", "14973.5", "1" ], [ "0.20243", "17781.7", "1" ], [ "0.21675", "900.0", "1" ], [ "0.23621", "648.9", "1" ], [ "0.23994", "2381.4", "1" ], [ "0.24381", "6191.7", "2" ], [ "0.24768", "10437.6", "3" ], [ "0.25155", "10898.2", "1" ], [ "0.25542", "34056.5", "1" ], [ "0.26025", "4.0", "1" ], [ "0.29800", "299.7", "1" ], [ "0.29990", "168.9", "1" ], [ "0.40500", "31053.3", "1" ], [ "0.58700", "350.0", "1" ], [ "0.62000", "229.2", "1" ], [ "0.65000", "179.7", "1" ], [ "0.76200", "262.9", "1" ], [ "0.89000", "106.1", "1" ], [ "0.90560", "8678.6", "1" ], [ "0.95000", "1.0", "1" ], [ "1.09500", "280.0", "1" ], [ "1.20000", "53.0", "1" ], [ "1.32000", "11.5", "1" ], [ "1.35000", "33.5", "1" ], [ "1.50000", "52.5", "1" ], [ "1.80000", "200.0", "1" ], [ "2.00000", "2707.6", "3" ], [ "2.50000", "100.0", "2" ] ],
      "t" : 1756463096973
    } ],
    "instrument_name" : "ZETA_USD"
  }
}