{
  "id" : -1,
  "method" : "public/get-book",
  "code" : 0,
  "result" : {
    "depth" : 50,
    "data" : [ {
      "bids" : [ [ "0.011292", "3800", "1" ], [ "0.011284", "3800", "1" ], [ "0.011132", "9550", "1" ], [ "0.010594", "9430", "1" ], [ "0.010592", "8000", "1" ], [ "0.010591", "60430", "1" ], [ "0.010580", "60300", "1" ], [ "0.010560", "62710", "1" ], [ "0.010540", "81210", "1" ], [ "0.010345", "77350", "1" ], [ "0.010323", "26470", "1" ], [ "0.010292", "89990", "1" ], [ "0.010261", "157840", "1" ], [ "0.010230", "213260", "1" ], [ "0.010199", "284370", "1" ], [ "0.010168", "341380", "1" ], [ "0.009040", "10840", "1" ], [ "0.008892", "62200", "1" ], [ "0.008658", "157210", "1" ], [ "0.008424", "270420", "1" ], [ "0.008190", "729390", "1" ], [ "0.007956", "2147260", "1" ], [ "0.007000", "1420", "1" ] ],
      "asks" : [ [ "0.011342", "3800", "1" ], [ "0.011354", "3800", "1" ], [ "0.011359", "9550", "1" ], [ "0.011360", "60430", "1" ], [ "0.011379", "77350", "1" ], [ "0.011380", "55760", "1" ], [ "0.011400", "60710", "1" ], [ "0.011408", "30220", "1" ], [ "0.011420", "83300", "1" ], [ "0.011439", "90680", "1" ], [ "0.011470", "149810", "1" ], [ "0.011501", "218700", "1" ], [ "0.011530", "2370", "1" ], [ "0.011532", "275270", "1" ], [ "0.011563", "338140", "2" ], [ "0.013572", "10840", "1" ], [ "0.013650", "18000", "1" ], [ "0.013806", "29390", "1" ], [ "0.013890", "2160", "1" ], [ "0.014000", "870", "1" ], [ "0.014040", "105660", "3" ], [ "0.014274", "180320", "3" ], [ "0.014508", "451310", "4" ], [ "0.014742", "1256500", "1" ], [ "0.019500", "640", "1" ], [ "0.020000", "90", "1" ], [ "0.023000", "220", "1" ], [ "0.024000", "10", "1" ], [ "0.028100", "3290", "1" ], [ "0.029000", "14000", "1" ], [ "0.030000", "2050", "1" ], [ "0.034700", "18260", "1" ], [ "0.035000", "500", "2" ], [ "0.035170", "1170", "1" ], [ "0.038500", "650", "1" ], [ "0.038800", "520", "1" ], [ "0.039000", "7940", "2" ], [ "0.039575", "8290", "1" ], [ "0.040000", "3640", "2" ], [ "0.041000", "1020", "1" ], [ "0.044000", "3390", "1" ], [ "0.045000", "12590", "2" ], [ "0.046600", "138370", "1" ], [ "0.048679", "40", "1" ], [ "0.050000", "210", "2" ], [ "0.052270", "1690", "1" ], [ "0.058000", "10350", "2" ], [ "0.060000", "160", "1" ], [ "0.065000", "760", "1" ], [ "0.066000", "164610", "1" ] ],
      "t" : 1756463108265
    } ],
    "instrument_name" : "ZIL_USDT"
  }
}