{
  "id" : -1,
  "method" : "public/get-book",
  "code" : 0,
  "result" : {
    "depth" : 50,
    "data" : [ {
      "bids" : [ [ "0.011211", "180360", "2" ], [ "0.011210", "118000", "1" ], [ "0.011152", "3750", "1" ], [ "0.011092", "3770", "1" ], [ "0.011045", "181070", "1" ], [ "0.011031", "3790", "1" ], [ "0.010971", "3810", "1" ], [ "0.010911", "3830", "1" ], [ "0.010903", "4570", "3" ], [ "0.010852", "3860", "1" ], [ "0.010793", "3880", "1" ], [ "0.010772", "2220", "1" ], [ "0.010734", "3900", "1" ], [ "0.010676", "3920", "1" ], [ "0.010618", "3940", "1" ], [ "0.010591", "60430", "1" ], [ "0.010584", "49240", "1" ], [ "0.010563", "72030", "1" ], [ "0.010560", "3960", "1" ], [ "0.010542", "78910", "1" ], [ "0.010503", "3980", "1" ], [ "0.010446", "4010", "1" ], [ "0.010336", "77350", "1" ], [ "0.010323", "26450", "1" ], [ "0.010292", "89040", "1" ], [ "0.010261", "159630", "1" ], [ "0.010230", "221510", "1" ], [ "0.010199", "275400", "1" ], [ "0.010168", "341890", "1" ], [ "0.010012", "2390", "1" ], [ "0.009900", "510", "1" ], [ "0.009880", "510", "1" ], [ "0.009860", "510", "1" ], [ "0.009840", "510", "1" ], [ "0.009820", "510", "1" ], [ "0.009800", "520", "1" ], [ "0.009780", "520", "1" ], [ "0.009760", "520", "1" ], [ "0.009740", "520", "1" ], [ "0.009720", "520", "1" ], [ "0.009700", "520", "1" ], [ "0.009306", "2570", "1" ], [ "0.009040", "10750", "1" ], [ "0.008892", "62910", "1" ], [ "0.008658", "159790", "1" ], [ "0.008649", "2770", "1" ], [ "0.008424", "268090", "1" ], [ "0.008190", "746880", "1" ], [ "0.008038", "2980", "1" ], [ "0.007956", "2123900", "1" ] ],
      "asks" : [ [ "0.011343", "8800", "1" ], [ "0.011345", "1520", "1" ], [ "0.011359", "3730", "1" ], [ "0.011363", "118000", "1" ], [ "0.011364", "60430", "1" ], [ "0.011371", "4710", "1" ], [ "0.011373", "77350", "1" ], [ "0.011376", "1520", "1" ], [ "0.011377", "30410", "1" ], [ "0.011382", "66120", "1" ], [ "0.011403", "75140", "1" ], [ "0.011408", "88860", "2" ], [ "0.011422", "3700", "1" ], [ "0.011424", "66440", "1" ], [ "0.011439", "153370", "2" ], [ "0.011470", "214140", "1" ], [ "0.011484", "3690", "1" ], [ "0.011500", "7250", "1" ], [ "0.011501", "269760", "1" ], [ "0.011532", "339890", "2" ], [ "0.011546", "1520", "1" ], [ "0.011547", "3670", "1" ], [ "0.011611", "3640", "1" ], [ "0.011673", "3630", "1" ], [ "0.011701", "1830", "1" ], [ "0.011737", "3570", "1" ], [ "0.011802", "3580", "1" ], [ "0.011866", "3570", "1" ], [ "0.011909", "570", "1" ], [ "0.011931", "3550", "1" ], [ "0.011962", "1980", "1" ], [ "0.011963", "1780", "1" ], [ "0.011997", "3530", "1" ], [ "0.012062", "3510", "1" ], [ "0.012128", "3490", "1" ], [ "0.012193", "1980", "1" ], [ "0.012194", "3480", "1" ], [ "0.012261", "3460", "1" ], [ "0.012328", "3440", "1" ], [ "0.012396", "3420", "1" ], [ "0.012425", "1980", "1" ], [ "0.012464", "3400", "1" ], [ "0.012470", "2070", "1" ], [ "0.012532", "3380", "1" ], [ "0.012566", "1980", "1" ], [ "0.012600", "3360", "1" ], [ "0.012669", "3340", "1" ], [ "0.012738", "3330", "1" ], [ "0.012760", "13880", "1" ], [ "0.012808", "3310", "1" ] ],
      "t" : 1756463104028
    } ],
    "instrument_name" : "ZIL_USD"
  }
}