{
  "id" : -1,
  "method" : "public/get-book",
  "code" : 0,
  "result" : {
    "depth" : 50,
    "data" : [ {
      "bids" : [ [ "0.06113", "4105", "1" ], [ "0.06112", "6552", "1" ], [ "0.06111", "3268", "1" ], [ "0.06091", "2924", "1" ], [ "0.06090", "2100", "1" ], [ "0.06080", "7574", "1" ], [ "0.06071", "14726", "1" ], [ "0.06070", "11665", "1" ], [ "0.06060", "17183", "1" ], [ "0.06018", "1028", "1" ], [ "0.06017", "2285", "1" ], [ "0.06016", "2169", "1" ], [ "0.06012", "2141", "1" ], [ "0.06008", "2462", "1" ], [ "0.06006", "132221", "1" ], [ "0.05802", "90", "1" ], [ "0.05801", "1222", "1" ], [ "0.05800", "686", "1" ], [ "0.04890", "19721", "1" ], [ "0.04889", "2033", "1" ], [ "0.04837", "21424", "1" ], [ "0.04836", "10882", "1" ], [ "0.04712", "33314", "2" ], [ "0.04589", "21294", "1" ], [ "0.04588", "33314", "1" ], [ "0.04464", "53079", "1" ], [ "0.04340", "226811", "2" ] ],
      "asks" : [ [ "0.06124", "6388", "1" ], [ "0.06148", "141", "1" ], [ "0.06149", "2924", "1" ], [ "0.06150", "2576", "1" ], [ "0.06159", "14726", "1" ], [ "0.06160", "7519", "1" ], [ "0.06170", "11657", "1" ], [ "0.06180", "16640", "1" ], [ "0.06222", "2285", "1" ], [ "0.06224", "2598", "1" ], [ "0.06228", "135073", "2" ], [ "0.06232", "2904", "1" ], [ "0.07338", "21053", "1" ], [ "0.07339", "2033", "1" ], [ "0.07440", "6015", "1" ], [ "0.07500", "133", "1" ], [ "0.07563", "13886", "2" ], [ "0.07564", "18645", "2" ], [ "0.07688", "33664", "3" ], [ "0.07812", "33664", "3" ], [ "0.07936", "127261", "1" ], [ "0.08000", "2212", "2" ], [ "0.08040", "1607", "1" ], [ "0.08100", "1750", "1" ], [ "0.08200", "26", "1" ], [ "0.08500", "235", "1" ], [ "0.09000", "277", "1" ], [ "0.09300", "354", "1" ], [ "0.09432", "400", "1" ], [ "0.09670", "356", "1" ], [ "0.09786", "3828", "1" ], [ "0.09990", "357", "1" ], [ "0.10000", "2000", "1" ], [ "0.12000", "125", "1" ], [ "0.14978", "3828", "1" ], [ "0.15000", "1798", "1" ], [ "0.18000", "1077", "1" ], [ "0.25000", "630", "1" ], [ "0.29001", "93", "1" ], [ "0.30000", "279", "2" ], [ "0.33000", "15788", "1" ], [ "0.41500", "13356", "1" ], [ "0.42000", "4477", "1" ], [ "0.50000", "5534", "2" ], [ "0.70000", "500", "1" ], [ "0.85000", "1028", "1" ], [ "0.98000", "1020", "1" ], [ "1.00000", "2000", "1" ], [ "1.20000", "2000", "1" ], [ "1.50000", "450", "1" ] ],
      "t" : 1756463110081
    } ],
    "instrument_name" : "ZK_USD"
  }
}