{
  "id" : -1,
  "method" : "public/get-book",
  "code" : 0,
  "result" : {
    "depth" : 50,
    "data" : [ {
      "bids" : [ [ "0.06113", "6509", "1" ], [ "0.06093", "195", "1" ], [ "0.06091", "2924", "1" ], [ "0.06084", "2498", "1" ], [ "0.06075", "7600", "1" ], [ "0.06066", "12263", "1" ], [ "0.06057", "16883", "1" ], [ "0.06018", "2285", "1" ], [ "0.06016", "2149", "1" ], [ "0.06012", "2218", "1" ], [ "0.06008", "2149", "1" ], [ "0.06005", "132221", "1" ], [ "0.04908", "3862", "1" ], [ "0.04907", "6995", "1" ], [ "0.04906", "215", "1" ], [ "0.04905", "10670", "1" ], [ "0.04904", "316", "1" ], [ "0.04889", "10350", "1" ], [ "0.04888", "2053", "1" ], [ "0.04836", "10677", "1" ], [ "0.04712", "31716", "2" ], [ "0.04588", "53576", "2" ], [ "0.04464", "66949", "1" ], [ "0.04340", "231695", "2" ] ],
      "asks" : [ [ "0.06122", "3638", "1" ], [ "0.06123", "6533", "1" ], [ "0.06146", "194", "1" ], [ "0.06147", "2924", "1" ], [ "0.06156", "2158", "1" ], [ "0.06165", "7481", "1" ], [ "0.06174", "11403", "1" ], [ "0.06183", "16604", "1" ], [ "0.06217", "2285", "1" ], [ "0.06220", "2803", "1" ], [ "0.06224", "2803", "1" ], [ "0.06227", "132221", "1" ], [ "0.06228", "2803", "1" ], [ "0.06900", "791", "1" ], [ "0.07336", "5920", "1" ], [ "0.07337", "2053", "1" ], [ "0.07439", "9221", "1" ], [ "0.07440", "7614", "1" ], [ "0.07564", "20381", "2" ], [ "0.07688", "44929", "3" ], [ "0.07812", "44929", "3" ], [ "0.07936", "126905", "1" ], [ "0.09000", "398", "1" ], [ "0.09500", "57129", "1" ], [ "0.13000", "1000", "1" ], [ "0.14755", "356", "1" ], [ "0.15000", "1900", "1" ], [ "0.15526", "337", "1" ], [ "0.16298", "320", "1" ], [ "0.17069", "305", "1" ], [ "0.17840", "291", "1" ], [ "0.18000", "680", "1" ], [ "0.18610", "279", "1" ], [ "0.19381", "267", "1" ], [ "0.20152", "256", "1" ], [ "0.20924", "247", "1" ], [ "0.21695", "237", "1" ], [ "0.22465", "229", "1" ], [ "0.23236", "221", "1" ], [ "0.24007", "214", "1" ], [ "0.24779", "207", "1" ], [ "0.25550", "200", "1" ], [ "0.26320", "194", "1" ], [ "0.27091", "188", "1" ], [ "0.27862", "304", "1" ], [ "0.28633", "304", "1" ], [ "0.29424", "304", "1" ], [ "0.30000", "1000", "1" ], [ "0.50000", "250", "1" ], [ "1.00000", "250", "1" ] ],
      "t" : 1756463115862
    } ],
    "instrument_name" : "ZK_USDT"
  }
}