{
  "id" : -1,
  "method" : "public/get-book",
  "code" : 0,
  "result" : {
    "depth" : 50,
    "data" : [ {
      "bids" : [ [ "1.04760", "3293.3", "1" ], [ "1.04517", "3149.8", "1" ], [ "1.04444", "5666.4", "1" ], [ "1.04404", "5272.5", "1" ], [ "1.03806", "3149.8", "1" ], [ "1.03797", "17091.3", "2" ], [ "1.03501", "1146.3", "1" ], [ "1.03500", "905.5", "1" ], [ "1.03190", "28510.5", "3" ], [ "1.03095", "4194.7", "1" ], [ "1.00000", "11.2", "1" ], [ "0.84271", "118.9", "1" ], [ "0.83640", "704.7", "1" ], [ "0.81549", "1793.3", "2" ], [ "0.79458", "3167.2", "2" ], [ "0.77367", "32124.8", "2" ], [ "0.75276", "87070.8", "2" ], [ "0.50000", "22.2", "1" ] ],
      "asks" : [ [ "1.05120", "5476.5", "2" ], [ "1.06560", "11.4", "1" ], [ "1.06561", "3293.3", "1" ], [ "1.06650", "2714.1", "1" ], [ "1.06879", "5666.4", "1" ], [ "1.07361", "2714.1", "1" ], [ "1.07439", "4929.1", "1" ], [ "1.08046", "16086.6", "1" ], [ "1.08072", "4139.4", "1" ], [ "1.08653", "28008.8", "1" ], [ "1.10000", "1732.5", "1" ], [ "1.11000", "3221.2", "1" ], [ "1.27174", "118.9", "1" ], [ "1.27551", "413.8", "1" ], [ "1.29642", "1129.5", "1" ], [ "1.31733", "1895.9", "1" ], [ "1.33824", "16195.3", "1" ], [ "1.35915", "47087.6", "1" ] ],
      "t" : 1756462413787
    } ],
    "instrument_name" : "ZKCRO_CRO"
  }
}