{
  "id" : -1,
  "method" : "public/get-book",
  "code" : 0,
  "result" : {
    "depth" : 50,
    "data" : [ {
      "bids" : [ [ "0.31461", "3099", "1" ], [ "0.31366", "5330", "1" ], [ "0.31365", "4997", "1" ], [ "0.31284", "3012", "1" ], [ "0.31160", "15236", "2" ], [ "0.31047", "3012", "1" ], [ "0.30955", "27079", "3" ], [ "0.30811", "568", "1" ], [ "0.30810", "4111", "1" ], [ "0.30000", "1332", "1" ], [ "0.25301", "334", "1" ], [ "0.24955", "1601", "1" ], [ "0.24242", "5313", "2" ], [ "0.23529", "5313", "2" ], [ "0.22816", "61693", "2" ], [ "0.22103", "168331", "3" ] ],
      "asks" : [ [ "0.31826", "37", "1" ], [ "0.32019", "3099", "1" ], [ "0.32114", "5330", "1" ], [ "0.32185", "4479", "1" ], [ "0.32232", "3644", "1" ], [ "0.32390", "15328", "2" ], [ "0.32469", "3644", "1" ], [ "0.32595", "27682", "2" ], [ "0.32706", "3644", "1" ], [ "0.38184", "334", "1" ], [ "0.38502", "1127", "1" ], [ "0.39215", "3265", "2" ], [ "0.39928", "3265", "2" ], [ "0.40641", "27455", "1" ], [ "0.41354", "103378", "1" ], [ "0.45632", "261", "1" ] ],
      "t" : 1756463110247
    } ],
    "instrument_name" : "ZKCRO_USD"
  }
}