{
  "id" : -1,
  "method" : "public/get-book",
  "code" : 0,
  "result" : {
    "depth" : 50,
    "data" : [ {
      "bids" : [ [ "0.06116", "20", "2" ], [ "0.06113", "10610", "2" ], [ "0.06093", "820", "1" ], [ "0.06092", "820", "1" ], [ "0.06091", "820", "1" ], [ "0.06090", "820", "1" ], [ "0.06085", "19600", "1" ], [ "0.06084", "18280", "1" ], [ "0.06083", "23280", "2" ], [ "0.06080", "3410", "1" ], [ "0.06072", "3960", "3" ], [ "0.06064", "3290", "1" ], [ "0.06059", "11100", "1" ], [ "0.06056", "4380", "2" ], [ "0.06048", "18770", "2" ], [ "0.06032", "26800", "2" ], [ "0.06016", "41210", "2" ], [ "0.06000", "55160", "2" ], [ "0.05984", "69760", "1" ], [ "0.05900", "200", "1" ], [ "0.05000", "240", "1" ], [ "0.04888", "7830", "1" ], [ "0.04788", "7300", "1" ], [ "0.04662", "23320", "1" ], [ "0.04536", "38530", "1" ], [ "0.04410", "51970", "1" ], [ "0.04284", "66930", "1" ], [ "0.04200", "330", "1" ], [ "0.04158", "82080", "1" ] ],
      "asks" : [ [ "0.06117", "10", "1" ], [ "0.06121", "10", "1" ], [ "0.06125", "5800", "1" ], [ "0.06131", "2440", "1" ], [ "0.06137", "6910", "1" ], [ "0.06138", "23040", "1" ], [ "0.06139", "6910", "1" ], [ "0.06141", "6910", "1" ], [ "0.06143", "15680", "1" ], [ "0.06149", "1620", "1" ], [ "0.06157", "10960", "1" ], [ "0.06160", "3000", "2" ], [ "0.06164", "810", "1" ], [ "0.06165", "810", "1" ], [ "0.06166", "810", "1" ], [ "0.06167", "810", "1" ], [ "0.06168", "14000", "2" ], [ "0.06176", "15900", "3" ], [ "0.06184", "3890", "1" ], [ "0.06192", "31280", "3" ], [ "0.06208", "41780", "2" ], [ "0.06224", "57520", "1" ], [ "0.06240", "70410", "1" ], [ "0.07337", "7830", "1" ], [ "0.07434", "8680", "1" ], [ "0.07560", "22080", "2" ], [ "0.07686", "36810", "4" ], [ "0.07812", "52330", "4" ], [ "0.07938", "66720", "4" ], [ "0.08064", "82530", "1" ], [ "0.25000", "1880", "1" ] ],
      "t" : 1756463130833
    } ],
    "instrument_name" : "ZKUSD-PERP"
  }
}