{
  "id" : -1,
  "method" : "public/get-book",
  "code" : 0,
  "result" : {
    "depth" : 50,
    "data" : [ {
      "bids" : [ [ "0.073512", "5505", "1" ], [ "0.073509", "8339", "1" ], [ "0.073451", "3200", "1" ], [ "0.073450", "10668", "1" ], [ "0.073440", "5556", "1" ], [ "0.073406", "15584", "1" ], [ "0.073287", "18926", "2" ], [ "0.073279", "16504", "1" ], [ "0.073153", "2265", "1" ], [ "0.073152", "14970", "1" ], [ "0.073134", "18926", "1" ], [ "0.072981", "31228", "1" ], [ "0.072828", "45343", "1" ], [ "0.072751", "156", "1" ], [ "0.072675", "69461", "1" ], [ "0.070011", "571", "1" ], [ "0.070010", "486", "2" ], [ "0.070009", "3757", "1" ], [ "0.070000", "300", "1" ], [ "0.068187", "167", "1" ], [ "0.063623", "179", "1" ], [ "0.059060", "193", "1" ], [ "0.058897", "1649", "1" ], [ "0.058381", "100", "1" ], [ "0.057426", "8731", "1" ], [ "0.055737", "25644", "1" ], [ "0.054048", "43917", "1" ], [ "0.053114", "100", "1" ], [ "0.052359", "94635", "1" ], [ "0.050670", "257824", "1" ] ],
      "asks" : [ [ "0.073923", "6401", "1" ], [ "0.073926", "8339", "1" ], [ "0.074041", "17274", "1" ], [ "0.074070", "10668", "1" ], [ "0.074168", "14633", "1" ], [ "0.074205", "6705", "1" ], [ "0.074289", "183", "1" ], [ "0.074295", "14633", "1" ], [ "0.074358", "6705", "1" ], [ "0.074511", "19282", "1" ], [ "0.074664", "55474", "2" ], [ "0.074817", "43942", "1" ], [ "0.074970", "69626", "1" ], [ "0.075734", "297", "1" ], [ "0.076166", "297", "1" ], [ "0.076958", "596", "2" ], [ "0.078947", "298", "1" ], [ "0.079618", "298", "1" ], [ "0.080805", "298", "1" ], [ "0.081879", "146", "1" ], [ "0.082200", "1058", "1" ], [ "0.082419", "288", "1" ], [ "0.082876", "288", "1" ], [ "0.086435", "2947", "1" ], [ "0.086443", "139", "1" ], [ "0.088426", "1649", "1" ], [ "0.089517", "4761", "1" ], [ "0.091008", "130", "1" ], [ "0.091206", "16582", "2" ], [ "0.092895", "27870", "3" ], [ "0.094584", "59836", "4" ], [ "0.095572", "124", "1" ], [ "0.096273", "160863", "5" ], [ "0.100000", "309", "1" ], [ "0.100136", "119", "1" ], [ "0.104700", "113", "1" ], [ "0.109264", "107", "1" ], [ "0.113827", "104", "1" ], [ "0.118391", "100", "1" ], [ "0.120000", "309", "1" ], [ "0.122007", "2416", "1" ], [ "0.122955", "96", "1" ], [ "0.123000", "6903", "1" ], [ "0.127521", "95", "1" ], [ "0.143726", "7", "1" ], [ "0.150000", "1362", "1" ], [ "0.160000", "72", "1" ], [ "0.161000", "249", "1" ], [ "0.180000", "90", "1" ], [ "0.200000", "200", "1" ] ],
      "t" : 1756463126933
    } ],
    "instrument_name" : "ZORA_USD"
  }
}