{
  "id" : -1,
  "method" : "public/get-book",
  "code" : 0,
  "result" : {
    "depth" : 50,
    "data" : [ {
      "bids" : [ [ "0.073755", "10", "1" ], [ "0.073724", "10", "1" ], [ "0.073598", "5430", "1" ], [ "0.073560", "670", "1" ], [ "0.073545", "670", "1" ], [ "0.073530", "670", "1" ], [ "0.073515", "680", "1" ], [ "0.073345", "9140", "1" ], [ "0.073326", "1700", "1" ], [ "0.073304", "1700", "1" ], [ "0.073282", "1700", "1" ], [ "0.073260", "1700", "1" ], [ "0.073244", "12880", "1" ], [ "0.073186", "2040", "1" ], [ "0.073149", "2050", "1" ], [ "0.073112", "2050", "1" ], [ "0.073097", "1620", "1" ], [ "0.073075", "2050", "1" ], [ "0.073038", "2050", "1" ], [ "0.073001", "2050", "1" ], [ "0.072895", "2730", "1" ], [ "0.072590", "4710", "1" ], [ "0.072285", "7030", "1" ], [ "0.071980", "10090", "1" ], [ "0.071675", "12220", "1" ], [ "0.058891", "1620", "1" ], [ "0.057564", "2760", "1" ], [ "0.055965", "9450", "1" ], [ "0.054366", "15830", "1" ], [ "0.052767", "22390", "1" ], [ "0.051168", "29480", "1" ], [ "0.049569", "35310", "1" ] ],
      "asks" : [ [ "0.073780", "20", "2" ], [ "0.073860", "670", "1" ], [ "0.073875", "670", "1" ], [ "0.073890", "670", "1" ], [ "0.073892", "5410", "1" ], [ "0.073905", "670", "1" ], [ "0.073970", "1620", "1" ], [ "0.074074", "320", "1" ], [ "0.074118", "1680", "1" ], [ "0.074140", "1680", "1" ], [ "0.074162", "1680", "1" ], [ "0.074175", "8000", "1" ], [ "0.074184", "1680", "1" ], [ "0.074228", "380", "2" ], [ "0.074259", "2010", "1" ], [ "0.074291", "1620", "1" ], [ "0.074296", "2010", "1" ], [ "0.074333", "2010", "1" ], [ "0.074370", "2010", "1" ], [ "0.074382", "420", "3" ], [ "0.074407", "2010", "1" ], [ "0.074420", "2540", "1" ], [ "0.074444", "2010", "1" ], [ "0.074536", "400", "3" ], [ "0.074690", "490", "4" ], [ "0.074725", "4910", "2" ], [ "0.075030", "7750", "3" ], [ "0.075335", "9720", "4" ], [ "0.075640", "11990", "5" ], [ "0.088408", "1620", "1" ], [ "0.089544", "3620", "1" ], [ "0.091143", "10090", "2" ], [ "0.092742", "16340", "3" ], [ "0.094341", "23040", "4" ], [ "0.095940", "28620", "5" ], [ "0.097539", "36140", "6" ] ],
      "t" : 1756463137611
    } ],
    "instrument_name" : "ZORAUSD-PERP"
  }
}