{
  "id" : -1,
  "method" : "public/get-book",
  "code" : 0,
  "result" : {
    "depth" : 50,
    "data" : [ {
      "bids" : [ [ "0.02777", "47", "1" ], [ "0.02764", "21000", "1" ], [ "0.02756", "21000", "1" ], [ "0.02755", "94374", "1" ], [ "0.02736", "2253", "1" ], [ "0.02735", "154408", "3" ], [ "0.02720", "27031", "1" ], [ "0.02716", "22542", "1" ], [ "0.02712", "24573", "1" ], [ "0.02708", "33801", "1" ], [ "0.02689", "34652", "1" ], [ "0.02688", "15822", "1" ], [ "0.02685", "574399", "1" ], [ "0.02684", "39962", "1" ], [ "0.02680", "65868", "1" ], [ "0.02676", "96946", "1" ], [ "0.02672", "124463", "1" ], [ "0.02668", "146721", "1" ], [ "0.02667", "543", "1" ], [ "0.02500", "400", "1" ], [ "0.02453", "591", "1" ], [ "0.02239", "647", "1" ], [ "0.02225", "4838", "1" ], [ "0.02173", "27595", "1" ], [ "0.02120", "71348", "2" ], [ "0.02067", "125548", "1" ], [ "0.02026", "715", "1" ], [ "0.02014", "229399", "1" ], [ "0.01961", "689112", "1" ], [ "0.01812", "800", "1" ] ],
      "asks" : [ [ "0.02778", "47", "1" ], [ "0.02789", "35704", "2" ], [ "0.02790", "18000", "1" ], [ "0.02796", "16800", "1" ], [ "0.02800", "25200", "2" ], [ "0.02801", "31056", "1" ], [ "0.02828", "4200", "1" ], [ "0.02829", "58800", "1" ], [ "0.02830", "29862", "1" ], [ "0.02848", "27031", "1" ], [ "0.02852", "22694", "1" ], [ "0.02856", "30013", "1" ], [ "0.02860", "32113", "1" ], [ "0.02869", "574399", "1" ], [ "0.02879", "34652", "1" ], [ "0.02880", "11246", "1" ], [ "0.02884", "37926", "1" ], [ "0.02888", "64363", "1" ], [ "0.02892", "91193", "1" ], [ "0.02896", "120471", "1" ], [ "0.02900", "144466", "1" ], [ "0.03096", "502", "1" ], [ "0.03309", "467", "1" ], [ "0.03342", "4838", "1" ], [ "0.03392", "14940", "1" ], [ "0.03445", "46060", "2" ], [ "0.03498", "79612", "3" ], [ "0.03524", "437", "1" ], [ "0.03551", "79612", "3" ], [ "0.03604", "358788", "1" ], [ "0.03737", "411", "1" ], [ "0.03955", "387", "1" ], [ "0.04000", "4735", "1" ], [ "0.04276", "3851", "1" ], [ "0.04800", "3076", "1" ], [ "0.05000", "12590", "3" ], [ "0.06000", "548", "1" ], [ "0.06660", "749", "1" ], [ "0.06900", "367", "1" ], [ "0.07000", "548", "1" ], [ "0.07900", "2389", "1" ], [ "0.08000", "289", "1" ], [ "0.08500", "498", "1" ], [ "0.08908", "2997", "1" ], [ "0.09000", "783", "2" ], [ "0.09015", "2145", "1" ], [ "0.09200", "3069", "1" ], [ "0.09265", "2998", "1" ], [ "0.09500", "3582", "3" ], [ "0.09990", "4992", "1" ] ],
      "t" : 1756463141524
    } ],
    "instrument_name" : "ZRC_USD"
  }
}