{
  "id" : -1,
  "method" : "public/get-book",
  "code" : 0,
  "result" : {
    "depth" : 50,
    "data" : [ {
      "bids" : [ [ "0.24892", "273", "1" ], [ "0.24891", "40", "1" ], [ "0.24890", "2741", "1" ], [ "0.24885", "2344", "1" ], [ "0.24870", "1862", "1" ], [ "0.24868", "222", "1" ], [ "0.24867", "3506", "1" ], [ "0.24864", "2501", "1" ], [ "0.24843", "4898", "2" ], [ "0.24804", "6586", "2" ], [ "0.24765", "6586", "1" ], [ "0.24727", "273", "1" ], [ "0.24726", "10246", "1" ], [ "0.24687", "14993", "1" ], [ "0.24648", "22837", "1" ], [ "0.23703", "100", "1" ], [ "0.23700", "78", "1" ], [ "0.23087", "77", "1" ], [ "0.23085", "134", "1" ], [ "0.23084", "77", "1" ], [ "0.22809", "25", "1" ], [ "0.22345", "25", "1" ], [ "0.22131", "24", "1" ], [ "0.21424", "5", "1" ], [ "0.21100", "250", "1" ], [ "0.20000", "50", "1" ], [ "0.19937", "489", "1" ], [ "0.19600", "250", "1" ], [ "0.19494", "2594", "1" ], [ "0.18981", "7358", "1" ], [ "0.18500", "10", "1" ], [ "0.18468", "13120", "1" ], [ "0.17955", "35981", "1" ], [ "0.17442", "95676", "1" ], [ "0.16480", "7", "1" ], [ "0.11130", "18", "1" ], [ "0.09100", "11", "1" ], [ "0.06910", "18", "1" ], [ "0.04550", "32", "1" ] ],
      "asks" : [ [ "0.25004", "1531", "1" ], [ "0.25005", "2741", "1" ], [ "0.25011", "2487", "1" ], [ "0.25032", "2883", "1" ], [ "0.25036", "1679", "1" ], [ "0.25037", "2065", "2" ], [ "0.25038", "3479", "2" ], [ "0.25053", "2800", "1" ], [ "0.25077", "2292", "1" ], [ "0.25116", "5849", "1" ], [ "0.25155", "10690", "1" ], [ "0.25194", "14255", "1" ], [ "0.25233", "22336", "1" ], [ "0.25272", "22336", "1" ], [ "0.28000", "185", "1" ], [ "0.28781", "5", "1" ], [ "0.29922", "489", "1" ], [ "0.30267", "1752", "1" ], [ "0.30780", "4670", "2" ], [ "0.31293", "8049", "3" ], [ "0.31806", "16022", "4" ], [ "0.32000", "5000", "1" ], [ "0.32319", "57106", "1" ], [ "0.34000", "193", "1" ], [ "0.35000", "186", "1" ], [ "0.39260", "8", "1" ], [ "0.40000", "96", "1" ], [ "0.41520", "15", "1" ], [ "0.45000", "276", "2" ], [ "0.45450", "16", "1" ], [ "0.50000", "41", "1" ], [ "0.55000", "309", "1" ], [ "0.76000", "161", "1" ], [ "0.80000", "500", "1" ], [ "0.85000", "2489", "2" ], [ "0.90000", "2541", "2" ], [ "0.95750", "99", "1" ], [ "0.98000", "135", "1" ], [ "1.00000", "32", "1" ], [ "1.10000", "70", "1" ], [ "1.15000", "6724", "1" ], [ "1.20000", "26", "1" ], [ "1.25777", "499", "1" ], [ "1.28000", "55", "1" ], [ "1.35000", "616", "1" ], [ "1.37700", "9", "1" ], [ "1.40000", "2431", "2" ], [ "1.43990", "500", "1" ], [ "1.44000", "1000", "1" ], [ "1.49000", "472", "1" ] ],
      "t" : 1756463157434
    } ],
    "instrument_name" : "ZRX_USD"
  }
}