{
  "id" : -1,
  "method" : "public/get-book",
  "code" : 0,
  "result" : {
    "depth" : 50,
    "data" : [ {
      "bids" : [ [ "0.24957", "10", "1" ], [ "0.24942", "10", "1" ], [ "0.24883", "5200", "1" ], [ "0.24880", "800", "1" ], [ "0.24840", "200", "1" ], [ "0.24835", "200", "1" ], [ "0.24830", "200", "1" ], [ "0.24825", "200", "1" ], [ "0.24757", "4020", "1" ], [ "0.24706", "2670", "1" ], [ "0.24704", "3080", "1" ], [ "0.24672", "3420", "3" ], [ "0.24640", "3010", "1" ], [ "0.24608", "3470", "2" ], [ "0.24576", "4250", "2" ], [ "0.24555", "3810", "1" ], [ "0.24540", "4390", "1" ], [ "0.24480", "7470", "2" ], [ "0.24420", "10800", "3" ], [ "0.24360", "15850", "4" ], [ "0.24300", "19760", "5" ], [ "0.24192", "9750", "1" ], [ "0.24064", "9750", "1" ], [ "0.23936", "9750", "1" ], [ "0.23808", "9750", "1" ], [ "0.19936", "1900", "1" ], [ "0.19722", "1620", "1" ], [ "0.19203", "5660", "2" ], [ "0.18684", "9800", "2" ], [ "0.18165", "13430", "2" ], [ "0.17646", "16980", "2" ], [ "0.17127", "20890", "2" ] ],
      "asks" : [ [ "0.24968", "10", "1" ], [ "0.24975", "10", "1" ], [ "0.25010", "790", "1" ], [ "0.25020", "190", "1" ], [ "0.25025", "190", "1" ], [ "0.25030", "190", "1" ], [ "0.25031", "2670", "1" ], [ "0.25035", "190", "1" ], [ "0.25056", "2230", "1" ], [ "0.25086", "5990", "1" ], [ "0.25088", "2450", "2" ], [ "0.25089", "3810", "1" ], [ "0.25120", "3010", "4" ], [ "0.25140", "4540", "1" ], [ "0.25152", "2990", "2" ], [ "0.25184", "4000", "1" ], [ "0.25200", "6990", "1" ], [ "0.25216", "9750", "1" ], [ "0.25260", "10870", "1" ], [ "0.25320", "15020", "1" ], [ "0.25344", "9750", "1" ], [ "0.25380", "18320", "1" ], [ "0.25472", "9750", "1" ], [ "0.29916", "1900", "1" ], [ "0.30102", "1610", "1" ], [ "0.30621", "5970", "2" ], [ "0.31140", "9800", "3" ], [ "0.31659", "13230", "4" ], [ "0.32178", "17120", "4" ], [ "0.32697", "20990", "1" ], [ "0.90000", "40", "1" ] ],
      "t" : 1756463162036
    } ],
    "instrument_name" : "ZRXUSD-PERP"
  }
}